ledger_id,transaction_id,account_id,entry_date,amount,currency,status,entry_type
L00000001,T00000001,A000977,2025-09-03T08:18:22+00:00,646.19,CAD,posted,credit
L00000002,T00000002,A001289,2025-07-22T23:30:12+00:00,4016.76,CAD,posted,credit
L00000003,T00000003,A000008,2025-04-21T16:11:29+00:00,1889.93,USD,posted,credit
L00000004,T00000004,A001341,2025-03-01T12:07:28+00:00,4027.19,CAD,posted,credit
L00000005,T00000005,A001013,2026-08-20T08:55:36+00:00,3427.59,USD,posted,credit
L00000006,T00000006,A000290,2025-03-19T06:34:27+00:00,4656.50,USD,posted,credit
L00000007,T00000007,A000814,2026-02-23T00:37:38+00:00,1734.02,USD,posted,credit
L00000008,T00000008,A001190,2025-03-10T03:50:29+00:00,2037.39,GBP,posted,credit
L00000009,T00000009,A001109,2025-03-05T07:19:30+00:00,573.03,CAD,posted,credit
L00000010,T00000010,A000939,2025-05-26T21:56:23+00:00,4944.60,USD,posted,credit
L00000011,T00000011,A001159,2025-02-28T06:34:03+00:00,219.24,INR,posted,credit
L00000012,T00000012,A000655,2025-02-20T19:11:57+00:00,3117.93,USD,posted,credit
L00000013,T00000013,A000151,2026-03-25T03:44:53+00:00,4416.65,GBP,posted,credit
L00000014,T00000014,A000052,2026-03-20T08:58:25+00:00,2101.66,GBP,posted,credit
L00000015,T00000015,A000373,2026-03-26T02:51:29+00:00,3971.84,INR,posted,credit
L00000016,T00000016,A000793,2026-03-25T04:26:13+00:00,3896.85,USD,posted,credit
L00000017,T00000017,A001244,2026-05-16T04:13:48+00:00,1882.20,CAD,posted,credit
L00000018,T00000018,A000672,2025-01-28T09:42:15+00:00,3807.61,EUR,posted,credit
L00000019,T00000019,A000565,2025-04-26T09:45:40+00:00,92.25,GBP,posted,credit
L00000020,T00000020,A000721,2025-03-26T00:16:55+00:00,3994.71,INR,posted,credit
L00000021,T00000021,A001416,2025-03-08T02:22:28+00:00,206.42,INR,posted,credit
L00000022,T00000022,A000454,2026-02-03T04:03:30+00:00,3337.21,EUR,posted,credit
L00000023,T00000023,A001017,2026-06-12T03:48:56+00:00,1042.05,EUR,posted,credit
L00000024,T00000024,A001270,2025-10-17T09:31:20+00:00,4612.05,GBP,posted,credit
L00000025,T00000025,A001283,2025-05-21T11:13:36+00:00,1978.68,EUR,posted,credit
L00000026,T00000026,A000147,2026-08-02T03:13:39+00:00,4252.67,CAD,posted,credit
L00000027,T00000027,A000046,2026-06-20T10:49:11+00:00,4115.44,USD,posted,credit
L00000028,T00000028,A000438,2026-03-14T14:23:30+00:00,2509.26,USD,posted,credit
L00000029,T00000029,A000183,2026-04-16T08:51:50+00:00,2449.05,INR,posted,credit
L00000030,T00000030,A000516,2025-04-09T11:02:35+00:00,4026.30,GBP,posted,credit
L00000031,T00000031,A000828,2026-09-03T19:20:32+00:00,2926.04,INR,posted,credit
L00000032,T00000032,A001082,2025-05-19T21:26:09+00:00,3696.83,INR,posted,credit
L00000033,T00000033,A001150,2025-10-05T23:18:55+00:00,2608.71,USD,posted,credit
L00000034,T00000034,A000532,2026-01-17T04:23:17+00:00,2368.32,EUR,posted,credit
L00000035,T00000035,A001152,2026-08-18T18:33:11+00:00,2515.25,USD,posted,credit
L00000036,T00000036,A000280,2025-06-21T17:31:39+00:00,2353.42,GBP,posted,credit
L00000037,T00000037,A000463,2025-04-14T06:16:26+00:00,2789.29,GBP,posted,credit
L00000038,T00000038,A001152,2026-04-15T02:19:08+00:00,3704.28,USD,posted,credit
L00000039,T00000039,A001484,2026-09-06T09:43:21+00:00,2267.97,USD,posted,credit
L00000040,T00000040,A000124,2026-03-10T01:09:45+00:00,4906.26,GBP,posted,credit
L00000041,T00000041,A000014,2026-01-09T05:33:47+00:00,172.07,USD,posted,credit
L00000042,T00000042,A000231,2025-10-20T07:09:15+00:00,2052.67,INR,posted,credit
L00000043,T00000043,A000708,2026-05-19T06:19:17+00:00,2763.86,GBP,posted,credit
L00000044,T00000044,A000678,2026-07-15T15:31:55+00:00,1259.64,CAD,posted,credit
L00000045,T00000045,A001247,2026-04-22T05:26:36+00:00,2615.45,EUR,posted,credit
L00000046,T00000046,A001084,2025-12-24T10:30:05+00:00,1842.78,INR,posted,credit
L00000047,T00000047,A001478,2026-03-22T14:26:47+00:00,2563.36,EUR,posted,credit
L00000048,T00000048,A001212,2025-11-03T22:26:20+00:00,209.99,GBP,posted,credit
L00000049,T00000049,A000103,2026-06-08T10:34:12+00:00,391.85,GBP,posted,credit
L00000050,T00000050,A000433,2026-07-18T20:56:56+00:00,3347.78,INR,posted,credit
L00000051,T00000051,A000960,2025-06-15T09:39:09+00:00,4319.70,USD,posted,credit
L00000052,T00000052,A000762,2026-03-15T23:10:37+00:00,1453.56,INR,posted,credit
L00000053,T00000053,A000020,2025-11-11T19:05:13+00:00,362.70,CAD,posted,credit
L00000054,T00000054,A000011,2025-02-14T01:33:49+00:00,4802.34,CAD,posted,credit
L00000055,T00000055,A000803,2026-07-05T17:14:26+00:00,4745.76,GBP,posted,credit
L00000056,T00000056,A000150,2026-04-16T02:48:27+00:00,1209.06,EUR,posted,credit
L00000057,T00000057,A001173,2026-04-30T18:16:09+00:00,3837.89,GBP,posted,credit
L00000058,T00000058,A001244,2025-06-07T17:00:56+00:00,4450.55,CAD,posted,credit
L00000059,T00000059,A000397,2025-04-10T00:43:25+00:00,3298.73,GBP,posted,credit
L00000060,T00000060,A001492,2026-06-01T12:38:31+00:00,4450.47,GBP,posted,credit
L00000061,T00000061,A001471,2025-01-30T03:50:11+00:00,4384.59,GBP,posted,credit
L00000062,T00000062,A001276,2026-07-04T03:07:25+00:00,528.94,CAD,posted,credit
L00000063,T00000063,A001320,2026-08-20T12:43:30+00:00,3962.70,INR,posted,credit
L00000064,T00000064,A001239,2025-02-12T07:05:43+00:00,342.54,INR,posted,credit
L00000065,T00000065,A000134,2026-08-16T08:49:02+00:00,1270.46,GBP,posted,credit
L00000066,T00000066,A000981,2025-09-19T18:03:52+00:00,1836.82,EUR,posted,credit
L00000067,T00000067,A001489,2025-09-08T15:58:47+00:00,3499.00,CAD,posted,credit
L00000068,T00000068,A000081,2026-08-05T03:35:37+00:00,4499.57,GBP,posted,credit
L00000069,T00000069,A000983,2026-03-21T14:44:28+00:00,175.62,GBP,posted,credit
L00000070,T00000070,A000721,2025-09-08T17:15:46+00:00,987.28,INR,posted,credit
L00000071,T00000071,A001453,2025-05-26T18:28:06+00:00,1020.03,EUR,posted,credit
L00000072,T00000072,A000783,2026-04-16T22:39:29+00:00,2053.25,CAD,posted,credit
L00000073,T00000073,A001265,2026-06-27T04:29:54+00:00,4380.41,EUR,posted,credit
L00000074,T00000074,A001323,2025-07-30T13:01:16+00:00,3888.96,EUR,posted,credit
L00000075,T00000075,A000620,2025-01-14T09:12:22+00:00,3811.99,USD,posted,credit
L00000076,T00000076,A000256,2026-01-01T06:23:41+00:00,4097.41,CAD,posted,credit
L00000077,T00000077,A001201,2025-08-28T02:57:25+00:00,1997.30,CAD,posted,credit
L00000078,T00000078,A000145,2025-09-04T14:47:21+00:00,2840.07,CAD,posted,credit
L00000079,T00000079,A000744,2026-01-23T09:47:28+00:00,4911.36,EUR,posted,credit
L00000080,T00000080,A000806,2026-04-10T18:31:15+00:00,1997.01,GBP,posted,credit
L00000081,T00000081,A000610,2025-06-30T15:01:54+00:00,3242.01,GBP,posted,credit
L00000082,T00000082,A000445,2026-03-13T04:18:30+00:00,2357.51,INR,posted,credit
L00000083,T00000083,A001268,2026-03-20T09:16:36+00:00,1615.80,CAD,posted,credit
L00000084,T00000084,A000267,2025-06-10T01:55:47+00:00,2980.76,EUR,posted,credit
L00000085,T00000085,A001351,2025-08-24T06:27:51+00:00,340.84,CAD,posted,credit
L00000086,T00000086,A000806,2025-08-03T02:21:59+00:00,1302.77,GBP,posted,credit
L00000087,T00000087,A001223,2025-04-28T02:08:15+00:00,1739.07,GBP,posted,credit
L00000088,T00000088,A000268,2025-03-22T06:53:54+00:00,1520.53,INR,posted,credit
L00000089,T00000089,A001494,2026-03-20T23:44:55+00:00,2294.31,USD,posted,credit
L00000090,T00000090,A000572,2026-06-20T08:04:55+00:00,1337.59,GBP,posted,credit
L00000091,T00000091,A000996,2026-02-22T06:36:34+00:00,218.60,CAD,posted,credit
L00000092,T00000092,A001197,2025-09-16T19:18:20+00:00,4641.28,EUR,posted,credit
L00000093,T00000093,A001206,2025-03-21T02:09:53+00:00,2364.79,INR,posted,credit
L00000094,T00000094,A001323,2025-12-25T13:13:31+00:00,2847.85,EUR,posted,credit
L00000095,T00000095,A000169,2026-04-24T20:40:18+00:00,937.89,GBP,posted,credit
L00000096,T00000096,A000091,2025-04-05T02:06:40+00:00,3988.50,CAD,posted,credit
L00000097,T00000097,A000856,2026-04-22T08:26:55+00:00,3288.08,EUR,posted,credit
L00000098,T00000098,A000762,2026-03-28T09:14:46+00:00,312.63,INR,posted,credit
L00000099,T00000099,A000283,2025-06-27T11:02:21+00:00,2340.19,USD,posted,credit
L00000100,T00000100,A000572,2025-02-14T09:21:20+00:00,3926.55,GBP,posted,credit
L00000101,T00000101,A000147,2026-08-28T02:29:38+00:00,3088.70,CAD,posted,credit
L00000102,T00000102,A000026,2025-07-11T14:29:06+00:00,2680.63,CAD,posted,credit
L00000103,T00000103,A000826,2025-03-07T14:35:54+00:00,4062.66,EUR,posted,credit
L00000104,T00000104,A001185,2025-02-03T16:57:11+00:00,1236.65,INR,posted,credit
L00000105,T00000105,A000693,2026-03-31T23:17:58+00:00,2064.49,CAD,posted,credit
L00000106,T00000106,A000796,2025-12-29T05:28:05+00:00,3083.96,GBP,posted,credit
L00000107,T00000107,A000312,2025-06-30T14:48:17+00:00,2838.66,EUR,posted,credit
L00000108,T00000108,A000782,2025-12-10T03:37:15+00:00,2986.36,GBP,posted,credit
L00000109,T00000109,A001480,2025-07-11T09:13:51+00:00,1084.16,EUR,posted,credit
L00000110,T00000110,A001471,2025-04-28T12:37:22+00:00,4590.79,GBP,posted,credit
L00000111,T00000111,A000566,2026-04-30T09:23:04+00:00,1195.54,GBP,posted,credit
L00000112,T00000112,A000870,2025-11-11T19:46:27+00:00,4540.76,GBP,posted,credit
L00000113,T00000113,A001148,2026-03-25T11:10:20+00:00,2637.02,GBP,posted,credit
L00000114,T00000114,A001078,2025-03-30T17:07:05+00:00,4956.44,USD,posted,credit
L00000115,T00000115,A000051,2026-04-13T09:48:22+00:00,3040.82,USD,posted,credit
L00000116,T00000116,A001490,2025-01-25T09:44:15+00:00,2530.60,INR,posted,credit
L00000117,T00000117,A000950,2025-08-28T02:57:45+00:00,1740.04,USD,posted,credit
L00000118,T00000118,A000998,2026-07-21T17:56:36+00:00,3415.44,USD,posted,credit
L00000119,T00000119,A001104,2026-02-20T07:22:59+00:00,4499.81,USD,posted,credit
L00000120,T00000120,A001081,2026-02-12T01:03:23+00:00,1988.29,INR,posted,credit
L00000121,T00000121,A001196,2025-01-24T11:48:11+00:00,4803.02,USD,posted,credit
L00000122,T00000122,A000176,2025-09-15T22:08:42+00:00,3124.01,EUR,posted,credit
L00000123,T00000123,A000808,2025-03-19T11:10:13+00:00,4258.45,INR,posted,credit
L00000124,T00000124,A000022,2025-03-03T13:04:08+00:00,4617.15,CAD,posted,credit
L00000125,T00000125,A000371,2026-06-14T21:32:56+00:00,4063.35,CAD,posted,credit
L00000126,T00000126,A001388,2025-10-02T11:45:37+00:00,279.47,GBP,posted,credit
L00000127,T00000127,A000565,2025-10-21T20:45:09+00:00,2326.56,GBP,posted,credit
L00000128,T00000128,A001436,2025-11-14T01:49:07+00:00,3245.16,CAD,posted,credit
L00000129,T00000129,A001192,2026-05-31T14:45:57+00:00,1311.41,CAD,posted,credit
L00000130,T00000130,A001394,2025-01-24T10:23:30+00:00,3233.82,INR,posted,credit
L00000131,T00000131,A999997,2026-03-20T04:26:03+00:00,324.74,CAD,posted,credit
L00000132,T00000132,A999997,2026-04-29T20:24:02+00:00,1401.68,EUR,posted,credit
L00000133,T00000133,A999997,2026-07-14T20:39:06+00:00,3266.17,INR,posted,credit
L00000134,T00000134,A999997,2025-09-25T08:32:54+00:00,2902.41,GBP,posted,credit
L00000135,T00000135,A999997,2025-08-17T20:48:58+00:00,341.21,CAD,posted,credit
L00000136,T00000136,A001343,2025-09-18T11:07:11+00:00,2647.76,INR,posted,credit
L00000137,T00000137,A000515,2026-07-08T23:15:19+00:00,2353.77,GBP,posted,credit
L00000138,T00000138,A000182,2026-07-28T10:06:24+00:00,2487.60,USD,posted,credit
L00000139,T00000139,A000745,2025-10-28T12:20:58+00:00,3080.54,GBP,posted,credit
L00000140,T00000140,A001184,2026-04-28T01:39:23+00:00,3249.14,EUR,posted,credit
L00000141,T00000141,A000094,2025-09-02T10:11:45+00:00,3802.41,INR,posted,credit
L00000142,T00000142,A000778,2025-10-25T23:39:02+00:00,2513.34,USD,posted,credit
L00000143,T00000143,A001345,2025-01-08T05:07:25+00:00,940.76,CAD,posted,credit
L00000144,T00000144,A001134,2025-10-18T20:53:02+00:00,1988.30,USD,posted,credit
L00000145,T00000145,A000284,2025-11-25T12:06:13+00:00,3251.81,GBP,posted,credit
L00000146,T00000146,A001218,2025-03-30T12:42:46+00:00,597.19,INR,posted,credit
L00000147,T00000147,A000341,2026-05-24T01:48:38+00:00,2370.42,USD,posted,credit
L00000148,T00000148,A000769,2026-07-28T20:51:15+00:00,1275.79,CAD,posted,credit
L00000149,T00000149,A000156,2025-11-28T20:35:27+00:00,94.75,CAD,posted,credit
L00000150,T00000150,A000462,2025-01-02T22:47:06+00:00,3082.13,GBP,posted,credit
L00000151,T00000151,A001311,2026-05-28T15:48:12+00:00,1434.29,USD,posted,credit
L00000152,T00000152,A000104,2026-03-08T06:33:35+00:00,3806.56,CAD,posted,credit
L00000153,T00000153,A000104,2026-07-31T03:05:58+00:00,1111.70,CAD,posted,credit
L00000154,T00000154,A001371,2025-03-31T21:44:15+00:00,3067.20,CAD,posted,credit
L00000155,T00000155,A000608,2026-07-16T04:08:22+00:00,22.42,USD,posted,credit
L00000156,T00000156,A000247,2026-01-08T17:50:37+00:00,944.77,INR,posted,credit
L00000157,T00000157,A000975,2026-03-14T10:09:50+00:00,3548.10,USD,posted,credit
L00000158,T00000158,A001450,2026-04-13T00:12:51+00:00,3752.66,EUR,posted,credit
L00000159,T00000159,A001460,2025-04-12T07:29:48+00:00,1510.84,CAD,posted,credit
L00000160,T00000160,A000303,2025-03-23T10:34:45+00:00,4566.51,GBP,posted,credit
L00000161,T00000161,A000986,2025-07-11T16:00:12+00:00,1853.67,CAD,posted,credit
L00000162,T00000162,A000260,2026-06-18T05:34:31+00:00,2080.24,USD,posted,credit
L00000163,T00000163,A000935,2025-05-07T21:08:28+00:00,4619.43,EUR,posted,credit
L00000164,T00000164,A000400,2025-10-15T04:25:28+00:00,3087.93,GBP,posted,credit
L00000165,T00000165,A001027,2026-04-03T23:07:16+00:00,3270.00,GBP,posted,credit
L00000166,T00000166,A001050,2026-01-28T23:24:44+00:00,4713.07,INR,posted,credit
L00000167,T00000167,A000051,2025-06-08T06:41:03+00:00,1460.36,USD,posted,credit
L00000168,T00000168,A000820,2026-03-15T15:57:36+00:00,3805.73,USD,posted,credit
L00000169,T00000169,A000801,2026-04-17T15:31:44+00:00,1795.00,CAD,posted,credit
L00000170,T00000170,A001397,2026-05-31T00:37:36+00:00,4126.72,USD,posted,credit
L00000171,T00000171,A001307,2025-11-04T18:22:02+00:00,417.21,CAD,posted,credit
L00000172,T00000172,A001280,2025-10-31T22:02:30+00:00,1610.54,EUR,posted,credit
L00000173,T00000173,A000538,2025-01-19T20:54:52+00:00,1377.41,CAD,posted,credit
L00000174,T00000174,A001156,2025-08-07T21:45:17+00:00,4518.77,USD,posted,credit
L00000175,T00000175,A000291,2025-01-08T09:05:40+00:00,746.32,CAD,posted,credit
L00000176,T00000176,A001458,2025-12-04T20:52:08+00:00,939.13,INR,posted,credit
L00000177,T00000177,A000483,2025-01-29T06:02:10+00:00,819.81,USD,posted,credit
L00000178,T00000178,A000904,2026-02-20T21:27:33+00:00,492.00,USD,posted,credit
L00000179,T00000179,A000379,2025-03-31T06:43:13+00:00,133.30,GBP,posted,credit
L00000180,T00000180,A001337,2026-08-16T09:01:54+00:00,2635.73,USD,posted,credit
L00000181,T00000181,A000814,2026-07-16T03:44:51+00:00,4097.48,USD,posted,credit
L00000182,T00000182,A000291,2025-07-09T18:35:26+00:00,4780.11,CAD,posted,credit
L00000183,T00000183,A000997,2025-05-08T05:28:46+00:00,3668.01,USD,posted,credit
L00000184,T00000184,A000197,2026-03-31T03:26:04+00:00,4994.81,CAD,posted,credit
L00000185,T00000185,A001020,2026-01-02T08:27:56+00:00,2574.28,USD,posted,credit
L00000186,T00000186,A001304,2025-07-03T05:04:44+00:00,4467.71,GBP,posted,credit
L00000187,T00000187,A000897,2025-12-12T03:04:07+00:00,2786.58,GBP,posted,credit
L00000188,T00000188,A000248,2025-08-16T03:49:06+00:00,4641.34,GBP,posted,credit
L00000189,T00000189,A000464,2025-02-08T06:35:41+00:00,1027.89,CAD,posted,credit
L00000190,T00000190,A000499,2026-04-21T20:46:56+00:00,658.21,USD,posted,credit
L00000191,T00000191,A000074,2025-08-24T12:45:28+00:00,4631.12,INR,posted,credit
L00000192,T00000192,A001097,2025-03-25T23:00:17+00:00,2135.15,INR,posted,credit
L00000193,T00000193,A000212,2025-04-21T06:31:50+00:00,2290.29,CAD,posted,credit
L00000194,T00000194,A001419,2026-04-16T15:02:46+00:00,2181.06,CAD,posted,credit
L00000195,T00000195,A001120,2025-12-20T07:19:44+00:00,4973.83,GBP,posted,credit
L00000196,T00000196,A000155,2025-12-20T15:30:44+00:00,3343.90,GBP,posted,credit
L00000197,T00000197,A001234,2026-04-28T09:56:53+00:00,2822.91,GBP,posted,credit
L00000198,T00000198,A000289,2026-03-23T14:36:12+00:00,882.48,EUR,posted,credit
L00000199,T00000199,A000429,2026-04-09T19:37:45+00:00,4223.96,INR,posted,credit
L00000200,T00000200,A000391,2025-04-04T18:08:53+00:00,968.44,EUR,posted,credit
L00000201,T00000201,A000020,2025-08-14T02:48:04+00:00,3512.13,CAD,posted,credit
L00000202,T00000202,A000426,2025-12-12T07:11:13+00:00,3538.45,CAD,posted,credit
L00000203,T00000203,A000006,2025-10-18T18:30:50+00:00,4780.62,CAD,posted,credit
L00000204,T00000204,A001408,2025-01-18T23:44:39+00:00,1108.21,CAD,posted,credit
L00000205,T00000205,A000219,2025-05-21T20:38:26+00:00,4692.16,INR,posted,credit
L00000206,T00000206,A000642,2026-02-10T02:00:32+00:00,119.91,INR,posted,credit
L00000207,T00000207,A000845,2025-11-15T13:49:41+00:00,3255.08,CAD,posted,credit
L00000208,T00000208,A000102,2025-02-14T08:23:07+00:00,1351.16,INR,posted,credit
L00000209,T00000209,A000114,2026-08-16T00:13:05+00:00,4671.94,CAD,posted,credit
L00000210,T00000210,A000988,2026-02-05T19:05:05+00:00,2080.28,EUR,posted,credit
L00000211,T00000211,A000561,2025-12-27T01:28:52+00:00,2641.78,GBP,posted,credit
L00000212,T00000212,A001269,2025-11-22T02:11:03+00:00,1943.17,EUR,posted,credit
L00000213,T00000213,A000297,2026-03-09T02:29:21+00:00,3649.22,EUR,posted,credit
L00000214,T00000214,A001372,2025-11-22T16:34:20+00:00,1617.57,EUR,posted,credit
L00000215,T00000215,A001260,2026-06-16T02:46:05+00:00,3548.16,EUR,posted,credit
L00000216,T00000216,A001238,2025-02-23T08:24:53+00:00,4125.12,USD,posted,credit
L00000217,T00000217,A000204,2025-10-24T08:20:43+00:00,645.87,CAD,posted,credit
L00000218,T00000218,A000331,2025-07-15T09:04:39+00:00,2040.24,EUR,posted,credit
L00000219,T00000219,A001168,2025-09-19T03:18:27+00:00,1309.11,EUR,posted,credit
L00000220,T00000220,A000644,2025-04-15T07:34:28+00:00,933.03,GBP,posted,credit
L00000221,T00000221,A001386,2026-06-28T07:51:21+00:00,4231.09,INR,posted,credit
L00000222,T00000222,A001476,2026-08-08T04:02:39+00:00,3805.38,INR,posted,credit
L00000223,T00000223,A000501,2026-02-08T02:46:43+00:00,2277.46,EUR,posted,credit
L00000224,T00000224,A000220,2025-01-12T05:25:11+00:00,4501.78,INR,posted,credit
L00000225,T00000225,A001288,2026-08-28T01:47:18+00:00,3974.73,INR,posted,credit
L00000226,T00000226,A000252,2026-05-21T19:17:30+00:00,4387.36,CAD,posted,credit
L00000227,T00000227,A001038,2026-07-02T07:31:19+00:00,2445.65,USD,posted,credit
L00000228,T00000228,A000573,2026-09-07T19:02:58+00:00,2080.00,GBP,posted,credit
L00000229,T00000229,A000114,2026-06-11T00:56:39+00:00,592.18,CAD,posted,credit
L00000230,T00000230,A000580,2026-08-29T15:38:13+00:00,3836.50,INR,posted,credit
L00000231,T00000231,A000175,2026-03-24T08:48:45+00:00,939.25,GBP,posted,credit
L00000232,T00000232,A001086,2025-02-15T21:32:16+00:00,2899.13,GBP,posted,credit
L00000233,T00000233,A000959,2025-05-17T23:25:44+00:00,1070.02,CAD,posted,credit
L00000234,T00000234,A001198,2026-01-17T08:31:17+00:00,4416.66,EUR,posted,credit
L00000235,T00000235,A001052,2025-02-10T03:03:40+00:00,3843.15,GBP,posted,credit
L00000236,T00000236,A000339,2025-09-28T05:33:11+00:00,4937.74,CAD,posted,credit
L00000237,T00000237,A000927,2025-02-21T06:43:32+00:00,2025.18,EUR,posted,credit
L00000238,T00000238,A001143,2025-08-24T15:12:21+00:00,254.75,GBP,posted,credit
L00000239,T00000239,A000964,2026-03-18T18:40:29+00:00,3148.41,EUR,posted,credit
L00000240,T00000240,A000016,2026-02-07T00:54:12+00:00,2200.21,USD,posted,credit
L00000241,T00000241,A000946,2025-04-25T17:12:02+00:00,3230.27,USD,posted,credit
L00000242,T00000242,A001466,2025-08-10T18:12:06+00:00,2765.08,USD,posted,credit
L00000243,T00000243,A000727,2025-05-22T20:40:00+00:00,1289.57,CAD,posted,credit
L00000244,T00000244,A000899,2026-08-26T02:24:45+00:00,3500.07,USD,posted,credit
L00000245,T00000245,A000564,2025-11-10T21:23:08+00:00,126.52,EUR,posted,credit
L00000246,T00000246,A001395,2025-07-29T12:56:51+00:00,4060.75,INR,posted,credit
L00000247,T00000247,A001448,2025-11-27T22:24:22+00:00,897.28,EUR,posted,credit
L00000248,T00000248,A001207,2025-07-31T07:09:44+00:00,4361.09,GBP,posted,credit
L00000249,T00000249,A000038,2025-07-23T00:13:57+00:00,4934.44,USD,posted,credit
L00000250,T00000250,A000705,2026-01-23T06:11:41+00:00,1915.69,GBP,posted,credit
L00000251,T00000251,A001445,2025-03-29T08:19:51+00:00,3930.04,EUR,posted,credit
L00000252,T00000252,A000175,2026-04-24T23:07:41+00:00,537.09,GBP,posted,credit
L00000253,T00000253,A000021,2025-08-17T20:45:22+00:00,2981.13,GBP,posted,credit
L00000254,T00000254,A001317,2025-04-27T08:15:20+00:00,3603.71,CAD,posted,credit
L00000255,T00000255,A001350,2025-10-02T22:21:34+00:00,1555.33,CAD,posted,credit
L00000256,T00000256,A000324,2025-06-26T21:16:48+00:00,1415.74,INR,posted,credit
L00000257,T00000257,A000801,2025-03-09T06:37:13+00:00,1931.93,CAD,posted,credit
L00000258,T00000258,A001281,2025-02-26T05:59:07+00:00,1848.16,EUR,posted,credit
L00000259,T00000259,A001057,2025-12-09T03:01:30+00:00,59.24,USD,posted,credit
L00000260,T00000260,A001014,2025-05-04T23:24:54+00:00,4541.37,INR,posted,credit
L00000261,T00000261,A001362,2025-08-05T10:02:19+00:00,3729.80,USD,posted,credit
L00000262,T00000262,A000930,2025-11-30T22:57:04+00:00,1847.95,USD,posted,credit
L00000263,T00000263,A001332,2025-05-26T20:14:15+00:00,230.51,GBP,posted,credit
L00000264,T00000264,A000526,2026-05-22T07:08:58+00:00,3553.01,CAD,posted,credit
L00000265,T00000265,A001435,2025-07-19T23:44:16+00:00,3349.00,INR,posted,credit
L00000266,T00000266,A000187,2026-03-01T19:56:12+00:00,996.96,GBP,posted,credit
L00000267,T00000267,A000447,2025-08-11T22:11:27+00:00,3251.93,EUR,posted,credit
L00000268,T00000268,A001396,2025-04-29T03:39:20+00:00,3367.67,GBP,posted,credit
L00000269,T00000269,A000252,2026-05-25T02:12:05+00:00,3550.06,CAD,posted,credit
L00000270,T00000270,A001450,2025-07-17T17:50:19+00:00,2801.62,EUR,posted,credit
L00000271,T00000271,A000224,2025-08-08T18:55:18+00:00,3588.73,INR,posted,credit
L00000272,T00000272,A000322,2026-03-18T20:56:58+00:00,2972.44,INR,posted,credit
L00000273,T00000273,A000040,2026-01-01T06:46:03+00:00,1384.33,GBP,posted,credit
L00000274,T00000274,A001314,2025-07-16T15:45:03+00:00,2452.51,EUR,posted,credit
L00000275,T00000275,A000929,2026-05-08T02:40:15+00:00,2115.78,INR,posted,credit
L00000276,T00000276,A000811,2025-09-04T13:49:03+00:00,2220.04,USD,posted,credit
L00000277,T00000277,A000208,2025-05-19T09:04:10+00:00,1946.10,GBP,posted,credit
L00000278,T00000278,A000538,2025-12-19T05:30:44+00:00,3521.09,CAD,posted,credit
L00000279,T00000279,A001339,2025-02-01T12:26:10+00:00,2891.93,CAD,posted,credit
L00000280,T00000280,A000342,2026-06-18T18:48:32+00:00,4589.45,CAD,posted,credit
L00000281,T00000281,A000213,2025-03-17T19:38:58+00:00,2734.09,INR,posted,credit
L00000282,T00000282,A000065,2026-06-23T15:27:46+00:00,3446.36,EUR,posted,credit
L00000283,T00000283,A000302,2026-03-21T06:46:26+00:00,4355.00,USD,posted,credit
L00000284,T00000284,A000559,2026-01-13T06:12:56+00:00,750.98,GBP,posted,credit
L00000285,T00000285,A001254,2025-04-14T10:40:55+00:00,2917.91,USD,posted,credit
L00000286,T00000286,A000738,2026-07-24T15:27:06+00:00,1811.30,USD,posted,credit
L00000287,T00000287,A000495,2025-10-01T21:15:05+00:00,4723.69,INR,posted,credit
L00000288,T00000288,A000366,2025-08-18T06:48:54+00:00,1715.83,EUR,posted,credit
L00000289,T00000289,A000848,2026-05-17T16:59:33+00:00,2945.08,GBP,posted,credit
L00000290,T00000290,A000030,2025-03-31T17:43:55+00:00,2344.39,EUR,posted,credit
L00000291,T00000291,A000303,2025-06-19T06:54:29+00:00,3745.58,GBP,posted,credit
L00000292,T00000292,A000345,2025-10-16T20:53:31+00:00,3022.87,USD,posted,credit
L00000293,T00000293,A000997,2025-10-05T21:27:12+00:00,3430.85,USD,posted,credit
L00000294,T00000294,A001056,2025-01-19T08:56:46+00:00,3540.90,GBP,posted,credit
L00000295,T00000295,A000055,2025-10-15T11:34:12+00:00,2724.09,GBP,posted,credit
L00000296,T00000296,A000764,2025-01-17T07:37:05+00:00,3456.27,EUR,posted,credit
L00000297,T00000297,A000510,2025-04-23T02:00:15+00:00,3927.10,CAD,posted,credit
L00000298,T00000298,A001453,2025-04-08T13:42:59+00:00,708.96,EUR,posted,credit
L00000299,T00000299,A000642,2026-04-14T19:30:26+00:00,3666.27,INR,posted,credit
L00000300,T00000300,A001318,2026-01-02T05:50:56+00:00,2146.32,EUR,posted,credit
L00000301,T00000301,A001175,2025-01-02T03:10:52+00:00,1648.43,USD,posted,credit
L00000302,T00000302,A001095,2025-04-03T08:50:19+00:00,2497.88,INR,posted,credit
L00000303,T00000303,A000082,2025-10-06T14:36:43+00:00,4428.83,INR,posted,credit
L00000304,T00000304,A000065,2025-02-13T20:36:20+00:00,1678.42,EUR,posted,credit
L00000305,T00000305,A000144,2025-10-12T17:29:25+00:00,654.17,CAD,posted,credit
L00000306,T00000306,A000899,2026-02-24T17:36:15+00:00,3813.32,USD,posted,credit
L00000307,T00000307,A000918,2026-01-22T18:34:57+00:00,3862.63,USD,posted,credit
L00000308,T00000308,A000927,2026-06-13T15:42:11+00:00,4137.22,EUR,posted,credit
L00000309,T00000309,A001360,2026-07-16T18:05:41+00:00,827.93,USD,posted,credit
L00000310,T00000310,A000115,2025-01-12T04:21:51+00:00,4555.01,GBP,posted,credit
L00000311,T00000311,A000637,2025-10-26T04:16:02+00:00,1288.97,INR,posted,credit
L00000312,T00000312,A001423,2026-05-07T07:28:54+00:00,3978.22,EUR,posted,credit
L00000313,T00000313,A000494,2025-07-02T00:04:33+00:00,364.24,INR,posted,credit
L00000314,T00000314,A001336,2025-04-24T00:05:22+00:00,3176.13,CAD,posted,credit
L00000315,T00000315,A000860,2025-07-12T15:06:47+00:00,4029.51,USD,posted,credit
L00000316,T00000316,A001344,2025-10-17T17:49:39+00:00,2935.72,INR,posted,credit
L00000317,T00000317,A001454,2026-09-11T04:28:26+00:00,777.85,EUR,posted,credit
L00000318,T00000318,A001466,2026-01-08T04:31:50+00:00,3888.89,USD,posted,credit
L00000319,T00000319,A001310,2025-12-08T21:28:25+00:00,3198.98,EUR,posted,credit
L00000320,T00000320,A001379,2025-01-12T06:17:48+00:00,2678.61,CAD,posted,credit
L00000321,T00000321,A000395,2025-04-06T07:46:46+00:00,3252.45,CAD,posted,credit
L00000322,T00000322,A001095,2026-06-18T11:48:58+00:00,454.46,INR,posted,credit
L00000323,T00000323,A000076,2025-12-26T05:30:00+00:00,1102.12,CAD,posted,credit
L00000324,T00000324,A001037,2025-11-27T05:56:55+00:00,1065.37,EUR,posted,credit
L00000325,T00000325,A000095,2025-06-12T07:14:49+00:00,3146.47,USD,posted,credit
L00000326,T00000326,A000005,2025-01-25T13:23:56+00:00,1318.27,INR,posted,credit
L00000327,T00000327,A000964,2026-01-16T11:58:07+00:00,4945.70,EUR,posted,credit
L00000328,T00000328,A001037,2026-03-22T11:19:59+00:00,3004.67,EUR,posted,credit
L00000329,T00000329,A000187,2025-05-09T09:54:08+00:00,3224.98,GBP,posted,credit
L00000330,T00000330,A001402,2025-06-30T02:13:01+00:00,4606.97,INR,posted,credit
L00000331,T00000331,A001340,2025-11-24T10:43:55+00:00,2275.17,EUR,posted,credit
L00000332,T00000332,A000546,2026-03-19T04:26:30+00:00,2575.50,INR,posted,credit
L00000333,T00000333,A000576,2025-10-14T12:32:36+00:00,621.88,GBP,posted,credit
L00000334,T00000334,A000993,2026-01-19T02:25:25+00:00,4433.63,INR,posted,credit
L00000335,T00000335,A001426,2025-07-02T21:23:13+00:00,1664.53,CAD,posted,credit
L00000336,T00000336,A000009,2025-11-07T15:18:20+00:00,4855.57,CAD,posted,credit
L00000337,T00000337,A000576,2026-08-16T08:04:10+00:00,4325.25,GBP,posted,credit
L00000338,T00000338,A001267,2026-07-02T03:39:14+00:00,2104.82,EUR,posted,credit
L00000339,T00000339,A000136,2025-12-17T18:56:57+00:00,4467.19,CAD,posted,credit
L00000340,T00000340,A001127,2025-10-10T12:09:33+00:00,4632.72,USD,posted,credit
L00000341,T00000341,A000888,2025-03-19T13:54:59+00:00,2235.59,CAD,posted,credit
L00000342,T00000342,A000644,2025-07-28T05:20:41+00:00,1851.31,GBP,posted,credit
L00000343,T00000343,A001127,2026-08-17T12:11:57+00:00,501.30,USD,posted,credit
L00000344,T00000344,A000461,2026-07-25T04:09:03+00:00,1199.68,INR,posted,credit
L00000345,T00000345,A000286,2025-07-22T11:46:01+00:00,1355.93,USD,posted,credit
L00000346,T00000346,A000019,2025-03-18T16:41:23+00:00,4030.63,CAD,posted,credit
L00000347,T00000347,A001446,2025-10-24T21:59:47+00:00,4331.05,CAD,posted,credit
L00000348,T00000348,A000020,2025-03-04T08:28:57+00:00,2906.02,CAD,posted,credit
L00000349,T00000349,A000881,2025-10-29T17:23:58+00:00,1009.59,EUR,posted,credit
L00000350,T00000350,A000183,2025-04-27T00:34:11+00:00,464.01,INR,posted,credit
L00000351,T00000351,A000291,2026-04-10T22:34:04+00:00,3883.50,CAD,posted,credit
L00000352,T00000352,A001421,2025-03-29T00:39:00+00:00,1664.82,CAD,posted,credit
L00000353,T00000353,A000178,2026-03-17T15:14:35+00:00,4662.17,CAD,posted,credit
L00000354,T00000354,A000925,2025-04-28T00:12:24+00:00,4300.46,USD,posted,credit
L00000355,T00000355,A000349,2025-05-04T20:44:46+00:00,2371.06,USD,posted,credit
L00000356,T00000356,A001092,2026-06-18T08:11:54+00:00,4863.10,CAD,posted,credit
L00000357,T00000357,A000455,2025-02-02T04:52:33+00:00,3609.09,CAD,posted,credit
L00000358,T00000358,A001121,2025-10-16T20:50:31+00:00,4871.64,EUR,posted,credit
L00000359,T00000359,A000500,2025-06-02T22:11:47+00:00,4110.43,INR,posted,credit
L00000360,T00000360,A000709,2025-05-02T13:19:40+00:00,3150.74,INR,posted,credit
L00000361,T00000361,A000027,2025-05-24T02:55:55+00:00,120.44,CAD,posted,credit
L00000362,T00000362,A000214,2026-07-29T14:02:06+00:00,684.79,CAD,posted,credit
L00000363,T00000363,A000998,2026-09-12T13:39:10+00:00,3807.10,USD,posted,credit
L00000364,T00000364,A000544,2025-09-30T18:48:39+00:00,3324.58,USD,posted,credit
L00000365,T00000365,A000798,2026-08-10T05:23:41+00:00,1644.04,INR,posted,credit
L00000366,T00000366,A000725,2025-01-20T06:05:07+00:00,4675.88,CAD,posted,credit
L00000367,T00000367,A001345,2026-04-06T20:57:23+00:00,1594.17,CAD,posted,credit
L00000368,T00000368,A000530,2026-04-06T01:09:35+00:00,4001.33,INR,posted,credit
L00000369,T00000369,A001029,2025-08-13T16:40:30+00:00,1195.84,EUR,posted,credit
L00000370,T00000370,A000092,2026-08-16T21:38:10+00:00,2080.93,USD,posted,credit
L00000371,T00000371,A000655,2025-04-21T03:06:08+00:00,656.06,USD,posted,credit
L00000372,T00000372,A000187,2025-02-19T18:09:05+00:00,763.40,GBP,posted,credit
L00000373,T00000373,A001245,2025-05-04T13:55:38+00:00,4904.25,CAD,posted,credit
L00000374,T00000374,A001190,2026-03-20T05:16:32+00:00,2654.23,GBP,posted,credit
L00000375,T00000375,A000163,2025-07-10T17:02:34+00:00,1765.42,EUR,posted,credit
L00000376,T00000376,A000178,2026-07-26T11:54:03+00:00,4831.88,CAD,posted,credit
L00000377,T00000377,A000286,2025-12-07T04:20:30+00:00,4668.26,USD,posted,credit
L00000378,T00000378,A000212,2025-07-30T06:09:31+00:00,3008.44,CAD,posted,credit
L00000379,T00000379,A000626,2025-05-10T16:47:22+00:00,4543.61,GBP,posted,credit
L00000380,T00000380,A001293,2026-04-08T18:46:30+00:00,413.52,GBP,posted,credit
L00000381,T00000381,A000419,2025-12-22T07:50:42+00:00,1730.79,USD,posted,credit
L00000382,T00000382,A000445,2025-04-16T18:25:11+00:00,1568.57,INR,posted,credit
L00000383,T00000383,A000437,2025-10-24T16:46:51+00:00,136.71,CAD,posted,credit
L00000384,T00000384,A001166,2025-05-30T06:32:02+00:00,4273.00,CAD,posted,credit
L00000385,T00000385,A000719,2025-10-20T02:23:50+00:00,2832.34,USD,posted,credit
L00000386,T00000386,A001408,2025-07-18T10:37:31+00:00,4994.52,CAD,posted,credit
L00000387,T00000387,A001315,2026-07-25T18:39:44+00:00,2242.37,USD,posted,credit
L00000388,T00000388,A001230,2026-07-09T03:35:44+00:00,2818.01,EUR,posted,credit
L00000389,T00000389,A000800,2025-11-21T04:31:22+00:00,4341.83,USD,posted,credit
L00000390,T00000390,A000759,2025-08-16T23:55:49+00:00,838.67,GBP,posted,credit
L00000391,T00000391,A000340,2026-02-07T20:49:47+00:00,2239.70,GBP,posted,credit
L00000392,T00000392,A000180,2026-03-21T19:06:38+00:00,3013.29,CAD,posted,credit
L00000393,T00000393,A000151,2026-04-15T12:02:15+00:00,4170.15,GBP,posted,credit
L00000394,T00000394,A000064,2026-05-04T00:36:08+00:00,1749.18,GBP,posted,credit
L00000395,T00000395,A001069,2026-01-14T04:00:46+00:00,2459.94,EUR,posted,credit
L00000396,T00000396,A001390,2025-12-19T09:33:06+00:00,1758.70,INR,posted,credit
L00000397,T00000397,A001126,2025-08-03T09:56:11+00:00,3449.30,EUR,posted,credit
L00000398,T00000398,A000425,2025-07-09T01:26:26+00:00,1892.82,CAD,posted,credit
L00000399,T00000399,A000611,2025-05-03T05:58:11+00:00,687.57,CAD,posted,credit
L00000400,T00000400,A000585,2025-01-31T23:14:22+00:00,2194.36,EUR,posted,credit
L00000401,T00000401,A000930,2025-02-03T03:43:06+00:00,3761.26,USD,posted,credit
L00000402,T00000402,A001201,2025-03-02T19:43:21+00:00,1600.15,CAD,posted,credit
L00000403,T00000403,A001414,2026-02-27T12:34:48+00:00,4350.15,EUR,posted,credit
L00000404,T00000404,A000678,2025-04-07T02:20:22+00:00,2485.22,CAD,posted,credit
L00000405,T00000405,A001386,2025-05-05T14:50:37+00:00,2393.57,INR,posted,credit
L00000406,T00000406,A000215,2026-04-28T07:41:25+00:00,3535.02,CAD,posted,credit
L00000407,T00000407,A000332,2026-07-08T20:58:13+00:00,2779.36,CAD,posted,credit
L00000408,T00000408,A001370,2026-02-25T22:37:46+00:00,4389.18,CAD,posted,credit
L00000409,T00000409,A001466,2025-04-04T03:03:03+00:00,4885.23,USD,posted,credit
L00000410,T00000410,A000576,2026-01-12T07:42:54+00:00,4931.73,GBP,posted,credit
L00000411,T00000411,A000137,2025-04-17T13:08:22+00:00,651.35,USD,posted,credit
L00000412,T00000412,A000154,2026-07-14T15:29:10+00:00,3464.53,USD,posted,credit
L00000413,T00000413,A000251,2026-02-23T08:53:57+00:00,255.02,EUR,posted,credit
L00000414,T00000414,A000956,2025-01-16T20:24:39+00:00,3739.98,INR,posted,credit
L00000415,T00000415,A000215,2025-08-17T17:00:28+00:00,4306.41,CAD,posted,credit
L00000416,T00000416,A000865,2026-04-27T22:43:26+00:00,4486.18,GBP,posted,credit
L00000417,T00000417,A000855,2026-09-12T12:19:41+00:00,4696.07,USD,posted,credit
L00000418,T00000418,A000489,2025-06-16T07:19:32+00:00,2951.48,EUR,posted,credit
L00000419,T00000419,A000014,2026-05-20T13:10:31+00:00,4799.74,USD,posted,credit
L00000420,T00000420,A001221,2025-12-08T09:42:03+00:00,4564.74,USD,posted,credit
L00000421,T00000421,A001355,2025-08-21T13:14:08+00:00,3321.79,USD,posted,credit
L00000422,T00000422,A000468,2025-06-26T13:53:27+00:00,3055.42,EUR,posted,credit
L00000423,T00000423,A000505,2026-03-27T04:46:54+00:00,3183.68,INR,posted,credit
L00000424,T00000424,A000307,2025-07-16T15:17:27+00:00,4755.90,USD,posted,credit
L00000425,T00000425,A000113,2025-09-15T04:34:07+00:00,3182.65,CAD,posted,credit
L00000426,T00000426,A000200,2025-06-03T19:02:17+00:00,2773.73,EUR,posted,credit
L00000427,T00000427,A000233,2026-03-13T06:53:22+00:00,145.79,GBP,posted,credit
L00000428,T00000428,A000564,2026-07-29T20:48:02+00:00,455.74,EUR,posted,credit
L00000429,T00000429,A000585,2026-05-29T19:15:55+00:00,4999.03,EUR,posted,credit
L00000430,T00000430,A001234,2025-09-12T17:31:52+00:00,1814.69,GBP,posted,credit
L00000431,T00000431,A000689,2025-10-09T20:33:37+00:00,4330.40,INR,posted,credit
L00000432,T00000432,A000676,2026-06-01T14:41:24+00:00,3371.22,USD,posted,credit
L00000433,T00000433,A000063,2026-02-26T21:10:34+00:00,474.20,GBP,posted,credit
L00000434,T00000434,A000978,2025-06-08T15:18:29+00:00,4116.24,GBP,posted,credit
L00000435,T00000435,A000427,2026-04-26T11:23:46+00:00,2796.00,USD,posted,credit
L00000436,T00000436,A001101,2025-09-20T15:31:06+00:00,3388.01,USD,posted,credit
L00000437,T00000437,A000053,2026-04-08T03:47:50+00:00,4427.93,INR,posted,credit
L00000438,T00000438,A000173,2025-08-08T07:28:00+00:00,3601.10,USD,posted,credit
L00000439,T00000439,A001423,2025-07-03T04:43:25+00:00,627.06,EUR,posted,credit
L00000440,T00000440,A000781,2025-07-15T16:29:50+00:00,633.40,CAD,posted,credit
L00000441,T00000441,A001390,2025-11-29T14:08:55+00:00,3067.13,INR,posted,credit
L00000442,T00000442,A000808,2025-06-14T03:31:56+00:00,2688.85,INR,posted,credit
L00000443,T00000443,A000781,2026-08-07T13:28:06+00:00,42.87,CAD,posted,credit
L00000444,T00000444,A000664,2025-03-14T12:44:09+00:00,3090.04,GBP,posted,credit
L00000445,T00000445,A000653,2026-04-26T03:10:55+00:00,1459.50,INR,posted,credit
L00000446,T00000446,A001196,2025-08-14T13:47:41+00:00,170.05,USD,posted,credit
L00000447,T00000447,A000002,2025-12-10T03:32:01+00:00,2815.67,USD,posted,credit
L00000448,T00000448,A001012,2025-12-10T00:18:04+00:00,3706.60,CAD,posted,credit
L00000449,T00000449,A000019,2025-08-10T01:42:56+00:00,2599.32,CAD,posted,credit
L00000450,T00000450,A000347,2025-01-30T21:43:20+00:00,2288.48,CAD,posted,credit
L00000451,T00000451,A001384,2026-05-10T12:57:19+00:00,1324.08,EUR,posted,credit
L00000452,T00000452,A000482,2026-03-25T10:09:51+00:00,24.61,GBP,posted,credit
L00000453,T00000453,A000451,2025-12-28T15:16:02+00:00,347.07,USD,posted,credit
L00000454,T00000454,A001422,2025-02-19T15:48:58+00:00,4993.66,CAD,posted,credit
L00000455,T00000455,A001418,2025-09-27T16:31:13+00:00,2824.06,INR,posted,credit
L00000456,T00000456,A000213,2025-06-15T12:15:36+00:00,727.26,INR,posted,credit
L00000457,T00000457,A000594,2025-05-13T12:21:52+00:00,2789.27,EUR,posted,credit
L00000458,T00000458,A001441,2026-07-17T17:04:42+00:00,1140.41,EUR,posted,credit
L00000459,T00000459,A000163,2025-01-27T14:31:25+00:00,2816.48,EUR,posted,credit
L00000460,T00000460,A000701,2026-01-04T01:40:06+00:00,1919.11,USD,posted,credit
L00000461,T00000461,A000408,2025-03-24T03:58:57+00:00,2783.36,EUR,posted,credit
L00000462,T00000462,A000171,2026-03-24T12:13:55+00:00,2271.31,USD,posted,credit
L00000463,T00000463,A000307,2026-07-22T03:27:38+00:00,381.64,USD,posted,credit
L00000464,T00000464,A000899,2026-02-12T14:39:40+00:00,1263.49,USD,posted,credit
L00000465,T00000465,A000886,2025-05-18T03:07:54+00:00,3860.32,INR,posted,credit
L00000466,T00000466,A000549,2026-08-19T08:20:30+00:00,665.79,INR,posted,credit
L00000467,T00000467,A000626,2026-03-02T09:17:01+00:00,2013.53,GBP,posted,credit
L00000468,T00000468,A001452,2026-01-03T17:55:19+00:00,4799.94,GBP,posted,credit
L00000469,T00000469,A000450,2026-01-16T13:56:49+00:00,2441.08,INR,posted,credit
L00000470,T00000470,A001028,2025-12-05T19:13:49+00:00,600.40,GBP,posted,credit
L00000471,T00000471,A000065,2025-09-11T05:48:59+00:00,3549.12,EUR,posted,credit
L00000472,T00000472,A000349,2025-01-23T16:12:11+00:00,2121.20,USD,posted,credit
L00000473,T00000473,A000796,2026-02-13T09:55:24+00:00,3218.78,GBP,posted,credit
L00000474,T00000474,A000500,2025-12-22T16:15:21+00:00,998.93,INR,posted,credit
L00000475,T00000475,A000406,2026-05-18T02:51:50+00:00,1302.03,EUR,posted,credit
L00000476,T00000476,A000297,2025-04-08T09:19:35+00:00,2387.93,EUR,posted,credit
L00000477,T00000477,A001361,2026-03-11T19:05:59+00:00,4155.19,EUR,posted,credit
L00000478,T00000478,A001219,2026-04-29T02:58:26+00:00,1803.00,GBP,posted,credit
L00000479,T00000479,A000391,2025-10-14T00:19:09+00:00,3546.09,EUR,posted,credit
L00000480,T00000480,A000777,2026-04-21T23:58:51+00:00,3069.95,CAD,posted,credit
L00000481,T00000481,A000675,2026-01-26T16:07:44+00:00,2007.12,CAD,posted,credit
L00000482,T00000482,A001440,2026-01-22T07:22:19+00:00,2356.97,EUR,posted,credit
L00000483,T00000483,A001012,2025-10-23T02:02:53+00:00,4946.68,CAD,posted,credit
L00000484,T00000484,A000226,2026-02-20T19:14:07+00:00,4397.07,CAD,posted,credit
L00000485,T00000485,A000007,2025-03-28T12:35:35+00:00,4106.70,CAD,posted,credit
L00000486,T00000486,A000416,2025-11-04T10:45:27+00:00,701.50,EUR,posted,credit
L00000487,T00000487,A001270,2025-05-22T21:31:47+00:00,1222.80,GBP,posted,credit
L00000488,T00000488,A000454,2026-08-12T13:33:30+00:00,3358.43,EUR,posted,credit
L00000489,T00000489,A000887,2025-02-19T20:49:49+00:00,2954.34,EUR,posted,credit
L00000490,T00000490,A000716,2025-03-27T21:01:25+00:00,491.32,INR,posted,credit
L00000491,T00000491,A000854,2026-02-08T22:29:42+00:00,3726.12,USD,posted,credit
L00000492,T00000492,A000850,2026-03-24T12:26:55+00:00,1621.94,GBP,posted,credit
L00000493,T00000493,A001438,2026-05-24T16:13:03+00:00,1229.42,GBP,posted,credit
L00000494,T00000494,A000053,2025-04-25T09:18:16+00:00,4325.54,INR,posted,credit
L00000495,T00000495,A001011,2025-04-22T17:55:32+00:00,996.77,CAD,posted,credit
L00000496,T00000496,A000747,2025-11-13T12:12:21+00:00,433.45,CAD,posted,credit
L00000497,T00000497,A001235,2025-06-19T12:23:28+00:00,1291.83,CAD,posted,credit
L00000498,T00000498,A000023,2026-06-15T22:18:35+00:00,320.73,CAD,posted,credit
L00000499,T00000499,A000453,2025-12-18T07:19:02+00:00,4390.06,CAD,posted,credit
L00000500,T00000500,A000075,2025-07-31T03:44:48+00:00,3048.22,USD,posted,credit
L00000501,T00000501,A000657,2025-10-03T22:17:17+00:00,617.94,INR,posted,credit
L00000502,T00000502,A001274,2026-02-11T22:24:09+00:00,3582.25,USD,posted,credit
L00000503,T00000503,A000639,2026-06-01T12:43:38+00:00,3382.46,CAD,posted,credit
L00000504,T00000504,A000909,2025-11-26T18:57:51+00:00,1229.01,USD,posted,credit
L00000505,T00000505,A001380,2025-03-24T09:59:12+00:00,1989.01,CAD,posted,credit
L00000506,T00000506,A000467,2025-05-06T13:37:00+00:00,591.57,EUR,posted,credit
L00000507,T00000507,A000093,2026-07-26T18:14:56+00:00,886.96,EUR,posted,credit
L00000508,T00000508,A000553,2025-09-22T09:39:10+00:00,2507.62,INR,posted,credit
L00000509,T00000509,A000082,2025-08-30T09:38:13+00:00,2680.26,INR,posted,credit
L00000510,T00000510,A001056,2026-01-03T16:15:26+00:00,3707.39,GBP,posted,credit
L00000511,T00000511,A001230,2025-06-25T17:32:43+00:00,1292.31,EUR,posted,credit
L00000512,T00000512,A001013,2025-07-18T03:22:57+00:00,3864.74,USD,posted,credit
L00000513,T00000513,A000927,2025-08-19T23:34:48+00:00,4630.60,EUR,posted,credit
L00000514,T00000514,A000109,2026-07-24T05:44:25+00:00,4551.81,CAD,posted,credit
L00000515,T00000515,A001046,2025-11-17T07:19:52+00:00,3156.37,INR,posted,credit
L00000516,T00000516,A000496,2025-02-07T15:31:49+00:00,1916.12,GBP,posted,credit
L00000517,T00000517,A001385,2026-06-21T04:31:12+00:00,433.05,EUR,posted,credit
L00000518,T00000518,A000554,2025-09-14T07:53:41+00:00,4627.23,EUR,posted,credit
L00000519,T00000519,A000973,2025-01-27T06:13:48+00:00,4110.65,CAD,posted,credit
L00000520,T00000520,A001116,2026-01-20T20:51:51+00:00,3230.56,GBP,posted,credit
L00000521,T00000521,A001381,2025-04-11T16:09:04+00:00,2122.63,GBP,posted,credit
L00000522,T00000522,A000952,2026-01-31T10:47:16+00:00,600.01,EUR,posted,credit
L00000523,T00000523,A000100,2025-08-07T02:22:03+00:00,2957.54,USD,posted,credit
L00000524,T00000524,A000139,2025-06-21T10:08:57+00:00,959.86,CAD,posted,credit
L00000525,T00000525,A000733,2025-07-22T21:19:38+00:00,3792.80,INR,posted,credit
L00000526,T00000526,A000644,2026-02-09T02:14:28+00:00,61.64,GBP,posted,credit
L00000527,T00000527,A000665,2026-02-15T01:33:12+00:00,2995.60,GBP,posted,credit
L00000528,T00000528,A000596,2025-05-30T02:05:33+00:00,3626.46,GBP,posted,credit
L00000529,T00000529,A000525,2026-08-31T10:49:26+00:00,2873.15,USD,posted,credit
L00000530,T00000530,A001187,2025-08-18T15:14:28+00:00,3329.57,USD,posted,credit
L00000531,T00000531,A000102,2025-01-01T20:43:44+00:00,1615.54,INR,posted,credit
L00000532,T00000532,A001373,2025-10-14T15:15:44+00:00,2611.80,INR,posted,credit
L00000533,T00000533,A000848,2026-05-21T17:44:46+00:00,1867.40,GBP,posted,credit
L00000534,T00000534,A000205,2025-02-09T17:16:07+00:00,2289.74,EUR,posted,credit
L00000535,T00000535,A001425,2025-05-12T16:51:43+00:00,1658.83,USD,posted,credit
L00000536,T00000536,A001328,2025-03-21T04:31:46+00:00,1692.53,CAD,posted,credit
L00000537,T00000537,A001280,2026-07-04T23:44:51+00:00,708.14,EUR,posted,credit
L00000538,T00000538,A000881,2026-01-01T02:32:55+00:00,2399.81,EUR,posted,credit
L00000539,T00000539,A000414,2026-02-21T05:43:26+00:00,4007.10,EUR,posted,credit
L00000540,T00000540,A000627,2025-02-17T20:27:30+00:00,4021.25,CAD,posted,credit
L00000541,T00000541,A000189,2026-05-10T17:20:09+00:00,3169.63,INR,posted,credit
L00000542,T00000542,A000538,2025-09-26T19:58:14+00:00,943.91,CAD,posted,credit
L00000543,T00000543,A000206,2025-02-06T20:54:31+00:00,130.00,CAD,posted,credit
L00000544,T00000544,A001284,2025-08-06T23:24:12+00:00,3199.17,INR,posted,credit
L00000545,T00000545,A000388,2025-03-30T06:28:53+00:00,3110.49,INR,posted,credit
L00000546,T00000546,A000785,2025-10-20T06:01:48+00:00,1921.35,GBP,posted,credit
L00000547,T00000547,A000788,2025-06-22T17:36:13+00:00,3274.64,USD,posted,credit
L00000548,T00000548,A001297,2025-07-09T16:29:57+00:00,2862.61,INR,posted,credit
L00000549,T00000549,A001436,2026-04-27T11:36:36+00:00,3625.99,CAD,posted,credit
L00000550,T00000550,A000312,2025-10-19T23:15:00+00:00,3803.20,EUR,posted,credit
L00000551,T00000551,A001225,2025-10-18T02:21:53+00:00,2397.95,CAD,posted,credit
L00000552,T00000552,A001435,2026-05-22T19:10:27+00:00,3347.46,INR,posted,credit
L00000553,T00000553,A000430,2025-09-24T09:51:15+00:00,383.63,EUR,posted,credit
L00000554,T00000554,A001175,2025-04-21T19:54:44+00:00,3549.53,USD,posted,credit
L00000555,T00000555,A000443,2025-03-27T16:46:59+00:00,3378.25,CAD,posted,credit
L00000556,T00000556,A001301,2025-10-14T07:47:35+00:00,1030.89,GBP,posted,credit
L00000557,T00000557,A000568,2025-07-30T06:11:10+00:00,1921.63,CAD,posted,credit
L00000558,T00000558,A000516,2026-06-01T08:24:49+00:00,2781.00,GBP,posted,credit
L00000559,T00000559,A001386,2026-06-11T11:31:07+00:00,3266.34,INR,posted,credit
L00000560,T00000560,A001441,2026-02-04T16:04:41+00:00,3669.98,EUR,posted,credit
L00000561,T00000561,A000230,2026-01-05T08:50:33+00:00,1705.21,EUR,posted,credit
L00000562,T00000562,A000247,2026-07-12T22:29:37+00:00,1619.06,INR,posted,credit
L00000563,T00000563,A001130,2025-04-04T00:25:33+00:00,1235.68,CAD,posted,credit
L00000564,T00000564,A000499,2025-04-14T08:06:46+00:00,1858.19,USD,posted,credit
L00000565,T00000565,A000335,2026-07-07T04:47:49+00:00,4824.85,CAD,posted,credit
L00000566,T00000566,A001048,2026-09-10T19:51:35+00:00,1490.86,INR,posted,credit
L00000567,T00000567,A001270,2025-08-04T12:01:14+00:00,2954.81,GBP,posted,credit
L00000568,T00000568,A001455,2026-09-08T05:29:27+00:00,4567.54,INR,posted,credit
L00000569,T00000569,A000881,2025-06-08T23:13:47+00:00,375.66,EUR,posted,credit
L00000570,T00000570,A000063,2026-02-14T23:14:54+00:00,3092.85,GBP,posted,credit
L00000571,T00000571,A001265,2026-02-10T11:03:25+00:00,2520.87,EUR,posted,credit
L00000572,T00000572,A001477,2025-08-27T13:06:44+00:00,4650.20,CAD,posted,credit
L00000573,T00000573,A000480,2026-04-12T17:34:47+00:00,2315.84,CAD,posted,credit
L00000574,T00000574,A000988,2025-11-25T05:51:09+00:00,1716.12,EUR,posted,credit
L00000575,T00000575,A001265,2026-01-05T23:39:56+00:00,20.18,EUR,posted,credit
L00000576,T00000576,A000996,2025-06-02T20:36:55+00:00,1913.07,CAD,posted,credit
L00000577,T00000577,A000944,2025-11-21T08:19:47+00:00,4364.56,EUR,posted,credit
L00000578,T00000578,A000550,2025-05-24T19:16:58+00:00,1805.55,CAD,posted,credit
L00000579,T00000579,A001115,2025-04-21T20:48:34+00:00,3033.71,GBP,posted,credit
L00000580,T00000580,A001067,2026-02-14T06:08:29+00:00,4018.63,CAD,posted,credit
L00000581,T00000581,A000944,2025-12-02T06:39:49+00:00,643.73,EUR,posted,credit
L00000582,T00000582,A000209,2025-11-20T06:06:23+00:00,1922.87,GBP,posted,credit
L00000583,T00000583,A000003,2025-09-15T07:27:24+00:00,4007.31,EUR,posted,credit
L00000584,T00000584,A000711,2026-06-27T14:45:37+00:00,726.29,GBP,posted,credit
L00000585,T00000585,A000951,2025-03-20T12:32:18+00:00,475.55,GBP,posted,credit
L00000586,T00000586,A000334,2025-06-19T19:10:41+00:00,868.73,GBP,posted,credit
L00000587,T00000587,A000256,2025-09-01T05:39:59+00:00,2682.72,CAD,posted,credit
L00000588,T00000588,A000648,2025-02-08T13:42:33+00:00,929.80,USD,posted,credit
L00000589,T00000589,A000362,2025-07-06T19:17:10+00:00,3359.64,INR,posted,credit
L00000590,T00000590,A001163,2025-02-06T15:36:43+00:00,2858.10,GBP,posted,credit
L00000591,T00000591,A001143,2025-02-12T12:43:46+00:00,3076.04,GBP,posted,credit
L00000592,T00000592,A000938,2025-03-12T19:48:20+00:00,1038.51,GBP,posted,credit
L00000593,T00000593,A000540,2026-02-24T19:39:52+00:00,454.92,EUR,posted,credit
L00000594,T00000594,A001475,2025-10-18T03:18:45+00:00,1484.40,USD,posted,credit
L00000595,T00000595,A000525,2026-05-31T12:37:09+00:00,4287.09,USD,posted,credit
L00000596,T00000596,A000919,2025-01-18T08:46:14+00:00,1966.79,USD,posted,credit
L00000597,T00000597,A000700,2025-06-12T01:06:54+00:00,1297.44,CAD,posted,credit
L00000598,T00000598,A000874,2026-05-24T02:11:20+00:00,2302.12,USD,posted,credit
L00000599,T00000599,A000920,2026-06-20T17:34:58+00:00,138.79,GBP,posted,credit
L00000600,T00000600,A000455,2025-08-19T03:43:55+00:00,3758.20,CAD,posted,credit
L00000601,T00000601,A001438,2025-08-28T08:40:11+00:00,1142.39,GBP,posted,credit
L00000602,T00000602,A000331,2025-12-14T04:54:02+00:00,4947.55,EUR,posted,credit
L00000603,T00000603,A000253,2026-03-20T22:17:38+00:00,890.59,EUR,posted,credit
L00000604,T00000604,A000890,2025-01-18T20:34:38+00:00,4855.85,EUR,posted,credit
L00000605,T00000605,A000868,2025-01-29T02:35:17+00:00,2999.78,EUR,posted,credit
L00000606,T00000606,A001462,2026-03-16T04:37:40+00:00,71.29,EUR,posted,credit
L00000607,T00000607,A000654,2025-04-26T20:21:23+00:00,485.07,GBP,posted,credit
L00000608,T00000608,A000899,2026-09-06T07:34:46+00:00,4802.99,USD,posted,credit
L00000609,T00000609,A001045,2026-01-02T04:01:13+00:00,4133.26,CAD,posted,credit
L00000610,T00000610,A000528,2026-03-23T19:55:28+00:00,405.76,INR,posted,credit
L00000611,T00000611,A001082,2026-07-27T07:35:00+00:00,4645.37,INR,posted,credit
L00000612,T00000612,A001328,2025-01-25T20:49:32+00:00,4284.51,CAD,posted,credit
L00000613,T00000613,A001319,2026-05-29T10:45:14+00:00,3219.02,EUR,posted,credit
L00000614,T00000614,A000973,2026-04-15T14:00:39+00:00,3319.91,CAD,posted,credit
L00000615,T00000615,A000419,2025-11-06T04:17:55+00:00,3156.55,USD,posted,credit
L00000616,T00000616,A000551,2026-01-02T15:59:38+00:00,4310.20,GBP,posted,credit
L00000617,T00000617,A001102,2026-05-28T00:52:05+00:00,109.83,EUR,posted,credit
L00000618,T00000618,A001379,2025-09-04T06:01:21+00:00,2880.47,CAD,posted,credit
L00000619,T00000619,A000935,2026-01-27T06:01:33+00:00,3662.93,EUR,posted,credit
L00000620,T00000620,A000217,2025-07-31T23:49:11+00:00,924.16,CAD,posted,credit
L00000621,T00000621,A001235,2026-04-07T04:10:56+00:00,700.65,CAD,posted,credit
L00000622,T00000622,A001386,2026-07-04T09:42:27+00:00,4169.42,INR,posted,credit
L00000623,T00000623,A000033,2025-03-06T03:45:48+00:00,3149.06,EUR,posted,credit
L00000624,T00000624,A000548,2026-08-13T17:57:19+00:00,4234.64,CAD,posted,credit
L00000625,T00000625,A000391,2025-12-21T14:43:56+00:00,4004.74,EUR,posted,credit
L00000626,T00000626,A000920,2025-03-10T11:53:24+00:00,443.28,GBP,posted,credit
L00000627,T00000627,A000131,2026-05-03T13:46:36+00:00,529.52,USD,posted,credit
L00000628,T00000628,A000725,2025-12-15T14:07:39+00:00,1207.06,CAD,posted,credit
L00000629,T00000629,A000956,2025-11-10T19:35:46+00:00,4342.80,INR,posted,credit
L00000630,T00000630,A000280,2026-07-06T08:32:32+00:00,1378.41,GBP,posted,credit
L00000631,T00000631,A000099,2025-11-09T16:31:06+00:00,1315.43,USD,posted,credit
L00000632,T00000632,A000811,2025-07-07T15:01:38+00:00,4386.33,USD,posted,credit
L00000633,T00000633,A000912,2025-04-25T23:20:53+00:00,377.25,EUR,posted,credit
L00000634,T00000634,A001468,2025-10-21T20:00:33+00:00,4521.20,EUR,posted,credit
L00000635,T00000635,A001381,2025-04-14T10:44:06+00:00,3824.60,GBP,posted,credit
L00000636,T00000636,A001151,2026-06-15T22:40:10+00:00,4870.78,EUR,posted,credit
L00000637,T00000637,A000470,2026-08-02T00:07:00+00:00,2529.43,USD,posted,credit
L00000638,T00000638,A000536,2026-01-17T02:40:56+00:00,3133.88,USD,posted,credit
L00000639,T00000639,A000217,2025-05-19T20:09:18+00:00,848.79,CAD,posted,credit
L00000640,T00000640,A000381,2026-06-06T09:25:35+00:00,2911.40,EUR,posted,credit
L00000641,T00000641,A001040,2026-09-05T11:55:08+00:00,3711.89,INR,posted,credit
L00000642,T00000642,A001389,2025-01-30T22:29:43+00:00,1431.13,INR,posted,credit
L00000643,T00000643,A001296,2026-08-19T12:47:46+00:00,2262.92,USD,posted,credit
L00000644,T00000644,A000114,2025-03-13T13:18:06+00:00,2645.49,CAD,posted,credit
L00000645,T00000645,A000682,2026-05-04T11:55:04+00:00,1686.09,INR,posted,credit
L00000646,T00000646,A000732,2026-04-09T11:27:10+00:00,69.53,GBP,posted,credit
L00000647,T00000647,A001339,2025-05-07T17:42:52+00:00,678.68,CAD,posted,credit
L00000648,T00000648,A000996,2025-03-10T04:38:53+00:00,910.72,CAD,posted,credit
L00000649,T00000649,A000811,2025-10-04T13:59:54+00:00,4714.57,USD,posted,credit
L00000650,T00000650,A000713,2026-02-19T19:59:24+00:00,1556.46,EUR,posted,credit
L00000651,T00000651,A000414,2026-01-04T03:13:59+00:00,4629.21,EUR,posted,credit
L00000652,T00000652,A001227,2025-05-29T12:30:21+00:00,3926.63,USD,posted,credit
L00000653,T00000653,A000909,2026-01-05T08:11:28+00:00,4369.57,USD,posted,credit
L00000654,T00000654,A000216,2026-09-02T09:03:43+00:00,4115.51,USD,posted,credit
L00000655,T00000655,A000675,2025-04-13T13:12:26+00:00,4825.45,CAD,posted,credit
L00000656,T00000656,A000971,2026-04-10T07:07:55+00:00,2056.14,INR,posted,credit
L00000657,T00000657,A000699,2026-09-05T01:11:43+00:00,4103.99,EUR,posted,credit
L00000658,T00000658,A000199,2025-06-21T23:30:07+00:00,3051.99,EUR,posted,credit
L00000659,T00000659,A001067,2025-03-02T08:42:07+00:00,72.43,CAD,posted,credit
L00000660,T00000660,A001432,2025-06-09T17:38:20+00:00,4697.25,USD,posted,credit
L00000661,T00000661,A000426,2025-06-27T01:52:44+00:00,249.66,CAD,posted,credit
L00000662,T00000662,A000070,2026-04-05T13:38:39+00:00,719.75,INR,posted,credit
L00000663,T00000663,A001395,2026-09-07T05:53:53+00:00,4620.73,INR,posted,credit
L00000664,T00000664,A000358,2026-07-01T01:00:38+00:00,3930.85,INR,posted,credit
L00000665,T00000665,A000540,2025-07-11T21:14:03+00:00,4467.90,EUR,posted,credit
L00000666,T00000666,A000657,2025-05-30T11:40:18+00:00,4909.92,INR,posted,credit
L00000667,T00000667,A000649,2025-11-22T21:51:01+00:00,2420.75,INR,posted,credit
L00000668,T00000668,A001088,2025-11-25T09:17:20+00:00,3990.51,INR,posted,credit
L00000669,T00000669,A000197,2025-01-23T12:33:14+00:00,4542.31,CAD,posted,credit
L00000670,T00000670,A000997,2026-05-07T09:52:22+00:00,445.87,USD,posted,credit
L00000671,T00000671,A000233,2025-08-29T05:03:22+00:00,643.44,GBP,posted,credit
L00000672,T00000672,A000180,2025-11-09T18:46:43+00:00,1432.09,CAD,posted,credit
L00000673,T00000673,A001092,2025-09-13T07:21:40+00:00,3585.55,CAD,posted,credit
L00000674,T00000674,A000474,2026-06-19T00:23:01+00:00,1340.67,INR,posted,credit
L00000675,T00000675,A001295,2026-05-02T22:21:35+00:00,4929.96,USD,posted,credit
L00000676,T00000676,A001285,2026-05-11T20:03:20+00:00,69.73,INR,posted,credit
L00000677,T00000677,A001499,2026-04-19T15:53:26+00:00,4349.40,EUR,posted,credit
L00000678,T00000678,A001340,2025-08-01T00:21:23+00:00,3838.44,EUR,posted,credit
L00000679,T00000679,A001441,2025-04-26T07:23:51+00:00,862.12,EUR,posted,credit
L00000680,T00000680,A000093,2025-12-09T09:46:30+00:00,2112.17,EUR,posted,credit
L00000681,T00000681,A000080,2025-06-10T12:45:02+00:00,4889.32,USD,posted,credit
L00000682,T00000682,A001043,2026-05-22T17:29:30+00:00,49.59,USD,posted,credit
L00000683,T00000683,A001464,2025-02-15T10:08:55+00:00,988.43,GBP,posted,credit
L00000684,T00000684,A000196,2026-04-16T01:05:09+00:00,519.24,INR,posted,credit
L00000685,T00000685,A000431,2026-09-07T01:08:44+00:00,1769.21,USD,posted,credit
L00000686,T00000686,A000481,2025-11-13T06:03:32+00:00,3594.89,EUR,posted,credit
L00000687,T00000687,A000771,2026-03-08T15:32:40+00:00,3552.09,EUR,posted,credit
L00000688,T00000688,A000623,2025-05-19T20:45:21+00:00,4168.99,USD,posted,credit
L00000689,T00000689,A000973,2026-08-20T02:57:22+00:00,1975.29,CAD,posted,credit
L00000690,T00000690,A000390,2026-07-15T05:09:07+00:00,1231.16,CAD,posted,credit
L00000691,T00000691,A001022,2026-05-22T01:54:31+00:00,461.35,EUR,posted,credit
L00000692,T00000692,A000406,2026-02-17T11:32:18+00:00,797.71,EUR,posted,credit
L00000693,T00000693,A000504,2026-08-13T16:31:04+00:00,4149.93,CAD,posted,credit
L00000694,T00000694,A000428,2025-05-24T05:57:13+00:00,1990.49,INR,posted,credit
L00000695,T00000695,A001390,2026-04-01T11:23:05+00:00,1395.36,INR,posted,credit
L00000696,T00000696,A000897,2025-05-27T20:56:22+00:00,897.49,GBP,posted,credit
L00000697,T00000697,A001070,2025-09-18T12:34:47+00:00,691.60,INR,posted,credit
L00000698,T00000698,A000098,2026-08-09T10:54:02+00:00,1286.59,CAD,posted,credit
L00000699,T00000699,A001005,2025-11-28T01:42:51+00:00,206.93,GBP,posted,credit
L00000700,T00000700,A000579,2025-12-19T04:03:12+00:00,2786.02,USD,posted,credit
L00000701,T00000701,A001026,2025-05-02T02:09:25+00:00,4662.09,EUR,posted,credit
L00000702,T00000702,A001183,2026-01-26T19:44:32+00:00,4743.52,EUR,posted,credit
L00000703,T00000703,A001119,2025-05-24T05:07:47+00:00,1187.01,EUR,posted,credit
L00000704,T00000704,A000824,2025-04-25T11:38:07+00:00,3133.81,EUR,posted,credit
L00000705,T00000705,A000293,2025-09-15T06:49:10+00:00,2513.83,GBP,posted,credit
L00000706,T00000706,A000280,2025-06-01T05:08:49+00:00,1692.31,GBP,posted,credit
L00000707,T00000707,A000472,2025-03-14T23:10:19+00:00,4881.38,USD,posted,credit
L00000708,T00000708,A000093,2026-08-28T08:14:40+00:00,1490.08,EUR,posted,credit
L00000709,T00000709,A001477,2025-02-17T09:38:43+00:00,1624.80,CAD,posted,credit
L00000710,T00000710,A000124,2025-11-10T03:08:48+00:00,2111.45,GBP,posted,credit
L00000711,T00000711,A000671,2025-02-06T00:23:12+00:00,3354.86,CAD,posted,credit
L00000712,T00000712,A000031,2026-08-10T23:52:34+00:00,2335.71,CAD,posted,credit
L00000713,T00000713,A000378,2026-05-19T16:28:51+00:00,3118.92,INR,posted,credit
L00000714,T00000714,A001060,2026-01-31T00:41:04+00:00,2491.78,CAD,posted,credit
L00000715,T00000715,A000502,2026-08-17T21:59:31+00:00,1091.68,USD,posted,credit
L00000716,T00000716,A001242,2025-07-03T22:01:30+00:00,194.17,INR,posted,credit
L00000717,T00000717,A000650,2025-11-20T02:15:42+00:00,3074.49,CAD,posted,credit
L00000718,T00000718,A000027,2026-04-23T21:29:53+00:00,4797.75,CAD,posted,credit
L00000719,T00000719,A000909,2026-01-29T23:52:32+00:00,472.08,USD,posted,credit
L00000720,T00000720,A000554,2026-05-15T21:54:36+00:00,2628.51,EUR,posted,credit
L00000721,T00000721,A000367,2026-03-15T08:36:09+00:00,1367.39,GBP,posted,credit
L00000722,T00000722,A000251,2026-02-08T03:39:48+00:00,698.15,EUR,posted,credit
L00000723,T00000723,A000093,2025-08-25T23:34:03+00:00,4933.38,EUR,posted,credit
L00000724,T00000724,A001350,2025-04-22T09:12:29+00:00,4768.98,CAD,posted,credit
L00000725,T00000725,A001500,2025-09-09T14:56:33+00:00,2776.98,INR,posted,credit
L00000726,T00000726,A000868,2025-07-27T09:49:53+00:00,3552.44,EUR,posted,credit
L00000727,T00000727,A000829,2026-07-31T20:56:07+00:00,4940.59,EUR,posted,credit
L00000728,T00000728,A000555,2026-02-06T06:26:21+00:00,889.36,USD,posted,credit
L00000729,T00000729,A000994,2025-10-25T10:47:17+00:00,1967.22,INR,posted,credit
L00000730,T00000730,A000357,2026-04-08T13:32:46+00:00,304.50,INR,posted,credit
L00000731,T00000731,A000433,2026-08-10T01:10:08+00:00,3460.03,INR,posted,credit
L00000732,T00000732,A001414,2026-05-23T08:21:37+00:00,168.06,EUR,posted,credit
L00000733,T00000733,A001061,2025-06-25T08:24:17+00:00,752.18,CAD,posted,credit
L00000734,T00000734,A000635,2025-02-04T02:36:39+00:00,3954.82,GBP,posted,credit
L00000735,T00000735,A000110,2026-03-22T14:39:51+00:00,212.92,INR,posted,credit
L00000736,T00000736,A000050,2025-02-22T14:08:39+00:00,4296.05,INR,posted,credit
L00000737,T00000737,A000733,2025-02-16T21:56:57+00:00,1206.92,INR,posted,credit
L00000738,T00000738,A000277,2025-03-30T20:46:12+00:00,1913.12,GBP,posted,credit
L00000739,T00000739,A000518,2025-12-25T17:56:42+00:00,4755.80,USD,posted,credit
L00000740,T00000740,A000059,2025-05-29T01:16:09+00:00,3693.05,GBP,posted,credit
L00000741,T00000741,A000057,2025-06-02T18:20:33+00:00,3808.27,INR,posted,credit
L00000742,T00000742,A000536,2025-07-02T06:20:07+00:00,2598.07,USD,posted,credit
L00000743,T00000743,A000111,2025-12-05T13:30:11+00:00,2858.68,CAD,posted,credit
L00000744,T00000744,A001074,2025-06-23T03:06:09+00:00,4960.47,USD,posted,credit
L00000745,T00000745,A000300,2025-09-07T15:18:40+00:00,4625.68,CAD,posted,credit
L00000746,T00000746,A000773,2026-07-04T23:49:39+00:00,428.35,USD,posted,credit
L00000747,T00000747,A000057,2026-02-19T21:14:29+00:00,1720.96,INR,posted,credit
L00000748,T00000748,A000999,2025-04-04T01:02:47+00:00,4181.27,USD,posted,credit
L00000749,T00000749,A000607,2026-04-12T16:54:14+00:00,2732.36,CAD,posted,credit
L00000750,T00000750,A000631,2025-03-24T22:34:09+00:00,139.61,CAD,posted,credit
L00000751,T00000751,A000152,2026-04-12T18:41:29+00:00,4803.02,GBP,posted,credit
L00000752,T00000752,A001415,2025-09-08T13:34:23+00:00,4994.37,USD,posted,credit
L00000753,T00000753,A000853,2025-12-06T22:40:27+00:00,887.03,CAD,posted,credit
L00000754,T00000754,A000433,2026-07-04T18:53:59+00:00,2383.90,INR,posted,credit
L00000755,T00000755,A000323,2025-03-30T04:05:24+00:00,3228.37,USD,posted,credit
L00000756,T00000756,A000578,2025-01-26T19:09:37+00:00,1183.00,USD,posted,credit
L00000757,T00000757,A000312,2026-03-01T03:21:23+00:00,2434.41,EUR,posted,credit
L00000758,T00000758,A001013,2026-04-17T05:39:21+00:00,826.67,USD,posted,credit
L00000759,T00000759,A000394,2026-02-17T06:20:09+00:00,2540.63,EUR,posted,credit
L00000760,T00000760,A000895,2026-04-14T12:09:35+00:00,2223.70,INR,posted,credit
L00000761,T00000761,A000498,2025-12-08T13:26:20+00:00,529.39,INR,posted,credit
L00000762,T00000762,A000285,2026-07-22T14:31:46+00:00,527.59,USD,posted,credit
L00000763,T00000763,A000109,2025-04-24T03:42:03+00:00,2964.93,CAD,posted,credit
L00000764,T00000764,A001435,2026-05-19T16:34:58+00:00,2839.79,INR,posted,credit
L00000765,T00000765,A000850,2026-03-05T10:01:04+00:00,3027.37,GBP,posted,credit
L00000766,T00000766,A000578,2026-01-25T23:33:12+00:00,1390.29,USD,posted,credit
L00000767,T00000767,A001496,2026-07-25T00:35:14+00:00,4590.82,CAD,posted,credit
L00000768,T00000768,A001479,2025-06-20T04:21:33+00:00,3580.84,EUR,posted,credit
L00000769,T00000769,A001371,2025-12-23T12:40:23+00:00,4407.95,CAD,posted,credit
L00000770,T00000770,A000135,2025-09-18T03:33:26+00:00,4296.88,GBP,posted,credit
L00000771,T00000771,A001239,2025-05-09T06:41:56+00:00,566.33,INR,posted,credit
L00000772,T00000772,A000971,2025-05-10T04:30:56+00:00,3874.13,INR,posted,credit
L00000773,T00000773,A000278,2025-10-09T05:13:58+00:00,1553.07,INR,posted,credit
L00000774,T00000774,A001288,2025-04-13T04:01:06+00:00,2264.33,INR,posted,credit
L00000775,T00000775,A001177,2025-12-19T13:10:17+00:00,331.97,CAD,posted,credit
L00000776,T00000776,A000762,2026-07-27T11:54:51+00:00,1268.39,INR,posted,credit
L00000777,T00000777,A000085,2025-11-19T13:58:45+00:00,4992.23,GBP,posted,credit
L00000778,T00000778,A000982,2026-07-16T15:33:05+00:00,85.55,USD,posted,credit
L00000779,T00000779,A000769,2026-04-13T11:31:30+00:00,1425.32,CAD,posted,credit
L00000780,T00000780,A001089,2025-07-02T21:00:53+00:00,3370.71,INR,posted,credit
L00000781,T00000781,A000794,2026-02-13T23:57:01+00:00,2751.95,INR,posted,credit
L00000782,T00000782,A001381,2026-09-05T18:53:04+00:00,4480.40,GBP,posted,credit
L00000783,T00000783,A001418,2025-07-19T17:10:01+00:00,3853.87,INR,posted,credit
L00000784,T00000784,A001249,2026-01-11T09:01:01+00:00,992.36,USD,posted,credit
L00000785,T00000785,A000697,2026-03-24T15:45:32+00:00,3661.42,EUR,posted,credit
L00000786,T00000786,A001020,2025-06-08T19:33:19+00:00,3259.67,USD,posted,credit
L00000787,T00000787,A000920,2025-03-29T09:45:07+00:00,4051.83,GBP,posted,credit
L00000788,T00000788,A000758,2025-06-29T18:28:16+00:00,1093.73,CAD,posted,credit
L00000789,T00000789,A000842,2025-04-12T23:35:42+00:00,872.13,USD,posted,credit
L00000790,T00000790,A000444,2025-02-19T08:26:44+00:00,3185.47,USD,posted,credit
L00000791,T00000791,A000970,2026-05-18T00:27:44+00:00,3989.29,INR,posted,credit
L00000792,T00000792,A001148,2025-11-11T21:48:55+00:00,2036.79,GBP,posted,credit
L00000793,T00000793,A001412,2025-02-05T22:21:49+00:00,3121.82,EUR,posted,credit
L00000794,T00000794,A000301,2025-02-20T17:14:02+00:00,4424.90,USD,posted,credit
L00000795,T00000795,A001101,2025-09-30T04:12:02+00:00,448.15,USD,posted,credit
L00000796,T00000796,A001438,2025-08-03T05:47:18+00:00,1311.92,GBP,posted,credit
L00000797,T00000797,A001219,2026-04-11T18:53:05+00:00,4396.57,GBP,posted,credit
L00000798,T00000798,A001387,2025-01-23T02:43:22+00:00,1285.22,INR,posted,credit
L00000799,T00000799,A000363,2025-09-24T05:13:56+00:00,7.59,CAD,posted,credit
L00000800,T00000800,A000931,2025-06-15T09:27:00+00:00,4680.41,INR,posted,credit
L00000801,T00000801,A000995,2026-02-03T09:05:16+00:00,1496.59,GBP,posted,credit
L00000802,T00000802,A000865,2026-07-09T08:27:56+00:00,1450.14,GBP,posted,credit
L00000803,T00000803,A001497,2025-11-22T06:49:38+00:00,4408.01,EUR,posted,credit
L00000804,T00000804,A000962,2025-02-27T22:33:51+00:00,4612.81,USD,posted,credit
L00000805,T00000805,A000230,2026-06-06T04:39:05+00:00,1391.21,EUR,posted,credit
L00000806,T00000806,A000316,2025-07-14T10:19:19+00:00,32.11,INR,posted,credit
L00000807,T00000807,A001204,2026-07-09T19:33:31+00:00,3041.22,INR,posted,credit
L00000808,T00000808,A000373,2026-03-04T06:10:18+00:00,3508.69,INR,posted,credit
L00000809,T00000809,A000821,2025-04-19T11:07:14+00:00,3160.34,EUR,posted,credit
L00000810,T00000810,A000451,2025-03-20T19:27:56+00:00,1034.06,USD,posted,credit
L00000811,T00000811,A000338,2025-02-07T12:29:12+00:00,1818.80,GBP,posted,credit
L00000812,T00000812,A000965,2025-11-01T19:47:30+00:00,2551.86,GBP,posted,credit
L00000813,T00000813,A001052,2026-03-16T17:41:20+00:00,4108.20,GBP,posted,credit
L00000814,T00000814,A000150,2025-09-07T19:19:27+00:00,4429.80,EUR,posted,credit
L00000815,T00000815,A001449,2026-01-05T18:40:44+00:00,3107.29,EUR,posted,credit
L00000816,T00000816,A000821,2025-09-17T06:15:16+00:00,2108.04,EUR,posted,credit
L00000817,T00000817,A000514,2025-04-20T11:30:50+00:00,2315.72,GBP,posted,credit
L00000818,T00000818,A000914,2025-05-22T15:44:18+00:00,305.48,INR,posted,credit
L00000819,T00000819,A000326,2026-05-08T07:46:15+00:00,603.60,CAD,posted,credit
L00000820,T00000820,A001149,2026-03-17T05:14:43+00:00,1308.94,GBP,posted,credit
L00000821,T00000821,A001157,2025-02-17T10:14:30+00:00,736.51,EUR,posted,credit
L00000822,T00000822,A001250,2025-02-06T07:35:03+00:00,932.80,GBP,posted,credit
L00000823,T00000823,A000447,2026-05-25T04:58:08+00:00,2663.29,EUR,posted,credit
L00000824,T00000824,A000275,2026-07-07T21:12:18+00:00,3666.98,INR,posted,credit
L00000825,T00000825,A000385,2025-08-31T07:37:37+00:00,1470.54,GBP,posted,credit
L00000826,T00000826,A000976,2026-03-18T00:31:21+00:00,1817.95,EUR,posted,credit
L00000827,T00000827,A001373,2025-02-03T00:42:38+00:00,2941.37,INR,posted,credit
L00000828,T00000828,A001132,2025-02-04T08:44:07+00:00,925.69,EUR,posted,credit
L00000829,T00000829,A001497,2025-11-16T12:27:12+00:00,2712.37,EUR,posted,credit
L00000830,T00000830,A001456,2025-02-19T06:08:37+00:00,3837.14,GBP,posted,credit
L00000831,T00000831,A001200,2025-04-07T07:23:44+00:00,2449.84,INR,posted,credit
L00000832,T00000832,A001272,2026-09-05T06:15:05+00:00,98.11,GBP,posted,credit
L00000833,T00000833,A000486,2026-01-06T07:47:19+00:00,2976.41,CAD,posted,credit
L00000834,T00000834,A000470,2026-08-24T22:35:19+00:00,1567.59,USD,posted,credit
L00000835,T00000835,A000322,2025-07-29T10:33:03+00:00,1705.74,INR,posted,credit
L00000836,T00000836,A001256,2025-05-01T01:55:04+00:00,557.92,INR,posted,credit
L00000837,T00000837,A001159,2025-05-12T09:34:30+00:00,543.69,INR,posted,credit
L00000838,T00000838,A001177,2025-04-12T01:17:25+00:00,4845.22,CAD,posted,credit
L00000839,T00000839,A000845,2025-01-23T16:57:30+00:00,4025.07,CAD,posted,credit
L00000840,T00000840,A000756,2026-02-11T04:32:14+00:00,2644.16,USD,posted,credit
L00000841,T00000841,A001147,2026-03-29T07:46:28+00:00,1925.88,GBP,posted,credit
L00000842,T00000842,A000355,2025-05-31T05:58:52+00:00,1949.70,USD,posted,credit
L00000843,T00000843,A000982,2026-03-24T17:48:58+00:00,1748.02,USD,posted,credit
L00000844,T00000844,A001182,2026-02-06T03:59:07+00:00,254.77,INR,posted,credit
L00000845,T00000845,A001206,2025-07-10T17:10:12+00:00,2794.64,INR,posted,credit
L00000846,T00000846,A000787,2026-03-08T19:40:54+00:00,3886.10,EUR,posted,credit
L00000847,T00000847,A000909,2025-02-11T05:11:14+00:00,2354.77,USD,posted,credit
L00000848,T00000848,A000358,2025-04-08T06:49:24+00:00,2440.80,INR,posted,credit
L00000849,T00000849,A000290,2026-04-04T00:01:24+00:00,3716.15,USD,posted,credit
L00000850,T00000850,A001499,2025-04-16T17:12:48+00:00,683.50,EUR,posted,credit
L00000851,T00000851,A000598,2026-08-05T01:52:56+00:00,2995.49,EUR,posted,credit
L00000852,T00000852,A001209,2026-02-14T18:42:20+00:00,1514.93,USD,posted,credit
L00000853,T00000853,A000507,2026-08-05T21:03:18+00:00,1572.96,EUR,posted,credit
L00000854,T00000854,A000577,2025-11-02T16:14:54+00:00,1826.84,GBP,posted,credit
L00000855,T00000855,A000422,2026-06-10T06:04:09+00:00,2147.77,GBP,posted,credit
L00000856,T00000856,A000871,2025-06-01T08:19:09+00:00,2251.66,USD,posted,credit
L00000857,T00000857,A001308,2025-02-03T08:38:06+00:00,3754.39,EUR,posted,credit
L00000858,T00000858,A000125,2026-08-03T23:49:08+00:00,4009.64,USD,posted,credit
L00000859,T00000859,A000435,2026-05-02T00:47:33+00:00,4597.25,EUR,posted,credit
L00000860,T00000860,A000296,2026-03-04T02:21:00+00:00,4381.10,GBP,posted,credit
L00000861,T00000861,A001011,2025-07-03T11:08:38+00:00,3327.82,CAD,posted,credit
L00000862,T00000862,A000633,2025-03-30T08:37:55+00:00,3870.63,CAD,posted,credit
L00000863,T00000863,A000335,2025-01-02T06:23:05+00:00,3617.55,CAD,posted,credit
L00000864,T00000864,A000068,2026-09-02T00:32:35+00:00,2859.56,EUR,posted,credit
L00000865,T00000865,A000280,2026-02-11T22:13:59+00:00,2644.29,GBP,posted,credit
L00000866,T00000866,A001386,2025-02-23T11:18:09+00:00,4398.31,INR,posted,credit
L00000867,T00000867,A000008,2025-05-09T16:09:16+00:00,3635.05,USD,posted,credit
L00000868,T00000868,A001260,2025-02-16T22:14:18+00:00,1003.52,EUR,posted,credit
L00000869,T00000869,A000468,2025-07-04T21:29:11+00:00,3409.45,EUR,posted,credit
L00000870,T00000870,A000688,2026-05-10T09:24:51+00:00,2543.23,GBP,posted,credit
L00000871,T00000871,A000981,2026-05-15T23:44:05+00:00,1927.55,EUR,posted,credit
L00000872,T00000872,A000149,2025-08-18T15:05:05+00:00,2666.64,GBP,posted,credit
L00000873,T00000873,A000317,2025-09-11T20:54:10+00:00,3463.77,USD,posted,credit
L00000874,T00000874,A000574,2026-08-15T07:28:21+00:00,2759.70,GBP,posted,credit
L00000875,T00000875,A000525,2026-01-11T19:08:39+00:00,2239.94,USD,posted,credit
L00000876,T00000876,A000628,2025-05-29T15:13:30+00:00,73.62,GBP,posted,credit
L00000877,T00000877,A000620,2025-11-17T05:18:30+00:00,4024.53,USD,posted,credit
L00000878,T00000878,A001115,2026-07-04T11:17:41+00:00,3741.90,GBP,posted,credit
L00000879,T00000879,A000704,2026-04-11T04:54:57+00:00,681.75,GBP,posted,credit
L00000880,T00000880,A000833,2026-01-05T22:18:42+00:00,3631.18,CAD,posted,credit
L00000881,T00000881,A000264,2025-07-13T21:49:47+00:00,1055.00,GBP,posted,credit
L00000882,T00000882,A000439,2026-07-15T10:31:55+00:00,3959.12,USD,posted,credit
L00000883,T00000883,A000049,2026-06-07T23:34:10+00:00,3725.20,INR,posted,credit
L00000884,T00000884,A000130,2026-07-15T04:26:58+00:00,1556.61,EUR,posted,credit
L00000885,T00000885,A001389,2025-12-30T10:14:52+00:00,1449.78,INR,posted,credit
L00000886,T00000886,A000307,2025-01-03T08:38:25+00:00,2419.30,USD,posted,credit
L00000887,T00000887,A000688,2025-03-12T16:25:23+00:00,2316.15,GBP,posted,credit
L00000888,T00000888,A001397,2026-01-07T15:43:34+00:00,3316.29,USD,posted,credit
L00000889,T00000889,A001382,2025-06-16T17:22:40+00:00,2355.26,USD,posted,credit
L00000890,T00000890,A000918,2025-11-22T02:26:16+00:00,4703.95,USD,posted,credit
L00000891,T00000891,A000451,2025-05-28T11:40:50+00:00,4563.95,USD,posted,credit
L00000892,T00000892,A000988,2025-04-20T07:51:25+00:00,1320.03,EUR,posted,credit
L00000893,T00000893,A001387,2025-03-30T11:25:25+00:00,3149.86,INR,posted,credit
L00000894,T00000894,A001110,2026-03-20T09:39:39+00:00,3839.86,CAD,posted,credit
L00000895,T00000895,A001097,2025-08-02T19:29:07+00:00,1928.57,INR,posted,credit
L00000896,T00000896,A001178,2026-04-17T11:16:39+00:00,623.99,INR,posted,credit
L00000897,T00000897,A000047,2025-03-17T01:52:03+00:00,3561.98,GBP,posted,credit
L00000898,T00000898,A000479,2025-08-13T17:01:28+00:00,2273.11,GBP,posted,credit
L00000899,T00000899,A001399,2025-06-15T11:09:24+00:00,2201.02,USD,posted,credit
L00000900,T00000900,A000788,2025-05-29T03:05:44+00:00,4925.76,USD,posted,credit
L00000901,T00000901,A000121,2026-01-08T05:34:17+00:00,2984.70,EUR,posted,credit
L00000902,T00000902,A001439,2025-08-01T01:24:08+00:00,3246.40,GBP,posted,credit
L00000903,T00000903,A000288,2025-09-09T13:48:45+00:00,2566.69,USD,posted,credit
L00000904,T00000904,A000795,2026-08-10T15:51:24+00:00,1686.15,GBP,posted,credit
L00000905,T00000905,A000633,2025-06-05T06:23:22+00:00,3184.21,CAD,posted,credit
L00000906,T00000906,A001244,2026-09-04T03:32:12+00:00,96.96,CAD,posted,credit
L00000907,T00000907,A001081,2025-08-20T14:11:33+00:00,4972.38,INR,posted,credit
L00000908,T00000908,A000787,2026-08-28T15:55:07+00:00,2998.54,EUR,posted,credit
L00000909,T00000909,A000512,2026-04-12T00:20:52+00:00,170.29,GBP,posted,credit
L00000910,T00000910,A000900,2026-03-21T14:56:30+00:00,220.01,USD,posted,credit
L00000911,T00000911,A000060,2025-12-23T08:26:29+00:00,4734.77,USD,posted,credit
L00000912,T00000912,A001472,2026-01-06T00:13:06+00:00,250.02,CAD,posted,credit
L00000913,T00000913,A000299,2025-03-16T11:32:14+00:00,743.45,EUR,posted,credit
L00000914,T00000914,A001352,2025-03-16T20:28:59+00:00,1797.77,CAD,posted,credit
L00000915,T00000915,A001081,2025-06-04T04:35:17+00:00,745.56,INR,posted,credit
L00000916,T00000916,A001339,2026-01-30T11:09:24+00:00,1172.77,CAD,posted,credit
L00000917,T00000917,A001190,2025-06-24T15:17:29+00:00,2875.08,GBP,posted,credit
L00000918,T00000918,A000350,2025-02-08T22:47:28+00:00,1871.21,INR,posted,credit
L00000919,T00000919,A000514,2026-08-01T19:00:22+00:00,4418.73,GBP,posted,credit
L00000920,T00000920,A001044,2026-03-25T19:36:17+00:00,4217.41,EUR,posted,credit
L00000921,T00000921,A000358,2025-09-01T19:24:34+00:00,2536.81,INR,posted,credit
L00000922,T00000922,A000682,2025-12-14T03:44:44+00:00,4798.19,INR,posted,credit
L00000923,T00000923,A001161,2026-06-30T23:33:16+00:00,2897.72,USD,posted,credit
L00000924,T00000924,A000225,2025-12-22T05:18:58+00:00,796.95,CAD,posted,credit
L00000925,T00000925,A000604,2025-09-02T07:19:10+00:00,4376.89,CAD,posted,credit
L00000926,T00000926,A001426,2025-01-21T03:35:55+00:00,2068.28,CAD,posted,credit
L00000927,T00000927,A001125,2026-08-07T06:16:59+00:00,4271.06,USD,posted,credit
L00000928,T00000928,A000163,2026-03-06T13:00:53+00:00,4582.01,EUR,posted,credit
L00000929,T00000929,A000131,2026-08-19T15:35:23+00:00,4845.61,USD,posted,credit
L00000930,T00000930,A000648,2025-01-04T08:13:48+00:00,2385.55,USD,posted,credit
L00000931,T00000931,A000158,2025-01-29T08:06:33+00:00,2555.02,EUR,posted,credit
L00000932,T00000932,A000698,2026-04-29T00:22:22+00:00,782.73,CAD,posted,credit
L00000933,T00000933,A000750,2025-06-15T10:34:10+00:00,2076.28,CAD,posted,credit
L00000934,T00000934,A001011,2025-12-07T13:44:14+00:00,93.49,CAD,posted,credit
L00000935,T00000935,A000106,2026-01-01T21:01:50+00:00,1996.49,INR,posted,credit
L00000936,T00000936,A000126,2025-05-29T05:32:03+00:00,3350.80,EUR,posted,credit
L00000937,T00000937,A000930,2025-03-22T11:11:18+00:00,1108.02,USD,posted,credit
L00000938,T00000938,A000800,2025-07-16T17:27:53+00:00,2632.65,USD,posted,credit
L00000939,T00000939,A000493,2025-07-03T16:04:37+00:00,3748.34,USD,posted,credit
L00000940,T00000940,A001486,2025-04-20T08:24:27+00:00,928.01,CAD,posted,credit
L00000941,T00000941,A001409,2026-04-04T03:07:10+00:00,3039.03,USD,posted,credit
L00000942,T00000942,A000608,2026-04-07T10:01:31+00:00,3770.23,USD,posted,credit
L00000943,T00000943,A000186,2025-06-24T19:18:07+00:00,2637.02,EUR,posted,credit
L00000944,T00000944,A000118,2025-06-25T14:59:12+00:00,4667.75,CAD,posted,credit
L00000945,T00000945,A000298,2026-06-29T14:05:49+00:00,4383.40,INR,posted,credit
L00000946,T00000946,A000540,2026-05-09T08:14:13+00:00,2055.28,EUR,posted,credit
L00000947,T00000947,A000771,2026-01-26T16:07:54+00:00,1663.07,EUR,posted,credit
L00000948,T00000948,A000780,2025-02-18T07:52:10+00:00,1361.51,INR,posted,credit
L00000949,T00000949,A000872,2026-07-29T09:48:10+00:00,1171.90,CAD,posted,credit
L00000950,T00000950,A000328,2026-05-17T12:21:04+00:00,2943.48,INR,posted,credit
L00000951,T00000951,A001249,2025-04-16T22:14:35+00:00,2060.31,USD,posted,credit
L00000952,T00000952,A001375,2025-07-27T02:39:03+00:00,4397.53,USD,posted,credit
L00000953,T00000953,A000744,2025-09-24T13:25:14+00:00,1957.25,EUR,posted,credit
L00000954,T00000954,A000310,2025-09-15T20:03:58+00:00,1593.15,EUR,posted,credit
L00000955,T00000955,A000845,2025-05-28T08:51:40+00:00,1996.10,CAD,posted,credit
L00000956,T00000956,A000619,2025-10-02T18:12:46+00:00,531.65,INR,posted,credit
L00000957,T00000957,A001325,2025-03-23T09:00:22+00:00,2460.27,INR,posted,credit
L00000958,T00000958,A001146,2025-06-22T15:23:24+00:00,3780.07,EUR,posted,credit
L00000959,T00000959,A001392,2026-07-20T15:20:08+00:00,1956.82,CAD,posted,credit
L00000960,T00000960,A000600,2025-06-13T11:42:08+00:00,3801.38,USD,posted,credit
L00000961,T00000961,A001015,2025-04-28T08:33:57+00:00,3419.04,EUR,posted,credit
L00000962,T00000962,A001393,2025-12-18T10:53:10+00:00,3566.92,INR,posted,credit
L00000963,T00000963,A000293,2025-12-08T15:10:20+00:00,2980.43,GBP,posted,credit
L00000964,T00000964,A000124,2025-10-21T07:23:24+00:00,2150.41,GBP,posted,credit
L00000965,T00000965,A000253,2025-12-02T19:50:11+00:00,66.99,EUR,posted,credit
L00000966,T00000966,A001377,2025-04-06T05:07:55+00:00,42.46,INR,posted,credit
L00000967,T00000967,A000380,2026-05-21T09:55:10+00:00,1700.48,EUR,posted,credit
L00000968,T00000968,A000872,2025-01-05T16:19:23+00:00,883.55,CAD,posted,credit
L00000969,T00000969,A000842,2025-01-06T15:34:07+00:00,710.42,USD,posted,credit
L00000970,T00000970,A001432,2025-12-24T11:05:42+00:00,3898.11,USD,posted,credit
L00000971,T00000971,A000370,2025-08-01T14:00:28+00:00,1830.46,GBP,posted,credit
L00000972,T00000972,A000504,2025-10-03T15:12:15+00:00,3146.92,CAD,posted,credit
L00000973,T00000973,A000263,2026-08-27T21:55:00+00:00,4296.47,CAD,posted,credit
L00000974,T00000974,A000930,2025-09-01T11:09:20+00:00,457.55,USD,posted,credit
L00000975,T00000975,A000054,2025-06-04T17:57:47+00:00,456.61,EUR,posted,credit
L00000976,T00000976,A000660,2026-02-20T12:12:32+00:00,352.98,USD,posted,credit
L00000977,T00000977,A001498,2026-04-09T01:38:37+00:00,1927.83,CAD,posted,credit
L00000978,T00000978,A000647,2025-08-23T16:07:06+00:00,2387.82,USD,posted,credit
L00000979,T00000979,A000971,2025-08-26T22:52:01+00:00,513.43,INR,posted,credit
L00000980,T00000980,A000331,2025-02-15T19:15:44+00:00,2102.88,EUR,posted,credit
L00000981,T00000981,A000088,2025-08-12T17:07:38+00:00,2835.47,CAD,posted,credit
L00000982,T00000982,A000063,2025-05-23T20:27:49+00:00,4640.74,GBP,posted,credit
L00000983,T00000983,A000618,2025-08-22T17:04:50+00:00,3354.15,EUR,posted,credit
L00000984,T00000984,A000968,2026-03-21T19:17:47+00:00,4824.39,GBP,posted,credit
L00000985,T00000985,A000243,2025-12-09T23:35:46+00:00,263.01,CAD,posted,credit
L00000986,T00000986,A001382,2025-05-17T03:04:13+00:00,3548.26,USD,posted,credit
L00000987,T00000987,A001089,2026-02-20T16:46:04+00:00,3782.19,INR,posted,credit
L00000988,T00000988,A000112,2026-07-10T02:46:42+00:00,234.98,GBP,posted,credit
L00000989,T00000989,A001138,2026-09-09T21:20:18+00:00,3654.27,GBP,posted,credit
L00000990,T00000990,A000891,2026-04-14T22:31:41+00:00,1078.18,CAD,posted,credit
L00000991,T00000991,A000914,2026-08-25T21:46:40+00:00,1540.74,INR,posted,credit
L00000992,T00000992,A000952,2025-10-16T17:08:38+00:00,2157.30,EUR,posted,credit
L00000993,T00000993,A000860,2026-09-01T08:49:16+00:00,226.40,USD,posted,credit
L00000994,T00000994,A001067,2025-04-27T02:22:04+00:00,117.94,CAD,posted,credit
L00000995,T00000995,A000635,2025-10-03T11:20:48+00:00,3271.83,GBP,posted,credit
L00000996,T00000996,A000304,2025-11-17T08:31:16+00:00,898.17,EUR,posted,credit
L00000997,T00000997,A000545,2026-01-13T02:32:13+00:00,136.36,USD,posted,credit
L00000998,T00000998,A000229,2025-07-04T03:18:50+00:00,4946.54,USD,posted,credit
L00000999,T00000999,A000891,2025-12-24T10:44:59+00:00,688.35,CAD,posted,credit
L00001000,T00001000,A001060,2026-06-30T07:20:00+00:00,2207.98,CAD,posted,credit
L00001001,T00001001,A000612,2025-01-25T03:17:06+00:00,657.37,INR,posted,credit
L00001002,T00001002,A000235,2026-09-07T06:58:07+00:00,893.07,CAD,posted,credit
L00001003,T00001003,A000082,2025-02-02T05:24:41+00:00,4583.19,INR,posted,credit
L00001004,T00001004,A001241,2025-04-08T17:31:33+00:00,2972.16,GBP,posted,credit
L00001005,T00001005,A000041,2026-01-29T20:09:39+00:00,389.69,CAD,posted,credit
L00001006,T00001006,A001284,2025-10-12T00:41:26+00:00,166.86,INR,posted,credit
L00001007,T00001007,A000081,2025-11-04T01:06:12+00:00,1122.95,GBP,posted,credit
L00001008,T00001008,A000743,2026-06-01T07:13:18+00:00,4906.96,USD,posted,credit
L00001009,T00001009,A001459,2026-07-06T01:51:48+00:00,1725.08,CAD,posted,credit
L00001010,T00001010,A000491,2026-04-11T01:42:28+00:00,598.05,INR,posted,credit
L00001011,T00001011,A001114,2026-08-28T01:25:43+00:00,255.01,USD,posted,credit
L00001012,T00001012,A000591,2026-03-21T07:28:34+00:00,3406.59,EUR,posted,credit
L00001013,T00001013,A000801,2025-10-08T11:31:46+00:00,2249.60,CAD,posted,credit
L00001014,T00001014,A001336,2026-04-16T10:11:07+00:00,4671.67,CAD,posted,credit
L00001015,T00001015,A000527,2026-04-16T15:53:18+00:00,768.61,USD,posted,credit
L00001016,T00001016,A001250,2026-07-14T08:18:31+00:00,2644.03,GBP,posted,credit
L00001017,T00001017,A000180,2026-06-01T21:51:47+00:00,1899.70,CAD,posted,credit
L00001018,T00001018,A001130,2026-03-18T06:14:39+00:00,2.55,CAD,posted,credit
L00001019,T00001019,A000660,2025-09-26T18:06:16+00:00,3838.55,USD,posted,credit
L00001020,T00001020,A001113,2025-07-02T10:50:16+00:00,2641.82,GBP,posted,credit
L00001021,T00001021,A000375,2026-05-25T02:50:03+00:00,3665.67,CAD,posted,credit
L00001022,T00001022,A001370,2025-03-23T08:26:30+00:00,1338.26,CAD,posted,credit
L00001023,T00001023,A000294,2025-09-03T13:24:35+00:00,4067.60,USD,posted,credit
L00001024,T00001024,A000123,2026-09-09T20:30:33+00:00,1410.70,GBP,posted,credit
L00001025,T00001025,A000261,2025-06-30T01:25:17+00:00,1334.10,USD,posted,credit
L00001026,T00001026,A000729,2025-09-20T20:33:35+00:00,2154.10,GBP,posted,credit
L00001027,T00001027,A000444,2025-10-25T14:37:10+00:00,4607.67,USD,posted,credit
L00001028,T00001028,A001137,2025-12-21T22:55:04+00:00,1834.09,EUR,posted,credit
L00001029,T00001029,A001451,2025-05-14T06:47:16+00:00,400.68,EUR,posted,credit
L00001030,T00001030,A000331,2026-06-05T09:09:22+00:00,3364.47,EUR,posted,credit
L00001031,T00001031,A000506,2025-11-27T11:40:42+00:00,3549.08,INR,posted,credit
L00001032,T00001032,A000465,2026-03-06T16:08:12+00:00,4470.02,EUR,posted,credit
L00001033,T00001033,A001074,2026-04-23T22:40:18+00:00,3525.82,USD,posted,credit
L00001034,T00001034,A000363,2025-07-29T15:57:40+00:00,1459.79,CAD,posted,credit
L00001035,T00001035,A001293,2026-06-30T17:46:39+00:00,3276.30,GBP,posted,credit
L00001036,T00001036,A000659,2025-04-24T16:29:02+00:00,4988.76,USD,posted,credit
L00001037,T00001037,A000557,2026-05-03T21:08:45+00:00,947.43,GBP,posted,credit
L00001038,T00001038,A000801,2026-07-12T11:08:19+00:00,4480.22,CAD,posted,credit
L00001039,T00001039,A000682,2025-02-27T09:58:12+00:00,1677.82,INR,posted,credit
L00001040,T00001040,A000110,2026-06-02T22:22:09+00:00,4271.99,INR,posted,credit
L00001041,T00001041,A001049,2026-06-13T17:43:54+00:00,3494.56,USD,posted,credit
L00001042,T00001042,A000118,2026-09-06T12:51:48+00:00,4945.40,CAD,posted,credit
L00001043,T00001043,A000259,2025-05-07T05:20:31+00:00,286.13,USD,posted,credit
L00001044,T00001044,A001403,2026-06-13T21:25:58+00:00,2751.17,CAD,posted,credit
L00001045,T00001045,A000695,2026-05-28T17:19:04+00:00,2020.40,CAD,posted,credit
L00001046,T00001046,A000467,2026-08-15T05:43:10+00:00,3191.43,EUR,posted,credit
L00001047,T00001047,A000129,2026-08-15T23:42:29+00:00,2161.30,USD,posted,credit
L00001048,T00001048,A000829,2025-11-01T18:19:14+00:00,2733.56,EUR,posted,credit
L00001049,T00001049,A000751,2025-05-29T21:55:53+00:00,4590.47,CAD,posted,credit
L00001050,T00001050,A000260,2025-11-24T01:03:11+00:00,4802.91,USD,posted,credit
L00001051,T00001051,A000614,2025-09-29T19:44:06+00:00,4016.89,INR,posted,credit
L00001052,T00001052,A000571,2026-08-17T01:33:50+00:00,2178.71,USD,posted,credit
L00001053,T00001053,A000184,2025-10-17T18:53:08+00:00,4128.18,USD,posted,credit
L00001054,T00001054,A000843,2026-03-30T00:15:06+00:00,1994.46,GBP,posted,credit
L00001055,T00001055,A000114,2026-07-27T17:14:08+00:00,2115.69,CAD,posted,credit
L00001056,T00001056,A001365,2026-05-16T06:28:04+00:00,1432.28,INR,posted,credit
L00001057,T00001057,A000486,2025-01-24T22:15:25+00:00,2967.28,CAD,posted,credit
L00001058,T00001058,A001439,2025-07-14T09:27:18+00:00,4291.66,GBP,posted,credit
L00001059,T00001059,A000866,2026-05-27T05:27:36+00:00,3552.95,GBP,posted,credit
L00001060,T00001060,A001286,2025-10-03T06:45:49+00:00,780.17,INR,posted,credit
L00001061,T00001061,A000988,2026-07-06T17:56:53+00:00,1603.83,EUR,posted,credit
L00001062,T00001062,A000369,2025-09-07T06:26:29+00:00,1926.76,USD,posted,credit
L00001063,T00001063,A001104,2026-03-08T21:32:12+00:00,414.99,USD,posted,credit
L00001064,T00001064,A000817,2026-03-04T12:22:14+00:00,1574.29,USD,posted,credit
L00001065,T00001065,A001224,2025-11-09T14:15:12+00:00,3599.33,INR,posted,credit
L00001066,T00001066,A000249,2025-04-30T08:57:32+00:00,298.89,GBP,posted,credit
L00001067,T00001067,A000851,2025-04-14T23:01:47+00:00,4264.51,INR,posted,credit
L00001068,T00001068,A000103,2026-06-28T18:01:35+00:00,3510.17,GBP,posted,credit
L00001069,T00001069,A000950,2025-05-16T21:19:15+00:00,246.24,USD,posted,credit
L00001070,T00001070,A001421,2026-05-23T19:57:45+00:00,3105.88,CAD,posted,credit
L00001071,T00001071,A000966,2025-08-21T05:49:59+00:00,1051.49,GBP,posted,credit
L00001072,T00001072,A001414,2026-06-02T11:34:48+00:00,3515.36,EUR,posted,credit
L00001073,T00001073,A000726,2026-04-25T22:25:19+00:00,2661.57,EUR,posted,credit
L00001074,T00001074,A001265,2026-08-13T18:05:38+00:00,2433.69,EUR,posted,credit
L00001075,T00001075,A000112,2025-01-23T11:21:09+00:00,3322.33,GBP,posted,credit
L00001076,T00001076,A000045,2025-06-10T07:38:36+00:00,4947.80,EUR,posted,credit
L00001077,T00001077,A000026,2026-03-01T03:28:00+00:00,4903.40,CAD,posted,credit
L00001078,T00001078,A000874,2026-05-20T19:05:55+00:00,2146.26,USD,posted,credit
L00001079,T00001079,A001255,2025-11-28T07:43:35+00:00,3402.23,GBP,posted,credit
L00001080,T00001080,A000117,2026-02-20T14:40:03+00:00,2401.31,INR,posted,credit
L00001081,T00001081,A001428,2026-05-23T02:35:22+00:00,818.02,INR,posted,credit
L00001082,T00001082,A000263,2026-05-31T04:58:13+00:00,2904.22,CAD,posted,credit
L00001083,T00001083,A001129,2026-04-07T10:54:43+00:00,4427.57,CAD,posted,credit
L00001084,T00001084,A001155,2026-05-10T14:43:14+00:00,789.78,USD,posted,credit
L00001085,T00001085,A001289,2025-04-10T18:06:52+00:00,4350.48,CAD,posted,credit
L00001086,T00001086,A000442,2026-06-07T05:51:53+00:00,1114.57,CAD,posted,credit
L00001087,T00001087,A000426,2026-04-12T21:17:00+00:00,4528.76,CAD,posted,credit
L00001088,T00001088,A000623,2025-04-17T09:51:43+00:00,1627.35,USD,posted,credit
L00001089,T00001089,A000311,2025-04-26T02:26:29+00:00,4082.15,GBP,posted,credit
L00001090,T00001090,A000166,2026-02-06T19:54:16+00:00,4232.12,GBP,posted,credit
L00001091,T00001091,A000496,2026-02-18T03:26:54+00:00,3977.77,GBP,posted,credit
L00001092,T00001092,A000572,2026-07-07T18:08:53+00:00,4994.07,GBP,posted,credit
L00001093,T00001093,A000424,2026-05-03T02:00:57+00:00,4234.75,GBP,posted,credit
L00001094,T00001094,A000892,2025-03-08T04:36:32+00:00,1792.40,USD,posted,credit
L00001095,T00001095,A000315,2026-04-06T23:56:14+00:00,781.44,CAD,posted,credit
L00001096,T00001096,A001057,2026-05-30T12:22:38+00:00,2985.29,USD,posted,credit
L00001097,T00001097,A000915,2026-01-29T08:43:53+00:00,2218.75,GBP,posted,credit
L00001098,T00001098,A000147,2025-05-27T02:37:53+00:00,3716.10,CAD,posted,credit
L00001099,T00001099,A000874,2025-09-13T00:46:42+00:00,1996.32,USD,posted,credit
L00001100,T00001100,A001383,2025-01-08T21:15:54+00:00,4968.10,INR,posted,credit
L00001101,T00001101,A000832,2025-11-16T18:41:48+00:00,4578.48,INR,posted,credit
L00001102,T00001102,A001260,2026-03-06T20:37:26+00:00,4736.16,EUR,posted,credit
L00001103,T00001103,A000947,2025-11-30T01:51:24+00:00,4143.81,CAD,posted,credit
L00001104,T00001104,A001485,2026-08-30T01:13:08+00:00,2122.91,INR,posted,credit
L00001105,T00001105,A001188,2025-07-01T19:16:53+00:00,4085.20,CAD,posted,credit
L00001106,T00001106,A001100,2025-06-17T06:12:50+00:00,2466.54,INR,posted,credit
L00001107,T00001107,A000703,2026-08-03T14:51:00+00:00,4773.41,INR,posted,credit
L00001108,T00001108,A000673,2025-10-31T10:24:54+00:00,4444.15,GBP,posted,credit
L00001109,T00001109,A000508,2025-05-17T01:48:22+00:00,3843.99,CAD,posted,credit
L00001110,T00001110,A001281,2025-05-22T04:18:11+00:00,4881.74,EUR,posted,credit
L00001111,T00001111,A000463,2025-05-13T14:41:40+00:00,3212.35,GBP,posted,credit
L00001112,T00001112,A000995,2026-08-11T18:33:40+00:00,3897.10,GBP,posted,credit
L00001113,T00001113,A000024,2026-04-22T17:24:37+00:00,4522.38,USD,posted,credit
L00001114,T00001114,A000197,2025-08-01T15:58:49+00:00,2695.40,CAD,posted,credit
L00001115,T00001115,A000580,2026-04-08T16:38:35+00:00,1764.44,INR,posted,credit
L00001116,T00001116,A000628,2025-01-23T07:27:10+00:00,3996.94,GBP,posted,credit
L00001117,T00001117,A001185,2025-03-20T08:03:18+00:00,3737.48,INR,posted,credit
L00001118,T00001118,A001259,2026-08-16T02:35:52+00:00,4654.77,INR,posted,credit
L00001119,T00001119,A000758,2025-12-21T05:16:05+00:00,3313.35,CAD,posted,credit
L00001120,T00001120,A000761,2025-02-25T15:12:09+00:00,187.67,EUR,posted,credit
L00001121,T00001121,A001164,2026-01-20T05:28:18+00:00,3547.33,USD,posted,credit
L00001122,T00001122,A000837,2026-05-20T21:21:42+00:00,3603.63,EUR,posted,credit
L00001123,T00001123,A001270,2026-06-24T14:05:13+00:00,2758.77,GBP,posted,credit
L00001124,T00001124,A000053,2025-04-06T09:25:59+00:00,1494.25,INR,posted,credit
L00001125,T00001125,A000428,2025-02-10T10:50:08+00:00,2012.48,INR,posted,credit
L00001126,T00001126,A000622,2025-09-23T23:24:28+00:00,4806.58,GBP,posted,credit
L00001127,T00001127,A000652,2025-03-11T01:52:17+00:00,4485.38,GBP,posted,credit
L00001128,T00001128,A000906,2025-08-31T20:59:32+00:00,1429.31,GBP,posted,credit
L00001129,T00001129,A000582,2026-07-17T06:24:40+00:00,3938.50,EUR,posted,credit
L00001130,T00001130,A000410,2026-01-02T04:01:05+00:00,3514.86,CAD,posted,credit
L00001131,T00001131,A001017,2026-04-14T07:17:53+00:00,2536.37,EUR,posted,credit
L00001132,T00001132,A001260,2025-05-22T00:46:38+00:00,1557.02,EUR,posted,credit
L00001133,T00001133,A001268,2025-10-17T03:15:07+00:00,2070.66,CAD,posted,credit
L00001134,T00001134,A001123,2025-03-19T19:51:05+00:00,647.84,INR,posted,credit
L00001135,T00001135,A001439,2026-06-02T20:40:42+00:00,1352.56,GBP,posted,credit
L00001136,T00001136,A000918,2026-04-28T11:31:39+00:00,3588.50,USD,posted,credit
L00001137,T00001137,A000578,2025-05-23T08:49:22+00:00,3146.79,USD,posted,credit
L00001138,T00001138,A001122,2025-09-29T15:54:45+00:00,4876.78,INR,posted,credit
L00001139,T00001139,A001155,2025-04-15T12:34:12+00:00,90.05,USD,posted,credit
L00001140,T00001140,A000119,2026-05-30T12:57:20+00:00,4293.96,INR,posted,credit
L00001141,T00001141,A001145,2025-12-18T09:15:31+00:00,1387.12,USD,posted,credit
L00001142,T00001142,A000320,2025-03-24T06:50:22+00:00,2489.73,EUR,posted,credit
L00001143,T00001143,A001133,2025-04-28T04:05:07+00:00,4173.26,GBP,posted,credit
L00001144,T00001144,A001045,2025-12-31T12:21:59+00:00,3173.27,CAD,posted,credit
L00001145,T00001145,A001433,2025-03-30T06:44:48+00:00,1037.44,EUR,posted,credit
L00001146,T00001146,A001474,2026-09-12T00:11:07+00:00,187.82,USD,posted,credit
L00001147,T00001147,A000822,2026-09-11T07:38:54+00:00,132.97,USD,posted,credit
L00001148,T00001148,A001075,2025-06-10T17:53:31+00:00,1647.93,INR,posted,credit
L00001149,T00001149,A000921,2026-03-20T21:40:51+00:00,2423.01,CAD,posted,credit
L00001150,T00001150,A000246,2025-06-21T04:41:31+00:00,1378.79,EUR,posted,credit
L00001151,T00001151,A000253,2025-04-12T11:12:39+00:00,2164.42,EUR,posted,credit
L00001152,T00001152,A001266,2026-08-12T00:43:30+00:00,3352.92,INR,posted,credit
L00001153,T00001153,A000760,2026-07-23T04:49:01+00:00,34.32,USD,posted,credit
L00001154,T00001154,A001147,2025-10-11T14:55:11+00:00,4163.63,GBP,posted,credit
L00001155,T00001155,A001345,2025-12-20T11:05:38+00:00,3062.28,CAD,posted,credit
L00001156,T00001156,A001493,2026-05-19T01:27:32+00:00,4938.54,USD,posted,credit
L00001157,T00001157,A001066,2026-08-03T16:29:32+00:00,232.84,USD,posted,credit
L00001158,T00001158,A000607,2025-10-14T12:08:17+00:00,4770.91,CAD,posted,credit
L00001159,T00001159,A000792,2025-08-03T11:01:46+00:00,816.72,INR,posted,credit
L00001160,T00001160,A000271,2025-07-09T15:57:17+00:00,3129.36,GBP,posted,credit
L00001161,T00001161,A000814,2026-02-02T05:41:24+00:00,2025.66,USD,posted,credit
L00001162,T00001162,A000467,2025-12-18T06:43:21+00:00,3599.20,EUR,posted,credit
L00001163,T00001163,A001397,2025-08-28T09:56:43+00:00,2083.58,USD,posted,credit
L00001164,T00001164,A001240,2026-07-08T05:33:04+00:00,4214.78,USD,posted,credit
L00001165,T00001165,A000446,2025-12-20T03:13:45+00:00,4134.02,USD,posted,credit
L00001166,T00001166,A001072,2025-04-17T21:12:44+00:00,1408.73,USD,posted,credit
L00001167,T00001167,A000278,2025-12-29T19:46:13+00:00,726.47,INR,posted,credit
L00001168,T00001168,A001229,2025-09-23T02:13:36+00:00,2555.63,EUR,posted,credit
L00001169,T00001169,A001409,2025-06-21T03:58:04+00:00,3773.66,USD,posted,credit
L00001170,T00001170,A000083,2025-10-17T18:19:05+00:00,526.33,USD,posted,credit
L00001171,T00001171,A001390,2025-02-14T19:44:46+00:00,4495.34,INR,posted,credit
L00001172,T00001172,A001038,2025-05-01T04:22:44+00:00,3998.10,USD,posted,credit
L00001173,T00001173,A000722,2026-03-16T21:14:23+00:00,2405.79,EUR,posted,credit
L00001174,T00001174,A001308,2025-05-29T05:44:09+00:00,283.28,EUR,posted,credit
L00001175,T00001175,A000643,2026-05-08T05:06:33+00:00,2672.41,USD,posted,credit
L00001176,T00001176,A000515,2025-01-02T09:51:53+00:00,623.60,GBP,posted,credit
L00001177,T00001177,A001078,2025-08-20T06:27:43+00:00,553.76,USD,posted,credit
L00001178,T00001178,A000504,2025-07-13T15:20:48+00:00,982.57,CAD,posted,credit
L00001179,T00001179,A000545,2026-05-15T08:37:39+00:00,2371.50,USD,posted,credit
L00001180,T00001180,A001343,2026-08-24T13:23:29+00:00,4572.61,INR,posted,credit
L00001181,T00001181,A000140,2025-09-07T00:33:29+00:00,1165.14,EUR,posted,credit
L00001182,T00001182,A000518,2025-02-26T16:35:22+00:00,4271.64,USD,posted,credit
L00001183,T00001183,A001081,2025-05-28T05:56:52+00:00,3587.75,INR,posted,credit
L00001184,T00001184,A001304,2025-01-14T21:14:29+00:00,4.77,GBP,posted,credit
L00001185,T00001185,A000237,2025-06-15T15:46:48+00:00,1821.60,CAD,posted,credit
L00001186,T00001186,A000881,2025-04-03T09:51:33+00:00,4588.41,EUR,posted,credit
L00001187,T00001187,A000049,2026-08-24T22:05:50+00:00,3532.46,INR,posted,credit
L00001188,T00001188,A001428,2025-10-05T23:45:32+00:00,4000.73,INR,posted,credit
L00001189,T00001189,A000444,2025-10-14T21:04:49+00:00,3159.70,USD,posted,credit
L00001190,T00001190,A000190,2026-07-06T02:24:13+00:00,4954.18,EUR,posted,credit
L00001191,T00001191,A000087,2026-02-12T16:58:31+00:00,3260.44,CAD,posted,credit
L00001192,T00001192,A000630,2026-07-19T14:09:45+00:00,2745.69,USD,posted,credit
L00001193,T00001193,A000950,2026-04-09T02:58:28+00:00,1185.83,USD,posted,credit
L00001194,T00001194,A000181,2025-08-12T23:22:19+00:00,3319.84,CAD,posted,credit
L00001195,T00001195,A000321,2026-03-27T01:19:40+00:00,1248.36,CAD,posted,credit
L00001196,T00001196,A000923,2025-11-30T15:21:04+00:00,3076.28,INR,posted,credit
L00001197,T00001197,A001140,2025-07-05T07:59:50+00:00,2869.17,USD,posted,credit
L00001198,T00001198,A001482,2025-02-17T06:52:59+00:00,2863.13,EUR,posted,credit
L00001199,T00001199,A000224,2025-04-10T13:48:30+00:00,235.02,INR,posted,credit
L00001200,T00001200,A000378,2026-06-10T22:16:22+00:00,2111.15,INR,posted,credit
L00001201,T00001201,A000701,2025-03-11T18:08:46+00:00,1837.49,USD,posted,credit
L00001202,T00001202,A001103,2026-08-07T15:29:50+00:00,3742.39,GBP,posted,credit
L00001203,T00001203,A001425,2025-05-04T15:29:39+00:00,2489.13,USD,posted,credit
L00001204,T00001204,A000207,2025-02-28T12:16:28+00:00,3653.41,GBP,posted,credit
L00001205,T00001205,A001233,2026-01-28T14:34:11+00:00,255.28,GBP,posted,credit
L00001206,T00001206,A000358,2025-07-16T15:05:18+00:00,1424.76,INR,posted,credit
L00001207,T00001207,A000668,2026-03-15T13:56:13+00:00,855.90,GBP,posted,credit
L00001208,T00001208,A001061,2026-05-23T04:27:39+00:00,4407.15,CAD,posted,credit
L00001209,T00001209,A000352,2025-11-21T12:15:53+00:00,4513.55,GBP,posted,credit
L00001210,T00001210,A001413,2025-03-31T01:30:16+00:00,3876.37,INR,posted,credit
L00001211,T00001211,A000508,2026-07-06T07:41:50+00:00,1547.89,CAD,posted,credit
L00001212,T00001212,A001194,2025-01-07T20:32:41+00:00,4257.64,USD,posted,credit
L00001213,T00001213,A001116,2026-01-09T17:30:47+00:00,2352.97,GBP,posted,credit
L00001214,T00001214,A001135,2025-10-11T19:10:24+00:00,378.56,CAD,posted,credit
L00001215,T00001215,A001199,2026-03-23T05:15:20+00:00,2582.96,EUR,posted,credit
L00001216,T00001216,A000735,2025-10-26T12:50:51+00:00,406.01,USD,posted,credit
L00001217,T00001217,A000819,2025-06-10T03:36:38+00:00,1864.80,CAD,posted,credit
L00001218,T00001218,A001472,2025-03-29T12:27:16+00:00,2803.49,CAD,posted,credit
L00001219,T00001219,A000693,2026-06-21T13:06:10+00:00,2063.94,CAD,posted,credit
L00001220,T00001220,A000226,2025-01-29T22:09:23+00:00,4261.21,CAD,posted,credit
L00001221,T00001221,A000785,2025-06-01T23:16:41+00:00,532.02,GBP,posted,credit
L00001222,T00001222,A000545,2026-02-11T05:47:26+00:00,2910.20,USD,posted,credit
L00001223,T00001223,A000198,2025-12-01T01:39:47+00:00,3005.48,EUR,posted,credit
L00001224,T00001224,A000988,2026-05-11T01:07:36+00:00,1865.15,EUR,posted,credit
L00001225,T00001225,A001270,2025-09-22T22:08:20+00:00,3526.94,GBP,posted,credit
L00001226,T00001226,A001489,2026-08-04T13:35:31+00:00,2519.44,CAD,posted,credit
L00001227,T00001227,A000237,2025-08-29T05:59:17+00:00,4095.75,CAD,posted,credit
L00001228,T00001228,A001008,2026-01-13T15:16:45+00:00,2409.82,CAD,posted,credit
L00001229,T00001229,A001044,2026-02-07T07:16:41+00:00,271.52,EUR,posted,credit
L00001230,T00001230,A001476,2025-06-22T08:08:37+00:00,2572.70,INR,posted,credit
L00001231,T00001231,A000322,2025-04-08T23:42:46+00:00,4846.35,INR,posted,credit
L00001232,T00001232,A000146,2026-01-07T13:34:36+00:00,4941.68,INR,posted,credit
L00001233,T00001233,A001378,2025-12-12T01:23:57+00:00,2561.04,CAD,posted,credit
L00001234,T00001234,A001336,2025-11-16T11:00:40+00:00,4690.50,CAD,posted,credit
L00001235,T00001235,A001296,2025-06-10T02:14:55+00:00,3464.94,USD,posted,credit
L00001236,T00001236,A000478,2026-02-07T23:51:03+00:00,4158.75,USD,posted,credit
L00001237,T00001237,A001284,2026-05-16T17:29:07+00:00,4604.86,INR,posted,credit
L00001238,T00001238,A000426,2026-07-02T15:25:51+00:00,32.73,CAD,posted,credit
L00001239,T00001239,A000232,2025-07-25T23:20:25+00:00,2525.26,INR,posted,credit
L00001240,T00001240,A001016,2025-06-18T23:16:30+00:00,2949.15,INR,posted,credit
L00001241,T00001241,A000679,2026-04-06T21:21:29+00:00,3488.60,INR,posted,credit
L00001242,T00001242,A001190,2026-01-22T04:25:30+00:00,3126.65,GBP,posted,credit
L00001243,T00001243,A000354,2026-09-06T06:27:11+00:00,1613.70,CAD,posted,credit
L00001244,T00001244,A000702,2026-08-10T08:43:20+00:00,2075.32,GBP,posted,credit
L00001245,T00001245,A000129,2026-02-28T06:04:15+00:00,1328.37,USD,posted,credit
L00001246,T00001246,A000031,2026-06-05T03:51:07+00:00,1313.78,CAD,posted,credit
L00001247,T00001247,A001178,2026-07-30T06:24:57+00:00,46.27,INR,posted,credit
L00001248,T00001248,A000671,2025-09-18T03:18:42+00:00,2799.13,CAD,posted,credit
L00001249,T00001249,A000834,2025-09-07T10:10:13+00:00,4326.19,USD,posted,credit
L00001250,T00001250,A000169,2025-09-05T07:03:19+00:00,1956.81,GBP,posted,credit
L00001251,T00001251,A000284,2026-08-27T10:07:57+00:00,2858.33,GBP,posted,credit
L00001252,T00001252,A000048,2026-03-22T22:45:44+00:00,3239.97,INR,posted,credit
L00001253,T00001253,A000647,2025-06-29T20:39:35+00:00,4077.68,USD,posted,credit
L00001254,T00001254,A000341,2025-10-26T01:29:06+00:00,2794.33,USD,posted,credit
L00001255,T00001255,A000274,2026-03-11T17:37:17+00:00,4882.93,INR,posted,credit
L00001256,T00001256,A000991,2025-02-15T10:33:39+00:00,832.64,CAD,posted,credit
L00001257,T00001257,A001031,2025-06-01T13:33:31+00:00,1595.27,EUR,posted,credit
L00001258,T00001258,A000173,2025-08-12T16:15:48+00:00,3043.52,USD,posted,credit
L00001259,T00001259,A001221,2025-05-12T21:49:49+00:00,4604.10,USD,posted,credit
L00001260,T00001260,A000810,2025-09-11T11:52:22+00:00,343.89,INR,posted,credit
L00001261,T00001261,A001064,2025-05-11T19:28:12+00:00,1493.19,USD,posted,credit
L00001262,T00001262,A000835,2026-04-29T01:22:32+00:00,286.52,USD,posted,credit
L00001263,T00001263,A000031,2025-05-26T05:39:17+00:00,62.22,CAD,posted,credit
L00001264,T00001264,A000695,2025-01-08T04:17:51+00:00,306.23,CAD,posted,credit
L00001265,T00001265,A000604,2025-01-10T06:28:32+00:00,4578.75,CAD,posted,credit
L00001266,T00001266,A000846,2025-11-17T13:23:55+00:00,932.08,EUR,posted,credit
L00001267,T00001267,A001302,2025-03-09T17:37:18+00:00,3421.55,EUR,posted,credit
L00001268,T00001268,A000702,2026-01-30T19:32:05+00:00,2810.98,GBP,posted,credit
L00001269,T00001269,A000465,2026-05-16T11:53:53+00:00,3789.36,EUR,posted,credit
L00001270,T00001270,A001044,2025-08-01T03:58:33+00:00,3499.23,EUR,posted,credit
L00001271,T00001271,A000491,2025-09-25T18:44:34+00:00,394.35,INR,posted,credit
L00001272,T00001272,A000422,2025-01-08T01:40:20+00:00,2197.76,GBP,posted,credit
L00001273,T00001273,A001270,2025-05-24T14:20:38+00:00,1269.13,GBP,posted,credit
L00001274,T00001274,A000914,2026-02-18T23:31:22+00:00,113.31,INR,posted,credit
L00001275,T00001275,A001109,2026-03-14T22:43:53+00:00,206.68,CAD,posted,credit
L00001276,T00001276,A000928,2026-06-05T11:05:15+00:00,1823.41,EUR,posted,credit
L00001277,T00001277,A000752,2025-01-30T22:39:29+00:00,2515.76,EUR,posted,credit
L00001278,T00001278,A001354,2025-08-07T03:55:15+00:00,3035.38,CAD,posted,credit
L00001279,T00001279,A001245,2025-11-23T20:37:57+00:00,2948.02,CAD,posted,credit
L00001280,T00001280,A000485,2025-01-21T12:14:58+00:00,2263.84,EUR,posted,credit
L00001281,T00001281,A000758,2025-07-24T03:35:45+00:00,1435.88,CAD,posted,credit
L00001282,T00001282,A000845,2025-09-28T23:32:39+00:00,3524.42,CAD,posted,credit
L00001283,T00001283,A000728,2025-12-12T13:33:53+00:00,2247.46,GBP,posted,credit
L00001284,T00001284,A000040,2026-03-24T10:30:20+00:00,2219.29,GBP,posted,credit
L00001285,T00001285,A000470,2025-08-11T18:58:41+00:00,3410.06,USD,posted,credit
L00001286,T00001286,A001005,2026-08-02T05:14:51+00:00,3883.78,GBP,posted,credit
L00001287,T00001287,A000898,2026-01-19T00:57:06+00:00,1127.83,INR,posted,credit
L00001288,T00001288,A000358,2026-06-11T11:15:03+00:00,4179.58,INR,posted,credit
L00001289,T00001289,A001091,2026-03-08T21:20:56+00:00,712.46,INR,posted,credit
L00001290,T00001290,A001043,2026-04-23T01:33:48+00:00,1000.97,USD,posted,credit
L00001291,T00001291,A000751,2025-10-22T10:35:47+00:00,4402.50,CAD,posted,credit
L00001292,T00001292,A000215,2025-10-10T06:07:43+00:00,2001.51,CAD,posted,credit
L00001293,T00001293,A000614,2026-04-14T16:02:25+00:00,167.41,INR,posted,credit
L00001294,T00001294,A001327,2026-03-09T03:57:33+00:00,4997.17,GBP,posted,credit
L00001295,T00001295,A001124,2025-11-08T00:15:17+00:00,4542.53,EUR,posted,credit
L00001296,T00001296,A000076,2025-09-02T14:40:11+00:00,1638.83,CAD,posted,credit
L00001297,T00001297,A000783,2025-12-17T13:05:28+00:00,119.60,CAD,posted,credit
L00001298,T00001298,A000661,2025-11-23T13:08:06+00:00,2801.34,GBP,posted,credit
L00001299,T00001299,A000721,2025-06-09T13:11:06+00:00,4915.59,INR,posted,credit
L00001300,T00001300,A000718,2025-07-22T06:27:58+00:00,1818.48,INR,posted,credit
L00001301,T00001301,A000740,2026-06-24T06:16:35+00:00,1093.63,INR,posted,credit
L00001302,T00001302,A000264,2025-09-23T08:42:07+00:00,151.37,GBP,posted,credit
L00001303,T00001303,A000613,2025-09-13T09:05:55+00:00,3851.40,INR,posted,credit
L00001304,T00001304,A001268,2026-03-22T06:00:02+00:00,3940.42,CAD,posted,credit
L00001305,T00001305,A000236,2025-11-10T03:54:29+00:00,3042.63,CAD,posted,credit
L00001306,T00001306,A000667,2026-05-30T08:26:40+00:00,3325.51,INR,posted,credit
L00001307,T00001307,A000113,2025-07-23T07:04:25+00:00,3472.75,CAD,posted,credit
L00001308,T00001308,A001255,2025-07-17T00:11:19+00:00,2917.61,GBP,posted,credit
L00001309,T00001309,A000379,2026-04-21T07:25:39+00:00,3785.74,GBP,posted,credit
L00001310,T00001310,A001381,2026-09-12T10:10:48+00:00,2721.76,GBP,posted,credit
L00001311,T00001311,A001098,2025-03-07T15:48:32+00:00,3308.22,EUR,posted,credit
L00001312,T00001312,A000517,2025-07-11T08:01:17+00:00,292.76,GBP,posted,credit
L00001313,T00001313,A000806,2026-03-21T16:46:14+00:00,3471.99,GBP,posted,credit
L00001314,T00001314,A000121,2025-01-18T20:45:30+00:00,306.27,EUR,posted,credit
L00001315,T00001315,A000243,2026-05-23T01:04:01+00:00,3234.32,CAD,posted,credit
L00001316,T00001316,A000101,2025-08-22T11:19:31+00:00,4040.24,GBP,posted,credit
L00001317,T00001317,A001058,2025-06-10T20:41:06+00:00,4418.85,GBP,posted,credit
L00001318,T00001318,A001337,2025-08-05T06:15:37+00:00,2478.97,USD,posted,credit
L00001319,T00001319,A000266,2025-10-05T02:48:45+00:00,1088.32,USD,posted,credit
L00001320,T00001320,A000905,2026-01-27T12:15:45+00:00,926.22,EUR,posted,credit
L00001321,T00001321,A000870,2025-05-26T07:25:27+00:00,2138.92,GBP,posted,credit
L00001322,T00001322,A000965,2026-03-04T11:21:48+00:00,2671.96,GBP,posted,credit
L00001323,T00001323,A000930,2026-02-03T23:16:55+00:00,2556.94,USD,posted,credit
L00001324,T00001324,A000640,2026-07-20T17:58:37+00:00,1494.11,EUR,posted,credit
L00001325,T00001325,A000032,2025-03-19T18:07:48+00:00,3702.25,GBP,posted,credit
L00001326,T00001326,A000726,2025-11-12T17:55:57+00:00,1435.90,EUR,posted,credit
L00001327,T00001327,A001354,2025-04-22T00:09:14+00:00,2.30,CAD,posted,credit
L00001328,T00001328,A000360,2025-01-12T19:09:47+00:00,2201.43,CAD,posted,credit
L00001329,T00001329,A000665,2025-09-06T03:47:18+00:00,815.30,GBP,posted,credit
L00001330,T00001330,A000721,2025-04-10T13:37:59+00:00,1580.15,INR,posted,credit
L00001331,T00001331,A001415,2026-01-24T04:22:55+00:00,2933.63,USD,posted,credit
L00001332,T00001332,A001216,2026-01-14T15:08:56+00:00,3404.26,INR,posted,credit
L00001333,T00001333,A001150,2025-06-22T19:51:34+00:00,1033.58,USD,posted,credit
L00001334,T00001334,A001297,2026-08-12T04:42:48+00:00,1326.16,INR,posted,credit
L00001335,T00001335,A001048,2025-06-29T23:24:10+00:00,1827.92,INR,posted,credit
L00001336,T00001336,A000122,2025-04-14T09:44:56+00:00,3641.20,INR,posted,credit
L00001337,T00001337,A001392,2026-05-29T18:41:12+00:00,4241.00,CAD,posted,credit
L00001338,T00001338,A000293,2025-03-02T09:24:17+00:00,4813.67,GBP,posted,credit
L00001339,T00001339,A000942,2026-05-14T02:14:36+00:00,2790.53,CAD,posted,credit
L00001340,T00001340,A000075,2025-04-26T04:51:59+00:00,1037.97,USD,posted,credit
L00001341,T00001341,A000496,2026-04-04T01:17:51+00:00,2085.50,GBP,posted,credit
L00001342,T00001342,A000419,2026-06-14T15:42:01+00:00,236.74,USD,posted,credit
L00001343,T00001343,A000041,2026-07-06T03:59:18+00:00,2936.26,CAD,posted,credit
L00001344,T00001344,A000941,2026-08-01T01:27:16+00:00,1367.18,EUR,posted,credit
L00001345,T00001345,A000602,2025-05-09T17:54:04+00:00,4923.20,INR,posted,credit
L00001346,T00001346,A001193,2025-10-17T06:36:26+00:00,649.48,CAD,posted,credit
L00001347,T00001347,A001001,2025-06-09T09:58:11+00:00,1868.20,CAD,posted,credit
L00001348,T00001348,A000445,2025-05-23T02:34:11+00:00,3381.82,INR,posted,credit
L00001349,T00001349,A000899,2026-06-18T20:52:06+00:00,2649.78,USD,posted,credit
L00001350,T00001350,A000113,2025-05-06T21:42:15+00:00,3403.88,CAD,posted,credit
L00001351,T00001351,A000014,2026-08-29T02:14:11+00:00,12.68,USD,posted,credit
L00001352,T00001352,A001338,2025-06-01T07:25:57+00:00,2819.21,EUR,posted,credit
L00001353,T00001353,A000039,2025-08-20T12:55:20+00:00,3145.58,USD,posted,credit
L00001354,T00001354,A001476,2025-12-11T02:02:44+00:00,3396.77,INR,posted,credit
L00001355,T00001355,A000442,2026-03-19T08:14:32+00:00,4696.43,CAD,posted,credit
L00001356,T00001356,A000774,2026-02-04T10:45:55+00:00,1450.67,INR,posted,credit
L00001357,T00001357,A000736,2025-04-12T23:36:05+00:00,3070.85,INR,posted,credit
L00001358,T00001358,A000914,2025-04-13T06:06:41+00:00,4667.26,INR,posted,credit
L00001359,T00001359,A001246,2026-03-18T21:10:43+00:00,1973.27,USD,posted,credit
L00001360,T00001360,A000566,2026-07-24T01:49:59+00:00,2407.11,GBP,posted,credit
L00001361,T00001361,A000100,2026-02-09T05:55:23+00:00,2273.84,USD,posted,credit
L00001362,T00001362,A001150,2025-09-03T14:50:25+00:00,3507.48,USD,posted,credit
L00001363,T00001363,A000837,2025-07-12T00:34:46+00:00,1425.28,EUR,posted,credit
L00001364,T00001364,A000410,2025-09-15T08:20:55+00:00,3429.61,CAD,posted,credit
L00001365,T00001365,A001235,2025-06-01T02:40:25+00:00,2197.71,CAD,posted,credit
L00001366,T00001366,A000738,2025-03-04T08:08:30+00:00,1529.76,USD,posted,credit
L00001367,T00001367,A000201,2026-01-30T06:02:59+00:00,1258.89,INR,posted,credit
L00001368,T00001368,A000947,2025-03-02T05:39:08+00:00,1535.39,CAD,posted,credit
L00001369,T00001369,A001100,2026-02-06T11:31:37+00:00,4305.96,INR,posted,credit
L00001370,T00001370,A000300,2026-07-05T17:35:32+00:00,3127.26,CAD,posted,credit
L00001371,T00001371,A000397,2026-03-16T23:04:06+00:00,4715.69,GBP,posted,credit
L00001372,T00001372,A000555,2025-05-11T10:27:05+00:00,429.05,USD,posted,credit
L00001373,T00001373,A001227,2025-07-29T20:15:25+00:00,3621.94,USD,posted,credit
L00001374,T00001374,A001037,2025-08-02T22:52:59+00:00,1728.51,EUR,posted,credit
L00001375,T00001375,A000651,2025-05-05T19:35:02+00:00,2391.62,GBP,posted,credit
L00001376,T00001376,A000384,2026-01-16T06:27:41+00:00,3867.59,CAD,posted,credit
L00001377,T00001377,A000669,2026-03-01T07:25:47+00:00,945.65,GBP,posted,credit
L00001378,T00001378,A001309,2026-06-22T14:09:30+00:00,2206.83,EUR,posted,credit
L00001379,T00001379,A000019,2026-04-09T15:31:29+00:00,3033.84,CAD,posted,credit
L00001380,T00001380,A001082,2025-08-23T12:29:02+00:00,3681.48,INR,posted,credit
L00001381,T00001381,A000859,2025-04-12T08:19:36+00:00,3622.75,INR,posted,credit
L00001382,T00001382,A000837,2026-08-23T00:16:53+00:00,3754.97,EUR,posted,credit
L00001383,T00001383,A001423,2026-02-21T02:33:41+00:00,515.82,EUR,posted,credit
L00001384,T00001384,A000472,2025-06-23T01:48:50+00:00,3024.03,USD,posted,credit
L00001385,T00001385,A001063,2026-08-02T02:00:08+00:00,2864.28,EUR,posted,credit
L00001386,T00001386,A000086,2025-06-24T23:41:39+00:00,3886.54,GBP,posted,credit
L00001387,T00001387,A000218,2025-06-11T08:23:11+00:00,2814.76,EUR,posted,credit
L00001388,T00001388,A001190,2026-01-06T04:45:00+00:00,1340.41,GBP,posted,credit
L00001389,T00001389,A000277,2025-02-16T20:12:35+00:00,3168.12,GBP,posted,credit
L00001390,T00001390,A000571,2025-04-19T16:43:47+00:00,355.58,USD,posted,credit
L00001391,T00001391,A001393,2025-07-08T15:47:17+00:00,457.52,INR,posted,credit
L00001392,T00001392,A001175,2026-04-27T05:30:09+00:00,608.51,USD,posted,credit
L00001393,T00001393,A001218,2026-03-05T17:30:12+00:00,1360.99,INR,posted,credit
L00001394,T00001394,A000359,2025-02-19T19:08:13+00:00,92.09,EUR,posted,credit
L00001395,T00001395,A000791,2025-09-17T02:14:24+00:00,2241.76,EUR,posted,credit
L00001396,T00001396,A001065,2025-05-30T15:29:54+00:00,3629.23,CAD,posted,credit
L00001397,T00001397,A000126,2025-05-10T05:13:19+00:00,601.16,EUR,posted,credit
L00001398,T00001398,A000441,2025-07-25T18:11:52+00:00,2232.12,EUR,posted,credit
L00001399,T00001399,A001217,2026-01-01T13:31:55+00:00,2396.48,CAD,posted,credit
L00001400,T00001400,A000779,2025-06-07T14:55:26+00:00,2868.42,GBP,posted,credit
L00001401,T00001401,A001209,2026-05-28T10:39:51+00:00,1394.05,USD,posted,credit
L00001402,T00001402,A001375,2025-01-03T21:41:33+00:00,764.81,USD,posted,credit
L00001403,T00001403,A000246,2025-07-07T16:29:04+00:00,2568.97,EUR,posted,credit
L00001404,T00001404,A001183,2025-07-13T15:01:10+00:00,3893.23,EUR,posted,credit
L00001405,T00001405,A000528,2025-08-27T19:41:59+00:00,79.47,INR,posted,credit
L00001406,T00001406,A000817,2025-12-10T23:26:38+00:00,2431.11,USD,posted,credit
L00001407,T00001407,A000049,2026-07-31T09:47:18+00:00,2472.59,INR,posted,credit
L00001408,T00001408,A001179,2026-07-24T01:44:30+00:00,4983.86,INR,posted,credit
L00001409,T00001409,A000107,2025-04-15T09:40:45+00:00,1656.26,USD,posted,credit
L00001410,T00001410,A000338,2025-12-08T20:36:02+00:00,434.04,GBP,posted,credit
L00001411,T00001411,A000503,2026-01-07T19:17:16+00:00,1438.55,USD,posted,credit
L00001412,T00001412,A000290,2025-08-14T05:08:40+00:00,4405.51,USD,posted,credit
L00001413,T00001413,A000294,2026-08-16T18:52:39+00:00,4345.24,USD,posted,credit
L00001414,T00001414,A000882,2026-08-10T21:59:05+00:00,4984.21,USD,posted,credit
L00001415,T00001415,A000055,2025-10-08T01:27:56+00:00,3208.01,GBP,posted,credit
L00001416,T00001416,A000496,2026-03-09T12:02:13+00:00,3028.40,GBP,posted,credit
L00001417,T00001417,A001206,2025-03-08T11:35:25+00:00,64.67,INR,posted,credit
L00001418,T00001418,A001119,2025-03-17T19:24:37+00:00,4370.45,EUR,posted,credit
L00001419,T00001419,A000749,2026-02-14T01:39:46+00:00,1385.86,GBP,posted,credit
L00001420,T00001420,A001371,2025-03-31T22:01:03+00:00,1435.08,CAD,posted,credit
L00001421,T00001421,A000155,2025-08-17T16:30:46+00:00,4334.07,GBP,posted,credit
L00001422,T00001422,A001244,2025-10-10T06:21:56+00:00,4786.18,CAD,posted,credit
L00001423,T00001423,A001165,2025-05-01T20:49:39+00:00,1284.98,INR,posted,credit
L00001424,T00001424,A001213,2025-05-11T18:52:16+00:00,351.78,USD,posted,credit
L00001425,T00001425,A000735,2025-10-10T23:07:58+00:00,4266.07,USD,posted,credit
L00001426,T00001426,A000970,2026-08-27T18:03:50+00:00,3233.55,INR,posted,credit
L00001427,T00001427,A001273,2026-04-21T20:11:44+00:00,289.16,CAD,posted,credit
L00001428,T00001428,A001361,2025-01-06T11:30:28+00:00,4214.61,EUR,posted,credit
L00001429,T00001429,A001049,2026-07-19T00:40:27+00:00,3894.75,USD,posted,credit
L00001430,T00001430,A001249,2025-01-11T07:42:26+00:00,1647.85,USD,posted,credit
L00001431,T00001431,A000927,2026-02-11T13:03:15+00:00,4432.00,EUR,posted,credit
L00001432,T00001432,A000779,2026-05-06T17:06:21+00:00,4195.12,GBP,posted,credit
L00001433,T00001433,A000217,2025-09-28T17:20:34+00:00,3821.72,CAD,posted,credit
L00001434,T00001434,A000308,2025-08-17T06:13:51+00:00,1203.48,GBP,posted,credit
L00001435,T00001435,A001282,2026-05-29T00:07:22+00:00,2030.15,INR,posted,credit
L00001436,T00001436,A000660,2025-04-05T03:00:23+00:00,4818.70,USD,posted,credit
L00001437,T00001437,A001336,2026-02-11T05:13:33+00:00,1035.42,CAD,posted,credit
L00001438,T00001438,A000227,2025-02-11T01:44:00+00:00,1854.40,EUR,posted,credit
L00001439,T00001439,A000046,2026-01-27T15:13:06+00:00,1494.29,USD,posted,credit
L00001440,T00001440,A000628,2026-06-04T13:20:00+00:00,4755.26,GBP,posted,credit
L00001441,T00001441,A000911,2026-09-09T11:27:07+00:00,3902.88,GBP,posted,credit
L00001442,T00001442,A000502,2025-01-03T10:05:15+00:00,3564.49,USD,posted,credit
L00001443,T00001443,A000621,2026-01-18T10:53:50+00:00,1651.81,INR,posted,credit
L00001444,T00001444,A000496,2026-04-28T06:27:08+00:00,337.45,GBP,posted,credit
L00001445,T00001445,A001287,2025-04-01T20:44:00+00:00,1476.24,USD,posted,credit
L00001446,T00001446,A000895,2026-02-05T07:38:39+00:00,3216.89,INR,posted,credit
L00001447,T00001447,A000685,2025-05-15T20:21:26+00:00,2028.57,EUR,posted,credit
L00001448,T00001448,A000225,2026-03-03T17:20:39+00:00,2281.98,CAD,posted,credit
L00001449,T00001449,A001123,2026-05-11T09:43:19+00:00,3633.78,INR,posted,credit
L00001450,T00001450,A001068,2025-04-22T02:59:02+00:00,1157.51,INR,posted,credit
L00001451,T00001451,A000792,2025-07-30T00:25:28+00:00,3749.16,INR,posted,credit
L00001452,T00001452,A000992,2026-02-12T19:49:38+00:00,264.30,CAD,posted,credit
L00001453,T00001453,A000659,2026-07-12T16:18:30+00:00,4911.76,USD,posted,credit
L00001454,T00001454,A000253,2026-05-04T13:03:42+00:00,694.74,EUR,posted,credit
L00001455,T00001455,A000153,2025-04-24T05:44:47+00:00,1341.50,CAD,posted,credit
L00001456,T00001456,A000243,2025-02-13T04:10:50+00:00,106.45,CAD,posted,credit
L00001457,T00001457,A001402,2025-05-05T00:34:23+00:00,1065.65,INR,posted,credit
L00001458,T00001458,A001228,2025-02-17T03:02:55+00:00,4997.52,EUR,posted,credit
L00001459,T00001459,A000114,2026-02-14T13:35:48+00:00,4160.51,CAD,posted,credit
L00001460,T00001460,A001197,2026-08-06T20:43:20+00:00,3728.39,EUR,posted,credit
L00001461,T00001461,A001309,2026-02-22T20:33:05+00:00,428.97,EUR,posted,credit
L00001462,T00001462,A000732,2026-08-25T13:37:07+00:00,1376.00,GBP,posted,credit
L00001463,T00001463,A001179,2025-03-13T05:23:16+00:00,3959.23,INR,posted,credit
L00001464,T00001464,A000748,2025-09-09T03:25:40+00:00,282.54,INR,posted,credit
L00001465,T00001465,A000417,2025-02-02T16:37:57+00:00,2883.70,USD,posted,credit
L00001466,T00001466,A001244,2025-01-14T12:33:35+00:00,1208.74,CAD,posted,credit
L00001467,T00001467,A001102,2025-12-21T02:30:12+00:00,3152.13,EUR,posted,credit
L00001468,T00001468,A000061,2025-04-26T17:42:43+00:00,4323.44,EUR,posted,credit
L00001469,T00001469,A001105,2026-05-23T20:00:25+00:00,390.66,EUR,posted,credit
L00001470,T00001470,A000716,2025-01-27T11:09:18+00:00,4250.38,INR,posted,credit
L00001471,T00001471,A001450,2025-08-12T00:28:09+00:00,281.66,EUR,posted,credit
L00001472,T00001472,A000679,2025-04-27T20:54:55+00:00,854.75,INR,posted,credit
L00001473,T00001473,A000268,2026-02-27T23:54:31+00:00,3783.75,INR,posted,credit
L00001474,T00001474,A000417,2026-04-04T21:08:01+00:00,1023.18,USD,posted,credit
L00001475,T00001475,A000241,2025-08-25T04:08:07+00:00,1439.01,USD,posted,credit
L00001476,T00001476,A000473,2026-02-09T06:07:57+00:00,2942.87,GBP,posted,credit
L00001477,T00001477,A001309,2025-03-03T06:52:57+00:00,3718.82,EUR,posted,credit
L00001478,T00001478,A000128,2025-10-06T05:57:11+00:00,4278.77,CAD,posted,credit
L00001479,T00001479,A000239,2026-03-27T14:46:52+00:00,3736.18,EUR,posted,credit
L00001480,T00001480,A000293,2025-03-12T08:00:51+00:00,4115.34,GBP,posted,credit
L00001481,T00001481,A000956,2026-05-10T13:07:17+00:00,4264.93,INR,posted,credit
L00001482,T00001482,A000425,2025-06-14T16:15:47+00:00,4730.57,CAD,posted,credit
L00001483,T00001483,A000182,2025-04-26T08:29:11+00:00,10.53,USD,posted,credit
L00001484,T00001484,A000976,2025-01-28T09:12:29+00:00,1617.82,EUR,posted,credit
L00001485,T00001485,A001422,2025-06-08T22:16:57+00:00,2320.71,CAD,posted,credit
L00001486,T00001486,A000013,2025-07-21T13:08:53+00:00,3906.73,USD,posted,credit
L00001487,T00001487,A000620,2025-09-11T06:50:24+00:00,800.88,USD,posted,credit
L00001488,T00001488,A000233,2025-05-08T18:26:23+00:00,3735.70,GBP,posted,credit
L00001489,T00001489,A000983,2025-01-25T22:19:00+00:00,3031.12,GBP,posted,credit
L00001490,T00001490,A001438,2025-02-21T02:47:35+00:00,2795.38,GBP,posted,credit
L00001491,T00001491,A000261,2026-01-27T20:39:54+00:00,173.81,USD,posted,credit
L00001492,T00001492,A000471,2026-03-31T05:29:44+00:00,2397.60,CAD,posted,credit
L00001493,T00001493,A000285,2025-10-26T03:45:51+00:00,1106.68,USD,posted,credit
L00001494,T00001494,A000712,2025-11-16T14:42:52+00:00,2399.97,INR,posted,credit
L00001495,T00001495,A001107,2026-06-13T22:52:32+00:00,4473.00,USD,posted,credit
L00001496,T00001496,A000246,2025-08-20T07:58:28+00:00,2420.96,EUR,posted,credit
L00001497,T00001497,A001315,2026-02-03T22:00:57+00:00,1295.73,USD,posted,credit
L00001498,T00001498,A000382,2026-01-05T23:51:54+00:00,2705.09,CAD,posted,credit
L00001499,T00001499,A000667,2025-05-28T15:41:21+00:00,2694.40,INR,posted,credit
L00001500,T00001500,A000170,2025-12-30T10:46:01+00:00,1365.34,EUR,posted,credit
L00001501,T00001501,A000375,2025-04-27T02:10:50+00:00,197.25,CAD,posted,credit
L00001502,T00001502,A000289,2025-04-05T05:09:27+00:00,4751.88,EUR,posted,credit
L00001503,T00001503,A001189,2026-01-25T16:18:44+00:00,2553.27,GBP,posted,credit
L00001504,T00001504,A000750,2026-03-22T09:09:43+00:00,1927.36,CAD,posted,credit
L00001505,T00001505,A000957,2026-08-19T20:13:31+00:00,492.11,GBP,posted,credit
L00001506,T00001506,A000543,2026-09-08T13:27:54+00:00,4225.87,USD,posted,credit
L00001507,T00001507,A000800,2025-09-08T22:03:35+00:00,4763.84,USD,posted,credit
L00001508,T00001508,A001324,2025-08-10T14:28:42+00:00,1188.71,INR,posted,credit
L00001509,T00001509,A000394,2025-09-19T20:11:16+00:00,4745.51,EUR,posted,credit
L00001510,T00001510,A001313,2025-09-01T15:08:03+00:00,4116.50,EUR,posted,credit
L00001511,T00001511,A000517,2026-05-18T18:49:30+00:00,4395.26,GBP,posted,credit
L00001512,T00001512,A000693,2025-04-26T17:54:20+00:00,1002.29,CAD,posted,credit
L00001513,T00001513,A000599,2026-01-18T13:56:53+00:00,3802.92,CAD,posted,credit
L00001514,T00001514,A000125,2025-05-23T07:46:23+00:00,781.46,USD,posted,credit
L00001515,T00001515,A001489,2026-05-05T00:48:05+00:00,2472.54,CAD,posted,credit
L00001516,T00001516,A000282,2025-11-08T16:27:08+00:00,4402.36,USD,posted,credit
L00001517,T00001517,A001056,2025-01-27T22:21:20+00:00,2847.05,GBP,posted,credit
L00001518,T00001518,A000772,2025-11-20T06:06:50+00:00,2898.54,GBP,posted,credit
L00001519,T00001519,A000872,2025-11-07T21:46:01+00:00,198.46,CAD,posted,credit
L00001520,T00001520,A001212,2025-02-09T11:49:54+00:00,1175.50,GBP,posted,credit
L00001521,T00001521,A000808,2025-08-20T04:16:15+00:00,3060.06,INR,posted,credit
L00001522,T00001522,A000354,2026-05-11T04:39:27+00:00,1019.69,CAD,posted,credit
L00001523,T00001523,A000659,2025-11-19T08:04:19+00:00,1494.47,USD,posted,credit
L00001524,T00001524,A000726,2026-06-03T21:56:18+00:00,1004.90,EUR,posted,credit
L00001525,T00001525,A000436,2025-01-02T23:27:35+00:00,4155.64,USD,posted,credit
L00001526,T00001526,A001402,2026-01-15T05:36:14+00:00,4293.57,INR,posted,credit
L00001527,T00001527,A000997,2025-06-20T15:47:51+00:00,2370.55,USD,posted,credit
L00001528,T00001528,A001177,2025-02-16T11:46:03+00:00,3146.00,CAD,posted,credit
L00001529,T00001529,A001494,2025-03-14T06:57:04+00:00,4457.51,USD,posted,credit
L00001530,T00001530,A000611,2025-01-28T16:43:32+00:00,4869.07,CAD,posted,credit
L00001531,T00001531,A000150,2025-03-31T21:13:35+00:00,2042.36,EUR,posted,credit
L00001532,T00001532,A000494,2026-03-12T17:31:09+00:00,489.18,INR,posted,credit
L00001533,T00001533,A000319,2026-02-23T21:18:54+00:00,3812.38,GBP,posted,credit
L00001534,T00001534,A000089,2026-03-13T01:55:32+00:00,1965.11,EUR,posted,credit
L00001535,T00001535,A001370,2025-10-01T20:27:34+00:00,24.89,CAD,posted,credit
L00001536,T00001536,A000680,2026-01-24T04:52:24+00:00,1604.58,USD,posted,credit
L00001537,T00001537,A001364,2025-02-15T01:41:45+00:00,85.18,GBP,posted,credit
L00001538,T00001538,A001183,2026-06-29T19:05:43+00:00,4157.43,EUR,posted,credit
L00001539,T00001539,A000712,2026-03-15T09:21:04+00:00,1321.50,INR,posted,credit
L00001540,T00001540,A001050,2025-09-06T01:40:08+00:00,4321.91,INR,posted,credit
L00001541,T00001541,A000544,2025-10-22T14:11:48+00:00,99.47,USD,posted,credit
L00001542,T00001542,A000644,2025-05-01T15:54:47+00:00,4845.51,GBP,posted,credit
L00001543,T00001543,A000380,2025-03-07T16:38:16+00:00,239.14,EUR,posted,credit
L00001544,T00001544,A001327,2026-04-05T19:47:53+00:00,1954.18,GBP,posted,credit
L00001545,T00001545,A000221,2026-05-15T16:25:49+00:00,1275.05,USD,posted,credit
L00001546,T00001546,A001079,2026-03-11T08:17:36+00:00,4314.99,INR,posted,credit
L00001547,T00001547,A001270,2026-02-03T16:49:48+00:00,3040.29,GBP,posted,credit
L00001548,T00001548,A000305,2026-03-03T09:15:29+00:00,426.35,CAD,posted,credit
L00001549,T00001549,A000166,2025-11-10T09:03:23+00:00,826.64,GBP,posted,credit
L00001550,T00001550,A001168,2025-08-03T18:43:07+00:00,895.80,EUR,posted,credit
L00001551,T00001551,A000014,2026-04-22T01:22:49+00:00,173.55,USD,posted,credit
L00001552,T00001552,A000110,2026-02-14T18:23:48+00:00,801.13,INR,posted,credit
L00001553,T00001553,A000423,2025-08-13T23:18:50+00:00,395.59,USD,posted,credit
L00001554,T00001554,A000575,2026-04-28T01:24:03+00:00,1321.83,GBP,posted,credit
L00001555,T00001555,A000024,2025-11-12T13:45:14+00:00,4496.01,USD,posted,credit
L00001556,T00001556,A000553,2025-01-04T04:06:12+00:00,1569.92,INR,posted,credit
L00001557,T00001557,A000435,2026-07-31T08:34:51+00:00,666.51,EUR,posted,credit
L00001558,T00001558,A001490,2026-01-21T02:13:23+00:00,3542.33,INR,posted,credit
L00001559,T00001559,A000419,2025-07-09T19:52:34+00:00,2772.81,USD,posted,credit
L00001560,T00001560,A001406,2026-05-22T16:54:19+00:00,3694.69,GBP,posted,credit
L00001561,T00001561,A001058,2025-08-29T10:25:09+00:00,2693.88,GBP,posted,credit
L00001562,T00001562,A000398,2025-06-24T08:00:39+00:00,362.72,INR,posted,credit
L00001563,T00001563,A001059,2025-03-15T12:47:44+00:00,3842.16,INR,posted,credit
L00001564,T00001564,A001392,2025-09-14T14:27:54+00:00,1172.44,CAD,posted,credit
L00001565,T00001565,A001060,2025-03-09T04:14:49+00:00,1586.32,CAD,posted,credit
L00001566,T00001566,A001175,2025-12-12T15:33:05+00:00,1752.88,USD,posted,credit
L00001567,T00001567,A001237,2025-10-16T21:42:54+00:00,4025.40,EUR,posted,credit
L00001568,T00001568,A000252,2026-08-10T09:31:35+00:00,3978.11,CAD,posted,credit
L00001569,T00001569,A000934,2026-04-21T14:18:06+00:00,944.46,EUR,posted,credit
L00001570,T00001570,A000139,2025-12-12T01:31:22+00:00,4411.80,CAD,posted,credit
L00001571,T00001571,A000576,2025-10-04T04:33:00+00:00,162.60,GBP,posted,credit
L00001572,T00001572,A000306,2025-12-10T10:36:18+00:00,2427.60,EUR,posted,credit
L00001573,T00001573,A000372,2025-04-29T10:59:16+00:00,1027.13,INR,posted,credit
L00001574,T00001574,A001259,2025-09-28T14:07:58+00:00,4878.78,INR,posted,credit
L00001575,T00001575,A000627,2026-09-01T07:48:01+00:00,440.57,CAD,posted,credit
L00001576,T00001576,A001021,2025-02-10T17:47:52+00:00,3511.25,EUR,posted,credit
L00001577,T00001577,A000755,2025-10-02T07:46:45+00:00,3420.69,GBP,posted,credit
L00001578,T00001578,A000211,2025-09-19T03:17:13+00:00,4901.45,USD,posted,credit
L00001579,T00001579,A000621,2026-01-27T05:32:35+00:00,4472.03,INR,posted,credit
L00001580,T00001580,A000494,2026-06-17T04:17:34+00:00,1931.73,INR,posted,credit
L00001581,T00001581,A000623,2025-02-13T08:46:46+00:00,1133.90,USD,posted,credit
L00001582,T00001582,A000477,2025-08-07T22:26:53+00:00,3106.37,USD,posted,credit
L00001583,T00001583,A000019,2025-12-09T07:10:32+00:00,1724.24,CAD,posted,credit
L00001584,T00001584,A000126,2026-03-12T16:34:22+00:00,1233.25,EUR,posted,credit
L00001585,T00001585,A000221,2025-12-01T03:32:43+00:00,1206.52,USD,posted,credit
L00001586,T00001586,A000523,2026-02-14T02:43:41+00:00,1474.94,GBP,posted,credit
L00001587,T00001587,A001466,2025-11-03T05:11:11+00:00,3144.73,USD,posted,credit
L00001588,T00001588,A000280,2025-08-17T01:47:22+00:00,2060.81,GBP,posted,credit
L00001589,T00001589,A001332,2026-07-27T14:59:35+00:00,3953.05,GBP,posted,credit
L00001590,T00001590,A001287,2025-12-16T23:17:30+00:00,3697.83,USD,posted,credit
L00001591,T00001591,A000587,2025-06-14T00:48:05+00:00,339.37,USD,posted,credit
L00001592,T00001592,A001314,2025-08-21T20:57:36+00:00,2255.02,EUR,posted,credit
L00001593,T00001593,A000753,2025-03-23T15:32:31+00:00,979.36,INR,posted,credit
L00001594,T00001594,A000050,2026-06-15T06:23:40+00:00,4128.77,INR,posted,credit
L00001595,T00001595,A000216,2025-06-20T04:45:32+00:00,2639.45,USD,posted,credit
L00001596,T00001596,A000290,2025-12-10T17:01:54+00:00,1060.05,USD,posted,credit
L00001597,T00001597,A000468,2026-01-12T04:51:40+00:00,2042.36,EUR,posted,credit
L00001598,T00001598,A000194,2025-04-30T00:22:27+00:00,329.94,USD,posted,credit
L00001599,T00001599,A000383,2026-01-02T09:49:38+00:00,1475.67,CAD,posted,credit
L00001600,T00001600,A000571,2026-08-29T17:16:11+00:00,1676.52,USD,posted,credit
L00001601,T00001601,A001396,2025-05-21T09:53:16+00:00,174.15,GBP,posted,credit
L00001602,T00001602,A000254,2026-03-26T20:30:16+00:00,2635.00,CAD,posted,credit
L00001603,T00001603,A001020,2026-03-30T11:14:59+00:00,767.08,USD,posted,credit
L00001604,T00001604,A000399,2026-07-14T17:36:49+00:00,1064.07,USD,posted,credit
L00001605,T00001605,A000011,2026-04-15T22:29:35+00:00,4647.38,CAD,posted,credit
L00001606,T00001606,A001341,2025-02-09T23:37:38+00:00,778.60,CAD,posted,credit
L00001607,T00001607,A000698,2025-06-22T22:56:06+00:00,2777.35,CAD,posted,credit
L00001608,T00001608,A000008,2025-07-15T02:48:42+00:00,3458.35,USD,posted,credit
L00001609,T00001609,A001236,2025-03-05T08:09:53+00:00,2291.09,GBP,posted,credit
L00001610,T00001610,A000241,2026-02-13T11:23:35+00:00,3375.21,USD,posted,credit
L00001611,T00001611,A001299,2026-01-28T18:55:50+00:00,272.56,EUR,posted,credit
L00001612,T00001612,A000406,2025-06-13T06:42:49+00:00,3192.56,EUR,posted,credit
L00001613,T00001613,A001306,2025-09-25T17:13:12+00:00,2668.85,EUR,posted,credit
L00001614,T00001614,A000103,2025-02-19T22:56:53+00:00,885.62,GBP,posted,credit
L00001615,T00001615,A001206,2026-06-15T16:43:27+00:00,3076.78,INR,posted,credit
L00001616,T00001616,A000456,2026-02-13T09:01:05+00:00,701.84,USD,posted,credit
L00001617,T00001617,A000546,2025-06-10T22:16:37+00:00,787.54,INR,posted,credit
L00001618,T00001618,A000316,2026-07-22T09:40:30+00:00,1249.00,INR,posted,credit
L00001619,T00001619,A000138,2025-01-21T16:12:35+00:00,3590.48,CAD,posted,credit
L00001620,T00001620,A001110,2025-05-07T20:09:19+00:00,1780.09,CAD,posted,credit
L00001621,T00001621,A000081,2026-08-27T09:51:40+00:00,2297.80,GBP,posted,credit
L00001622,T00001622,A001030,2026-03-11T09:17:41+00:00,2242.98,CAD,posted,credit
L00001623,T00001623,A000774,2025-06-30T12:52:32+00:00,4847.60,INR,posted,credit
L00001624,T00001624,A000746,2026-06-26T13:40:13+00:00,378.42,GBP,posted,credit
L00001625,T00001625,A001151,2025-03-25T15:48:13+00:00,3884.22,EUR,posted,credit
L00001626,T00001626,A001407,2025-08-18T17:50:24+00:00,3903.29,CAD,posted,credit
L00001627,T00001627,A000190,2026-04-20T02:24:29+00:00,3502.36,EUR,posted,credit
L00001628,T00001628,A001342,2026-01-24T19:49:19+00:00,1553.48,USD,posted,credit
L00001629,T00001629,A000297,2026-06-11T00:49:42+00:00,785.42,EUR,posted,credit
L00001630,T00001630,A001060,2025-10-07T13:11:19+00:00,4122.82,CAD,posted,credit
L00001631,T00001631,A000817,2025-07-13T05:37:42+00:00,1287.07,USD,posted,credit
L00001632,T00001632,A000279,2025-05-04T13:30:14+00:00,29.94,GBP,posted,credit
L00001633,T00001633,A001184,2026-08-18T12:16:45+00:00,4402.14,EUR,posted,credit
L00001634,T00001634,A000816,2026-08-17T19:58:33+00:00,1651.41,INR,posted,credit
L00001635,T00001635,A000482,2025-04-15T03:05:16+00:00,4179.89,GBP,posted,credit
L00001636,T00001636,A000542,2026-08-29T15:50:12+00:00,3746.50,USD,posted,credit
L00001637,T00001637,A001418,2026-02-02T02:19:45+00:00,4727.72,INR,posted,credit
L00001638,T00001638,A001495,2026-09-08T17:48:59+00:00,196.97,INR,posted,credit
L00001639,T00001639,A000577,2025-01-09T02:28:55+00:00,1870.62,GBP,posted,credit
L00001640,T00001640,A001154,2026-07-06T03:04:03+00:00,294.22,EUR,posted,credit
L00001641,T00001641,A000461,2026-07-08T02:59:09+00:00,3213.99,INR,posted,credit
L00001642,T00001642,A001176,2025-11-27T00:16:21+00:00,4412.16,CAD,posted,credit
L00001643,T00001643,A000544,2025-10-12T20:52:34+00:00,3922.80,USD,posted,credit
L00001644,T00001644,A001190,2026-01-22T11:25:43+00:00,358.46,GBP,posted,credit
L00001645,T00001645,A000026,2025-05-11T15:04:14+00:00,3592.29,CAD,posted,credit
L00001646,T00001646,A000659,2025-01-24T01:41:31+00:00,239.91,USD,posted,credit
L00001647,T00001647,A001301,2026-01-27T16:24:02+00:00,4963.46,GBP,posted,credit
L00001648,T00001648,A000774,2026-07-14T07:56:52+00:00,3861.69,INR,posted,credit
L00001649,T00001649,A000205,2026-04-21T00:25:27+00:00,2341.96,EUR,posted,credit
L00001650,T00001650,A000869,2026-07-13T14:16:22+00:00,904.65,INR,posted,credit
L00001651,T00001651,A000402,2025-06-30T22:48:01+00:00,2725.33,CAD,posted,credit
L00001652,T00001652,A001233,2026-06-26T22:25:30+00:00,4801.64,GBP,posted,credit
L00001653,T00001653,A000617,2025-02-01T05:38:26+00:00,1432.91,GBP,posted,credit
L00001654,T00001654,A000203,2025-03-25T03:50:40+00:00,1900.87,USD,posted,credit
L00001655,T00001655,A000912,2025-04-25T09:06:05+00:00,452.56,EUR,posted,credit
L00001656,T00001656,A000421,2026-07-18T14:46:10+00:00,1667.07,GBP,posted,credit
L00001657,T00001657,A000068,2026-07-09T06:07:01+00:00,3014.55,EUR,posted,credit
L00001658,T00001658,A000209,2025-09-20T01:43:33+00:00,3564.26,GBP,posted,credit
L00001659,T00001659,A000914,2025-11-02T18:45:06+00:00,3862.04,INR,posted,credit
L00001660,T00001660,A000111,2025-09-19T05:33:38+00:00,4253.94,CAD,posted,credit
L00001661,T00001661,A000907,2025-08-18T23:29:40+00:00,758.10,USD,posted,credit
L00001662,T00001662,A000458,2025-01-06T12:55:05+00:00,3561.60,USD,posted,credit
L00001663,T00001663,A001047,2025-09-17T16:36:42+00:00,560.20,INR,posted,credit
L00001664,T00001664,A000816,2026-05-01T14:53:17+00:00,4071.17,INR,posted,credit
L00001665,T00001665,A001373,2026-09-09T01:03:22+00:00,2370.37,INR,posted,credit
L00001666,T00001666,A000336,2026-02-13T18:39:43+00:00,3291.85,EUR,posted,credit
L00001667,T00001667,A001494,2026-09-12T19:44:14+00:00,4456.00,USD,posted,credit
L00001668,T00001668,A000913,2026-04-23T11:38:12+00:00,449.39,EUR,posted,credit
L00001669,T00001669,A000375,2026-01-11T15:13:12+00:00,2863.59,CAD,posted,credit
L00001670,T00001670,A000419,2025-12-10T17:39:24+00:00,4550.99,USD,posted,credit
L00001671,T00001671,A000199,2025-12-22T03:37:53+00:00,1487.64,EUR,posted,credit
L00001672,T00001672,A000685,2026-01-05T00:52:51+00:00,348.17,EUR,posted,credit
L00001673,T00001673,A000615,2025-11-29T22:39:34+00:00,2228.77,EUR,posted,credit
L00001674,T00001674,A001286,2025-12-18T20:53:59+00:00,2471.59,INR,posted,credit
L00001675,T00001675,A000726,2026-09-03T18:37:27+00:00,1333.90,EUR,posted,credit
L00001676,T00001676,A001402,2025-03-09T07:06:00+00:00,2950.14,INR,posted,credit
L00001677,T00001677,A000561,2026-08-03T07:46:36+00:00,721.75,GBP,posted,credit
L00001678,T00001678,A001150,2026-06-21T09:10:33+00:00,1412.62,USD,posted,credit
L00001679,T00001679,A000063,2026-06-04T00:26:06+00:00,883.18,GBP,posted,credit
L00001680,T00001680,A001176,2026-06-25T10:49:48+00:00,3559.81,CAD,posted,credit
L00001681,T00001681,A001374,2026-04-30T04:11:41+00:00,3609.66,USD,posted,credit
L00001682,T00001682,A000398,2026-06-09T19:19:40+00:00,4935.78,INR,posted,credit
L00001683,T00001683,A000004,2026-09-06T19:52:19+00:00,812.49,GBP,posted,credit
L00001684,T00001684,A001012,2025-01-24T14:39:01+00:00,3590.14,CAD,posted,credit
L00001685,T00001685,A000888,2026-01-05T07:22:51+00:00,796.18,CAD,posted,credit
L00001686,T00001686,A000398,2025-08-20T03:54:31+00:00,2525.31,INR,posted,credit
L00001687,T00001687,A000673,2025-04-05T11:35:31+00:00,3669.86,GBP,posted,credit
L00001688,T00001688,A000264,2025-10-28T11:57:56+00:00,888.56,GBP,posted,credit
L00001689,T00001689,A000642,2025-08-10T18:03:40+00:00,2832.81,INR,posted,credit
L00001690,T00001690,A001108,2026-05-21T09:06:55+00:00,901.92,CAD,posted,credit
L00001691,T00001691,A000118,2025-08-24T12:47:08+00:00,776.28,CAD,posted,credit
L00001692,T00001692,A001353,2025-11-23T12:02:43+00:00,3508.23,GBP,posted,credit
L00001693,T00001693,A000450,2025-03-13T21:28:22+00:00,1592.37,INR,posted,credit
L00001694,T00001694,A000409,2025-05-31T17:00:57+00:00,4540.41,CAD,posted,credit
L00001695,T00001695,A000874,2026-08-22T23:19:01+00:00,3576.24,USD,posted,credit
L00001696,T00001696,A000748,2025-12-10T01:26:45+00:00,4043.29,INR,posted,credit
L00001697,T00001697,A001477,2025-05-12T05:04:55+00:00,2613.55,CAD,posted,credit
L00001698,T00001698,A001120,2025-12-11T09:18:10+00:00,1346.30,GBP,posted,credit
L00001699,T00001699,A000731,2025-10-25T23:32:20+00:00,2603.98,USD,posted,credit
L00001700,T00001700,A001047,2025-11-03T07:04:01+00:00,2268.31,INR,posted,credit
L00001701,T00001701,A000762,2026-02-16T07:19:29+00:00,232.30,INR,posted,credit
L00001702,T00001702,A000173,2026-03-21T17:46:53+00:00,4560.34,USD,posted,credit
L00001703,T00001703,A000864,2025-06-13T01:01:23+00:00,4633.19,CAD,posted,credit
L00001704,T00001704,A001490,2026-09-05T15:27:28+00:00,2764.54,INR,posted,credit
L00001705,T00001705,A000262,2026-02-12T01:03:40+00:00,442.32,USD,posted,credit
L00001706,T00001706,A000782,2025-08-01T12:36:56+00:00,2590.54,GBP,posted,credit
L00001707,T00001707,A000056,2025-09-26T23:50:09+00:00,4847.90,EUR,posted,credit
L00001708,T00001708,A000918,2025-08-15T12:17:47+00:00,4623.76,USD,posted,credit
L00001709,T00001709,A001020,2026-02-20T20:58:52+00:00,1143.32,USD,posted,credit
L00001710,T00001710,A001216,2026-07-09T19:31:58+00:00,4782.65,INR,posted,credit
L00001711,T00001711,A000799,2025-04-29T13:38:13+00:00,2060.69,INR,posted,credit
L00001712,T00001712,A001242,2025-03-26T03:58:33+00:00,1916.28,INR,posted,credit
L00001713,T00001713,A000409,2025-03-26T03:12:03+00:00,3396.50,CAD,posted,credit
L00001714,T00001714,A001439,2025-07-30T03:51:54+00:00,681.50,GBP,posted,credit
L00001715,T00001715,A001478,2026-09-10T16:17:58+00:00,2913.78,EUR,posted,credit
L00001716,T00001716,A000128,2026-07-24T13:46:26+00:00,2311.83,CAD,posted,credit
L00001717,T00001717,A001465,2025-01-23T01:23:30+00:00,4868.28,USD,posted,credit
L00001718,T00001718,A000056,2026-01-24T20:51:03+00:00,4479.49,EUR,posted,credit
L00001719,T00001719,A000106,2025-03-02T02:25:51+00:00,4563.37,INR,posted,credit
L00001720,T00001720,A000984,2025-04-17T05:15:34+00:00,17.84,INR,posted,credit
L00001721,T00001721,A000779,2026-08-29T13:40:33+00:00,2085.04,GBP,posted,credit
L00001722,T00001722,A000167,2026-07-17T13:12:02+00:00,1934.54,GBP,posted,credit
L00001723,T00001723,A000954,2026-02-27T22:04:53+00:00,4808.01,EUR,posted,credit
L00001724,T00001724,A000171,2026-03-02T21:03:31+00:00,4164.31,USD,posted,credit
L00001725,T00001725,A001120,2026-03-16T09:12:28+00:00,4803.14,GBP,posted,credit
L00001726,T00001726,A000159,2026-04-24T20:49:47+00:00,2902.72,CAD,posted,credit
L00001727,T00001727,A000823,2025-03-29T07:44:01+00:00,1218.91,INR,posted,credit
L00001728,T00001728,A000610,2026-07-02T15:25:08+00:00,4639.01,GBP,posted,credit
L00001729,T00001729,A000732,2025-02-14T15:12:19+00:00,1742.46,GBP,posted,credit
L00001730,T00001730,A000267,2025-08-29T08:44:51+00:00,4469.95,EUR,posted,credit
L00001731,T00001731,A001145,2026-04-03T10:59:25+00:00,3087.35,USD,posted,credit
L00001732,T00001732,A001203,2026-05-01T16:39:18+00:00,4668.26,GBP,posted,credit
L00001733,T00001733,A000601,2025-07-26T18:44:58+00:00,4723.04,GBP,posted,credit
L00001734,T00001734,A001082,2025-10-07T22:50:22+00:00,4611.64,INR,posted,credit
L00001735,T00001735,A000280,2025-08-27T01:01:26+00:00,4387.19,GBP,posted,credit
L00001736,T00001736,A000635,2025-06-03T21:08:45+00:00,2019.69,GBP,posted,credit
L00001737,T00001737,A000890,2025-10-06T14:00:59+00:00,3271.91,EUR,posted,credit
L00001738,T00001738,A000964,2026-08-31T02:55:06+00:00,3550.16,EUR,posted,credit
L00001739,T00001739,A000626,2026-04-17T10:50:28+00:00,4240.79,GBP,posted,credit
L00001740,T00001740,A001019,2025-04-17T09:31:45+00:00,262.23,USD,posted,credit
L00001741,T00001741,A000374,2025-01-23T15:08:28+00:00,3012.17,USD,posted,credit
L00001742,T00001742,A000874,2025-02-18T10:12:40+00:00,634.16,USD,posted,credit
L00001743,T00001743,A000873,2025-01-22T21:24:56+00:00,1580.87,CAD,posted,credit
L00001744,T00001744,A000859,2025-07-20T10:33:52+00:00,3269.32,INR,posted,credit
L00001745,T00001745,A000714,2025-07-04T17:58:49+00:00,1012.22,USD,posted,credit
L00001746,T00001746,A001242,2026-03-21T21:59:03+00:00,1828.60,INR,posted,credit
L00001747,T00001747,A001418,2025-08-10T20:31:27+00:00,475.44,INR,posted,credit
L00001748,T00001748,A001205,2025-10-13T09:21:45+00:00,406.33,CAD,posted,credit
L00001749,T00001749,A000815,2026-02-27T21:23:02+00:00,3858.27,INR,posted,credit
L00001750,T00001750,A000228,2025-03-07T16:22:21+00:00,2634.44,EUR,posted,credit
L00001751,T00001751,A000352,2026-01-10T18:51:09+00:00,1392.38,GBP,posted,credit
L00001752,T00001752,A000022,2025-01-13T21:41:04+00:00,2451.67,CAD,posted,credit
L00001753,T00001753,A000315,2026-03-21T17:29:22+00:00,2913.12,CAD,posted,credit
L00001754,T00001754,A001007,2025-02-14T03:36:04+00:00,2324.94,EUR,posted,credit
L00001755,T00001755,A000765,2025-02-05T23:37:07+00:00,4701.57,INR,posted,credit
L00001756,T00001756,A000433,2026-06-03T22:18:48+00:00,1898.52,INR,posted,credit
L00001757,T00001757,A000910,2025-10-30T05:33:15+00:00,4015.05,CAD,posted,credit
L00001758,T00001758,A000987,2026-03-05T00:04:34+00:00,1703.36,EUR,posted,credit
L00001759,T00001759,A001151,2025-07-30T20:38:19+00:00,4864.97,EUR,posted,credit
L00001760,T00001760,A000001,2025-08-03T20:30:14+00:00,4996.46,USD,posted,credit
L00001761,T00001761,A000452,2025-07-29T00:25:38+00:00,2345.42,INR,posted,credit
L00001762,T00001762,A000738,2025-05-04T08:00:13+00:00,4662.41,USD,posted,credit
L00001763,T00001763,A000534,2026-09-06T16:38:53+00:00,1942.01,USD,posted,credit
L00001764,T00001764,A000135,2025-05-11T11:38:57+00:00,1182.08,GBP,posted,credit
L00001765,T00001765,A000689,2026-03-24T11:18:02+00:00,4480.99,INR,posted,credit
L00001766,T00001766,A000912,2026-09-04T23:31:57+00:00,1348.37,EUR,posted,credit
L00001767,T00001767,A000228,2025-10-24T18:24:37+00:00,3777.34,EUR,posted,credit
L00001768,T00001768,A000090,2026-06-18T20:53:34+00:00,1619.14,USD,posted,credit
L00001769,T00001769,A000527,2025-11-17T02:48:50+00:00,4927.89,USD,posted,credit
L00001770,T00001770,A000092,2025-10-12T17:22:51+00:00,986.22,USD,posted,credit
L00001771,T00001771,A001265,2026-05-06T01:47:11+00:00,2935.49,EUR,posted,credit
L00001772,T00001772,A000156,2026-04-29T22:05:47+00:00,1396.56,CAD,posted,credit
L00001773,T00001773,A001405,2025-02-22T20:08:16+00:00,2047.19,GBP,posted,credit
L00001774,T00001774,A000860,2025-04-15T03:44:09+00:00,1989.61,USD,posted,credit
L00001775,T00001775,A000774,2025-03-28T06:00:53+00:00,2839.59,INR,posted,credit
L00001776,T00001776,A000516,2025-07-14T14:41:49+00:00,3682.30,GBP,posted,credit
L00001777,T00001777,A001483,2026-03-31T01:01:08+00:00,1491.07,GBP,posted,credit
L00001778,T00001778,A000888,2025-09-16T08:06:07+00:00,4650.72,CAD,posted,credit
L00001779,T00001779,A001317,2025-09-23T04:20:00+00:00,4841.25,CAD,posted,credit
L00001780,T00001780,A000331,2025-03-29T08:19:54+00:00,3163.48,EUR,posted,credit
L00001781,T00001781,A000479,2025-06-14T13:48:18+00:00,2463.49,GBP,posted,credit
L00001782,T00001782,A000347,2025-04-19T16:48:58+00:00,2999.44,CAD,posted,credit
L00001783,T00001783,A000803,2025-10-26T12:23:35+00:00,1642.52,GBP,posted,credit
L00001784,T00001784,A000640,2026-08-31T13:07:22+00:00,3725.15,EUR,posted,credit
L00001785,T00001785,A000125,2025-05-28T17:13:05+00:00,2627.23,USD,posted,credit
L00001786,T00001786,A001135,2025-02-13T04:20:28+00:00,4709.75,CAD,posted,credit
L00001787,T00001787,A000518,2026-09-12T08:21:28+00:00,4029.61,USD,posted,credit
L00001788,T00001788,A001296,2026-05-03T18:42:56+00:00,3001.79,USD,posted,credit
L00001789,T00001789,A001424,2025-03-03T13:26:58+00:00,4860.14,EUR,posted,credit
L00001790,T00001790,A000172,2026-08-11T06:48:01+00:00,2707.45,INR,posted,credit
L00001791,T00001791,A001401,2025-04-16T11:10:35+00:00,1091.43,USD,posted,credit
L00001792,T00001792,A001424,2026-06-06T04:11:31+00:00,3884.42,EUR,posted,credit
L00001793,T00001793,A000064,2025-08-09T20:04:14+00:00,4349.33,GBP,posted,credit
L00001794,T00001794,A000738,2026-02-02T08:42:09+00:00,2607.31,USD,posted,credit
L00001795,T00001795,A001007,2026-07-24T11:19:01+00:00,3745.61,EUR,posted,credit
L00001796,T00001796,A000632,2025-12-29T17:28:59+00:00,2077.57,GBP,posted,credit
L00001797,T00001797,A000807,2025-08-29T06:28:57+00:00,639.03,INR,posted,credit
L00001798,T00001798,A000732,2025-05-10T10:05:26+00:00,1881.38,GBP,posted,credit
L00001799,T00001799,A000071,2025-04-19T00:56:49+00:00,328.73,USD,posted,credit
L00001800,T00001800,A001071,2026-08-19T08:14:49+00:00,1252.54,EUR,posted,credit
L00001801,T00001801,A001489,2025-12-05T13:39:16+00:00,1216.92,CAD,posted,credit
L00001802,T00001802,A000041,2025-03-25T23:14:58+00:00,143.35,CAD,posted,credit
L00001803,T00001803,A000478,2026-08-15T21:16:42+00:00,387.48,USD,posted,credit
L00001804,T00001804,A000505,2025-06-21T17:12:38+00:00,1330.37,INR,posted,credit
L00001805,T00001805,A000104,2025-08-18T16:42:21+00:00,3046.22,CAD,posted,credit
L00001806,T00001806,A000288,2025-12-04T05:28:27+00:00,4026.43,USD,posted,credit
L00001807,T00001807,A000908,2025-05-15T02:29:36+00:00,647.26,USD,posted,credit
L00001808,T00001808,A000537,2025-03-04T17:01:07+00:00,1877.95,INR,posted,credit
L00001809,T00001809,A000266,2026-01-05T12:50:40+00:00,1158.78,USD,posted,credit
L00001810,T00001810,A000652,2025-10-01T21:31:23+00:00,797.03,GBP,posted,credit
L00001811,T00001811,A000386,2025-06-06T02:19:32+00:00,3105.63,GBP,posted,credit
L00001812,T00001812,A000240,2025-07-04T22:40:46+00:00,2768.89,GBP,posted,credit
L00001813,T00001813,A001426,2025-09-19T11:26:05+00:00,4709.48,CAD,posted,credit
L00001814,T00001814,A001150,2025-12-24T17:49:41+00:00,2008.82,USD,posted,credit
L00001815,T00001815,A001460,2025-10-11T22:59:53+00:00,836.06,CAD,posted,credit
L00001816,T00001816,A000169,2026-06-19T15:28:41+00:00,2824.38,GBP,posted,credit
L00001817,T00001817,A000035,2025-09-01T07:23:39+00:00,1097.18,INR,posted,credit
L00001818,T00001818,A000299,2025-08-12T21:43:00+00:00,375.16,EUR,posted,credit
L00001819,T00001819,A000180,2025-06-04T16:07:42+00:00,2795.62,CAD,posted,credit
L00001820,T00001820,A000009,2026-07-03T08:23:34+00:00,3914.44,CAD,posted,credit
L00001821,T00001821,A001368,2026-05-04T10:41:46+00:00,1623.79,EUR,posted,credit
L00001822,T00001822,A001480,2026-04-07T21:24:09+00:00,4656.08,EUR,posted,credit
L00001823,T00001823,A001001,2026-04-30T08:33:32+00:00,1042.04,CAD,posted,credit
L00001824,T00001824,A000447,2026-05-07T22:21:22+00:00,4908.28,EUR,posted,credit
L00001825,T00001825,A001069,2026-01-03T22:56:06+00:00,3167.90,EUR,posted,credit
L00001826,T00001826,A001000,2026-01-05T02:03:50+00:00,1049.02,USD,posted,credit
L00001827,T00001827,A000301,2025-12-19T22:17:39+00:00,4665.21,USD,posted,credit
L00001828,T00001828,A000075,2026-01-28T09:45:09+00:00,4826.31,USD,posted,credit
L00001829,T00001829,A000909,2026-05-26T10:05:21+00:00,1819.49,USD,posted,credit
L00001830,T00001830,A000224,2026-08-13T22:54:42+00:00,1786.95,INR,posted,credit
L00001831,T00001831,A000565,2025-10-14T15:42:42+00:00,3075.95,GBP,posted,credit
L00001832,T00001832,A000681,2025-03-02T18:43:55+00:00,2990.99,EUR,posted,credit
L00001833,T00001833,A001195,2025-01-29T13:12:44+00:00,2790.07,CAD,posted,credit
L00001834,T00001834,A000031,2025-02-19T07:07:43+00:00,113.80,CAD,posted,credit
L00001835,T00001835,A001281,2026-04-03T22:43:18+00:00,4895.09,EUR,posted,credit
L00001836,T00001836,A000520,2025-09-06T05:58:38+00:00,627.00,USD,posted,credit
L00001837,T00001837,A001275,2025-11-14T17:37:14+00:00,3727.86,CAD,posted,credit
L00001838,T00001838,A000736,2026-05-30T08:07:00+00:00,2570.55,INR,posted,credit
L00001839,T00001839,A000495,2025-08-10T08:49:51+00:00,3847.77,INR,posted,credit
L00001840,T00001840,A000190,2026-05-24T23:50:48+00:00,4591.22,EUR,posted,credit
L00001841,T00001841,A001237,2025-01-24T01:07:50+00:00,4521.36,EUR,posted,credit
L00001842,T00001842,A000078,2026-06-23T19:59:08+00:00,1214.38,CAD,posted,credit
L00001843,T00001843,A000065,2025-10-05T00:47:55+00:00,3498.52,EUR,posted,credit
L00001844,T00001844,A000610,2025-06-23T09:54:05+00:00,1575.52,GBP,posted,credit
L00001845,T00001845,A000875,2025-10-08T02:51:26+00:00,3546.64,GBP,posted,credit
L00001846,T00001846,A000699,2025-01-02T13:07:09+00:00,293.81,EUR,posted,credit
L00001847,T00001847,A000049,2026-04-29T16:59:27+00:00,3411.23,INR,posted,credit
L00001848,T00001848,A001334,2026-01-04T15:39:28+00:00,1825.11,CAD,posted,credit
L00001849,T00001849,A000658,2025-01-12T09:30:35+00:00,3024.55,USD,posted,credit
L00001850,T00001850,A000295,2025-02-24T04:00:35+00:00,603.61,GBP,posted,credit
L00001851,T00001851,A000781,2025-01-14T11:50:11+00:00,2118.77,CAD,posted,credit
L00001852,T00001852,A001053,2026-02-19T16:39:31+00:00,423.20,EUR,posted,credit
L00001853,T00001853,A000795,2025-11-14T02:41:11+00:00,4932.62,GBP,posted,credit
L00001854,T00001854,A000157,2026-07-14T23:13:14+00:00,3073.11,USD,posted,credit
L00001855,T00001855,A001394,2025-10-19T16:16:39+00:00,3652.06,INR,posted,credit
L00001856,T00001856,A001199,2025-07-13T17:43:46+00:00,4119.18,EUR,posted,credit
L00001857,T00001857,A000520,2025-08-15T03:07:14+00:00,4081.89,USD,posted,credit
L00001858,T00001858,A001176,2026-09-12T17:23:06+00:00,2658.44,CAD,posted,credit
L00001859,T00001859,A001197,2026-07-06T20:57:22+00:00,4778.64,EUR,posted,credit
L00001860,T00001860,A000556,2025-12-25T16:21:23+00:00,4132.70,CAD,posted,credit
L00001861,T00001861,A001142,2025-06-08T17:51:52+00:00,4294.26,CAD,posted,credit
L00001862,T00001862,A000754,2025-10-11T20:26:03+00:00,3033.07,INR,posted,credit
L00001863,T00001863,A000989,2025-04-14T20:59:21+00:00,2772.28,INR,posted,credit
L00001864,T00001864,A000348,2025-09-03T14:20:03+00:00,2747.36,CAD,posted,credit
L00001865,T00001865,A000528,2025-11-01T23:47:33+00:00,1912.77,INR,posted,credit
L00001866,T00001866,A001255,2025-03-24T11:01:53+00:00,1750.73,GBP,posted,credit
L00001867,T00001867,A000375,2025-04-19T22:52:17+00:00,1787.43,CAD,posted,credit
L00001868,T00001868,A000078,2025-03-24T11:57:38+00:00,3325.54,CAD,posted,credit
L00001869,T00001869,A001186,2025-01-01T02:34:09+00:00,441.12,EUR,posted,credit
L00001870,T00001870,A000952,2025-08-23T14:38:17+00:00,161.12,EUR,posted,credit
L00001871,T00001871,A000668,2025-02-06T11:33:01+00:00,4603.05,GBP,posted,credit
L00001872,T00001872,A000972,2025-12-11T11:56:09+00:00,1824.25,INR,posted,credit
L00001873,T00001873,A000686,2026-05-14T21:38:35+00:00,2901.37,GBP,posted,credit
L00001874,T00001874,A000482,2026-05-12T18:25:37+00:00,3184.23,GBP,posted,credit
L00001875,T00001875,A000611,2025-03-19T23:58:38+00:00,2548.61,CAD,posted,credit
L00001876,T00001876,A000202,2026-05-04T07:00:25+00:00,4366.50,CAD,posted,credit
L00001877,T00001877,A000998,2026-02-02T23:31:24+00:00,3001.73,USD,posted,credit
L00001878,T00001878,A000317,2025-06-30T06:17:57+00:00,276.20,USD,posted,credit
L00001879,T00001879,A000416,2025-01-02T20:45:11+00:00,409.49,EUR,posted,credit
L00001880,T00001880,A000149,2026-08-10T08:25:42+00:00,1860.22,GBP,posted,credit
L00001881,T00001881,A000213,2026-01-26T19:41:08+00:00,4585.80,INR,posted,credit
L00001882,T00001882,A000348,2026-03-09T04:43:56+00:00,2648.67,CAD,posted,credit
L00001883,T00001883,A000071,2026-06-20T16:09:05+00:00,3121.04,USD,posted,credit
L00001884,T00001884,A000010,2025-02-11T18:24:28+00:00,790.79,GBP,posted,credit
L00001885,T00001885,A000951,2026-09-08T19:54:42+00:00,1295.55,GBP,posted,credit
L00001886,T00001886,A000250,2026-06-30T04:36:17+00:00,3737.68,EUR,posted,credit
L00001887,T00001887,A000549,2025-02-17T01:08:06+00:00,3058.25,INR,posted,credit
L00001888,T00001888,A001201,2025-09-26T02:15:49+00:00,3594.46,CAD,posted,credit
L00001889,T00001889,A000615,2025-03-05T13:20:39+00:00,3534.92,EUR,posted,credit
L00001890,T00001890,A000377,2025-02-19T11:07:48+00:00,3989.31,GBP,posted,credit
L00001891,T00001891,A000471,2025-10-15T05:59:28+00:00,465.84,CAD,posted,credit
L00001892,T00001892,A000373,2025-08-07T08:46:27+00:00,2193.51,INR,posted,credit
L00001893,T00001893,A000630,2026-06-27T06:55:44+00:00,2850.82,USD,posted,credit
L00001894,T00001894,A000411,2026-08-24T14:49:16+00:00,1662.61,GBP,posted,credit
L00001895,T00001895,A001298,2025-03-30T01:07:39+00:00,1389.03,EUR,posted,credit
L00001896,T00001896,A000330,2025-01-29T19:38:12+00:00,2202.75,GBP,posted,credit
L00001897,T00001897,A000134,2025-09-27T11:45:13+00:00,1304.99,GBP,posted,credit
L00001898,T00001898,A001235,2026-01-11T23:01:46+00:00,4497.75,CAD,posted,credit
L00001899,T00001899,A001049,2026-01-04T15:17:26+00:00,1064.27,USD,posted,credit
L00001900,T00001900,A000080,2026-05-28T06:51:14+00:00,1935.45,USD,posted,credit
L00001901,T00001901,A001351,2025-11-13T08:51:30+00:00,448.09,CAD,posted,credit
L00001902,T00001902,A000111,2025-05-11T08:13:13+00:00,3126.77,CAD,posted,credit
L00001903,T00001903,A001373,2026-05-17T23:46:15+00:00,2398.31,INR,posted,credit
L00001904,T00001904,A001096,2026-08-12T04:33:41+00:00,4590.36,USD,posted,credit
L00001905,T00001905,A000480,2026-02-19T13:17:36+00:00,369.31,CAD,posted,credit
L00001906,T00001906,A001422,2025-10-17T00:36:29+00:00,3019.90,CAD,posted,credit
L00001907,T00001907,A001218,2026-01-23T02:27:20+00:00,2101.83,INR,posted,credit
L00001908,T00001908,A000475,2025-11-30T04:08:55+00:00,1186.36,CAD,posted,credit
L00001909,T00001909,A000546,2025-01-19T15:54:34+00:00,1810.82,INR,posted,credit
L00001910,T00001910,A000270,2025-10-04T00:43:17+00:00,17.51,INR,posted,credit
L00001911,T00001911,A000124,2025-04-04T13:43:42+00:00,3656.10,GBP,posted,credit
L00001912,T00001912,A000958,2026-09-11T03:23:30+00:00,4709.25,EUR,posted,credit
L00001913,T00001913,A001223,2025-02-23T16:37:23+00:00,3004.69,GBP,posted,credit
L00001914,T00001914,A000180,2026-08-21T20:44:24+00:00,1376.49,CAD,posted,credit
L00001915,T00001915,A000095,2025-03-26T06:02:25+00:00,3605.58,USD,posted,credit
L00001916,T00001916,A000745,2025-03-24T03:32:44+00:00,3422.19,GBP,posted,credit
L00001917,T00001917,A000223,2025-04-10T23:19:15+00:00,540.34,INR,posted,credit
L00001918,T00001918,A000507,2026-02-07T09:34:39+00:00,158.60,EUR,posted,credit
L00001919,T00001919,A000450,2025-09-26T18:43:35+00:00,635.19,INR,posted,credit
L00001920,T00001920,A001395,2026-08-12T18:15:11+00:00,3347.41,INR,posted,credit
L00001921,T00001921,A000824,2025-11-17T02:31:04+00:00,503.34,EUR,posted,credit
L00001922,T00001922,A000752,2025-02-03T16:23:49+00:00,2702.36,EUR,posted,credit
L00001923,T00001923,A000231,2026-06-14T15:34:00+00:00,4990.47,INR,posted,credit
L00001924,T00001924,A000759,2026-08-19T15:15:03+00:00,1493.96,GBP,posted,credit
L00001925,T00001925,A000827,2025-12-21T21:40:18+00:00,3093.28,INR,posted,credit
L00001926,T00001926,A001187,2025-01-19T04:56:27+00:00,4678.16,USD,posted,credit
L00001927,T00001927,A000885,2025-09-27T03:59:08+00:00,1551.62,INR,posted,credit
L00001928,T00001928,A000146,2025-10-17T12:53:59+00:00,3196.11,INR,posted,credit
L00001929,T00001929,A000278,2026-05-07T17:51:07+00:00,1314.55,INR,posted,credit
L00001930,T00001930,A000217,2025-04-24T17:47:26+00:00,906.96,CAD,posted,credit
L00001931,T00001931,A000159,2026-01-11T00:54:59+00:00,3269.53,CAD,posted,credit
L00001932,T00001932,A000263,2025-08-20T23:35:56+00:00,3646.16,CAD,posted,credit
L00001933,T00001933,A001242,2026-03-12T08:21:34+00:00,4844.30,INR,posted,credit
L00001934,T00001934,A001293,2026-02-28T00:19:01+00:00,4587.81,GBP,posted,credit
L00001935,T00001935,A000407,2025-08-08T20:46:02+00:00,814.87,CAD,posted,credit
L00001936,T00001936,A001215,2025-12-20T01:21:32+00:00,4693.87,USD,posted,credit
L00001937,T00001937,A001314,2026-01-08T10:24:08+00:00,2758.08,EUR,posted,credit
L00001938,T00001938,A000536,2026-06-04T08:30:34+00:00,2952.16,USD,posted,credit
L00001939,T00001939,A000071,2025-11-09T17:07:36+00:00,4320.12,USD,posted,credit
L00001940,T00001940,A000961,2026-06-19T10:24:50+00:00,4102.62,EUR,posted,credit
L00001941,T00001941,A000903,2025-02-13T04:23:19+00:00,2579.20,CAD,posted,credit
L00001942,T00001942,A000054,2026-05-12T03:29:46+00:00,2491.36,EUR,posted,credit
L00001943,T00001943,A001147,2025-04-20T23:23:04+00:00,87.04,GBP,posted,credit
L00001944,T00001944,A000372,2026-04-30T09:44:27+00:00,1392.58,INR,posted,credit
L00001945,T00001945,A001305,2025-08-31T12:29:17+00:00,783.86,CAD,posted,credit
L00001946,T00001946,A000596,2025-01-09T03:03:27+00:00,4617.93,GBP,posted,credit
L00001947,T00001947,A001482,2026-08-16T06:06:10+00:00,554.12,EUR,posted,credit
L00001948,T00001948,A000500,2025-11-24T13:00:36+00:00,2411.69,INR,posted,credit
L00001949,T00001949,A000028,2026-06-24T03:18:42+00:00,2135.75,GBP,posted,credit
L00001950,T00001950,A000122,2025-04-24T16:09:00+00:00,3633.29,INR,posted,credit
L00001951,T00001951,A001030,2026-07-05T04:54:54+00:00,2389.89,CAD,posted,credit
L00001952,T00001952,A000070,2026-05-29T08:48:18+00:00,4757.53,INR,posted,credit
L00001953,T00001953,A001371,2026-07-22T07:45:51+00:00,15.73,CAD,posted,credit
L00001954,T00001954,A001031,2026-06-26T03:28:22+00:00,2786.79,EUR,posted,credit
L00001955,T00001955,A001133,2025-09-02T16:05:58+00:00,2536.13,GBP,posted,credit
L00001956,T00001956,A000003,2026-07-23T11:43:38+00:00,3466.76,EUR,posted,credit
L00001957,T00001957,A000373,2025-10-06T17:53:04+00:00,4804.03,INR,posted,credit
L00001958,T00001958,A000590,2026-08-17T00:10:29+00:00,1557.41,EUR,posted,credit
L00001959,T00001959,A000147,2026-06-10T00:30:47+00:00,4759.75,CAD,posted,credit
L00001960,T00001960,A000134,2025-12-02T13:21:43+00:00,356.92,GBP,posted,credit
L00001961,T00001961,A000674,2026-01-19T22:44:34+00:00,3168.91,USD,posted,credit
L00001962,T00001962,A000140,2026-04-15T18:42:54+00:00,2734.05,EUR,posted,credit
L00001963,T00001963,A000209,2026-04-29T09:22:13+00:00,1900.99,GBP,posted,credit
L00001964,T00001964,A000064,2025-08-20T14:29:39+00:00,750.38,GBP,posted,credit
L00001965,T00001965,A000495,2025-07-04T08:50:01+00:00,962.05,INR,posted,credit
L00001966,T00001966,A001194,2025-08-07T13:08:01+00:00,3167.59,USD,posted,credit
L00001967,T00001967,A000712,2026-05-04T01:31:44+00:00,2007.50,INR,posted,credit
L00001968,T00001968,A001042,2025-02-23T01:53:59+00:00,3730.22,USD,posted,credit
L00001969,T00001969,A000427,2026-05-01T09:01:57+00:00,3758.49,USD,posted,credit
L00001970,T00001970,A000879,2026-02-14T13:14:36+00:00,4084.30,CAD,posted,credit
L00001971,T00001971,A000747,2025-11-07T04:15:10+00:00,3426.94,CAD,posted,credit
L00001972,T00001972,A001107,2026-09-02T14:08:56+00:00,3935.58,USD,posted,credit
L00001973,T00001973,A000664,2026-01-23T01:49:03+00:00,4239.56,GBP,posted,credit
L00001974,T00001974,A001034,2025-11-03T19:38:27+00:00,2117.93,INR,posted,credit
L00001975,T00001975,A000763,2025-10-03T21:07:34+00:00,3845.37,CAD,posted,credit
L00001976,T00001976,A000454,2025-06-21T01:11:50+00:00,3011.90,EUR,posted,credit
L00001977,T00001977,A000304,2025-05-30T17:16:41+00:00,1652.42,EUR,posted,credit
L00001978,T00001978,A000312,2025-05-23T21:40:45+00:00,3496.44,EUR,posted,credit
L00001979,T00001979,A001155,2026-07-02T13:26:37+00:00,199.35,USD,posted,credit
L00001980,T00001980,A001248,2026-07-01T15:59:09+00:00,4306.41,INR,posted,credit
L00001981,T00001981,A001088,2025-10-27T22:53:40+00:00,4379.36,INR,posted,credit
L00001982,T00001982,A001485,2026-04-24T12:53:58+00:00,1224.78,INR,posted,credit
L00001983,T00001983,A000485,2025-08-07T09:18:51+00:00,1917.32,EUR,posted,credit
L00001984,T00001984,A000136,2026-06-22T17:07:16+00:00,2737.83,CAD,posted,credit
L00001985,T00001985,A001321,2026-06-05T04:51:49+00:00,3707.96,CAD,posted,credit
L00001986,T00001986,A000694,2025-11-12T19:34:40+00:00,4359.55,GBP,posted,credit
L00001987,T00001987,A000559,2026-06-17T05:54:47+00:00,4696.63,GBP,posted,credit
L00001988,T00001988,A000779,2025-08-20T03:01:31+00:00,2332.44,GBP,posted,credit
L00001989,T00001989,A001194,2025-10-28T16:16:47+00:00,1188.29,USD,posted,credit
L00001990,T00001990,A001203,2026-02-24T06:59:39+00:00,4788.23,GBP,posted,credit
L00001991,T00001991,A000187,2026-03-15T00:57:08+00:00,2524.22,GBP,posted,credit
L00001992,T00001992,A000604,2025-08-06T05:46:52+00:00,1497.87,CAD,posted,credit
L00001993,T00001993,A000669,2025-02-06T08:45:24+00:00,1361.78,GBP,posted,credit
L00001994,T00001994,A001079,2025-11-17T14:32:31+00:00,2184.36,INR,posted,credit
L00001995,T00001995,A001460,2025-07-28T01:12:01+00:00,2772.17,CAD,posted,credit
L00001996,T00001996,A000240,2026-07-13T00:16:04+00:00,4892.96,GBP,posted,credit
L00001997,T00001997,A000990,2026-07-19T05:14:27+00:00,4638.00,USD,posted,credit
L00001998,T00001998,A000963,2025-08-24T13:03:23+00:00,3202.87,CAD,posted,credit
L00001999,T00001999,A000023,2026-03-13T11:26:10+00:00,1407.11,CAD,posted,credit
L00002000,T00002000,A000943,2026-06-28T02:36:20+00:00,4966.61,USD,posted,credit
L00002001,T00002001,A001149,2025-05-14T01:45:44+00:00,383.66,GBP,posted,credit
L00002002,T00002002,A000531,2025-07-18T20:43:51+00:00,1406.57,EUR,posted,credit
L00002003,T00002003,A000910,2025-10-23T17:13:48+00:00,2761.00,CAD,posted,credit
L00002004,T00002004,A001442,2025-08-09T21:23:22+00:00,1110.24,INR,posted,credit
L00002005,T00002005,A000927,2025-11-21T04:49:32+00:00,3597.25,EUR,posted,credit
L00002006,T00002006,A001264,2025-10-29T04:26:00+00:00,2702.02,EUR,posted,credit
L00002007,T00002007,A000460,2026-04-27T16:54:53+00:00,3607.94,CAD,posted,credit
L00002008,T00002008,A000290,2025-09-16T19:50:43+00:00,2209.15,USD,posted,credit
L00002009,T00002009,A000414,2025-04-20T23:56:05+00:00,4380.27,EUR,posted,credit
L00002010,T00002010,A000207,2026-01-29T00:14:15+00:00,2819.90,GBP,posted,credit
L00002011,T00002011,A001174,2025-05-17T01:55:39+00:00,2804.32,CAD,posted,credit
L00002012,T00002012,A000148,2026-07-05T18:07:52+00:00,2008.25,INR,posted,credit
L00002013,T00002013,A001143,2026-04-27T18:48:04+00:00,4623.26,GBP,posted,credit
L00002014,T00002014,A000898,2025-05-13T04:55:34+00:00,4636.15,INR,posted,credit
L00002015,T00002015,A000769,2025-01-06T08:18:26+00:00,3659.70,CAD,posted,credit
L00002016,T00002016,A000902,2025-09-05T08:37:30+00:00,4893.19,EUR,posted,credit
L00002017,T00002017,A001046,2026-02-08T12:12:01+00:00,339.05,INR,posted,credit
L00002018,T00002018,A001186,2025-08-21T23:27:19+00:00,1949.15,EUR,posted,credit
L00002019,T00002019,A000193,2025-08-20T10:27:51+00:00,4877.13,USD,posted,credit
L00002020,T00002020,A001235,2026-08-17T11:45:50+00:00,4110.65,CAD,posted,credit
L00002021,T00002021,A001082,2026-06-18T21:48:33+00:00,804.17,INR,posted,credit
L00002022,T00002022,A000621,2026-02-22T10:29:12+00:00,2010.64,INR,posted,credit
L00002023,T00002023,A000934,2025-06-29T12:45:43+00:00,176.45,EUR,posted,credit
L00002024,T00002024,A000875,2026-01-17T13:54:03+00:00,3374.93,GBP,posted,credit
L00002025,T00002025,A000365,2025-04-15T21:34:39+00:00,3240.90,EUR,posted,credit
L00002026,T00002026,A000542,2025-06-03T08:45:06+00:00,1174.72,USD,posted,credit
L00002027,T00002027,A001355,2025-06-30T11:55:58+00:00,3912.41,USD,posted,credit
L00002028,T00002028,A000504,2025-04-30T03:42:27+00:00,3804.46,CAD,posted,credit
L00002029,T00002029,A000015,2025-09-12T03:33:19+00:00,1973.38,GBP,posted,credit
L00002030,T00002030,A000103,2025-06-28T14:31:44+00:00,4575.96,GBP,posted,credit
L00002031,T00002031,A000101,2026-07-24T14:36:23+00:00,1151.27,GBP,posted,credit
L00002032,T00002032,A001273,2026-07-07T22:36:56+00:00,1476.28,CAD,posted,credit
L00002033,T00002033,A000432,2026-01-29T07:16:11+00:00,4271.99,GBP,posted,credit
L00002034,T00002034,A001206,2025-09-23T22:28:22+00:00,3221.97,INR,posted,credit
L00002035,T00002035,A000802,2026-08-23T11:38:22+00:00,3526.36,INR,posted,credit
L00002036,T00002036,A000875,2025-07-22T20:19:15+00:00,3106.27,GBP,posted,credit
L00002037,T00002037,A001289,2026-06-08T14:03:23+00:00,4796.73,CAD,posted,credit
L00002038,T00002038,A000679,2025-10-22T17:56:44+00:00,3876.01,INR,posted,credit
L00002039,T00002039,A001095,2026-07-12T00:48:48+00:00,1117.41,INR,posted,credit
L00002040,T00002040,A000830,2026-01-04T21:41:19+00:00,2376.20,CAD,posted,credit
L00002041,T00002041,A000958,2026-01-18T13:54:55+00:00,4895.96,EUR,posted,credit
L00002042,T00002042,A000989,2025-11-23T16:28:04+00:00,640.54,INR,posted,credit
L00002043,T00002043,A000047,2025-01-07T20:34:43+00:00,4551.45,GBP,posted,credit
L00002044,T00002044,A001168,2026-08-16T05:48:59+00:00,1857.10,EUR,posted,credit
L00002045,T00002045,A000901,2026-06-18T12:52:00+00:00,3112.32,GBP,posted,credit
L00002046,T00002046,A000209,2025-12-10T10:37:01+00:00,4109.09,GBP,posted,credit
L00002047,T00002047,A000809,2025-01-08T02:28:21+00:00,2139.48,GBP,posted,credit
L00002048,T00002048,A001074,2026-06-01T20:40:03+00:00,1837.34,USD,posted,credit
L00002049,T00002049,A001013,2025-11-24T20:31:48+00:00,456.15,USD,posted,credit
L00002050,T00002050,A001038,2026-01-24T10:46:26+00:00,3242.61,USD,posted,credit
L00002051,T00002051,A000912,2026-02-08T17:11:26+00:00,3598.56,EUR,posted,credit
L00002052,T00002052,A000901,2026-09-04T16:03:13+00:00,3582.99,GBP,posted,credit
L00002053,T00002053,A001113,2025-03-25T04:55:36+00:00,4308.69,GBP,posted,credit
L00002054,T00002054,A000006,2025-10-19T20:58:08+00:00,915.23,CAD,posted,credit
L00002055,T00002055,A000103,2025-06-09T00:39:39+00:00,2633.00,GBP,posted,credit
L00002056,T00002056,A001366,2025-01-24T21:52:13+00:00,1516.65,CAD,posted,credit
L00002057,T00002057,A000249,2026-04-07T06:01:06+00:00,4909.50,GBP,posted,credit
L00002058,T00002058,A001071,2025-06-20T08:56:09+00:00,1257.47,EUR,posted,credit
L00002059,T00002059,A000144,2025-03-19T14:06:51+00:00,1900.54,CAD,posted,credit
L00002060,T00002060,A000180,2025-07-26T23:13:45+00:00,908.96,CAD,posted,credit
L00002061,T00002061,A000512,2026-04-22T14:31:10+00:00,2197.31,GBP,posted,credit
L00002062,T00002062,A000632,2025-06-03T12:22:41+00:00,4769.58,GBP,posted,credit
L00002063,T00002063,A000915,2025-08-05T08:58:45+00:00,3601.97,GBP,posted,credit
L00002064,T00002064,A000881,2025-10-26T22:03:58+00:00,2785.23,EUR,posted,credit
L00002065,T00002065,A000722,2025-09-25T21:02:17+00:00,4736.99,EUR,posted,credit
L00002066,T00002066,A000778,2025-03-12T00:40:22+00:00,1352.58,USD,posted,credit
L00002067,T00002067,A001418,2025-11-26T16:17:41+00:00,600.03,INR,posted,credit
L00002068,T00002068,A000248,2025-08-28T20:00:10+00:00,3460.20,GBP,posted,credit
L00002069,T00002069,A001415,2025-03-12T20:55:01+00:00,2522.82,USD,posted,credit
L00002070,T00002070,A000515,2025-04-22T10:10:56+00:00,571.57,GBP,posted,credit
L00002071,T00002071,A000553,2025-01-03T15:32:46+00:00,996.15,INR,posted,credit
L00002072,T00002072,A000036,2025-07-25T17:07:23+00:00,363.80,INR,posted,credit
L00002073,T00002073,A001207,2025-11-14T04:34:19+00:00,1294.75,GBP,posted,credit
L00002074,T00002074,A001154,2025-01-03T09:25:27+00:00,4790.84,EUR,posted,credit
L00002075,T00002075,A000968,2026-05-21T22:20:53+00:00,4090.85,GBP,posted,credit
L00002076,T00002076,A001306,2026-06-30T12:12:06+00:00,724.71,EUR,posted,credit
L00002077,T00002077,A001407,2026-08-07T21:01:56+00:00,4257.90,CAD,posted,credit
L00002078,T00002078,A000481,2026-02-24T14:54:15+00:00,2646.16,EUR,posted,credit
L00002079,T00002079,A001079,2026-04-24T13:23:40+00:00,3990.03,INR,posted,credit
L00002080,T00002080,A000804,2025-02-28T22:42:44+00:00,1501.44,CAD,posted,credit
L00002081,T00002081,A000873,2026-04-24T03:33:46+00:00,4254.43,CAD,posted,credit
L00002082,T00002082,A000713,2025-11-08T07:31:27+00:00,4297.84,EUR,posted,credit
L00002083,T00002083,A000100,2026-02-06T18:28:24+00:00,4383.88,USD,posted,credit
L00002084,T00002084,A001007,2025-03-21T18:55:44+00:00,1470.40,EUR,posted,credit
L00002085,T00002085,A000795,2025-04-26T18:56:23+00:00,290.54,GBP,posted,credit
L00002086,T00002086,A000475,2026-07-29T16:56:10+00:00,184.49,CAD,posted,credit
L00002087,T00002087,A001458,2026-02-15T04:52:29+00:00,3401.90,INR,posted,credit
L00002088,T00002088,A000619,2025-03-02T09:53:54+00:00,580.08,INR,posted,credit
L00002089,T00002089,A000237,2025-08-15T12:26:40+00:00,1534.91,CAD,posted,credit
L00002090,T00002090,A000298,2025-02-07T05:51:55+00:00,4624.87,INR,posted,credit
L00002091,T00002091,A000862,2026-08-27T20:08:06+00:00,4278.49,GBP,posted,credit
L00002092,T00002092,A000730,2026-04-05T04:20:26+00:00,3377.89,GBP,posted,credit
L00002093,T00002093,A000490,2026-03-20T13:24:41+00:00,4977.92,USD,posted,credit
L00002094,T00002094,A000247,2026-08-20T15:07:35+00:00,329.29,INR,posted,credit
L00002095,T00002095,A001389,2026-05-23T09:51:14+00:00,478.87,INR,posted,credit
L00002096,T00002096,A000010,2026-02-22T00:32:08+00:00,118.28,GBP,posted,credit
L00002097,T00002097,A000741,2026-05-14T23:52:05+00:00,2499.58,EUR,posted,credit
L00002098,T00002098,A000639,2025-03-16T03:36:59+00:00,1756.09,CAD,posted,credit
L00002099,T00002099,A000175,2025-06-08T05:34:34+00:00,4248.84,GBP,posted,credit
L00002100,T00002100,A001196,2026-03-20T13:06:53+00:00,2534.63,USD,posted,credit
L00002101,T00002101,A000776,2026-02-25T20:15:46+00:00,2953.89,INR,posted,credit
L00002102,T00002102,A000060,2026-03-17T07:18:35+00:00,4215.46,USD,posted,credit
L00002103,T00002103,A001115,2026-06-24T19:51:16+00:00,401.13,GBP,posted,credit
L00002104,T00002104,A001273,2026-04-25T13:49:39+00:00,1837.03,CAD,posted,credit
L00002105,T00002105,A001199,2025-01-22T12:21:56+00:00,714.58,EUR,posted,credit
L00002106,T00002106,A000472,2025-10-18T02:47:33+00:00,2624.63,USD,posted,credit
L00002107,T00002107,A000288,2026-04-03T18:29:32+00:00,702.18,USD,posted,credit
L00002108,T00002108,A001292,2025-11-16T07:05:30+00:00,3121.68,CAD,posted,credit
L00002109,T00002109,A001007,2026-08-06T11:04:58+00:00,2338.17,EUR,posted,credit
L00002110,T00002110,A000611,2026-07-01T12:57:55+00:00,2112.51,CAD,posted,credit
L00002111,T00002111,A001328,2025-07-04T12:44:16+00:00,4500.77,CAD,posted,credit
L00002112,T00002112,A001486,2026-09-10T10:13:49+00:00,2563.76,CAD,posted,credit
L00002113,T00002113,A001341,2025-06-23T15:05:31+00:00,3575.03,CAD,posted,credit
L00002114,T00002114,A001419,2026-05-11T19:39:45+00:00,4366.23,CAD,posted,credit
L00002115,T00002115,A000577,2026-06-16T06:46:27+00:00,1944.29,GBP,posted,credit
L00002116,T00002116,A000602,2026-01-20T07:07:54+00:00,1786.16,INR,posted,credit
L00002117,T00002117,A000802,2026-03-04T00:59:29+00:00,2027.36,INR,posted,credit
L00002118,T00002118,A001199,2025-03-17T22:18:01+00:00,3697.63,EUR,posted,credit
L00002119,T00002119,A000483,2025-02-14T02:49:41+00:00,1360.15,USD,posted,credit
L00002120,T00002120,A001449,2026-02-06T02:40:56+00:00,2719.88,EUR,posted,credit
L00002121,T00002121,A000628,2025-06-28T02:44:02+00:00,2493.29,GBP,posted,credit
L00002122,T00002122,A000794,2025-09-04T22:36:41+00:00,1054.18,INR,posted,credit
L00002123,T00002123,A000202,2026-05-02T02:20:07+00:00,3466.77,CAD,posted,credit
L00002124,T00002124,A000980,2025-07-05T19:18:20+00:00,9.37,CAD,posted,credit
L00002125,T00002125,A000873,2026-01-04T15:13:19+00:00,4281.33,CAD,posted,credit
L00002126,T00002126,A001078,2025-08-08T02:22:35+00:00,4391.45,USD,posted,credit
L00002127,T00002127,A000396,2026-09-11T09:18:26+00:00,126.68,USD,posted,credit
L00002128,T00002128,A000079,2026-08-30T05:22:17+00:00,1051.02,CAD,posted,credit
L00002129,T00002129,A000980,2025-06-01T14:55:31+00:00,1508.38,CAD,posted,credit
L00002130,T00002130,A001166,2026-07-01T20:43:09+00:00,3925.44,CAD,posted,credit
L00002131,T00002131,A001014,2025-10-29T14:17:32+00:00,1251.76,INR,posted,credit
L00002132,T00002132,A000025,2025-06-30T08:10:43+00:00,2674.00,USD,posted,credit
L00002133,T00002133,A001405,2026-01-18T16:30:49+00:00,2165.98,GBP,posted,credit
L00002134,T00002134,A000259,2026-02-24T15:02:01+00:00,3119.43,USD,posted,credit
L00002135,T00002135,A001033,2025-06-09T17:39:40+00:00,3854.48,GBP,posted,credit
L00002136,T00002136,A000947,2025-04-21T05:15:46+00:00,381.17,CAD,posted,credit
L00002137,T00002137,A000200,2026-06-25T04:50:47+00:00,3378.16,EUR,posted,credit
L00002138,T00002138,A000006,2026-03-23T05:30:55+00:00,3369.21,CAD,posted,credit
L00002139,T00002139,A001246,2026-08-24T06:22:47+00:00,2215.14,USD,posted,credit
L00002140,T00002140,A000941,2026-04-04T16:29:46+00:00,4378.23,EUR,posted,credit
L00002141,T00002141,A001361,2025-10-02T02:47:09+00:00,2859.26,EUR,posted,credit
L00002142,T00002142,A001311,2026-08-27T09:22:00+00:00,3388.21,USD,posted,credit
L00002143,T00002143,A000030,2025-07-14T03:11:20+00:00,1172.98,EUR,posted,credit
L00002144,T00002144,A000524,2025-03-02T11:31:37+00:00,1481.03,USD,posted,credit
L00002145,T00002145,A000997,2025-04-23T10:09:30+00:00,2271.82,USD,posted,credit
L00002146,T00002146,A000586,2026-06-26T02:58:21+00:00,412.54,CAD,posted,credit
L00002147,T00002147,A000104,2025-03-02T12:57:01+00:00,1281.70,CAD,posted,credit
L00002148,T00002148,A000612,2025-05-01T02:18:26+00:00,1935.95,INR,posted,credit
L00002149,T00002149,A001334,2026-04-28T06:04:34+00:00,3998.04,CAD,posted,credit
L00002150,T00002150,A000520,2025-12-31T08:09:29+00:00,3976.63,USD,posted,credit
L00002151,T00002151,A000256,2026-05-24T10:26:52+00:00,4520.50,CAD,posted,credit
L00002152,T00002152,A000317,2025-10-11T12:40:34+00:00,2904.37,USD,posted,credit
L00002153,T00002153,A000602,2025-07-07T14:26:14+00:00,2374.19,INR,posted,credit
L00002154,T00002154,A000674,2025-12-10T15:29:14+00:00,938.01,USD,posted,credit
L00002155,T00002155,A000736,2026-02-16T07:38:04+00:00,3154.25,INR,posted,credit
L00002156,T00002156,A001074,2026-05-18T03:54:40+00:00,1634.40,USD,posted,credit
L00002157,T00002157,A000419,2026-06-03T01:13:20+00:00,2015.41,USD,posted,credit
L00002158,T00002158,A000325,2025-10-14T20:42:55+00:00,744.68,USD,posted,credit
L00002159,T00002159,A000331,2026-02-25T23:31:57+00:00,1674.35,EUR,posted,credit
L00002160,T00002160,A001055,2025-02-28T19:24:32+00:00,1772.03,CAD,posted,credit
L00002161,T00002161,A001069,2026-07-24T09:49:48+00:00,3365.48,EUR,posted,credit
L00002162,T00002162,A001432,2026-07-19T16:12:14+00:00,1114.82,USD,posted,credit
L00002163,T00002163,A000604,2025-05-30T08:06:24+00:00,1915.81,CAD,posted,credit
L00002164,T00002164,A000840,2026-04-24T00:33:06+00:00,1827.99,CAD,posted,credit
L00002165,T00002165,A000849,2026-01-03T14:18:48+00:00,3083.09,USD,posted,credit
L00002166,T00002166,A000885,2026-08-21T16:25:53+00:00,1873.86,INR,posted,credit
L00002167,T00002167,A000658,2026-01-27T21:20:58+00:00,3073.11,USD,posted,credit
L00002168,T00002168,A001293,2025-08-20T15:39:45+00:00,1292.40,GBP,posted,credit
L00002169,T00002169,A000752,2025-07-18T10:07:13+00:00,2848.36,EUR,posted,credit
L00002170,T00002170,A000837,2026-07-14T00:43:09+00:00,4190.10,EUR,posted,credit
L00002171,T00002171,A000777,2026-06-15T05:02:41+00:00,1516.83,CAD,posted,credit
L00002172,T00002172,A001079,2025-11-18T01:57:18+00:00,2194.39,INR,posted,credit
L00002173,T00002173,A000777,2025-10-03T02:32:09+00:00,292.58,CAD,posted,credit
L00002174,T00002174,A001038,2025-06-09T03:52:21+00:00,749.47,USD,posted,credit
L00002175,T00002175,A001305,2025-04-20T12:50:48+00:00,1020.84,CAD,posted,credit
L00002176,T00002176,A000364,2026-05-04T06:28:06+00:00,4623.56,GBP,posted,credit
L00002177,T00002177,A000570,2025-03-14T15:37:48+00:00,4720.91,CAD,posted,credit
L00002178,T00002178,A001221,2026-04-20T13:19:44+00:00,1262.38,USD,posted,credit
L00002179,T00002179,A001263,2025-01-11T01:45:09+00:00,2446.87,EUR,posted,credit
L00002180,T00002180,A001152,2025-08-29T01:43:21+00:00,4710.94,USD,posted,credit
L00002181,T00002181,A000616,2026-03-19T07:48:18+00:00,3790.57,INR,posted,credit
L00002182,T00002182,A000050,2026-06-17T14:57:09+00:00,4070.83,INR,posted,credit
L00002183,T00002183,A000111,2026-06-15T02:32:34+00:00,231.91,CAD,posted,credit
L00002184,T00002184,A000430,2026-07-01T13:43:49+00:00,2537.14,EUR,posted,credit
L00002185,T00002185,A001011,2026-07-13T10:26:01+00:00,1093.82,CAD,posted,credit
L00002186,T00002186,A001227,2025-11-03T22:28:23+00:00,3181.36,USD,posted,credit
L00002187,T00002187,A000270,2025-07-19T06:26:59+00:00,636.77,INR,posted,credit
L00002188,T00002188,A000435,2025-08-01T14:14:17+00:00,610.92,EUR,posted,credit
L00002189,T00002189,A000727,2025-03-21T06:12:36+00:00,743.80,CAD,posted,credit
L00002190,T00002190,A000869,2025-06-14T16:59:21+00:00,1678.51,INR,posted,credit
L00002191,T00002191,A000867,2025-12-26T06:29:02+00:00,4282.04,INR,posted,credit
L00002192,T00002192,A001182,2026-03-09T16:36:27+00:00,4990.10,INR,posted,credit
L00002193,T00002193,A001348,2025-10-06T22:09:10+00:00,3467.62,GBP,posted,credit
L00002194,T00002194,A000149,2026-09-08T03:40:16+00:00,251.00,GBP,posted,credit
L00002195,T00002195,A000916,2025-05-04T05:59:43+00:00,3790.43,USD,posted,credit
L00002196,T00002196,A000347,2025-07-18T18:08:26+00:00,1806.53,CAD,posted,credit
L00002197,T00002197,A000323,2025-11-28T05:12:36+00:00,991.99,USD,posted,credit
L00002198,T00002198,A001017,2026-03-08T14:24:52+00:00,3958.27,EUR,posted,credit
L00002199,T00002199,A000803,2025-03-21T21:43:02+00:00,1994.36,GBP,posted,credit
L00002200,T00002200,A001062,2025-08-01T18:55:09+00:00,3312.89,USD,posted,credit
L00002201,T00002201,A001073,2025-11-28T09:34:02+00:00,789.48,GBP,posted,credit
L00002202,T00002202,A001412,2025-10-05T18:44:19+00:00,1474.95,EUR,posted,credit
L00002203,T00002203,A000650,2025-09-23T19:52:40+00:00,4944.69,CAD,posted,credit
L00002204,T00002204,A000464,2025-07-11T13:49:04+00:00,4970.36,CAD,posted,credit
L00002205,T00002205,A000032,2025-09-12T22:54:21+00:00,3595.54,GBP,posted,credit
L00002206,T00002206,A000624,2025-08-15T11:42:02+00:00,1049.21,GBP,posted,credit
L00002207,T00002207,A001006,2026-03-25T22:33:23+00:00,550.78,USD,posted,credit
L00002208,T00002208,A000864,2025-05-30T22:01:40+00:00,1156.20,CAD,posted,credit
L00002209,T00002209,A001153,2025-04-13T06:46:25+00:00,4966.96,GBP,posted,credit
L00002210,T00002210,A000260,2025-03-05T22:27:08+00:00,3189.45,USD,posted,credit
L00002211,T00002211,A000189,2026-07-28T17:25:18+00:00,3379.38,INR,posted,credit
L00002212,T00002212,A001183,2025-04-18T20:32:04+00:00,4797.91,EUR,posted,credit
L00002213,T00002213,A000298,2026-04-16T07:36:41+00:00,1180.86,INR,posted,credit
L00002214,T00002214,A000325,2025-06-29T11:46:20+00:00,208.36,USD,posted,credit
L00002215,T00002215,A000876,2025-06-16T21:03:24+00:00,550.35,CAD,posted,credit
L00002216,T00002216,A000560,2026-02-22T09:17:06+00:00,3023.15,USD,posted,credit
L00002217,T00002217,A000374,2026-07-31T19:38:13+00:00,549.31,USD,posted,credit
L00002218,T00002218,A001413,2026-05-25T22:45:21+00:00,4507.70,INR,posted,credit
L00002219,T00002219,A001224,2026-08-26T13:37:27+00:00,910.46,INR,posted,credit
L00002220,T00002220,A001081,2025-10-09T11:40:39+00:00,2278.41,INR,posted,credit
L00002221,T00002221,A000346,2025-01-28T18:52:10+00:00,3790.09,INR,posted,credit
L00002222,T00002222,A000060,2025-07-26T22:25:35+00:00,4734.09,USD,posted,credit
L00002223,T00002223,A001477,2025-08-22T15:27:21+00:00,701.20,CAD,posted,credit
L00002224,T00002224,A001255,2025-12-15T16:39:36+00:00,1511.90,GBP,posted,credit
L00002225,T00002225,A001328,2025-03-07T23:09:32+00:00,3042.16,CAD,posted,credit
L00002226,T00002226,A000110,2025-07-15T03:13:23+00:00,1500.13,INR,posted,credit
L00002227,T00002227,A001079,2025-07-06T09:43:30+00:00,3686.93,INR,posted,credit
L00002228,T00002228,A000786,2025-06-03T08:16:18+00:00,2604.35,USD,posted,credit
L00002229,T00002229,A000316,2026-03-29T13:50:09+00:00,4913.57,INR,posted,credit
L00002230,T00002230,A000975,2025-12-03T16:40:57+00:00,3463.22,USD,posted,credit
L00002231,T00002231,A000628,2025-07-25T15:20:16+00:00,2746.32,GBP,posted,credit
L00002232,T00002232,A001023,2025-03-13T09:56:48+00:00,1690.96,USD,posted,credit
L00002233,T00002233,A000436,2025-05-24T21:02:08+00:00,4168.20,USD,posted,credit
L00002234,T00002234,A001315,2025-11-14T13:48:20+00:00,2571.45,USD,posted,credit
L00002235,T00002235,A000622,2025-04-09T21:59:00+00:00,1948.92,GBP,posted,credit
L00002236,T00002236,A000121,2026-05-10T20:56:59+00:00,1109.49,EUR,posted,credit
L00002237,T00002237,A000454,2025-11-01T19:21:43+00:00,2592.99,EUR,posted,credit
L00002238,T00002238,A000838,2026-08-03T06:35:08+00:00,4301.29,CAD,posted,credit
L00002239,T00002239,A001403,2025-01-30T04:27:44+00:00,1394.84,CAD,posted,credit
L00002240,T00002240,A001059,2026-01-12T11:25:59+00:00,2725.10,INR,posted,credit
L00002241,T00002241,A000396,2026-07-01T22:51:51+00:00,668.00,USD,posted,credit
L00002242,T00002242,A000784,2026-07-13T06:24:45+00:00,1542.25,GBP,posted,credit
L00002243,T00002243,A000931,2025-08-26T18:58:36+00:00,1836.62,INR,posted,credit
L00002244,T00002244,A000670,2025-12-19T00:52:41+00:00,3891.23,GBP,posted,credit
L00002245,T00002245,A000379,2025-05-11T11:08:48+00:00,3342.50,GBP,posted,credit
L00002246,T00002246,A000380,2025-08-23T06:23:19+00:00,4904.67,EUR,posted,credit
L00002247,T00002247,A000519,2025-03-25T10:37:07+00:00,1216.71,USD,posted,credit
L00002248,T00002248,A000289,2025-09-18T07:29:31+00:00,4089.18,EUR,posted,credit
L00002249,T00002249,A000211,2026-07-30T12:53:07+00:00,3771.79,USD,posted,credit
L00002250,T00002250,A001457,2025-02-20T19:15:36+00:00,3863.17,INR,posted,credit
L00002251,T00002251,A000353,2025-10-13T21:40:12+00:00,1878.28,USD,posted,credit
L00002252,T00002252,A000815,2025-06-26T14:15:21+00:00,4278.13,INR,posted,credit
L00002253,T00002253,A000328,2026-08-17T20:56:31+00:00,343.81,INR,posted,credit
L00002254,T00002254,A000502,2025-04-18T16:47:56+00:00,3354.41,USD,posted,credit
L00002255,T00002255,A000038,2025-09-14T19:45:50+00:00,599.04,USD,posted,credit
L00002256,T00002256,A001176,2026-05-17T03:16:38+00:00,3412.37,CAD,posted,credit
L00002257,T00002257,A001237,2025-04-24T12:41:35+00:00,4738.93,EUR,posted,credit
L00002258,T00002258,A000882,2025-01-24T14:47:42+00:00,340.59,USD,posted,credit
L00002259,T00002259,A000438,2026-08-15T10:00:09+00:00,3807.50,USD,posted,credit
L00002260,T00002260,A000621,2025-11-16T08:05:06+00:00,4932.66,INR,posted,credit
L00002261,T00002261,A000706,2026-03-28T01:48:35+00:00,4601.50,INR,posted,credit
L00002262,T00002262,A000941,2025-11-03T16:20:49+00:00,3877.45,EUR,posted,credit
L00002263,T00002263,A001414,2025-04-22T16:31:37+00:00,3331.28,EUR,posted,credit
L00002264,T00002264,A001005,2025-11-18T09:21:53+00:00,1108.52,GBP,posted,credit
L00002265,T00002265,A000973,2025-08-18T00:55:41+00:00,1665.84,CAD,posted,credit
L00002266,T00002266,A000354,2025-12-30T18:06:47+00:00,1082.76,CAD,posted,credit
L00002267,T00002267,A000901,2025-12-31T21:44:57+00:00,3188.23,GBP,posted,credit
L00002268,T00002268,A000814,2026-03-01T13:56:53+00:00,1498.64,USD,posted,credit
L00002269,T00002269,A000436,2025-03-22T19:48:14+00:00,1078.50,USD,posted,credit
L00002270,T00002270,A000134,2026-07-09T18:00:07+00:00,3046.63,GBP,posted,credit
L00002271,T00002271,A000401,2025-08-22T06:21:26+00:00,1343.37,USD,posted,credit
L00002272,T00002272,A000716,2025-10-27T05:46:00+00:00,2965.23,INR,posted,credit
L00002273,T00002273,A000862,2025-06-23T23:35:17+00:00,1262.44,GBP,posted,credit
L00002274,T00002274,A001378,2025-08-23T04:55:30+00:00,969.43,CAD,posted,credit
L00002275,T00002275,A001427,2025-04-27T21:13:29+00:00,3888.88,USD,posted,credit
L00002276,T00002276,A001097,2025-07-24T11:37:14+00:00,1467.40,INR,posted,credit
L00002277,T00002277,A000041,2026-04-08T13:39:43+00:00,1061.01,CAD,posted,credit
L00002278,T00002278,A000811,2025-08-22T08:36:38+00:00,1596.82,USD,posted,credit
L00002279,T00002279,A001137,2026-01-17T12:24:17+00:00,4375.67,EUR,posted,credit
L00002280,T00002280,A000836,2026-05-30T14:23:10+00:00,1356.47,USD,posted,credit
L00002281,T00002281,A000575,2025-07-08T13:38:22+00:00,4105.94,GBP,posted,credit
L00002282,T00002282,A001341,2025-01-28T11:26:12+00:00,2120.75,CAD,posted,credit
L00002283,T00002283,A001320,2025-03-14T04:35:51+00:00,939.59,INR,posted,credit
L00002284,T00002284,A000311,2025-11-17T01:57:44+00:00,4266.08,GBP,posted,credit
L00002285,T00002285,A001416,2026-06-28T03:13:24+00:00,3296.83,INR,posted,credit
L00002286,T00002286,A001087,2025-12-10T08:35:38+00:00,2266.31,USD,posted,credit
L00002287,T00002287,A001403,2025-09-12T12:45:30+00:00,3451.47,CAD,posted,credit
L00002288,T00002288,A000275,2025-07-29T01:33:53+00:00,702.09,INR,posted,credit
L00002289,T00002289,A000852,2025-09-08T13:06:51+00:00,1238.28,USD,posted,credit
L00002290,T00002290,A000608,2025-11-24T23:37:26+00:00,4413.76,USD,posted,credit
L00002291,T00002291,A000811,2026-05-03T10:11:44+00:00,2461.69,USD,posted,credit
L00002292,T00002292,A000899,2025-04-23T04:19:52+00:00,3431.37,USD,posted,credit
L00002293,T00002293,A000612,2026-05-29T21:45:10+00:00,998.87,INR,posted,credit
L00002294,T00002294,A000799,2025-08-13T00:31:30+00:00,4366.23,INR,posted,credit
L00002295,T00002295,A000817,2026-09-10T14:56:08+00:00,2834.65,USD,posted,credit
L00002296,T00002296,A000169,2025-09-18T06:06:55+00:00,3551.21,GBP,posted,credit
L00002297,T00002297,A001186,2025-01-30T07:42:06+00:00,4144.62,EUR,posted,credit
L00002298,T00002298,A000223,2026-01-21T13:24:44+00:00,879.56,INR,posted,credit
L00002299,T00002299,A001050,2025-07-11T03:24:47+00:00,1923.71,INR,posted,credit
L00002300,T00002300,A001042,2026-02-19T03:47:44+00:00,1324.69,USD,posted,credit
L00002301,T00002301,A000460,2025-01-13T05:48:26+00:00,2132.03,CAD,posted,credit
L00002302,T00002302,A000677,2025-02-14T22:14:45+00:00,3578.11,EUR,posted,credit
L00002303,T00002303,A001079,2026-03-10T17:03:34+00:00,491.26,INR,posted,credit
L00002304,T00002304,A000078,2025-09-02T00:34:38+00:00,2189.63,CAD,posted,credit
L00002305,T00002305,A001240,2025-12-12T11:39:28+00:00,525.63,USD,posted,credit
L00002306,T00002306,A001210,2025-01-26T14:37:18+00:00,3893.60,USD,posted,credit
L00002307,T00002307,A001459,2025-02-15T09:19:04+00:00,2170.91,CAD,posted,credit
L00002308,T00002308,A000538,2025-12-01T00:27:24+00:00,2187.83,CAD,posted,credit
L00002309,T00002309,A001191,2025-03-10T02:30:24+00:00,266.03,INR,posted,credit
L00002310,T00002310,A000893,2026-06-17T14:44:04+00:00,2150.77,USD,posted,credit
L00002311,T00002311,A000182,2025-03-12T16:40:40+00:00,365.78,USD,posted,credit
L00002312,T00002312,A001400,2026-05-15T23:53:25+00:00,1987.83,EUR,posted,credit
L00002313,T00002313,A000875,2025-11-27T03:09:25+00:00,3997.31,GBP,posted,credit
L00002314,T00002314,A000264,2026-08-29T05:36:07+00:00,544.69,GBP,posted,credit
L00002315,T00002315,A001178,2026-07-06T23:33:11+00:00,2335.84,INR,posted,credit
L00002316,T00002316,A000928,2025-08-19T02:29:43+00:00,3841.69,EUR,posted,credit
L00002317,T00002317,A001420,2026-03-20T08:29:22+00:00,3873.63,CAD,posted,credit
L00002318,T00002318,A001154,2025-12-20T01:15:21+00:00,1521.21,EUR,posted,credit
L00002319,T00002319,A000764,2026-08-01T07:07:03+00:00,4756.53,EUR,posted,credit
L00002320,T00002320,A001478,2025-07-09T15:19:22+00:00,4013.50,EUR,posted,credit
L00002321,T00002321,A001483,2026-05-21T00:27:36+00:00,4993.76,GBP,posted,credit
L00002322,T00002322,A000912,2025-01-06T19:25:59+00:00,554.59,EUR,posted,credit
L00002323,T00002323,A000283,2025-12-05T00:56:23+00:00,822.78,USD,posted,credit
L00002324,T00002324,A001003,2025-09-08T19:37:51+00:00,3605.22,EUR,posted,credit
L00002325,T00002325,A001141,2025-11-14T08:16:05+00:00,2298.06,USD,posted,credit
L00002326,T00002326,A000682,2026-06-04T04:35:51+00:00,4833.97,INR,posted,credit
L00002327,T00002327,A000251,2026-05-03T10:33:57+00:00,3404.90,EUR,posted,credit
L00002328,T00002328,A001397,2026-03-14T20:41:20+00:00,4757.15,USD,posted,credit
L00002329,T00002329,A001010,2025-07-20T11:07:32+00:00,932.43,INR,posted,credit
L00002330,T00002330,A000668,2025-08-01T12:14:24+00:00,2669.42,GBP,posted,credit
L00002331,T00002331,A000104,2025-08-19T21:35:17+00:00,1284.27,CAD,posted,credit
L00002332,T00002332,A001320,2026-02-21T22:48:12+00:00,1337.06,INR,posted,credit
L00002333,T00002333,A001123,2026-05-01T10:22:17+00:00,4709.56,INR,posted,credit
L00002334,T00002334,A001484,2025-05-06T03:00:34+00:00,2455.39,USD,posted,credit
L00002335,T00002335,A001296,2025-06-01T20:40:07+00:00,2046.06,USD,posted,credit
L00002336,T00002336,A001039,2025-06-09T20:47:50+00:00,1333.98,INR,posted,credit
L00002337,T00002337,A000923,2026-01-14T19:46:45+00:00,4100.42,INR,posted,credit
L00002338,T00002338,A000122,2026-03-06T06:48:50+00:00,4760.32,INR,posted,credit
L00002339,T00002339,A000924,2025-03-21T17:51:38+00:00,160.78,INR,posted,credit
L00002340,T00002340,A000827,2025-12-22T02:04:20+00:00,2348.21,INR,posted,credit
L00002341,T00002341,A001294,2026-01-27T13:44:05+00:00,1532.23,USD,posted,credit
L00002342,T00002342,A000903,2026-05-08T17:10:42+00:00,3362.30,CAD,posted,credit
L00002343,T00002343,A000879,2026-08-14T08:19:11+00:00,4646.78,CAD,posted,credit
L00002344,T00002344,A000301,2026-09-05T21:42:33+00:00,1370.63,USD,posted,credit
L00002345,T00002345,A000711,2025-08-17T15:57:20+00:00,1995.62,GBP,posted,credit
L00002346,T00002346,A000573,2025-09-04T09:42:03+00:00,4358.92,GBP,posted,credit
L00002347,T00002347,A001404,2025-08-29T02:27:39+00:00,4780.07,CAD,posted,credit
L00002348,T00002348,A000532,2025-06-18T11:34:10+00:00,2443.95,EUR,posted,credit
L00002349,T00002349,A000096,2025-10-04T19:18:11+00:00,1223.24,GBP,posted,credit
L00002350,T00002350,A000657,2026-04-29T22:24:33+00:00,2389.06,INR,posted,credit
L00002351,T00002351,A000363,2025-09-02T22:15:49+00:00,3097.37,CAD,posted,credit
L00002352,T00002352,A000207,2025-10-25T14:17:00+00:00,2259.30,GBP,posted,credit
L00002353,T00002353,A000105,2025-03-29T11:42:38+00:00,11.13,EUR,posted,credit
L00002354,T00002354,A001311,2025-07-07T17:29:54+00:00,4781.25,USD,posted,credit
L00002355,T00002355,A000046,2026-04-26T12:48:34+00:00,1858.07,USD,posted,credit
L00002356,T00002356,A000119,2026-01-22T14:39:07+00:00,3548.09,INR,posted,credit
L00002357,T00002357,A000607,2025-09-24T02:17:13+00:00,3212.12,CAD,posted,credit
L00002358,T00002358,A000914,2026-03-10T06:01:16+00:00,2847.71,INR,posted,credit
L00002359,T00002359,A000698,2025-09-03T02:36:15+00:00,2444.67,CAD,posted,credit
L00002360,T00002360,A000783,2025-09-26T19:12:40+00:00,614.73,CAD,posted,credit
L00002361,T00002361,A001175,2026-05-03T04:31:27+00:00,1057.59,USD,posted,credit
L00002362,T00002362,A000448,2026-01-11T17:39:41+00:00,955.82,GBP,posted,credit
L00002363,T00002363,A001209,2025-01-17T21:04:09+00:00,1834.35,USD,posted,credit
L00002364,T00002364,A000359,2025-08-05T17:49:43+00:00,2881.43,EUR,posted,credit
L00002365,T00002365,A000413,2025-01-25T09:27:48+00:00,4751.84,USD,posted,credit
L00002366,T00002366,A001317,2026-01-28T03:35:52+00:00,1364.59,CAD,posted,credit
L00002367,T00002367,A001062,2025-08-16T23:38:27+00:00,2274.31,USD,posted,credit
L00002368,T00002368,A001086,2025-11-27T18:15:47+00:00,2391.40,GBP,posted,credit
L00002369,T00002369,A001358,2026-03-05T11:04:06+00:00,377.44,USD,posted,credit
L00002370,T00002370,A000760,2025-04-03T06:49:54+00:00,3132.25,USD,posted,credit
L00002371,T00002371,A000377,2026-06-13T03:11:04+00:00,4235.41,GBP,posted,credit
L00002372,T00002372,A000936,2025-07-17T10:55:47+00:00,3858.17,USD,posted,credit
L00002373,T00002373,A000354,2026-03-14T07:33:33+00:00,780.15,CAD,posted,credit
L00002374,T00002374,A000256,2026-02-22T16:28:30+00:00,3163.00,CAD,posted,credit
L00002375,T00002375,A000552,2026-05-28T15:52:47+00:00,3155.53,CAD,posted,credit
L00002376,T00002376,A001479,2025-07-20T16:15:45+00:00,4393.89,EUR,posted,credit
L00002377,T00002377,A000897,2025-03-24T09:44:07+00:00,1915.33,GBP,posted,credit
L00002378,T00002378,A001328,2025-08-14T10:54:51+00:00,1328.99,CAD,posted,credit
L00002379,T00002379,A000713,2026-03-23T10:58:28+00:00,440.49,EUR,posted,credit
L00002380,T00002380,A000579,2025-01-16T12:30:46+00:00,4121.58,USD,posted,credit
L00002381,T00002381,A000895,2025-02-22T06:58:39+00:00,2062.99,INR,posted,credit
L00002382,T00002382,A001177,2025-07-16T22:04:29+00:00,249.12,CAD,posted,credit
L00002383,T00002383,A001419,2026-05-05T19:43:57+00:00,3343.22,CAD,posted,credit
L00002384,T00002384,A000260,2025-04-07T11:10:53+00:00,1013.93,USD,posted,credit
L00002385,T00002385,A001018,2025-02-16T07:56:08+00:00,4916.26,USD,posted,credit
L00002386,T00002386,A000584,2026-08-20T02:00:21+00:00,1363.52,GBP,posted,credit
L00002387,T00002387,A000615,2025-09-06T04:57:08+00:00,2959.08,EUR,posted,credit
L00002388,T00002388,A000560,2025-04-03T00:31:06+00:00,1988.01,USD,posted,credit
L00002389,T00002389,A001110,2026-03-07T13:07:50+00:00,216.63,CAD,posted,credit
L00002390,T00002390,A000018,2025-06-06T12:14:34+00:00,1911.30,USD,posted,credit
L00002391,T00002391,A001198,2025-04-17T13:58:06+00:00,4901.62,EUR,posted,credit
L00002392,T00002392,A000114,2026-04-03T06:55:38+00:00,2237.65,CAD,posted,credit
L00002393,T00002393,A001078,2025-11-09T07:39:35+00:00,703.59,USD,posted,credit
L00002394,T00002394,A000649,2026-08-29T16:02:03+00:00,466.22,INR,posted,credit
L00002395,T00002395,A001054,2026-05-14T22:09:07+00:00,2711.36,GBP,posted,credit
L00002396,T00002396,A001089,2026-05-25T20:05:15+00:00,458.46,INR,posted,credit
L00002397,T00002397,A000625,2025-12-03T07:14:38+00:00,1846.11,USD,posted,credit
L00002398,T00002398,A000250,2025-07-01T08:45:20+00:00,3588.88,EUR,posted,credit
L00002399,T00002399,A001125,2026-03-30T19:56:24+00:00,1388.69,USD,posted,credit
L00002400,T00002400,A000271,2025-06-18T06:26:43+00:00,910.32,GBP,posted,credit
L00002401,T00002401,A000493,2025-12-08T13:18:19+00:00,598.34,USD,posted,credit
L00002402,T00002402,A000245,2026-03-05T06:25:50+00:00,1024.64,INR,posted,credit
L00002403,T00002403,A000685,2026-06-26T04:03:14+00:00,411.95,EUR,posted,credit
L00002404,T00002404,A000140,2025-09-07T22:45:04+00:00,3536.46,EUR,posted,credit
L00002405,T00002405,A000642,2026-07-24T09:23:05+00:00,3328.54,INR,posted,credit
L00002406,T00002406,A001250,2025-11-18T15:35:36+00:00,571.04,GBP,posted,credit
L00002407,T00002407,A001418,2025-04-09T17:08:11+00:00,2018.73,INR,posted,credit
L00002408,T00002408,A001205,2025-12-25T15:07:07+00:00,4728.47,CAD,posted,credit
L00002409,T00002409,A000778,2025-06-09T23:11:47+00:00,723.27,USD,posted,credit
L00002410,T00002410,A001498,2026-06-26T19:56:46+00:00,3822.52,CAD,posted,credit
L00002411,T00002411,A000781,2025-02-07T11:09:23+00:00,108.80,CAD,posted,credit
L00002412,T00002412,A001473,2025-10-17T14:50:44+00:00,3423.23,GBP,posted,credit
L00002413,T00002413,A000050,2025-05-08T08:30:15+00:00,2841.67,INR,posted,credit
L00002414,T00002414,A000638,2025-09-16T15:50:19+00:00,1605.69,EUR,posted,credit
L00002415,T00002415,A000852,2025-08-01T14:15:51+00:00,3.95,USD,posted,credit
L00002416,T00002416,A000254,2026-05-06T03:16:29+00:00,3849.52,CAD,posted,credit
L00002417,T00002417,A000240,2026-07-05T05:40:44+00:00,1666.62,GBP,posted,credit
L00002418,T00002418,A000156,2026-08-12T19:58:30+00:00,534.01,CAD,posted,credit
L00002419,T00002419,A000615,2025-12-04T19:48:05+00:00,3194.46,EUR,posted,credit
L00002420,T00002420,A001297,2026-09-11T23:02:28+00:00,474.96,INR,posted,credit
L00002421,T00002421,A001176,2025-02-04T18:45:13+00:00,3492.07,CAD,posted,credit
L00002422,T00002422,A000832,2026-05-15T12:02:29+00:00,3158.74,INR,posted,credit
L00002423,T00002423,A001475,2025-06-19T09:50:42+00:00,2405.82,USD,posted,credit
L00002424,T00002424,A000736,2026-03-16T11:40:00+00:00,4853.92,INR,posted,credit
L00002425,T00002425,A001103,2025-11-01T06:06:46+00:00,1129.79,GBP,posted,credit
L00002426,T00002426,A000159,2025-12-27T13:45:14+00:00,1100.37,CAD,posted,credit
L00002427,T00002427,A001209,2025-09-22T05:54:56+00:00,4212.08,USD,posted,credit
L00002428,T00002428,A001066,2026-07-22T06:53:43+00:00,2705.50,USD,posted,credit
L00002429,T00002429,A001351,2025-10-31T00:48:22+00:00,418.21,CAD,posted,credit
L00002430,T00002430,A000608,2026-08-09T08:42:45+00:00,4153.75,USD,posted,credit
L00002431,T00002431,A001136,2026-05-14T04:12:03+00:00,4951.69,GBP,posted,credit
L00002432,T00002432,A000958,2026-08-02T17:18:25+00:00,3991.45,EUR,posted,credit
L00002433,T00002433,A000210,2026-07-16T19:25:47+00:00,2697.52,EUR,posted,credit
L00002434,T00002434,A000137,2025-11-09T16:06:20+00:00,4576.79,USD,posted,credit
L00002435,T00002435,A001231,2026-08-07T13:59:03+00:00,4676.80,INR,posted,credit
L00002436,T00002436,A001009,2025-03-08T07:47:22+00:00,4908.45,GBP,posted,credit
L00002437,T00002437,A000363,2026-03-28T13:50:07+00:00,813.26,CAD,posted,credit
L00002438,T00002438,A001247,2026-08-30T10:44:45+00:00,1177.38,EUR,posted,credit
L00002439,T00002439,A000605,2026-08-14T14:07:39+00:00,2084.52,INR,posted,credit
L00002440,T00002440,A000223,2026-03-09T22:22:22+00:00,1586.80,INR,posted,credit
L00002441,T00002441,A000127,2025-12-14T22:25:20+00:00,4037.47,INR,posted,credit
L00002442,T00002442,A000235,2025-01-20T16:33:18+00:00,526.82,CAD,posted,credit
L00002443,T00002443,A000126,2025-11-23T17:42:08+00:00,353.33,EUR,posted,credit
L00002444,T00002444,A000663,2026-08-27T16:42:47+00:00,4087.61,CAD,posted,credit
L00002445,T00002445,A000704,2025-05-21T23:12:15+00:00,4386.17,GBP,posted,credit
L00002446,T00002446,A000255,2025-07-24T22:22:17+00:00,1445.87,EUR,posted,credit
L00002447,T00002447,A000188,2025-11-16T21:19:27+00:00,355.05,INR,posted,credit
L00002448,T00002448,A000572,2025-07-31T23:43:21+00:00,804.28,GBP,posted,credit
L00002449,T00002449,A001496,2026-05-29T17:57:20+00:00,3003.44,CAD,posted,credit
L00002450,T00002450,A000369,2025-04-01T11:59:27+00:00,3506.67,USD,posted,credit
L00002451,T00002451,A001067,2026-02-14T08:06:30+00:00,1487.34,CAD,posted,credit
L00002452,T00002452,A001351,2025-08-12T22:53:22+00:00,486.90,CAD,posted,credit
L00002453,T00002453,A000726,2025-04-28T18:32:17+00:00,548.17,EUR,posted,credit
L00002454,T00002454,A001104,2025-09-02T02:45:44+00:00,4369.79,USD,posted,credit
L00002455,T00002455,A001375,2026-02-07T11:58:05+00:00,1712.88,USD,posted,credit
L00002456,T00002456,A001370,2025-12-24T07:27:16+00:00,3734.60,CAD,posted,credit
L00002457,T00002457,A000032,2026-05-23T08:31:44+00:00,3922.73,GBP,posted,credit
L00002458,T00002458,A001432,2025-11-12T06:35:48+00:00,1087.07,USD,posted,credit
L00002459,T00002459,A001308,2026-04-13T04:32:38+00:00,4570.66,EUR,posted,credit
L00002460,T00002460,A000042,2026-07-20T03:54:46+00:00,2819.58,EUR,posted,credit
L00002461,T00002461,A001395,2025-10-11T16:05:03+00:00,3101.46,INR,posted,credit
L00002462,T00002462,A001317,2026-09-07T08:46:40+00:00,4706.05,CAD,posted,credit
L00002463,T00002463,A000853,2026-06-24T02:49:41+00:00,2175.03,CAD,posted,credit
L00002464,T00002464,A001483,2025-08-23T15:17:02+00:00,1472.96,GBP,posted,credit
L00002465,T00002465,A001338,2026-08-06T16:37:42+00:00,4078.71,EUR,posted,credit
L00002466,T00002466,A000660,2026-07-12T18:42:01+00:00,167.94,USD,posted,credit
L00002467,T00002467,A000836,2025-01-07T19:28:57+00:00,2091.62,USD,posted,credit
L00002468,T00002468,A001467,2026-05-31T17:43:14+00:00,4676.91,EUR,posted,credit
L00002469,T00002469,A001269,2026-03-15T15:23:58+00:00,1422.38,EUR,posted,credit
L00002470,T00002470,A000198,2025-04-13T01:44:51+00:00,734.03,EUR,posted,credit
L00002471,T00002471,A001311,2025-01-09T00:18:32+00:00,4124.30,USD,posted,credit
L00002472,T00002472,A000675,2026-03-27T04:27:10+00:00,1802.31,CAD,posted,credit
L00002473,T00002473,A001492,2026-04-17T23:19:54+00:00,2924.91,GBP,posted,credit
L00002474,T00002474,A001207,2025-12-21T15:10:29+00:00,59.59,GBP,posted,credit
L00002475,T00002475,A001291,2025-08-19T08:07:45+00:00,13.34,CAD,posted,credit
L00002476,T00002476,A000646,2026-07-26T00:18:42+00:00,4437.12,INR,posted,credit
L00002477,T00002477,A000907,2026-07-18T00:00:20+00:00,4074.23,USD,posted,credit
L00002478,T00002478,A000354,2025-01-17T20:57:16+00:00,1338.31,CAD,posted,credit
L00002479,T00002479,A000943,2025-07-21T09:43:07+00:00,214.95,USD,posted,credit
L00002480,T00002480,A001089,2026-01-20T21:32:41+00:00,322.20,INR,posted,credit
L00002481,T00002481,A000349,2026-03-07T08:21:36+00:00,757.66,USD,posted,credit
L00002482,T00002482,A000853,2026-02-16T11:35:30+00:00,4376.78,CAD,posted,credit
L00002483,T00002483,A000513,2026-02-27T13:30:34+00:00,3855.45,INR,posted,credit
L00002484,T00002484,A000684,2026-05-14T06:24:19+00:00,371.41,CAD,posted,credit
L00002485,T00002485,A000834,2026-06-30T01:19:18+00:00,1113.35,USD,posted,credit
L00002486,T00002486,A000806,2025-07-30T18:53:46+00:00,4099.72,GBP,posted,credit
L00002487,T00002487,A000017,2025-10-09T02:45:41+00:00,898.74,USD,posted,credit
L00002488,T00002488,A000367,2025-08-10T02:33:21+00:00,4375.63,GBP,posted,credit
L00002489,T00002489,A000586,2025-03-28T05:51:03+00:00,4541.46,CAD,posted,credit
L00002490,T00002490,A001226,2025-11-02T19:33:06+00:00,1777.83,USD,posted,credit
L00002491,T00002491,A001222,2025-02-20T21:58:58+00:00,1953.57,USD,posted,credit
L00002492,T00002492,A001333,2026-08-01T09:31:06+00:00,221.74,EUR,posted,credit
L00002493,T00002493,A001071,2026-07-03T09:31:03+00:00,3091.95,EUR,posted,credit
L00002494,T00002494,A000679,2026-03-08T09:04:17+00:00,2849.78,INR,posted,credit
L00002495,T00002495,A000889,2025-09-20T02:48:28+00:00,1760.81,EUR,posted,credit
L00002496,T00002496,A000289,2025-08-19T01:27:50+00:00,3148.74,EUR,posted,credit
L00002497,T00002497,A001389,2026-03-26T20:12:48+00:00,1014.59,INR,posted,credit
L00002498,T00002498,A000875,2026-04-16T18:32:38+00:00,3789.35,GBP,posted,credit
L00002499,T00002499,A000326,2025-10-24T17:58:46+00:00,3748.93,CAD,posted,credit
L00002500,T00002500,A000707,2026-04-09T18:56:44+00:00,362.50,CAD,posted,credit
L00002501,T00002501,A000127,2026-05-23T16:55:29+00:00,1932.62,INR,posted,credit
L00002502,T00002502,A000743,2026-01-13T08:30:50+00:00,63.33,USD,posted,credit
L00002503,T00002503,A001043,2026-02-05T00:20:35+00:00,300.65,USD,posted,credit
L00002504,T00002504,A001344,2026-04-06T13:44:56+00:00,828.16,INR,posted,credit
L00002505,T00002505,A000730,2026-01-02T17:32:07+00:00,4041.43,GBP,posted,credit
L00002506,T00002506,A000207,2025-12-13T03:22:03+00:00,2405.94,GBP,posted,credit
L00002507,T00002507,A001340,2025-10-21T08:49:32+00:00,1286.52,EUR,posted,credit
L00002508,T00002508,A001035,2026-04-04T07:08:52+00:00,2597.15,INR,posted,credit
L00002509,T00002509,A000564,2026-06-26T10:57:06+00:00,1752.05,EUR,posted,credit
L00002510,T00002510,A000251,2025-02-05T18:23:32+00:00,645.88,EUR,posted,credit
L00002511,T00002511,A000511,2025-03-19T01:46:25+00:00,4820.68,INR,posted,credit
L00002512,T00002512,A000381,2026-02-03T00:50:41+00:00,514.97,EUR,posted,credit
L00002513,T00002513,A000341,2025-12-14T12:04:35+00:00,1679.69,USD,posted,credit
L00002514,T00002514,A000199,2025-03-30T13:12:40+00:00,3073.36,EUR,posted,credit
L00002515,T00002515,A001300,2026-03-24T05:06:44+00:00,3069.25,INR,posted,credit
L00002516,T00002516,A001208,2025-04-23T19:54:05+00:00,2658.76,EUR,posted,credit
L00002517,T00002517,A000732,2025-06-09T18:40:28+00:00,3402.12,GBP,posted,credit
L00002518,T00002518,A001355,2026-08-18T09:25:21+00:00,3725.84,USD,posted,credit
L00002519,T00002519,A000787,2025-10-26T08:14:20+00:00,2511.79,EUR,posted,credit
L00002520,T00002520,A000559,2026-02-07T13:49:49+00:00,2106.67,GBP,posted,credit
L00002521,T00002521,A001005,2025-04-30T09:15:18+00:00,58.91,GBP,posted,credit
L00002522,T00002522,A000195,2026-05-11T04:58:54+00:00,2247.36,USD,posted,credit
L00002523,T00002523,A000855,2025-10-26T02:40:45+00:00,1123.60,USD,posted,credit
L00002524,T00002524,A000192,2026-04-22T18:12:04+00:00,425.64,INR,posted,credit
L00002525,T00002525,A000197,2026-08-13T05:33:23+00:00,2672.93,CAD,posted,credit
L00002526,T00002526,A000737,2025-09-04T20:34:56+00:00,340.30,GBP,posted,credit
L00002527,T00002527,A001167,2026-04-14T22:43:02+00:00,3500.44,CAD,posted,credit
L00002528,T00002528,A000963,2025-12-04T10:19:17+00:00,981.22,CAD,posted,credit
L00002529,T00002529,A001462,2025-02-20T17:15:49+00:00,1140.43,EUR,posted,credit
L00002530,T00002530,A000725,2026-04-16T09:17:56+00:00,1383.94,CAD,posted,credit
L00002531,T00002531,A000454,2026-02-23T12:14:54+00:00,899.57,EUR,posted,credit
L00002532,T00002532,A001211,2025-06-09T17:29:02+00:00,4340.05,CAD,posted,credit
L00002533,T00002533,A001339,2025-11-09T05:44:28+00:00,228.20,CAD,posted,credit
L00002534,T00002534,A001485,2025-04-20T10:39:03+00:00,333.38,INR,posted,credit
L00002535,T00002535,A000768,2025-01-16T06:02:46+00:00,2998.80,EUR,posted,credit
L00002536,T00002536,A000944,2025-05-15T09:29:12+00:00,1531.28,EUR,posted,credit
L00002537,T00002537,A001020,2025-03-04T20:34:15+00:00,1068.56,USD,posted,credit
L00002538,T00002538,A000715,2026-06-16T16:11:28+00:00,2270.78,USD,posted,credit
L00002539,T00002539,A001304,2025-05-28T17:09:07+00:00,4357.65,GBP,posted,credit
L00002540,T00002540,A001360,2026-08-09T11:24:29+00:00,4265.40,USD,posted,credit
L00002541,T00002541,A000501,2025-08-21T00:35:39+00:00,4666.17,EUR,posted,credit
L00002542,T00002542,A000025,2025-09-26T15:18:20+00:00,2690.89,USD,posted,credit
L00002543,T00002543,A001406,2026-05-05T07:08:00+00:00,626.21,GBP,posted,credit
L00002544,T00002544,A001001,2026-03-17T12:32:05+00:00,2942.70,CAD,posted,credit
L00002545,T00002545,A000337,2025-09-06T06:52:29+00:00,1789.03,USD,posted,credit
L00002546,T00002546,A001304,2025-10-11T21:37:43+00:00,4935.31,GBP,posted,credit
L00002547,T00002547,A000143,2025-03-21T12:44:39+00:00,3088.82,CAD,posted,credit
L00002548,T00002548,A000839,2025-01-05T08:21:49+00:00,3490.58,GBP,posted,credit
L00002549,T00002549,A000825,2025-05-25T19:37:29+00:00,918.02,CAD,posted,credit
L00002550,T00002550,A000995,2025-07-22T10:36:57+00:00,3931.50,GBP,posted,credit
L00002551,T00002551,A000371,2026-05-01T11:18:55+00:00,778.76,CAD,posted,credit
L00002552,T00002552,A000932,2026-07-08T23:12:08+00:00,3701.51,CAD,posted,credit
L00002553,T00002553,A000520,2026-01-22T06:13:19+00:00,161.30,USD,posted,credit
L00002554,T00002554,A000177,2025-12-11T20:32:06+00:00,4248.80,USD,posted,credit
L00002555,T00002555,A001328,2026-07-01T15:03:53+00:00,1946.02,CAD,posted,credit
L00002556,T00002556,A001500,2025-05-29T20:44:37+00:00,3179.80,INR,posted,credit
L00002557,T00002557,A000066,2026-07-01T14:44:04+00:00,1970.22,CAD,posted,credit
L00002558,T00002558,A000887,2026-06-14T02:38:15+00:00,1935.42,EUR,posted,credit
L00002559,T00002559,A000451,2025-06-08T21:08:34+00:00,2683.18,USD,posted,credit
L00002560,T00002560,A000200,2025-08-22T06:10:57+00:00,3930.79,EUR,posted,credit
L00002561,T00002561,A001151,2025-05-17T08:51:45+00:00,4077.34,EUR,posted,credit
L00002562,T00002562,A001415,2025-06-14T15:03:32+00:00,4299.83,USD,posted,credit
L00002563,T00002563,A001256,2025-11-28T14:24:08+00:00,1114.27,INR,posted,credit
L00002564,T00002564,A000851,2025-11-30T06:46:38+00:00,1758.96,INR,posted,credit
L00002565,T00002565,A000084,2025-11-27T13:06:01+00:00,2243.61,GBP,posted,credit
L00002566,T00002566,A000933,2025-07-21T14:13:30+00:00,4945.36,CAD,posted,credit
L00002567,T00002567,A000922,2025-10-08T16:36:24+00:00,4073.55,EUR,posted,credit
L00002568,T00002568,A001313,2025-12-12T09:33:19+00:00,1662.62,EUR,posted,credit
L00002569,T00002569,A000161,2026-02-01T07:18:23+00:00,4892.53,INR,posted,credit
L00002570,T00002570,A000319,2025-04-19T10:39:53+00:00,851.89,GBP,posted,credit
L00002571,T00002571,A000637,2026-02-24T20:14:39+00:00,2365.62,INR,posted,credit
L00002572,T00002572,A000444,2025-09-27T01:45:35+00:00,1875.16,USD,posted,credit
L00002573,T00002573,A000910,2025-08-01T08:32:45+00:00,1469.86,CAD,posted,credit
L00002574,T00002574,A000540,2026-01-22T00:53:40+00:00,3508.31,EUR,posted,credit
L00002575,T00002575,A001489,2025-09-14T22:23:51+00:00,2249.71,CAD,posted,credit
L00002576,T00002576,A001025,2026-02-03T12:09:20+00:00,4797.77,EUR,posted,credit
L00002577,T00002577,A000374,2025-11-23T10:16:33+00:00,924.73,USD,posted,credit
L00002578,T00002578,A000743,2026-04-03T20:55:42+00:00,1617.75,USD,posted,credit
L00002579,T00002579,A001218,2025-07-21T08:15:32+00:00,3081.16,INR,posted,credit
L00002580,T00002580,A001421,2025-11-27T00:08:05+00:00,2848.87,CAD,posted,credit
L00002581,T00002581,A001492,2026-07-19T15:04:00+00:00,300.23,GBP,posted,credit
L00002582,T00002582,A000592,2025-04-16T06:41:56+00:00,3082.39,EUR,posted,credit
L00002583,T00002583,A000911,2026-02-26T04:47:57+00:00,1211.91,GBP,posted,credit
L00002584,T00002584,A000005,2025-12-19T16:03:41+00:00,3192.73,INR,posted,credit
L00002585,T00002585,A000787,2025-07-13T00:48:40+00:00,4287.47,EUR,posted,credit
L00002586,T00002586,A000477,2026-04-19T19:10:14+00:00,3109.21,USD,posted,credit
L00002587,T00002587,A000024,2026-02-02T11:11:53+00:00,74.69,USD,posted,credit
L00002588,T00002588,A001414,2026-08-18T05:43:54+00:00,2822.05,EUR,posted,credit
L00002589,T00002589,A000501,2025-10-14T01:04:11+00:00,949.24,EUR,posted,credit
L00002590,T00002590,A000716,2025-04-29T21:00:11+00:00,655.06,INR,posted,credit
L00002591,T00002591,A001288,2026-03-08T16:00:04+00:00,3135.91,INR,posted,credit
L00002592,T00002592,A000665,2025-02-27T00:32:08+00:00,1606.40,GBP,posted,credit
L00002593,T00002593,A001410,2026-01-09T16:00:34+00:00,1949.33,INR,posted,credit
L00002594,T00002594,A001377,2025-06-05T13:30:34+00:00,614.30,INR,posted,credit
L00002595,T00002595,A000241,2026-05-10T07:52:37+00:00,3205.42,USD,posted,credit
L00002596,T00002596,A000720,2025-11-03T07:00:15+00:00,125.22,GBP,posted,credit
L00002597,T00002597,A000155,2026-03-24T12:01:13+00:00,2082.84,GBP,posted,credit
L00002598,T00002598,A001081,2026-08-27T22:04:47+00:00,871.29,INR,posted,credit
L00002599,T00002599,A000256,2026-03-20T19:58:11+00:00,4299.36,CAD,posted,credit
L00002600,T00002600,A000069,2025-12-08T04:47:27+00:00,1883.38,CAD,posted,credit
L00002601,T00002601,A000357,2025-03-01T10:59:24+00:00,1016.16,INR,posted,credit
L00002602,T00002602,A000865,2025-09-25T03:53:15+00:00,4871.19,GBP,posted,credit
L00002603,T00002603,A000595,2025-10-23T22:23:52+00:00,1777.93,EUR,posted,credit
L00002604,T00002604,A001391,2025-10-06T02:32:36+00:00,2938.82,CAD,posted,credit
L00002605,T00002605,A000228,2026-08-22T07:31:27+00:00,3187.55,EUR,posted,credit
L00002606,T00002606,A001304,2025-07-08T04:43:29+00:00,1114.44,GBP,posted,credit
L00002607,T00002607,A000597,2025-03-16T09:57:36+00:00,1794.28,GBP,posted,credit
L00002608,T00002608,A000328,2026-07-28T01:47:45+00:00,2459.54,INR,posted,credit
L00002609,T00002609,A000444,2025-03-16T13:09:55+00:00,2689.09,USD,posted,credit
L00002610,T00002610,A000996,2026-04-29T08:56:39+00:00,710.95,CAD,posted,credit
L00002611,T00002611,A000742,2025-04-07T08:00:47+00:00,4843.93,CAD,posted,credit
L00002612,T00002612,A001207,2026-03-13T12:08:36+00:00,2697.42,GBP,posted,credit
L00002613,T00002613,A000264,2026-04-07T17:10:08+00:00,4178.12,GBP,posted,credit
L00002614,T00002614,A000902,2026-04-30T16:51:02+00:00,3504.27,EUR,posted,credit
L00002615,T00002615,A001037,2025-01-25T16:32:43+00:00,1694.62,EUR,posted,credit
L00002616,T00002616,A000903,2025-12-11T04:17:41+00:00,589.50,CAD,posted,credit
L00002617,T00002617,A001480,2026-02-23T08:24:51+00:00,435.64,EUR,posted,credit
L00002618,T00002618,A000268,2025-02-07T11:16:10+00:00,1920.34,INR,posted,credit
L00002619,T00002619,A000538,2026-06-26T16:33:00+00:00,3179.27,CAD,posted,credit
L00002620,T00002620,A001063,2025-10-09T23:15:50+00:00,4219.72,EUR,posted,credit
L00002621,T00002621,A000298,2025-11-08T21:48:31+00:00,1756.57,INR,posted,credit
L00002622,T00002622,A001194,2026-07-31T10:04:05+00:00,1833.29,USD,posted,credit
L00002623,T00002623,A000580,2025-09-29T00:40:41+00:00,3867.16,INR,posted,credit
L00002624,T00002624,A001323,2025-08-08T11:18:02+00:00,770.87,EUR,posted,credit
L00002625,T00002625,A000609,2026-03-24T09:43:32+00:00,1675.22,GBP,posted,credit
L00002626,T00002626,A001048,2025-12-27T04:47:53+00:00,2737.66,INR,posted,credit
L00002627,T00002627,A000161,2026-06-05T12:25:23+00:00,2562.27,INR,posted,credit
L00002628,T00002628,A000257,2025-02-18T12:30:17+00:00,4749.36,EUR,posted,credit
L00002629,T00002629,A000718,2026-09-07T10:44:55+00:00,2147.64,INR,posted,credit
L00002630,T00002630,A000615,2026-06-13T16:59:29+00:00,4136.74,EUR,posted,credit
L00002631,T00002631,A000476,2025-05-10T08:56:54+00:00,1788.55,CAD,posted,credit
L00002632,T00002632,A001426,2026-08-07T17:07:51+00:00,1089.53,CAD,posted,credit
L00002633,T00002633,A000518,2025-09-25T11:59:09+00:00,4319.12,USD,posted,credit
L00002634,T00002634,A001041,2026-07-14T02:44:26+00:00,4434.78,EUR,posted,credit
L00002635,T00002635,A000749,2025-04-25T22:23:17+00:00,247.76,GBP,posted,credit
L00002636,T00002636,A001485,2025-06-28T06:53:11+00:00,2733.31,INR,posted,credit
L00002637,T00002637,A000483,2025-03-30T18:09:49+00:00,436.98,USD,posted,credit
L00002638,T00002638,A000821,2025-08-17T22:07:53+00:00,4248.31,EUR,posted,credit
L00002639,T00002639,A001036,2026-05-02T13:34:21+00:00,4442.47,INR,posted,credit
L00002640,T00002640,A000114,2025-04-16T10:59:53+00:00,1063.80,CAD,posted,credit
L00002641,T00002641,A001260,2026-02-04T13:56:02+00:00,2910.14,EUR,posted,credit
L00002642,T00002642,A001496,2025-05-02T02:04:09+00:00,4605.40,CAD,posted,credit
L00002643,T00002643,A000857,2026-08-25T22:24:28+00:00,549.40,INR,posted,credit
L00002644,T00002644,A000006,2026-03-31T14:15:17+00:00,2008.71,CAD,posted,credit
L00002645,T00002645,A000103,2026-02-15T00:11:23+00:00,3827.16,GBP,posted,credit
L00002646,T00002646,A000402,2026-09-08T02:31:55+00:00,4649.54,CAD,posted,credit
L00002647,T00002647,A000186,2026-08-07T19:17:21+00:00,4498.14,EUR,posted,credit
L00002648,T00002648,A001055,2025-09-23T03:43:56+00:00,4484.73,CAD,posted,credit
L00002649,T00002649,A001115,2026-08-27T06:11:09+00:00,3769.70,GBP,posted,credit
L00002650,T00002650,A000639,2026-01-07T17:26:06+00:00,1920.45,CAD,posted,credit
L00002651,T00002651,A000352,2026-03-12T20:47:54+00:00,1388.87,GBP,posted,credit
L00002652,T00002652,A000696,2026-07-18T05:02:06+00:00,1123.44,GBP,posted,credit
L00002653,T00002653,A001374,2025-08-23T02:28:55+00:00,1245.03,USD,posted,credit
L00002654,T00002654,A000555,2025-11-20T20:06:56+00:00,2853.73,USD,posted,credit
L00002655,T00002655,A001475,2025-09-17T09:47:59+00:00,4753.47,USD,posted,credit
L00002656,T00002656,A000783,2025-04-05T03:40:37+00:00,912.22,CAD,posted,credit
L00002657,T00002657,A000102,2026-07-30T15:49:51+00:00,2573.78,INR,posted,credit
L00002658,T00002658,A000149,2026-03-01T20:00:10+00:00,3487.94,GBP,posted,credit
L00002659,T00002659,A000480,2025-12-20T16:42:29+00:00,1268.16,CAD,posted,credit
L00002660,T00002660,A001058,2026-06-05T17:11:52+00:00,1427.79,GBP,posted,credit
L00002661,T00002661,A000083,2026-04-23T04:44:45+00:00,4573.23,USD,posted,credit
L00002662,T00002662,A000973,2025-01-19T19:29:00+00:00,2935.75,CAD,posted,credit
L00002663,T00002663,A000657,2025-10-18T13:16:36+00:00,4395.75,INR,posted,credit
L00002664,T00002664,A000868,2025-02-12T11:06:17+00:00,649.37,EUR,posted,credit
L00002665,T00002665,A000717,2026-01-16T01:13:33+00:00,4603.07,EUR,posted,credit
L00002666,T00002666,A000484,2026-07-27T15:17:15+00:00,2600.52,CAD,posted,credit
L00002667,T00002667,A000363,2025-05-05T05:08:14+00:00,1144.72,CAD,posted,credit
L00002668,T00002668,A000390,2025-07-07T09:46:14+00:00,4050.67,CAD,posted,credit
L00002669,T00002669,A000690,2025-09-27T04:53:17+00:00,4908.68,EUR,posted,credit
L00002670,T00002670,A000612,2026-02-12T02:21:06+00:00,496.85,INR,posted,credit
L00002671,T00002671,A001482,2026-07-28T22:54:08+00:00,4648.84,EUR,posted,credit
L00002672,T00002672,A000074,2025-08-30T10:33:50+00:00,4106.89,INR,posted,credit
L00002673,T00002673,A000490,2025-05-05T21:45:41+00:00,3733.55,USD,posted,credit
L00002674,T00002674,A000907,2025-08-19T09:14:31+00:00,2102.61,USD,posted,credit
L00002675,T00002675,A001358,2025-11-22T05:22:15+00:00,695.42,USD,posted,credit
L00002676,T00002676,A000185,2026-03-28T19:54:47+00:00,4672.19,EUR,posted,credit
L00002677,T00002677,A000280,2026-07-09T20:46:31+00:00,2951.24,GBP,posted,credit
L00002678,T00002678,A001393,2025-12-26T19:39:51+00:00,334.73,INR,posted,credit
L00002679,T00002679,A001352,2025-05-07T23:14:59+00:00,3186.32,CAD,posted,credit
L00002680,T00002680,A000585,2026-08-10T08:25:27+00:00,4428.36,EUR,posted,credit
L00002681,T00002681,A001366,2025-08-02T18:24:27+00:00,3565.81,CAD,posted,credit
L00002682,T00002682,A001475,2025-05-05T16:30:19+00:00,4306.99,USD,posted,credit
L00002683,T00002683,A000192,2025-03-10T16:50:17+00:00,3539.07,INR,posted,credit
L00002684,T00002684,A000171,2026-02-12T21:24:49+00:00,1920.92,USD,posted,credit
L00002685,T00002685,A001117,2026-05-20T04:14:40+00:00,620.56,USD,posted,credit
L00002686,T00002686,A000062,2025-08-24T06:11:23+00:00,2656.93,GBP,posted,credit
L00002687,T00002687,A001272,2026-05-13T20:03:42+00:00,2973.63,GBP,posted,credit
L00002688,T00002688,A000197,2025-01-18T02:22:36+00:00,661.79,CAD,posted,credit
L00002689,T00002689,A001135,2026-03-11T21:56:11+00:00,4755.17,CAD,posted,credit
L00002690,T00002690,A001169,2026-05-26T18:02:28+00:00,1900.51,USD,posted,credit
L00002691,T00002691,A000608,2026-07-05T17:00:55+00:00,3495.61,USD,posted,credit
L00002692,T00002692,A000894,2025-08-20T16:15:02+00:00,1206.95,INR,posted,credit
L00002693,T00002693,A000175,2026-06-23T21:59:51+00:00,1246.47,GBP,posted,credit
L00002694,T00002694,A000592,2025-06-18T02:07:32+00:00,4296.45,EUR,posted,credit
L00002695,T00002695,A001435,2025-04-24T12:21:32+00:00,1584.65,INR,posted,credit
L00002696,T00002696,A000954,2025-06-28T16:46:33+00:00,3088.94,EUR,posted,credit
L00002697,T00002697,A001307,2026-02-11T09:02:31+00:00,4155.22,CAD,posted,credit
L00002698,T00002698,A001261,2026-02-24T07:24:29+00:00,4242.29,GBP,posted,credit
L00002699,T00002699,A001387,2025-03-18T00:51:36+00:00,409.51,INR,posted,credit
L00002700,T00002700,A001461,2026-04-10T05:51:12+00:00,4940.82,EUR,posted,credit
L00002701,T00002701,A001342,2025-07-22T04:13:42+00:00,3315.84,USD,posted,credit
L00002702,T00002702,A000915,2026-05-29T20:20:48+00:00,800.04,GBP,posted,credit
L00002703,T00002703,A001116,2025-02-05T18:06:27+00:00,3482.35,GBP,posted,credit
L00002704,T00002704,A000714,2026-06-23T02:08:38+00:00,1853.22,USD,posted,credit
L00002705,T00002705,A000115,2025-05-11T23:24:57+00:00,2827.20,GBP,posted,credit
L00002706,T00002706,A000220,2026-06-01T01:12:10+00:00,45.03,INR,posted,credit
L00002707,T00002707,A000608,2025-05-18T10:39:35+00:00,4799.72,USD,posted,credit
L00002708,T00002708,A000241,2025-02-11T02:30:19+00:00,2197.21,USD,posted,credit
L00002709,T00002709,A000475,2025-12-18T09:14:53+00:00,1128.08,CAD,posted,credit
L00002710,T00002710,A001257,2025-05-22T15:10:34+00:00,4121.16,CAD,posted,credit
L00002711,T00002711,A000415,2026-02-26T12:55:02+00:00,3804.78,GBP,posted,credit
L00002712,T00002712,A000664,2025-05-08T02:16:52+00:00,2853.49,GBP,posted,credit
L00002713,T00002713,A000171,2025-03-02T08:43:51+00:00,4235.52,USD,posted,credit
L00002714,T00002714,A000785,2026-02-26T22:23:30+00:00,801.78,GBP,posted,credit
L00002715,T00002715,A000108,2025-04-25T02:54:36+00:00,2051.24,USD,posted,credit
L00002716,T00002716,A000896,2026-07-04T03:04:13+00:00,4638.65,EUR,posted,credit
L00002717,T00002717,A001202,2026-04-13T04:44:56+00:00,2957.69,CAD,posted,credit
L00002718,T00002718,A001459,2025-02-05T13:40:48+00:00,1301.37,CAD,posted,credit
L00002719,T00002719,A000198,2025-04-28T20:22:28+00:00,799.31,EUR,posted,credit
L00002720,T00002720,A001263,2025-12-19T16:34:27+00:00,3881.63,EUR,posted,credit
L00002721,T00002721,A000502,2026-03-02T14:42:22+00:00,2540.03,USD,posted,credit
L00002722,T00002722,A000152,2025-03-13T17:04:09+00:00,3266.87,GBP,posted,credit
L00002723,T00002723,A001362,2026-01-19T11:02:35+00:00,929.42,USD,posted,credit
L00002724,T00002724,A000626,2026-01-08T22:13:25+00:00,1862.93,GBP,posted,credit
L00002725,T00002725,A000125,2026-07-19T20:47:53+00:00,3479.96,USD,posted,credit
L00002726,T00002726,A000321,2025-04-04T00:32:18+00:00,2075.68,CAD,posted,credit
L00002727,T00002727,A000839,2026-04-20T02:34:21+00:00,2829.74,GBP,posted,credit
L00002728,T00002728,A001072,2026-07-21T18:22:22+00:00,2951.32,USD,posted,credit
L00002729,T00002729,A000094,2025-02-18T13:09:18+00:00,4054.71,INR,posted,credit
L00002730,T00002730,A001066,2026-08-07T16:04:09+00:00,921.29,USD,posted,credit
L00002731,T00002731,A001036,2025-10-25T07:49:31+00:00,1854.62,INR,posted,credit
L00002732,T00002732,A000642,2025-09-24T12:20:26+00:00,4960.15,INR,posted,credit
L00002733,T00002733,A000041,2025-05-09T02:13:53+00:00,2506.29,CAD,posted,credit
L00002734,T00002734,A000724,2025-07-31T11:33:33+00:00,1972.73,EUR,posted,credit
L00002735,T00002735,A001213,2026-02-08T18:41:18+00:00,4981.37,USD,posted,credit
L00002736,T00002736,A001065,2026-04-17T03:50:48+00:00,1801.84,CAD,posted,credit
L00002737,T00002737,A001089,2025-06-15T05:02:18+00:00,3434.24,INR,posted,credit
L00002738,T00002738,A001000,2025-09-28T02:34:53+00:00,2084.82,USD,posted,credit
L00002739,T00002739,A000232,2025-12-30T17:31:55+00:00,3768.86,INR,posted,credit
L00002740,T00002740,A000063,2025-02-12T16:41:31+00:00,684.64,GBP,posted,credit
L00002741,T00002741,A000793,2025-05-27T05:26:12+00:00,3739.98,USD,posted,credit
L00002742,T00002742,A001379,2026-03-25T23:21:53+00:00,2465.85,CAD,posted,credit
L00002743,T00002743,A000689,2026-05-31T22:21:27+00:00,1716.66,INR,posted,credit
L00002744,T00002744,A000486,2026-05-16T09:23:56+00:00,2128.95,CAD,posted,credit
L00002745,T00002745,A001286,2025-03-16T11:17:04+00:00,4477.94,INR,posted,credit
L00002746,T00002746,A001421,2025-12-07T22:46:10+00:00,2275.22,CAD,posted,credit
L00002747,T00002747,A000441,2025-05-20T13:13:40+00:00,1224.68,EUR,posted,credit
L00002748,T00002748,A000293,2026-05-31T12:12:45+00:00,1095.85,GBP,posted,credit
L00002749,T00002749,A000466,2025-06-02T04:20:55+00:00,156.44,CAD,posted,credit
L00002750,T00002750,A000893,2025-04-06T09:53:29+00:00,3150.99,USD,posted,credit
L00002751,T00002751,A000634,2025-02-12T09:51:44+00:00,2398.29,GBP,posted,credit
L00002752,T00002752,A000899,2025-06-08T15:27:37+00:00,2906.80,USD,posted,credit
L00002753,T00002753,A001366,2025-12-18T16:31:58+00:00,2486.46,CAD,posted,credit
L00002754,T00002754,A001355,2026-07-09T19:54:39+00:00,2924.98,USD,posted,credit
L00002755,T00002755,A001305,2025-04-04T08:46:51+00:00,1607.74,CAD,posted,credit
L00002756,T00002756,A000682,2026-09-08T17:37:23+00:00,1348.49,INR,posted,credit
L00002757,T00002757,A000035,2025-12-14T04:37:56+00:00,2160.71,INR,posted,credit
L00002758,T00002758,A000732,2026-08-26T02:46:29+00:00,4029.22,GBP,posted,credit
L00002759,T00002759,A001256,2025-09-03T08:13:03+00:00,1518.56,INR,posted,credit
L00002760,T00002760,A000871,2025-02-25T03:47:22+00:00,2770.52,USD,posted,credit
L00002761,T00002761,A000896,2025-12-19T18:36:10+00:00,3354.18,EUR,posted,credit
L00002762,T00002762,A000581,2026-07-13T12:37:17+00:00,3666.79,INR,posted,credit
L00002763,T00002763,A000631,2025-03-03T16:18:03+00:00,1046.89,CAD,posted,credit
L00002764,T00002764,A000048,2026-08-13T04:09:24+00:00,658.02,INR,posted,credit
L00002765,T00002765,A000626,2026-02-05T13:03:21+00:00,3125.94,GBP,posted,credit
L00002766,T00002766,A000679,2026-01-25T05:52:44+00:00,3319.46,INR,posted,credit
L00002767,T00002767,A001115,2025-01-27T14:07:52+00:00,2515.19,GBP,posted,credit
L00002768,T00002768,A000989,2025-08-14T21:49:19+00:00,2540.52,INR,posted,credit
L00002769,T00002769,A000644,2026-01-13T13:59:47+00:00,4824.17,GBP,posted,credit
L00002770,T00002770,A000615,2026-05-14T01:15:23+00:00,406.48,EUR,posted,credit
L00002771,T00002771,A000326,2026-01-09T22:20:38+00:00,1459.52,CAD,posted,credit
L00002772,T00002772,A000565,2026-07-11T04:15:32+00:00,4905.53,GBP,posted,credit
L00002773,T00002773,A001307,2026-07-24T00:53:55+00:00,2928.89,CAD,posted,credit
L00002774,T00002774,A001242,2026-06-10T07:12:25+00:00,2953.54,INR,posted,credit
L00002775,T00002775,A000458,2026-03-10T22:05:46+00:00,2317.54,USD,posted,credit
L00002776,T00002776,A000585,2025-06-26T13:55:36+00:00,3220.12,EUR,posted,credit
L00002777,T00002777,A001169,2025-09-02T17:36:21+00:00,823.37,USD,posted,credit
L00002778,T00002778,A000939,2026-01-11T16:18:02+00:00,1518.39,USD,posted,credit
L00002779,T00002779,A001106,2025-03-26T05:44:14+00:00,3891.06,GBP,posted,credit
L00002780,T00002780,A000414,2026-01-30T01:20:11+00:00,1785.47,EUR,posted,credit
L00002781,T00002781,A000041,2026-03-13T11:07:32+00:00,1917.01,CAD,posted,credit
L00002782,T00002782,A000774,2025-03-28T11:00:35+00:00,185.63,INR,posted,credit
L00002783,T00002783,A001046,2025-08-23T07:11:32+00:00,2525.76,INR,posted,credit
L00002784,T00002784,A000812,2025-02-02T03:45:13+00:00,717.15,EUR,posted,credit
L00002785,T00002785,A000424,2025-02-26T17:34:56+00:00,2634.03,GBP,posted,credit
L00002786,T00002786,A000070,2026-07-26T12:06:22+00:00,941.84,INR,posted,credit
L00002787,T00002787,A000421,2026-09-11T17:00:41+00:00,139.11,GBP,posted,credit
L00002788,T00002788,A000981,2025-06-24T15:35:12+00:00,4063.78,EUR,posted,credit
L00002789,T00002789,A001115,2025-12-17T12:11:24+00:00,2482.19,GBP,posted,credit
L00002790,T00002790,A000351,2026-03-05T01:28:52+00:00,234.31,INR,posted,credit
L00002791,T00002791,A000528,2026-04-13T19:48:34+00:00,2580.37,INR,posted,credit
L00002792,T00002792,A001408,2026-04-12T18:10:38+00:00,3168.39,CAD,posted,credit
L00002793,T00002793,A000607,2025-12-20T06:23:41+00:00,876.51,CAD,posted,credit
L00002794,T00002794,A001492,2025-07-04T18:58:41+00:00,2939.10,GBP,posted,credit
L00002795,T00002795,A001327,2026-02-23T19:34:41+00:00,4809.12,GBP,posted,credit
L00002796,T00002796,A001446,2025-11-21T19:06:11+00:00,4994.38,CAD,posted,credit
L00002797,T00002797,A000973,2026-04-05T16:35:36+00:00,3835.60,CAD,posted,credit
L00002798,T00002798,A000657,2025-10-18T22:04:46+00:00,411.34,INR,posted,credit
L00002799,T00002799,A001016,2025-03-17T02:59:57+00:00,635.19,INR,posted,credit
L00002800,T00002800,A000405,2026-03-12T19:19:42+00:00,2642.02,INR,posted,credit
L00002801,T00002801,A001405,2026-01-08T04:44:34+00:00,2275.36,GBP,posted,credit
L00002802,T00002802,A000394,2025-08-02T22:02:37+00:00,3482.86,EUR,posted,credit
L00002803,T00002803,A001372,2025-03-21T17:35:24+00:00,4699.26,EUR,posted,credit
L00002804,T00002804,A001314,2025-02-23T00:58:56+00:00,2093.78,EUR,posted,credit
L00002805,T00002805,A001357,2025-03-29T13:58:58+00:00,2323.89,USD,posted,credit
L00002806,T00002806,A000390,2025-05-01T12:34:12+00:00,3531.18,CAD,posted,credit
L00002807,T00002807,A001182,2025-06-09T13:12:23+00:00,602.62,INR,posted,credit
L00002808,T00002808,A000099,2025-04-10T15:26:45+00:00,1055.04,USD,posted,credit
L00002809,T00002809,A000915,2025-09-12T12:38:28+00:00,406.95,GBP,posted,credit
L00002810,T00002810,A000692,2025-07-18T15:06:48+00:00,4069.83,CAD,posted,credit
L00002811,T00002811,A001433,2025-10-28T15:54:09+00:00,4889.80,EUR,posted,credit
L00002812,T00002812,A000390,2026-06-21T15:16:22+00:00,1452.33,CAD,posted,credit
L00002813,T00002813,A000290,2025-01-18T06:31:35+00:00,1222.58,USD,posted,credit
L00002814,T00002814,A001201,2025-08-31T04:05:12+00:00,2056.61,CAD,posted,credit
L00002815,T00002815,A000645,2026-06-04T04:23:47+00:00,731.10,INR,posted,credit
L00002816,T00002816,A000308,2025-04-21T14:07:29+00:00,218.60,GBP,posted,credit
L00002817,T00002817,A001080,2026-05-15T13:43:28+00:00,933.88,USD,posted,credit
L00002818,T00002818,A000848,2025-06-21T05:30:37+00:00,212.37,GBP,posted,credit
L00002819,T00002819,A000166,2026-01-22T06:14:42+00:00,4035.91,GBP,posted,credit
L00002820,T00002820,A000034,2025-07-14T16:32:06+00:00,1435.28,USD,posted,credit
L00002821,T00002821,A000981,2025-01-06T01:29:40+00:00,1951.87,EUR,posted,credit
L00002822,T00002822,A000051,2025-02-23T18:58:38+00:00,516.91,USD,posted,credit
L00002823,T00002823,A001171,2025-11-18T08:41:16+00:00,3236.73,GBP,posted,credit
L00002824,T00002824,A000142,2025-07-03T17:58:06+00:00,3523.66,USD,posted,credit
L00002825,T00002825,A001256,2026-09-12T01:13:51+00:00,3660.81,INR,posted,credit
L00002826,T00002826,A001493,2025-11-09T20:09:04+00:00,2211.07,USD,posted,credit
L00002827,T00002827,A000747,2025-12-10T17:50:50+00:00,1413.99,CAD,posted,credit
L00002828,T00002828,A000888,2025-01-16T04:40:53+00:00,3569.06,CAD,posted,credit
L00002829,T00002829,A001496,2026-09-05T14:45:30+00:00,2745.90,CAD,posted,credit
L00002830,T00002830,A001391,2026-08-01T08:00:41+00:00,914.20,CAD,posted,credit
L00002831,T00002831,A000350,2025-02-02T17:52:39+00:00,2314.57,INR,posted,credit
L00002832,T00002832,A000313,2025-02-13T02:34:56+00:00,3761.11,INR,posted,credit
L00002833,T00002833,A000246,2025-03-05T17:26:23+00:00,117.70,EUR,posted,credit
L00002834,T00002834,A001062,2025-05-04T18:53:24+00:00,3285.53,USD,posted,credit
L00002835,T00002835,A000286,2025-06-07T03:28:48+00:00,774.00,USD,posted,credit
L00002836,T00002836,A000859,2025-04-22T01:34:19+00:00,2681.57,INR,posted,credit
L00002837,T00002837,A000876,2025-08-13T05:49:03+00:00,3513.93,CAD,posted,credit
L00002838,T00002838,A001123,2026-01-17T19:52:02+00:00,4804.44,INR,posted,credit
L00002839,T00002839,A000340,2026-03-24T16:11:53+00:00,4198.82,GBP,posted,credit
L00002840,T00002840,A000085,2025-07-09T15:22:31+00:00,263.23,GBP,posted,credit
L00002841,T00002841,A001245,2026-01-31T12:37:56+00:00,1076.63,CAD,posted,credit
L00002842,T00002842,A001411,2025-02-12T10:59:00+00:00,1325.54,EUR,posted,credit
L00002843,T00002843,A000674,2026-04-22T04:10:05+00:00,4211.57,USD,posted,credit
L00002844,T00002844,A000668,2025-02-24T20:08:16+00:00,4679.28,GBP,posted,credit
L00002845,T00002845,A001156,2025-09-24T18:12:05+00:00,3075.03,USD,posted,credit
L00002846,T00002846,A000530,2025-08-19T19:18:09+00:00,3749.82,INR,posted,credit
L00002847,T00002847,A001434,2026-01-04T09:21:38+00:00,2535.65,CAD,posted,credit
L00002848,T00002848,A000011,2026-03-16T17:40:44+00:00,1051.99,CAD,posted,credit
L00002849,T00002849,A001281,2026-02-24T03:43:08+00:00,840.03,EUR,posted,credit
L00002850,T00002850,A001053,2026-01-16T17:53:51+00:00,410.77,EUR,posted,credit
L00002851,T00002851,A000991,2026-02-05T07:08:54+00:00,538.29,CAD,posted,credit
L00002852,T00002852,A001115,2026-06-20T21:16:02+00:00,2981.29,GBP,posted,credit
L00002853,T00002853,A000882,2025-10-31T08:57:58+00:00,1702.60,USD,posted,credit
L00002854,T00002854,A001162,2025-12-30T17:13:55+00:00,1800.93,CAD,posted,credit
L00002855,T00002855,A000134,2026-01-15T10:56:31+00:00,2013.84,GBP,posted,credit
L00002856,T00002856,A000132,2026-01-06T01:45:04+00:00,1208.92,CAD,posted,credit
L00002857,T00002857,A000640,2025-05-16T12:50:56+00:00,3171.18,EUR,posted,credit
L00002858,T00002858,A001360,2026-01-05T16:03:52+00:00,163.97,USD,posted,credit
L00002859,T00002859,A000437,2026-04-08T00:14:45+00:00,1697.64,CAD,posted,credit
L00002860,T00002860,A000112,2025-04-22T04:13:42+00:00,2342.27,GBP,posted,credit
L00002861,T00002861,A001157,2026-01-17T08:44:55+00:00,3575.76,EUR,posted,credit
L00002862,T00002862,A000925,2025-10-21T17:27:02+00:00,790.17,USD,posted,credit
L00002863,T00002863,A000164,2026-08-21T12:41:39+00:00,1929.82,USD,posted,credit
L00002864,T00002864,A000246,2025-06-02T23:14:02+00:00,4261.96,EUR,posted,credit
L00002865,T00002865,A001202,2026-03-31T09:11:49+00:00,3831.20,CAD,posted,credit
L00002866,T00002866,A001224,2026-07-05T09:37:58+00:00,1078.68,INR,posted,credit
L00002867,T00002867,A000176,2026-08-07T08:24:00+00:00,1675.15,EUR,posted,credit
L00002868,T00002868,A000292,2025-01-04T13:16:48+00:00,690.04,CAD,posted,credit
L00002869,T00002869,A000205,2026-08-17T16:37:50+00:00,3893.24,EUR,posted,credit
L00002870,T00002870,A000852,2026-07-07T14:46:08+00:00,1623.12,USD,posted,credit
L00002871,T00002871,A000768,2025-06-07T05:09:40+00:00,2357.95,EUR,posted,credit
L00002872,T00002872,A001301,2025-03-15T01:52:07+00:00,3042.41,GBP,posted,credit
L00002873,T00002873,A000931,2025-02-23T06:36:10+00:00,3706.13,INR,posted,credit
L00002874,T00002874,A001015,2025-01-05T00:37:41+00:00,4710.26,EUR,posted,credit
L00002875,T00002875,A000206,2025-08-18T22:37:49+00:00,1361.94,CAD,posted,credit
L00002876,T00002876,A000423,2026-06-24T08:21:38+00:00,2454.17,USD,posted,credit
L00002877,T00002877,A000336,2026-08-18T16:41:55+00:00,4827.87,EUR,posted,credit
L00002878,T00002878,A000736,2026-05-01T02:11:35+00:00,3826.44,INR,posted,credit
L00002879,T00002879,A000958,2025-07-04T04:34:49+00:00,791.34,EUR,posted,credit
L00002880,T00002880,A001076,2025-06-28T13:34:23+00:00,4052.49,EUR,posted,credit
L00002881,T00002881,A001492,2025-06-27T05:47:55+00:00,4041.13,GBP,posted,credit
L00002882,T00002882,A000568,2025-04-09T20:17:42+00:00,3468.20,CAD,posted,credit
L00002883,T00002883,A001399,2025-10-11T14:49:46+00:00,1183.74,USD,posted,credit
L00002884,T00002884,A000250,2026-02-10T09:44:31+00:00,4138.87,EUR,posted,credit
L00002885,T00002885,A000647,2025-10-05T00:42:50+00:00,1322.87,USD,posted,credit
L00002886,T00002886,A001334,2025-02-09T19:59:40+00:00,4878.71,CAD,posted,credit
L00002887,T00002887,A000629,2025-05-18T02:46:13+00:00,3962.40,EUR,posted,credit
L00002888,T00002888,A000789,2026-08-26T16:24:48+00:00,1068.72,USD,posted,credit
L00002889,T00002889,A000745,2025-04-23T08:50:25+00:00,4292.74,GBP,posted,credit
L00002890,T00002890,A000795,2025-12-31T06:33:22+00:00,584.39,GBP,posted,credit
L00002891,T00002891,A000526,2026-08-03T23:07:21+00:00,2680.49,CAD,posted,credit
L00002892,T00002892,A000919,2025-06-20T22:05:09+00:00,4855.88,USD,posted,credit
L00002893,T00002893,A000168,2025-02-01T01:05:17+00:00,4665.13,CAD,posted,credit
L00002894,T00002894,A001059,2025-04-01T09:12:45+00:00,3138.14,INR,posted,credit
L00002895,T00002895,A000527,2025-04-28T01:57:02+00:00,2899.22,USD,posted,credit
L00002896,T00002896,A001040,2025-05-20T07:37:22+00:00,2068.30,INR,posted,credit
L00002897,T00002897,A000608,2025-03-02T23:11:16+00:00,1658.60,USD,posted,credit
L00002898,T00002898,A000208,2026-06-23T22:32:33+00:00,3386.02,GBP,posted,credit
L00002899,T00002899,A000755,2025-03-28T20:26:34+00:00,3511.55,GBP,posted,credit
L00002900,T00002900,A001334,2026-02-22T16:44:14+00:00,4188.35,CAD,posted,credit
L00002901,T00002901,A000446,2026-01-13T07:18:08+00:00,4610.98,USD,posted,credit
L00002902,T00002902,A000337,2025-07-07T05:51:34+00:00,4047.60,USD,posted,credit
L00002903,T00002903,A000348,2025-12-02T12:25:24+00:00,4714.89,CAD,posted,credit
L00002904,T00002904,A000947,2025-08-05T05:43:18+00:00,4164.63,CAD,posted,credit
L00002905,T00002905,A000985,2025-11-18T07:55:28+00:00,2711.14,CAD,posted,credit
L00002906,T00002906,A001101,2026-03-19T05:58:07+00:00,528.37,USD,posted,credit
L00002907,T00002907,A000908,2026-05-04T05:08:57+00:00,2241.33,USD,posted,credit
L00002908,T00002908,A000177,2025-03-22T13:51:22+00:00,2331.99,USD,posted,credit
L00002909,T00002909,A001351,2026-08-05T20:44:30+00:00,3831.79,CAD,posted,credit
L00002910,T00002910,A000123,2025-12-30T17:25:28+00:00,1617.99,GBP,posted,credit
L00002911,T00002911,A000708,2025-12-16T23:41:20+00:00,3973.48,GBP,posted,credit
L00002912,T00002912,A001318,2026-02-04T17:34:50+00:00,3922.10,EUR,posted,credit
L00002913,T00002913,A000162,2025-11-14T19:39:22+00:00,1832.64,EUR,posted,credit
L00002914,T00002914,A000668,2025-07-19T12:03:02+00:00,3077.20,GBP,posted,credit
L00002915,T00002915,A000366,2025-06-26T12:02:39+00:00,329.12,EUR,posted,credit
L00002916,T00002916,A001115,2025-10-03T15:16:54+00:00,3239.16,GBP,posted,credit
L00002917,T00002917,A001379,2025-09-26T23:17:02+00:00,3525.54,CAD,posted,credit
L00002918,T00002918,A000832,2026-05-27T14:50:47+00:00,2846.93,INR,posted,credit
L00002919,T00002919,A001396,2025-01-21T07:15:11+00:00,672.94,GBP,posted,credit
L00002920,T00002920,A000038,2025-02-05T13:40:35+00:00,1993.32,USD,posted,credit
L00002921,T00002921,A000353,2025-04-09T14:30:01+00:00,3430.80,USD,posted,credit
L00002922,T00002922,A000870,2025-09-20T20:28:53+00:00,2805.95,GBP,posted,credit
L00002923,T00002923,A001372,2025-05-25T11:35:41+00:00,192.99,EUR,posted,credit
L00002924,T00002924,A000135,2026-04-07T18:28:48+00:00,4736.15,GBP,posted,credit
L00002925,T00002925,A000519,2025-04-07T07:11:20+00:00,2427.22,USD,posted,credit
L00002926,T00002926,A000622,2026-01-25T02:53:28+00:00,2596.38,GBP,posted,credit
L00002927,T00002927,A000220,2025-10-06T14:56:05+00:00,1366.05,INR,posted,credit
L00002928,T00002928,A000039,2025-09-27T00:36:49+00:00,110.22,USD,posted,credit
L00002929,T00002929,A001258,2026-05-17T13:17:21+00:00,1672.89,CAD,posted,credit
L00002930,T00002930,A000627,2025-08-10T21:39:50+00:00,1527.24,CAD,posted,credit
L00002931,T00002931,A001426,2025-05-22T22:27:26+00:00,834.98,CAD,posted,credit
L00002932,T00002932,A000427,2025-01-08T04:25:43+00:00,4705.31,USD,posted,credit
L00002933,T00002933,A001350,2026-02-12T14:32:17+00:00,2420.43,CAD,posted,credit
L00002934,T00002934,A001305,2026-03-01T19:38:50+00:00,4395.56,CAD,posted,credit
L00002935,T00002935,A000902,2026-06-07T00:06:28+00:00,1761.98,EUR,posted,credit
L00002936,T00002936,A000631,2026-05-03T21:31:21+00:00,4020.11,CAD,posted,credit
L00002937,T00002937,A001289,2025-07-05T07:38:52+00:00,3784.75,CAD,posted,credit
L00002938,T00002938,A000134,2025-01-10T23:44:47+00:00,4009.12,GBP,posted,credit
L00002939,T00002939,A001006,2026-02-24T09:16:41+00:00,4639.43,USD,posted,credit
L00002940,T00002940,A000551,2025-09-16T09:16:02+00:00,1460.97,GBP,posted,credit
L00002941,T00002941,A000875,2025-06-29T22:19:10+00:00,2196.12,GBP,posted,credit
L00002942,T00002942,A000681,2026-07-02T23:01:08+00:00,209.25,EUR,posted,credit
L00002943,T00002943,A001043,2026-06-23T21:15:28+00:00,3603.47,USD,posted,credit
L00002944,T00002944,A001255,2025-04-14T03:02:49+00:00,3266.35,GBP,posted,credit
L00002945,T00002945,A000740,2026-04-18T20:31:08+00:00,3285.90,INR,posted,credit
L00002946,T00002946,A001173,2025-09-19T20:52:55+00:00,4671.54,GBP,posted,credit
L00002947,T00002947,A000778,2026-01-06T08:13:45+00:00,1017.20,USD,posted,credit
L00002948,T00002948,A000536,2025-05-22T09:02:44+00:00,2156.14,USD,posted,credit
L00002949,T00002949,A000194,2025-03-21T08:11:26+00:00,3677.61,USD,posted,credit
L00002950,T00002950,A001029,2025-07-09T15:47:45+00:00,1171.45,EUR,posted,credit
L00002951,T00002951,A001200,2026-09-04T04:26:41+00:00,798.84,INR,posted,credit
L00002952,T00002952,A000479,2025-01-15T17:33:51+00:00,4042.09,GBP,posted,credit
L00002953,T00002953,A001151,2025-03-20T16:41:22+00:00,1757.23,EUR,posted,credit
L00002954,T00002954,A000852,2025-02-04T16:50:14+00:00,3321.13,USD,posted,credit
L00002955,T00002955,A000736,2026-04-11T12:32:30+00:00,4601.29,INR,posted,credit
L00002956,T00002956,A000594,2025-05-27T12:47:37+00:00,331.81,EUR,posted,credit
L00002957,T00002957,A000006,2025-12-24T07:51:01+00:00,4681.36,CAD,posted,credit
L00002958,T00002958,A000568,2026-08-07T12:50:49+00:00,262.99,CAD,posted,credit
L00002959,T00002959,A000317,2025-04-28T20:42:24+00:00,2803.22,USD,posted,credit
L00002960,T00002960,A001245,2025-10-06T07:03:14+00:00,4990.37,CAD,posted,credit
L00002961,T00002961,A000590,2026-06-04T01:36:47+00:00,2451.66,EUR,posted,credit
L00002962,T00002962,A001015,2025-07-25T02:57:13+00:00,4911.87,EUR,posted,credit
L00002963,T00002963,A000304,2026-03-05T04:44:11+00:00,2920.56,EUR,posted,credit
L00002964,T00002964,A001470,2026-08-01T04:22:38+00:00,1895.78,EUR,posted,credit
L00002965,T00002965,A000816,2026-09-04T18:13:01+00:00,535.05,INR,posted,credit
L00002966,T00002966,A000926,2026-01-16T22:46:37+00:00,2247.60,USD,posted,credit
L00002967,T00002967,A001165,2026-01-07T12:13:57+00:00,1841.01,INR,posted,credit
L00002968,T00002968,A000830,2026-03-27T15:50:21+00:00,2866.52,CAD,posted,credit
L00002969,T00002969,A000166,2025-08-28T03:09:50+00:00,1080.74,GBP,posted,credit
L00002970,T00002970,A000164,2026-07-16T16:08:09+00:00,4444.85,USD,posted,credit
L00002971,T00002971,A001082,2025-04-05T03:53:58+00:00,1648.94,INR,posted,credit
L00002972,T00002972,A001111,2025-03-18T02:45:05+00:00,980.59,USD,posted,credit
L00002973,T00002973,A000803,2025-06-26T22:52:21+00:00,778.30,GBP,posted,credit
L00002974,T00002974,A000177,2026-04-12T16:57:22+00:00,828.29,USD,posted,credit
L00002975,T00002975,A001222,2026-06-20T02:29:55+00:00,4278.27,USD,posted,credit
L00002976,T00002976,A000337,2025-04-17T21:56:24+00:00,3547.81,USD,posted,credit
L00002977,T00002977,A000330,2026-06-23T21:15:17+00:00,4166.35,GBP,posted,credit
L00002978,T00002978,A001194,2025-11-18T11:32:25+00:00,3439.79,USD,posted,credit
L00002979,T00002979,A001330,2025-11-10T01:15:45+00:00,2144.22,USD,posted,credit
L00002980,T00002980,A000202,2025-05-27T20:06:27+00:00,96.54,CAD,posted,credit
L00002981,T00002981,A000328,2025-01-17T21:16:31+00:00,4547.36,INR,posted,credit
L00002982,T00002982,A000708,2026-02-08T11:43:20+00:00,3490.58,GBP,posted,credit
L00002983,T00002983,A000225,2026-07-08T01:14:03+00:00,2418.59,CAD,posted,credit
L00002984,T00002984,A000367,2025-01-21T19:48:59+00:00,1288.43,GBP,posted,credit
L00002985,T00002985,A001444,2025-03-21T18:50:18+00:00,953.86,GBP,posted,credit
L00002986,T00002986,A000745,2025-04-08T15:29:46+00:00,3385.73,GBP,posted,credit
L00002987,T00002987,A000941,2025-10-03T15:52:06+00:00,3577.75,EUR,posted,credit
L00002988,T00002988,A000455,2025-04-20T17:39:15+00:00,2940.96,CAD,posted,credit
L00002989,T00002989,A001254,2026-03-29T15:17:02+00:00,502.07,USD,posted,credit
L00002990,T00002990,A000553,2026-01-01T22:24:27+00:00,3330.00,INR,posted,credit
L00002991,T00002991,A000962,2025-10-25T02:14:05+00:00,3525.87,USD,posted,credit
L00002992,T00002992,A000708,2026-01-11T08:35:25+00:00,3501.93,GBP,posted,credit
L00002993,T00002993,A000434,2025-03-05T08:47:30+00:00,3705.05,GBP,posted,credit
L00002994,T00002994,A001462,2025-11-06T12:38:37+00:00,625.92,EUR,posted,credit
L00002995,T00002995,A001284,2026-04-09T03:04:31+00:00,446.75,INR,posted,credit
L00002996,T00002996,A001022,2025-08-19T18:07:30+00:00,3700.29,EUR,posted,credit
L00002997,T00002997,A001030,2025-03-24T07:53:49+00:00,4830.32,CAD,posted,credit
L00002998,T00002998,A000434,2026-02-17T15:24:56+00:00,4497.35,GBP,posted,credit
L00002999,T00002999,A000841,2026-03-22T08:41:37+00:00,3530.61,GBP,posted,credit
L00003000,T00003000,A000932,2025-04-02T08:38:29+00:00,2691.66,CAD,posted,credit
L00003001,T00003001,A000645,2025-12-08T16:44:38+00:00,473.52,INR,posted,credit
L00003002,T00003002,A001252,2025-09-24T05:31:22+00:00,3612.35,CAD,posted,credit
L00003003,T00003003,A000279,2026-04-20T12:10:04+00:00,3078.35,GBP,posted,credit
L00003004,T00003004,A000845,2025-03-25T13:41:42+00:00,1617.11,CAD,posted,credit
L00003005,T00003005,A000072,2026-09-02T21:26:19+00:00,4490.29,INR,posted,credit
L00003006,T00003006,A000513,2025-05-08T17:14:21+00:00,261.29,INR,posted,credit
L00003007,T00003007,A000491,2026-07-19T14:57:14+00:00,4135.04,INR,posted,credit
L00003008,T00003008,A000625,2025-02-18T20:10:22+00:00,1247.60,USD,posted,credit
L00003009,T00003009,A001304,2026-01-08T03:12:33+00:00,4371.30,GBP,posted,credit
L00003010,T00003010,A000780,2026-01-19T16:05:54+00:00,3411.02,INR,posted,credit
L00003011,T00003011,A001020,2025-08-31T08:01:56+00:00,1541.38,USD,posted,credit
L00003012,T00003012,A000737,2026-01-15T06:46:59+00:00,3537.87,GBP,posted,credit
L00003013,T00003013,A000083,2026-02-07T22:01:57+00:00,580.95,USD,posted,credit
L00003014,T00003014,A000015,2025-08-21T23:14:08+00:00,3456.03,GBP,posted,credit
L00003015,T00003015,A001158,2025-01-23T06:26:43+00:00,274.98,GBP,posted,credit
L00003016,T00003016,A000458,2025-04-09T03:47:48+00:00,4862.37,USD,posted,credit
L00003017,T00003017,A000930,2025-06-06T09:57:09+00:00,4829.75,USD,posted,credit
L00003018,T00003018,A000592,2025-07-18T10:05:42+00:00,405.27,EUR,posted,credit
L00003019,T00003019,A000621,2025-09-16T13:14:01+00:00,3450.38,INR,posted,credit
L00003020,T00003020,A001460,2025-04-11T03:18:46+00:00,620.39,CAD,posted,credit
L00003021,T00003021,A000024,2026-08-18T10:27:20+00:00,507.23,USD,posted,credit
L00003022,T00003022,A000016,2026-07-29T17:22:11+00:00,1378.08,USD,posted,credit
L00003023,T00003023,A000777,2026-09-03T15:25:27+00:00,777.14,CAD,posted,credit
L00003024,T00003024,A000707,2026-03-18T11:49:35+00:00,3244.65,CAD,posted,credit
L00003025,T00003025,A001477,2025-05-03T02:37:34+00:00,1855.49,CAD,posted,credit
L00003026,T00003026,A000652,2025-05-20T08:56:37+00:00,4191.03,GBP,posted,credit
L00003027,T00003027,A000023,2025-12-15T16:03:13+00:00,1358.63,CAD,posted,credit
L00003028,T00003028,A000733,2025-04-30T02:01:05+00:00,4778.85,INR,posted,credit
L00003029,T00003029,A000017,2025-10-06T08:34:02+00:00,282.11,USD,posted,credit
L00003030,T00003030,A000737,2026-07-27T07:22:50+00:00,4180.22,GBP,posted,credit
L00003031,T00003031,A000868,2026-09-01T15:10:37+00:00,3046.01,EUR,posted,credit
L00003032,T00003032,A001179,2025-03-06T01:33:12+00:00,1024.25,INR,posted,credit
L00003033,T00003033,A000187,2026-01-03T23:07:07+00:00,438.18,GBP,posted,credit
L00003034,T00003034,A000884,2026-03-07T18:14:09+00:00,1839.26,GBP,posted,credit
L00003035,T00003035,A000059,2025-01-19T17:27:53+00:00,3229.41,GBP,posted,credit
L00003036,T00003036,A001183,2026-02-25T15:19:45+00:00,639.22,EUR,posted,credit
L00003037,T00003037,A001374,2025-08-24T03:31:11+00:00,347.02,USD,posted,credit
L00003038,T00003038,A000979,2026-08-19T05:29:27+00:00,4848.44,CAD,posted,credit
L00003039,T00003039,A000119,2026-05-28T12:35:17+00:00,3190.95,INR,posted,credit
L00003040,T00003040,A000160,2026-07-19T22:24:51+00:00,3769.94,CAD,posted,credit
L00003041,T00003041,A000130,2026-06-23T13:39:04+00:00,3519.79,EUR,posted,credit
L00003042,T00003042,A001057,2025-10-13T02:28:12+00:00,2661.39,USD,posted,credit
L00003043,T00003043,A000344,2026-07-26T05:56:22+00:00,3392.83,EUR,posted,credit
L00003044,T00003044,A000386,2026-09-11T13:32:40+00:00,4037.21,GBP,posted,credit
L00003045,T00003045,A001054,2025-03-21T23:30:21+00:00,658.86,GBP,posted,credit
L00003046,T00003046,A000893,2025-10-10T14:03:43+00:00,822.80,USD,posted,credit
L00003047,T00003047,A000161,2026-06-19T12:57:35+00:00,4557.95,INR,posted,credit
L00003048,T00003048,A000665,2026-03-21T14:33:05+00:00,4350.05,GBP,posted,credit
L00003049,T00003049,A001154,2026-08-08T11:09:44+00:00,1787.81,EUR,posted,credit
L00003050,T00003050,A001223,2026-04-06T08:33:45+00:00,4319.12,GBP,posted,credit
L00003051,T00003051,A000180,2026-08-24T08:09:27+00:00,4279.98,CAD,posted,credit
L00003052,T00003052,A000402,2026-07-18T14:12:13+00:00,616.41,CAD,posted,credit
L00003053,T00003053,A000280,2026-06-23T07:10:59+00:00,100.84,GBP,posted,credit
L00003054,T00003054,A000126,2026-07-18T11:43:50+00:00,1823.50,EUR,posted,credit
L00003055,T00003055,A001474,2025-02-27T20:59:01+00:00,208.52,USD,posted,credit
L00003056,T00003056,A000924,2025-11-18T22:01:07+00:00,1299.56,INR,posted,credit
L00003057,T00003057,A000668,2025-01-16T20:12:45+00:00,1016.79,GBP,posted,credit
L00003058,T00003058,A000850,2025-11-03T11:10:28+00:00,3447.82,GBP,posted,credit
L00003059,T00003059,A000647,2026-01-31T15:46:47+00:00,1564.50,USD,posted,credit
L00003060,T00003060,A001033,2025-10-31T19:59:33+00:00,3269.79,GBP,posted,credit
L00003061,T00003061,A000351,2025-08-20T19:18:24+00:00,3595.65,INR,posted,credit
L00003062,T00003062,A001183,2025-03-03T07:02:11+00:00,3946.60,EUR,posted,credit
L00003063,T00003063,A001413,2025-04-24T03:49:45+00:00,3801.42,INR,posted,credit
L00003064,T00003064,A001070,2025-08-16T13:10:21+00:00,2716.01,INR,posted,credit
L00003065,T00003065,A000190,2026-05-21T18:58:53+00:00,2552.59,EUR,posted,credit
L00003066,T00003066,A001038,2026-05-06T06:05:10+00:00,3133.06,USD,posted,credit
L00003067,T00003067,A000520,2026-03-22T23:40:15+00:00,1130.04,USD,posted,credit
L00003068,T00003068,A001095,2025-08-17T01:34:43+00:00,1835.52,INR,posted,credit
L00003069,T00003069,A000895,2026-02-11T16:39:20+00:00,917.38,INR,posted,credit
L00003070,T00003070,A000915,2025-09-28T04:40:59+00:00,266.02,GBP,posted,credit
L00003071,T00003071,A000449,2025-05-15T06:41:11+00:00,2598.60,INR,posted,credit
L00003072,T00003072,A000460,2026-06-17T19:59:49+00:00,4407.50,CAD,posted,credit
L00003073,T00003073,A001167,2026-02-01T11:41:15+00:00,3617.45,CAD,posted,credit
L00003074,T00003074,A000761,2026-08-26T16:33:45+00:00,1428.08,EUR,posted,credit
L00003075,T00003075,A000739,2025-01-02T16:18:26+00:00,3835.56,GBP,posted,credit
L00003076,T00003076,A000464,2025-08-17T12:25:22+00:00,2045.44,CAD,posted,credit
L00003077,T00003077,A000980,2026-05-27T08:57:42+00:00,78.58,CAD,posted,credit
L00003078,T00003078,A000250,2025-08-10T13:20:59+00:00,2510.56,EUR,posted,credit
L00003079,T00003079,A001046,2025-09-21T11:49:41+00:00,2937.56,INR,posted,credit
L00003080,T00003080,A000959,2025-03-11T02:25:50+00:00,1118.50,CAD,posted,credit
L00003081,T00003081,A000689,2025-06-16T18:28:17+00:00,3692.13,INR,posted,credit
L00003082,T00003082,A001135,2025-10-01T14:01:54+00:00,4750.60,CAD,posted,credit
L00003083,T00003083,A001456,2026-08-27T15:18:13+00:00,2282.36,GBP,posted,credit
L00003084,T00003084,A000547,2025-01-06T14:25:29+00:00,4736.46,EUR,posted,credit
L00003085,T00003085,A000130,2025-07-14T19:34:31+00:00,4002.93,EUR,posted,credit
L00003086,T00003086,A000842,2026-01-08T07:36:11+00:00,3879.78,USD,posted,credit
L00003087,T00003087,A001157,2026-06-30T21:04:27+00:00,3155.93,EUR,posted,credit
L00003088,T00003088,A000238,2025-08-19T22:24:29+00:00,3057.75,GBP,posted,credit
L00003089,T00003089,A000044,2025-12-26T07:11:51+00:00,1844.95,USD,posted,credit
L00003090,T00003090,A001406,2025-12-06T07:52:24+00:00,4445.91,GBP,posted,credit
L00003091,T00003091,A000134,2025-03-08T17:56:08+00:00,653.05,GBP,posted,credit
L00003092,T00003092,A000307,2025-08-13T23:45:16+00:00,3336.38,USD,posted,credit
L00003093,T00003093,A000332,2026-08-31T12:15:32+00:00,3883.38,CAD,posted,credit
L00003094,T00003094,A000838,2026-08-20T18:52:17+00:00,4158.54,CAD,posted,credit
L00003095,T00003095,A000654,2026-05-11T23:32:43+00:00,2302.48,GBP,posted,credit
L00003096,T00003096,A001300,2025-09-04T06:04:01+00:00,3931.90,INR,posted,credit
L00003097,T00003097,A000153,2025-03-15T21:38:25+00:00,4854.72,CAD,posted,credit
L00003098,T00003098,A000783,2025-04-12T11:10:04+00:00,2752.18,CAD,posted,credit
L00003099,T00003099,A001080,2025-08-04T21:56:59+00:00,355.09,USD,posted,credit
L00003100,T00003100,A001102,2025-02-02T19:58:55+00:00,99.55,EUR,posted,credit
L00003101,T00003101,A000719,2025-01-15T04:40:33+00:00,3821.57,USD,posted,credit
L00003102,T00003102,A000146,2026-03-28T19:41:16+00:00,400.01,INR,posted,credit
L00003103,T00003103,A000994,2025-09-07T11:15:57+00:00,4611.46,INR,posted,credit
L00003104,T00003104,A000629,2025-12-17T10:40:08+00:00,1820.24,EUR,posted,credit
L00003105,T00003105,A000168,2025-02-25T12:47:29+00:00,1342.60,CAD,posted,credit
L00003106,T00003106,A001370,2025-02-12T22:08:33+00:00,1893.04,CAD,posted,credit
L00003107,T00003107,A001102,2026-07-17T23:43:55+00:00,3171.55,EUR,posted,credit
L00003108,T00003108,A000646,2026-02-05T22:58:33+00:00,4112.49,INR,posted,credit
L00003109,T00003109,A000057,2025-10-01T06:28:27+00:00,3409.77,INR,posted,credit
L00003110,T00003110,A000499,2025-07-26T11:09:21+00:00,811.22,USD,posted,credit
L00003111,T00003111,A001201,2025-01-28T22:09:43+00:00,3274.72,CAD,posted,credit
L00003112,T00003112,A000256,2025-02-05T10:40:18+00:00,804.93,CAD,posted,credit
L00003113,T00003113,A000172,2025-05-01T15:14:32+00:00,1696.78,INR,posted,credit
L00003114,T00003114,A000216,2026-04-05T19:13:30+00:00,3253.51,USD,posted,credit
L00003115,T00003115,A000026,2025-12-16T13:51:24+00:00,2435.08,CAD,posted,credit
L00003116,T00003116,A000206,2026-06-21T17:14:22+00:00,538.09,CAD,posted,credit
L00003117,T00003117,A000361,2026-08-22T21:13:50+00:00,263.47,EUR,posted,credit
L00003118,T00003118,A000634,2025-08-03T07:43:57+00:00,4549.74,GBP,posted,credit
L00003119,T00003119,A000849,2026-04-11T06:42:02+00:00,4248.58,USD,posted,credit
L00003120,T00003120,A000854,2026-04-15T02:41:15+00:00,2340.38,USD,posted,credit
L00003121,T00003121,A001426,2025-08-30T09:56:34+00:00,682.82,CAD,posted,credit
L00003122,T00003122,A000138,2026-05-16T01:40:20+00:00,697.36,CAD,posted,credit
L00003123,T00003123,A000075,2025-02-27T03:54:29+00:00,3414.45,USD,posted,credit
L00003124,T00003124,A000765,2025-03-20T19:52:01+00:00,3841.04,INR,posted,credit
L00003125,T00003125,A001477,2026-08-16T15:04:18+00:00,3542.83,CAD,posted,credit
L00003126,T00003126,A001134,2026-06-12T14:51:54+00:00,1362.28,USD,posted,credit
L00003127,T00003127,A000901,2025-11-12T13:51:45+00:00,2270.99,GBP,posted,credit
L00003128,T00003128,A001290,2025-04-28T20:55:46+00:00,3948.71,CAD,posted,credit
L00003129,T00003129,A000890,2026-04-27T01:31:21+00:00,4251.88,EUR,posted,credit
L00003130,T00003130,A000165,2025-10-14T19:11:45+00:00,239.42,GBP,posted,credit
L00003131,T00003131,A000011,2026-08-02T03:20:11+00:00,1035.82,CAD,posted,credit
L00003132,T00003132,A000791,2026-04-05T12:44:34+00:00,3853.81,EUR,posted,credit
L00003133,T00003133,A000081,2025-02-27T10:14:02+00:00,3031.31,GBP,posted,credit
L00003134,T00003134,A000055,2025-03-01T23:17:23+00:00,4917.10,GBP,posted,credit
L00003135,T00003135,A000439,2025-12-14T10:47:06+00:00,1280.26,USD,posted,credit
L00003136,T00003136,A000927,2025-12-15T11:27:14+00:00,1829.94,EUR,posted,credit
L00003137,T00003137,A001347,2025-12-26T15:25:03+00:00,4224.87,INR,posted,credit
L00003138,T00003138,A000924,2025-10-30T23:39:23+00:00,2380.90,INR,posted,credit
L00003139,T00003139,A000406,2026-06-10T19:47:38+00:00,552.44,EUR,posted,credit
L00003140,T00003140,A000814,2025-10-25T09:14:46+00:00,1063.08,USD,posted,credit
L00003141,T00003141,A000354,2026-02-19T19:31:10+00:00,4865.58,CAD,posted,credit
L00003142,T00003142,A000412,2025-09-22T06:49:37+00:00,1890.55,EUR,posted,credit
L00003143,T00003143,A000075,2026-08-22T15:59:12+00:00,739.12,USD,posted,credit
L00003144,T00003144,A000254,2025-06-16T16:13:33+00:00,1924.12,CAD,posted,credit
L00003145,T00003145,A001040,2025-07-09T11:22:59+00:00,682.01,INR,posted,credit
L00003146,T00003146,A000099,2026-03-10T00:47:45+00:00,1686.60,USD,posted,credit
L00003147,T00003147,A001477,2026-04-26T21:08:05+00:00,2777.08,CAD,posted,credit
L00003148,T00003148,A000786,2025-02-10T02:49:43+00:00,488.19,USD,posted,credit
L00003149,T00003149,A000552,2025-11-13T03:32:46+00:00,2238.92,CAD,posted,credit
L00003150,T00003150,A000234,2026-07-24T13:23:18+00:00,2344.69,GBP,posted,credit
L00003151,T00003151,A001213,2025-05-13T23:36:59+00:00,2869.91,USD,posted,credit
L00003152,T00003152,A000672,2025-09-12T20:02:10+00:00,3261.98,EUR,posted,credit
L00003153,T00003153,A001164,2026-06-06T12:26:01+00:00,2381.48,USD,posted,credit
L00003154,T00003154,A000106,2025-06-19T03:53:57+00:00,4512.20,INR,posted,credit
L00003155,T00003155,A001203,2025-03-22T01:19:05+00:00,329.70,GBP,posted,credit
L00003156,T00003156,A001376,2026-09-01T01:54:57+00:00,4307.40,USD,posted,credit
L00003157,T00003157,A000525,2026-01-13T01:46:59+00:00,1596.72,USD,posted,credit
L00003158,T00003158,A000358,2025-09-09T09:45:29+00:00,2093.09,INR,posted,credit
L00003159,T00003159,A000699,2026-01-03T16:37:29+00:00,409.97,EUR,posted,credit
L00003160,T00003160,A001338,2026-03-01T19:50:08+00:00,4383.91,EUR,posted,credit
L00003161,T00003161,A000843,2026-08-24T20:14:13+00:00,1326.92,GBP,posted,credit
L00003162,T00003162,A000314,2025-09-23T06:19:23+00:00,4881.40,GBP,posted,credit
L00003163,T00003163,A001474,2025-07-21T00:46:35+00:00,3803.79,USD,posted,credit
L00003164,T00003164,A000752,2026-08-23T20:48:50+00:00,2120.80,EUR,posted,credit
L00003165,T00003165,A001484,2025-05-16T15:57:03+00:00,3592.50,USD,posted,credit
L00003166,T00003166,A001171,2026-05-10T06:38:08+00:00,4488.10,GBP,posted,credit
L00003167,T00003167,A000354,2026-01-17T03:18:52+00:00,1046.55,CAD,posted,credit
L00003168,T00003168,A000289,2026-01-22T16:45:26+00:00,3106.00,EUR,posted,credit
L00003169,T00003169,A000949,2025-04-19T21:16:54+00:00,3337.54,EUR,posted,credit
L00003170,T00003170,A000257,2026-03-25T21:33:44+00:00,3866.37,EUR,posted,credit
L00003171,T00003171,A000801,2025-08-04T07:46:40+00:00,1247.56,CAD,posted,credit
L00003172,T00003172,A001451,2025-06-13T06:13:58+00:00,3639.37,EUR,posted,credit
L00003173,T00003173,A000894,2025-04-28T01:42:04+00:00,3159.24,INR,posted,credit
L00003174,T00003174,A001279,2026-08-10T18:13:57+00:00,970.74,CAD,posted,credit
L00003175,T00003175,A000306,2026-04-30T23:45:33+00:00,175.67,EUR,posted,credit
L00003176,T00003176,A000263,2026-04-04T07:53:39+00:00,1999.48,CAD,posted,credit
L00003177,T00003177,A000470,2026-07-07T12:12:10+00:00,1695.06,USD,posted,credit
L00003178,T00003178,A001303,2026-08-09T05:39:51+00:00,3839.98,EUR,posted,credit
L00003179,T00003179,A000907,2025-07-06T13:51:38+00:00,911.82,USD,posted,credit
L00003180,T00003180,A001381,2026-02-04T22:26:42+00:00,4810.72,GBP,posted,credit
L00003181,T00003181,A000015,2026-05-01T14:05:31+00:00,1335.97,GBP,posted,credit
L00003182,T00003182,A001348,2026-08-07T08:46:41+00:00,4585.75,GBP,posted,credit
L00003183,T00003183,A001056,2025-02-12T08:09:54+00:00,4364.16,GBP,posted,credit
L00003184,T00003184,A000336,2026-07-16T04:47:52+00:00,658.88,EUR,posted,credit
L00003185,T00003185,A001481,2026-05-21T11:23:33+00:00,1314.72,INR,posted,credit
L00003186,T00003186,A000394,2026-06-16T04:05:04+00:00,1869.71,EUR,posted,credit
L00003187,T00003187,A000844,2026-08-14T02:04:11+00:00,1758.21,USD,posted,credit
L00003188,T00003188,A001395,2026-08-07T02:37:37+00:00,3069.15,INR,posted,credit
L00003189,T00003189,A000479,2025-05-23T07:59:21+00:00,1208.21,GBP,posted,credit
L00003190,T00003190,A000532,2026-08-01T15:19:44+00:00,4924.09,EUR,posted,credit
L00003191,T00003191,A000316,2025-01-06T17:15:50+00:00,3419.30,INR,posted,credit
L00003192,T00003192,A000389,2025-03-28T20:24:39+00:00,4657.86,INR,posted,credit
L00003193,T00003193,A000429,2025-12-26T09:47:04+00:00,4320.21,INR,posted,credit
L00003194,T00003194,A000070,2025-07-21T08:07:10+00:00,4302.40,INR,posted,credit
L00003195,T00003195,A001132,2026-08-28T01:14:37+00:00,2686.35,EUR,posted,credit
L00003196,T00003196,A001420,2025-06-25T11:16:14+00:00,8.04,CAD,posted,credit
L00003197,T00003197,A001315,2025-07-05T09:41:55+00:00,2422.87,USD,posted,credit
L00003198,T00003198,A000171,2025-01-30T19:39:44+00:00,2280.71,USD,posted,credit
L00003199,T00003199,A001332,2025-06-23T08:18:35+00:00,40.47,GBP,posted,credit
L00003200,T00003200,A000982,2026-05-16T08:48:46+00:00,681.64,USD,posted,credit
L00003201,T00003201,A000537,2025-02-07T22:00:41+00:00,4942.98,INR,posted,credit
L00003202,T00003202,A000480,2025-10-04T06:27:26+00:00,77.00,CAD,posted,credit
L00003203,T00003203,A000687,2025-05-08T23:20:58+00:00,3375.69,INR,posted,credit
L00003204,T00003204,A000978,2026-07-02T00:01:13+00:00,4217.81,GBP,posted,credit
L00003205,T00003205,A001141,2026-05-06T20:42:05+00:00,958.72,USD,posted,credit
L00003206,T00003206,A000884,2025-06-02T16:45:09+00:00,2057.62,GBP,posted,credit
L00003207,T00003207,A000705,2026-05-06T14:51:41+00:00,400.30,GBP,posted,credit
L00003208,T00003208,A000790,2026-08-21T22:36:11+00:00,4276.03,CAD,posted,credit
L00003209,T00003209,A001123,2025-11-18T02:42:14+00:00,1483.30,INR,posted,credit
L00003210,T00003210,A001279,2025-12-23T10:06:05+00:00,972.47,CAD,posted,credit
L00003211,T00003211,A000882,2025-04-16T05:30:22+00:00,4726.02,USD,posted,credit
L00003212,T00003212,A001386,2025-06-10T16:09:41+00:00,2875.45,INR,posted,credit
L00003213,T00003213,A000774,2025-01-18T09:14:34+00:00,3254.41,INR,posted,credit
L00003214,T00003214,A000691,2025-09-05T21:11:40+00:00,2364.20,GBP,posted,credit
L00003215,T00003215,A000231,2026-08-02T04:31:42+00:00,2010.99,INR,posted,credit
L00003216,T00003216,A000426,2025-01-13T07:55:12+00:00,4561.77,CAD,posted,credit
L00003217,T00003217,A000067,2026-07-11T10:58:48+00:00,1718.92,USD,posted,credit
L00003218,T00003218,A000054,2026-01-16T19:26:12+00:00,3034.88,EUR,posted,credit
L00003219,T00003219,A000602,2026-03-13T14:40:02+00:00,4097.76,INR,posted,credit
L00003220,T00003220,A000367,2026-01-21T15:06:21+00:00,387.44,GBP,posted,credit
L00003221,T00003221,A000566,2026-03-26T23:30:20+00:00,1898.05,GBP,posted,credit
L00003222,T00003222,A000800,2026-07-17T13:00:36+00:00,2429.73,USD,posted,credit
L00003223,T00003223,A000500,2025-04-01T08:19:32+00:00,3033.76,INR,posted,credit
L00003224,T00003224,A000442,2026-02-11T01:46:57+00:00,1917.12,CAD,posted,credit
L00003225,T00003225,A000256,2025-05-21T05:53:41+00:00,4232.73,CAD,posted,credit
L00003226,T00003226,A000798,2025-03-28T21:53:57+00:00,2357.96,INR,posted,credit
L00003227,T00003227,A000556,2026-05-09T18:25:29+00:00,3754.98,CAD,posted,credit
L00003228,T00003228,A000547,2025-07-16T19:25:58+00:00,256.79,EUR,posted,credit
L00003229,T00003229,A000792,2025-08-18T09:04:23+00:00,1927.15,INR,posted,credit
L00003230,T00003230,A000577,2026-07-25T04:35:43+00:00,1287.45,GBP,posted,credit
L00003231,T00003231,A001490,2026-08-12T18:48:37+00:00,3097.13,INR,posted,credit
L00003232,T00003232,A000984,2025-06-29T09:21:02+00:00,1873.51,INR,posted,credit
L00003233,T00003233,A000643,2026-08-14T02:01:13+00:00,1017.11,USD,posted,credit
L00003234,T00003234,A000774,2025-03-09T08:34:58+00:00,1393.87,INR,posted,credit
L00003235,T00003235,A000799,2026-03-06T13:52:36+00:00,2605.51,INR,posted,credit
L00003236,T00003236,A000233,2025-10-22T06:08:55+00:00,258.26,GBP,posted,credit
L00003237,T00003237,A001321,2026-01-01T08:31:30+00:00,609.02,CAD,posted,credit
L00003238,T00003238,A000953,2025-10-09T08:51:35+00:00,2501.44,USD,posted,credit
L00003239,T00003239,A000864,2026-09-04T11:22:59+00:00,1912.20,CAD,posted,credit
L00003240,T00003240,A000169,2026-03-31T18:41:58+00:00,1842.69,GBP,posted,credit
L00003241,T00003241,A001035,2025-09-23T08:39:56+00:00,1904.31,INR,posted,credit
L00003242,T00003242,A000104,2025-02-25T19:37:08+00:00,3663.40,CAD,posted,credit
L00003243,T00003243,A000318,2025-10-15T13:45:45+00:00,2283.78,EUR,posted,credit
L00003244,T00003244,A000669,2026-04-06T19:08:12+00:00,872.42,GBP,posted,credit
L00003245,T00003245,A000842,2026-04-01T11:29:49+00:00,4518.46,USD,posted,credit
L00003246,T00003246,A000773,2025-07-30T22:01:12+00:00,1614.90,USD,posted,credit
L00003247,T00003247,A000886,2025-05-02T15:09:21+00:00,2219.68,INR,posted,credit
L00003248,T00003248,A000298,2025-11-13T14:19:23+00:00,616.00,INR,posted,credit
L00003249,T00003249,A000777,2026-03-05T19:32:05+00:00,1932.99,CAD,posted,credit
L00003250,T00003250,A001442,2025-10-17T11:07:58+00:00,350.82,INR,posted,credit
L00003251,T00003251,A001122,2025-05-19T21:13:48+00:00,1043.32,INR,posted,credit
L00003252,T00003252,A001313,2025-07-06T13:06:33+00:00,3002.47,EUR,posted,credit
L00003253,T00003253,A000481,2026-05-10T11:27:24+00:00,2786.89,EUR,posted,credit
L00003254,T00003254,A001146,2025-08-17T00:23:29+00:00,1679.15,EUR,posted,credit
L00003255,T00003255,A000686,2025-04-19T04:11:59+00:00,4476.04,GBP,posted,credit
L00003256,T00003256,A000109,2026-03-11T19:31:49+00:00,1028.84,CAD,posted,credit
L00003257,T00003257,A001139,2025-10-29T19:14:11+00:00,1203.10,CAD,posted,credit
L00003258,T00003258,A000754,2026-06-18T19:16:14+00:00,1877.00,INR,posted,credit
L00003259,T00003259,A001437,2026-05-20T05:19:03+00:00,4802.00,EUR,posted,credit
L00003260,T00003260,A000336,2025-10-13T07:33:15+00:00,738.49,EUR,posted,credit
L00003261,T00003261,A000471,2025-07-03T02:31:33+00:00,4402.22,CAD,posted,credit
L00003262,T00003262,A001012,2026-07-01T15:38:33+00:00,4914.21,CAD,posted,credit
L00003263,T00003263,A001008,2025-11-29T19:17:32+00:00,2166.19,CAD,posted,credit
L00003264,T00003264,A000431,2026-02-27T20:08:23+00:00,1781.91,USD,posted,credit
L00003265,T00003265,A001170,2025-04-23T07:42:43+00:00,1305.86,USD,posted,credit
L00003266,T00003266,A000621,2026-01-27T23:38:54+00:00,1425.62,INR,posted,credit
L00003267,T00003267,A001403,2025-12-04T12:48:04+00:00,4171.27,CAD,posted,credit
L00003268,T00003268,A000529,2026-02-21T09:01:00+00:00,3212.54,CAD,posted,credit
L00003269,T00003269,A000368,2026-02-10T04:30:04+00:00,1816.27,EUR,posted,credit
L00003270,T00003270,A001232,2025-06-09T22:00:30+00:00,4079.94,USD,posted,credit
L00003271,T00003271,A000028,2026-07-01T02:49:14+00:00,64.78,GBP,posted,credit
L00003272,T00003272,A000685,2025-10-17T20:09:38+00:00,2212.46,EUR,posted,credit
L00003273,T00003273,A000500,2025-02-12T05:53:53+00:00,3533.16,INR,posted,credit
L00003274,T00003274,A001388,2025-12-25T17:10:42+00:00,2334.12,GBP,posted,credit
L00003275,T00003275,A000268,2026-03-12T18:29:46+00:00,3679.07,INR,posted,credit
L00003276,T00003276,A000155,2025-07-18T04:59:43+00:00,261.19,GBP,posted,credit
L00003277,T00003277,A001494,2026-09-04T18:43:34+00:00,198.50,USD,posted,credit
L00003278,T00003278,A000481,2025-09-15T02:38:33+00:00,529.82,EUR,posted,credit
L00003279,T00003279,A001062,2025-05-10T20:00:00+00:00,486.16,USD,posted,credit
L00003280,T00003280,A001114,2025-12-11T13:49:06+00:00,4709.52,USD,posted,credit
L00003281,T00003281,A000839,2025-10-03T12:39:34+00:00,4387.58,GBP,posted,credit
L00003282,T00003282,A001285,2025-12-04T02:05:09+00:00,3647.01,INR,posted,credit
L00003283,T00003283,A000245,2025-10-27T09:41:23+00:00,3085.77,INR,posted,credit
L00003284,T00003284,A000032,2025-07-04T00:05:39+00:00,2935.01,GBP,posted,credit
L00003285,T00003285,A000269,2026-01-31T06:56:46+00:00,1752.61,EUR,posted,credit
L00003286,T00003286,A001495,2025-03-29T12:47:23+00:00,3672.52,INR,posted,credit
L00003287,T00003287,A000265,2025-04-14T18:15:33+00:00,4541.88,INR,posted,credit
L00003288,T00003288,A000518,2025-02-23T00:39:42+00:00,3635.39,USD,posted,credit
L00003289,T00003289,A000851,2025-07-07T20:10:58+00:00,3725.25,INR,posted,credit
L00003290,T00003290,A001413,2026-01-18T06:55:55+00:00,3073.42,INR,posted,credit
L00003291,T00003291,A000906,2025-04-10T19:18:49+00:00,2963.20,GBP,posted,credit
L00003292,T00003292,A000189,2025-05-08T16:05:19+00:00,3148.29,INR,posted,credit
L00003293,T00003293,A001315,2025-08-17T02:55:39+00:00,1624.02,USD,posted,credit
L00003294,T00003294,A000742,2025-09-24T13:56:41+00:00,1485.84,CAD,posted,credit
L00003295,T00003295,A000814,2026-05-02T06:56:37+00:00,3655.28,USD,posted,credit
L00003296,T00003296,A001447,2025-02-02T21:16:50+00:00,649.98,GBP,posted,credit
L00003297,T00003297,A000498,2026-03-31T15:11:51+00:00,1347.50,INR,posted,credit
L00003298,T00003298,A000336,2025-11-29T23:54:29+00:00,2378.98,EUR,posted,credit
L00003299,T00003299,A000681,2025-03-22T17:06:05+00:00,2537.99,EUR,posted,credit
L00003300,T00003300,A000866,2026-05-12T22:35:22+00:00,1375.33,GBP,posted,credit
L00003301,T00003301,A001095,2025-08-23T04:12:50+00:00,2856.13,INR,posted,credit
L00003302,T00003302,A000343,2025-08-15T08:41:32+00:00,3933.08,GBP,posted,credit
L00003303,T00003303,A001432,2026-06-04T18:54:07+00:00,2910.59,USD,posted,credit
L00003304,T00003304,A000752,2025-08-28T16:18:33+00:00,4833.98,EUR,posted,credit
L00003305,T00003305,A001011,2026-06-11T01:22:13+00:00,316.67,CAD,posted,credit
L00003306,T00003306,A000921,2026-03-10T14:57:27+00:00,2349.78,CAD,posted,credit
L00003307,T00003307,A000183,2026-01-31T17:39:38+00:00,3924.32,INR,posted,credit
L00003308,T00003308,A000659,2026-07-14T04:58:45+00:00,4968.63,USD,posted,credit
L00003309,T00003309,A000902,2025-07-26T13:00:24+00:00,4719.00,EUR,posted,credit
L00003310,T00003310,A000874,2025-07-09T19:26:25+00:00,528.29,USD,posted,credit
L00003311,T00003311,A000053,2026-06-21T20:11:32+00:00,1468.05,INR,posted,credit
L00003312,T00003312,A000388,2026-02-23T16:52:42+00:00,954.10,INR,posted,credit
L00003313,T00003313,A001416,2025-08-19T12:14:14+00:00,4861.10,INR,posted,credit
L00003314,T00003314,A000665,2025-11-24T08:01:49+00:00,3835.05,GBP,posted,credit
L00003315,T00003315,A000274,2025-02-25T00:22:53+00:00,492.50,INR,posted,credit
L00003316,T00003316,A001219,2026-03-10T17:47:35+00:00,121.69,GBP,posted,credit
L00003317,T00003317,A001358,2025-04-27T00:01:19+00:00,1563.97,USD,posted,credit
L00003318,T00003318,A001483,2026-07-07T02:19:32+00:00,3664.92,GBP,posted,credit
L00003319,T00003319,A000532,2025-03-02T05:57:14+00:00,2233.53,EUR,posted,credit
L00003320,T00003320,A001308,2025-11-11T09:13:12+00:00,3218.73,EUR,posted,credit
L00003321,T00003321,A001258,2026-01-26T07:24:06+00:00,3783.27,CAD,posted,credit
L00003322,T00003322,A001197,2025-07-09T02:30:30+00:00,2193.16,EUR,posted,credit
L00003323,T00003323,A000880,2025-08-09T15:13:03+00:00,728.43,CAD,posted,credit
L00003324,T00003324,A000883,2025-11-09T23:29:55+00:00,477.07,CAD,posted,credit
L00003325,T00003325,A001283,2026-03-26T14:55:25+00:00,4526.46,EUR,posted,credit
L00003326,T00003326,A000259,2025-05-23T07:58:42+00:00,711.54,USD,posted,credit
L00003327,T00003327,A001044,2025-12-19T15:12:10+00:00,3985.57,EUR,posted,credit
L00003328,T00003328,A000265,2025-11-24T09:35:10+00:00,3163.16,INR,posted,credit
L00003329,T00003329,A001449,2026-04-24T23:07:13+00:00,4688.65,EUR,posted,credit
L00003330,T00003330,A000795,2026-07-25T22:26:51+00:00,3560.65,GBP,posted,credit
L00003331,T00003331,A001148,2025-11-06T20:58:21+00:00,4527.54,GBP,posted,credit
L00003332,T00003332,A001161,2025-08-09T23:37:40+00:00,2688.59,USD,posted,credit
L00003333,T00003333,A000167,2025-09-09T14:26:50+00:00,4660.38,GBP,posted,credit
L00003334,T00003334,A001208,2026-04-12T19:11:55+00:00,3178.68,EUR,posted,credit
L00003335,T00003335,A000615,2025-08-20T07:18:46+00:00,3781.94,EUR,posted,credit
L00003336,T00003336,A001130,2026-09-01T00:48:13+00:00,652.96,CAD,posted,credit
L00003337,T00003337,A000923,2025-08-08T20:29:29+00:00,4675.67,INR,posted,credit
L00003338,T00003338,A000726,2026-02-26T03:15:48+00:00,3989.70,EUR,posted,credit
L00003339,T00003339,A000009,2025-03-26T20:15:55+00:00,3452.08,CAD,posted,credit
L00003340,T00003340,A000251,2025-01-21T01:55:29+00:00,4750.56,EUR,posted,credit
L00003341,T00003341,A000177,2026-05-25T23:28:19+00:00,608.46,USD,posted,credit
L00003342,T00003342,A000926,2025-12-16T07:57:53+00:00,3104.37,USD,posted,credit
L00003343,T00003343,A000284,2025-07-31T17:10:23+00:00,4732.38,GBP,posted,credit
L00003344,T00003344,A000817,2025-06-21T02:28:24+00:00,2025.40,USD,posted,credit
L00003345,T00003345,A000787,2025-12-24T03:30:31+00:00,1022.16,EUR,posted,credit
L00003346,T00003346,A000900,2026-06-08T14:33:00+00:00,3079.90,USD,posted,credit
L00003347,T00003347,A000211,2026-04-15T18:18:50+00:00,2556.16,USD,posted,credit
L00003348,T00003348,A000195,2026-05-29T09:14:56+00:00,1587.28,USD,posted,credit
L00003349,T00003349,A000587,2025-03-21T11:55:39+00:00,4418.51,USD,posted,credit
L00003350,T00003350,A000725,2026-07-27T13:41:56+00:00,288.62,CAD,posted,credit
L00003351,T00003351,A001095,2025-02-15T02:36:50+00:00,2634.83,INR,posted,credit
L00003352,T00003352,A000099,2026-06-24T11:05:56+00:00,4587.03,USD,posted,credit
L00003353,T00003353,A000344,2025-05-09T06:13:40+00:00,654.23,EUR,posted,credit
L00003354,T00003354,A000077,2025-06-11T16:42:17+00:00,1398.06,CAD,posted,credit
L00003355,T00003355,A001188,2026-03-25T13:22:43+00:00,2052.61,CAD,posted,credit
L00003356,T00003356,A001216,2025-11-12T17:53:36+00:00,2912.75,INR,posted,credit
L00003357,T00003357,A000586,2026-04-11T03:40:07+00:00,3153.21,CAD,posted,credit
L00003358,T00003358,A001256,2026-02-10T11:31:32+00:00,147.96,INR,posted,credit
L00003359,T00003359,A001024,2026-06-11T15:51:40+00:00,3534.39,USD,posted,credit
L00003360,T00003360,A000059,2025-10-17T05:24:56+00:00,3497.13,GBP,posted,credit
L00003361,T00003361,A000426,2026-04-19T02:42:22+00:00,1115.31,CAD,posted,credit
L00003362,T00003362,A000099,2026-07-12T04:12:29+00:00,1977.64,USD,posted,credit
L00003363,T00003363,A001013,2026-01-07T07:27:15+00:00,259.52,USD,posted,credit
L00003364,T00003364,A000973,2025-08-02T11:24:26+00:00,918.63,CAD,posted,credit
L00003365,T00003365,A000915,2025-10-30T18:36:32+00:00,940.38,GBP,posted,credit
L00003366,T00003366,A000621,2025-05-08T20:32:20+00:00,4712.08,INR,posted,credit
L00003367,T00003367,A000967,2025-10-24T02:38:16+00:00,2631.81,INR,posted,credit
L00003368,T00003368,A001468,2026-04-05T00:36:00+00:00,3862.75,EUR,posted,credit
L00003369,T00003369,A000878,2025-05-19T09:08:54+00:00,3504.25,EUR,posted,credit
L00003370,T00003370,A001193,2025-08-19T02:09:14+00:00,3433.49,CAD,posted,credit
L00003371,T00003371,A000730,2026-05-30T19:59:41+00:00,3472.44,GBP,posted,credit
L00003372,T00003372,A000082,2025-05-13T05:55:15+00:00,3750.44,INR,posted,credit
L00003373,T00003373,A000840,2026-05-15T12:27:09+00:00,3529.68,CAD,posted,credit
L00003374,T00003374,A000303,2025-03-06T15:57:50+00:00,1888.18,GBP,posted,credit
L00003375,T00003375,A000731,2026-04-30T13:41:27+00:00,3364.46,USD,posted,credit
L00003376,T00003376,A000487,2026-06-06T23:37:32+00:00,4031.45,INR,posted,credit
L00003377,T00003377,A000897,2025-10-28T16:16:42+00:00,1377.36,GBP,posted,credit
L00003378,T00003378,A000930,2025-08-10T11:30:33+00:00,2716.16,USD,posted,credit
L00003379,T00003379,A000257,2026-06-12T04:45:52+00:00,435.54,EUR,posted,credit
L00003380,T00003380,A000370,2025-12-24T12:13:29+00:00,3736.60,GBP,posted,credit
L00003381,T00003381,A000357,2026-06-08T02:35:40+00:00,1873.25,INR,posted,credit
L00003382,T00003382,A000926,2025-05-24T04:48:28+00:00,2549.56,USD,posted,credit
L00003383,T00003383,A000830,2026-05-30T23:19:15+00:00,3200.83,CAD,posted,credit
L00003384,T00003384,A000687,2025-02-13T01:44:00+00:00,20.84,INR,posted,credit
L00003385,T00003385,A000183,2025-12-02T05:45:08+00:00,1657.62,INR,posted,credit
L00003386,T00003386,A001101,2025-11-26T20:52:18+00:00,3871.27,USD,posted,credit
L00003387,T00003387,A000679,2025-10-27T00:30:00+00:00,59.58,INR,posted,credit
L00003388,T00003388,A001132,2026-06-16T15:44:12+00:00,3835.68,EUR,posted,credit
L00003389,T00003389,A000100,2025-10-06T21:20:36+00:00,2902.44,USD,posted,credit
L00003390,T00003390,A001178,2026-06-24T04:42:07+00:00,2164.65,INR,posted,credit
L00003391,T00003391,A000608,2025-02-11T02:21:55+00:00,2538.24,USD,posted,credit
L00003392,T00003392,A000185,2025-12-01T04:16:28+00:00,454.70,EUR,posted,credit
L00003393,T00003393,A000934,2025-10-15T23:55:35+00:00,3449.30,EUR,posted,credit
L00003394,T00003394,A001403,2025-04-30T11:50:30+00:00,2924.81,CAD,posted,credit
L00003395,T00003395,A000054,2025-01-28T00:10:50+00:00,1406.18,EUR,posted,credit
L00003396,T00003396,A000616,2025-09-14T17:19:20+00:00,1686.99,INR,posted,credit
L00003397,T00003397,A001454,2025-04-16T18:40:37+00:00,2818.80,EUR,posted,credit
L00003398,T00003398,A000856,2025-03-25T03:32:27+00:00,4967.36,EUR,posted,credit
L00003399,T00003399,A000486,2026-05-08T10:50:36+00:00,4781.56,CAD,posted,credit
L00003400,T00003400,A001108,2026-04-10T10:33:53+00:00,4784.36,CAD,posted,credit
L00003401,T00003401,A000575,2025-09-26T15:02:03+00:00,383.44,GBP,posted,credit
L00003402,T00003402,A000421,2026-02-13T11:36:41+00:00,3056.27,GBP,posted,credit
L00003403,T00003403,A001343,2026-07-23T16:40:29+00:00,3583.18,INR,posted,credit
L00003404,T00003404,A001108,2026-01-13T00:21:48+00:00,127.27,CAD,posted,credit
L00003405,T00003405,A000849,2025-11-24T00:42:51+00:00,3620.73,USD,posted,credit
L00003406,T00003406,A000249,2026-04-24T13:56:06+00:00,1994.41,GBP,posted,credit
L00003407,T00003407,A000336,2025-04-06T18:06:35+00:00,2604.83,EUR,posted,credit
L00003408,T00003408,A000626,2026-08-26T09:10:54+00:00,740.65,GBP,posted,credit
L00003409,T00003409,A000006,2026-05-20T23:12:53+00:00,2444.84,CAD,posted,credit
L00003410,T00003410,A000372,2026-01-26T16:47:33+00:00,1306.32,INR,posted,credit
L00003411,T00003411,A000544,2026-02-06T07:11:18+00:00,1551.09,USD,posted,credit
L00003412,T00003412,A000376,2025-02-10T13:19:03+00:00,4173.68,GBP,posted,credit
L00003413,T00003413,A000165,2025-07-27T04:47:11+00:00,2498.42,GBP,posted,credit
L00003414,T00003414,A000542,2025-10-23T17:48:09+00:00,822.27,USD,posted,credit
L00003415,T00003415,A001226,2025-06-08T04:22:57+00:00,1352.99,USD,posted,credit
L00003416,T00003416,A000486,2026-08-19T14:59:35+00:00,4018.21,CAD,posted,credit
L00003417,T00003417,A000722,2025-06-30T03:26:55+00:00,4720.62,EUR,posted,credit
L00003418,T00003418,A000029,2025-04-10T09:35:24+00:00,1630.21,INR,posted,credit
L00003419,T00003419,A000905,2026-08-27T06:35:43+00:00,1673.70,EUR,posted,credit
L00003420,T00003420,A000206,2025-09-19T14:44:42+00:00,518.79,CAD,posted,credit
L00003421,T00003421,A000529,2025-06-30T22:12:11+00:00,3318.84,CAD,posted,credit
L00003422,T00003422,A001464,2025-10-11T05:42:29+00:00,3751.90,GBP,posted,credit
L00003423,T00003423,A001094,2025-12-23T15:20:46+00:00,2305.42,USD,posted,credit
L00003424,T00003424,A000717,2026-05-19T17:07:25+00:00,4670.08,EUR,posted,credit
L00003425,T00003425,A000992,2026-08-31T05:02:07+00:00,3641.13,CAD,posted,credit
L00003426,T00003426,A001370,2026-06-08T17:45:31+00:00,3458.25,CAD,posted,credit
L00003427,T00003427,A000855,2026-08-21T21:32:28+00:00,3410.27,USD,posted,credit
L00003428,T00003428,A001059,2026-03-25T14:31:58+00:00,452.07,INR,posted,credit
L00003429,T00003429,A000444,2026-01-05T12:55:29+00:00,4886.89,USD,posted,credit
L00003430,T00003430,A001004,2025-11-02T09:17:03+00:00,2076.30,EUR,posted,credit
L00003431,T00003431,A000428,2025-10-24T15:38:35+00:00,3715.57,INR,posted,credit
L00003432,T00003432,A000878,2026-04-21T09:37:05+00:00,3059.21,EUR,posted,credit
L00003433,T00003433,A001320,2025-05-25T03:12:11+00:00,1877.34,INR,posted,credit
L00003434,T00003434,A000283,2025-10-21T16:43:35+00:00,4800.96,USD,posted,credit
L00003435,T00003435,A000841,2025-11-07T05:57:05+00:00,1815.69,GBP,posted,credit
L00003436,T00003436,A000656,2025-10-01T00:28:24+00:00,17.28,EUR,posted,credit
L00003437,T00003437,A001066,2025-06-11T09:22:47+00:00,1859.25,USD,posted,credit
L00003438,T00003438,A001043,2026-03-09T18:06:26+00:00,3657.49,USD,posted,credit
L00003439,T00003439,A000964,2025-12-25T02:39:49+00:00,4722.35,EUR,posted,credit
L00003440,T00003440,A000888,2026-06-05T05:09:49+00:00,869.66,CAD,posted,credit
L00003441,T00003441,A000862,2026-01-03T05:03:09+00:00,2154.11,GBP,posted,credit
L00003442,T00003442,A000183,2025-09-03T14:28:39+00:00,1329.02,INR,posted,credit
L00003443,T00003443,A000631,2026-05-05T05:25:16+00:00,1825.05,CAD,posted,credit
L00003444,T00003444,A000552,2026-07-14T09:29:12+00:00,2018.28,CAD,posted,credit
L00003445,T00003445,A001242,2026-07-31T15:03:48+00:00,4291.97,INR,posted,credit
L00003446,T00003446,A000593,2026-06-15T05:22:47+00:00,2606.17,INR,posted,credit
L00003447,T00003447,A000912,2026-03-20T11:13:20+00:00,2576.59,EUR,posted,credit
L00003448,T00003448,A001091,2025-02-02T04:26:03+00:00,2285.03,INR,posted,credit
L00003449,T00003449,A000591,2025-09-20T17:48:17+00:00,4756.69,EUR,posted,credit
L00003450,T00003450,A000053,2025-01-18T10:06:39+00:00,1639.20,INR,posted,credit
L00003451,T00003451,A001027,2026-06-03T14:02:55+00:00,3494.37,GBP,posted,credit
L00003452,T00003452,A001072,2026-05-24T20:27:51+00:00,3891.32,USD,posted,credit
L00003453,T00003453,A001177,2026-02-05T22:41:31+00:00,2647.77,CAD,posted,credit
L00003454,T00003454,A000888,2025-05-04T16:21:28+00:00,4529.37,CAD,posted,credit
L00003455,T00003455,A000748,2025-09-10T00:42:26+00:00,151.23,INR,posted,credit
L00003456,T00003456,A000262,2026-05-29T15:16:34+00:00,3687.50,USD,posted,credit
L00003457,T00003457,A000169,2026-08-18T07:25:33+00:00,2995.98,GBP,posted,credit
L00003458,T00003458,A001155,2026-09-09T05:02:17+00:00,2872.44,USD,posted,credit
L00003459,T00003459,A000471,2026-07-22T03:59:39+00:00,3143.37,CAD,posted,credit
L00003460,T00003460,A000757,2025-08-05T00:00:16+00:00,1378.79,CAD,posted,credit
L00003461,T00003461,A001438,2026-08-04T11:25:05+00:00,2356.06,GBP,posted,credit
L00003462,T00003462,A001305,2025-09-08T17:38:42+00:00,1746.21,CAD,posted,credit
L00003463,T00003463,A000843,2026-06-06T18:02:44+00:00,2857.93,GBP,posted,credit
L00003464,T00003464,A001436,2025-03-07T10:21:55+00:00,1725.67,CAD,posted,credit
L00003465,T00003465,A001167,2026-07-27T22:11:50+00:00,346.22,CAD,posted,credit
L00003466,T00003466,A000892,2026-05-09T20:55:56+00:00,3572.38,USD,posted,credit
L00003467,T00003467,A000282,2026-04-19T19:08:15+00:00,778.34,USD,posted,credit
L00003468,T00003468,A001318,2025-03-30T15:32:15+00:00,1427.02,EUR,posted,credit
L00003469,T00003469,A000037,2025-09-14T12:29:00+00:00,844.73,INR,posted,credit
L00003470,T00003470,A000245,2025-09-11T08:57:42+00:00,1150.00,INR,posted,credit
L00003471,T00003471,A000306,2026-01-01T07:54:33+00:00,1055.23,EUR,posted,credit
L00003472,T00003472,A001162,2025-10-15T00:51:36+00:00,383.73,CAD,posted,credit
L00003473,T00003473,A000600,2025-01-21T15:21:32+00:00,389.57,USD,posted,credit
L00003474,T00003474,A001319,2026-01-22T19:48:58+00:00,1781.34,EUR,posted,credit
L00003475,T00003475,A000261,2025-06-27T12:00:58+00:00,802.76,USD,posted,credit
L00003476,T00003476,A000687,2025-09-02T20:12:07+00:00,2575.61,INR,posted,credit
L00003477,T00003477,A000485,2025-06-21T21:02:15+00:00,1365.60,EUR,posted,credit
L00003478,T00003478,A000147,2026-01-12T04:30:27+00:00,4628.21,CAD,posted,credit
L00003479,T00003479,A001260,2025-07-23T14:15:55+00:00,3644.94,EUR,posted,credit
L00003480,T00003480,A000760,2026-04-24T18:37:35+00:00,2643.48,USD,posted,credit
L00003481,T00003481,A000954,2026-07-02T06:24:18+00:00,1161.83,EUR,posted,credit
L00003482,T00003482,A000001,2026-01-14T12:06:26+00:00,707.24,USD,posted,credit
L00003483,T00003483,A000744,2025-10-27T04:56:25+00:00,192.45,EUR,posted,credit
L00003484,T00003484,A001211,2026-02-07T17:41:48+00:00,2671.40,CAD,posted,credit
L00003485,T00003485,A001028,2025-10-25T22:27:09+00:00,1735.12,GBP,posted,credit
L00003486,T00003486,A001013,2025-02-20T15:46:29+00:00,409.32,USD,posted,credit
L00003487,T00003487,A000241,2025-04-13T05:20:23+00:00,3236.10,USD,posted,credit
L00003488,T00003488,A000114,2026-02-06T22:15:00+00:00,1030.37,CAD,posted,credit
L00003489,T00003489,A000680,2025-02-15T11:05:45+00:00,2593.58,USD,posted,credit
L00003490,T00003490,A000767,2025-06-10T05:56:43+00:00,178.68,USD,posted,credit
L00003491,T00003491,A000261,2025-09-26T16:38:31+00:00,435.28,USD,posted,credit
L00003492,T00003492,A000460,2025-02-14T17:40:10+00:00,4317.10,CAD,posted,credit
L00003493,T00003493,A000987,2025-03-03T15:37:01+00:00,1250.24,EUR,posted,credit
L00003494,T00003494,A001211,2026-06-05T18:45:47+00:00,2876.89,CAD,posted,credit
L00003495,T00003495,A001467,2025-01-28T09:28:15+00:00,4255.34,EUR,posted,credit
L00003496,T00003496,A001493,2025-12-04T23:53:34+00:00,462.63,USD,posted,credit
L00003497,T00003497,A001020,2025-01-11T15:45:26+00:00,4880.98,USD,posted,credit
L00003498,T00003498,A000930,2025-09-14T01:28:58+00:00,3197.40,USD,posted,credit
L00003499,T00003499,A001201,2026-07-12T12:21:05+00:00,1804.88,CAD,posted,credit
L00003500,T00003500,A001104,2025-04-03T09:44:54+00:00,2713.18,USD,posted,credit
L00003501,T00003501,A001193,2026-04-07T23:40:17+00:00,2969.25,CAD,posted,credit
L00003502,T00003502,A000502,2025-10-13T10:20:31+00:00,1715.89,USD,posted,credit
L00003503,T00003503,A000148,2025-11-09T08:05:44+00:00,928.53,INR,posted,credit
L00003504,T00003504,A000350,2025-03-19T14:05:12+00:00,4665.52,INR,posted,credit
L00003505,T00003505,A001022,2025-07-11T02:21:31+00:00,514.66,EUR,posted,credit
L00003506,T00003506,A001304,2025-11-04T03:31:54+00:00,3167.13,GBP,posted,credit
L00003507,T00003507,A000983,2025-11-10T20:38:32+00:00,1953.92,GBP,posted,credit
L00003508,T00003508,A000801,2026-07-14T09:52:51+00:00,1185.40,CAD,posted,credit
L00003509,T00003509,A000882,2025-09-07T14:35:23+00:00,463.26,USD,posted,credit
L00003510,T00003510,A000107,2025-11-13T09:36:14+00:00,1022.43,USD,posted,credit
L00003511,T00003511,A000286,2026-05-03T18:23:50+00:00,2741.06,USD,posted,credit
L00003512,T00003512,A000830,2026-03-20T03:02:35+00:00,3278.93,CAD,posted,credit
L00003513,T00003513,A001435,2025-07-15T06:08:11+00:00,2232.87,INR,posted,credit
L00003514,T00003514,A000193,2026-07-20T10:54:13+00:00,2492.28,USD,posted,credit
L00003515,T00003515,A001239,2026-02-02T02:56:22+00:00,403.67,INR,posted,credit
L00003516,T00003516,A001147,2025-03-01T15:19:13+00:00,4762.95,GBP,posted,credit
L00003517,T00003517,A000496,2026-06-20T15:00:45+00:00,2885.11,GBP,posted,credit
L00003518,T00003518,A001198,2025-12-28T08:15:45+00:00,2768.80,EUR,posted,credit
L00003519,T00003519,A000148,2025-01-18T06:25:58+00:00,379.53,INR,posted,credit
L00003520,T00003520,A000995,2026-07-04T22:57:57+00:00,1691.92,GBP,posted,credit
L00003521,T00003521,A001157,2026-04-06T23:53:15+00:00,4018.56,EUR,posted,credit
L00003522,T00003522,A001307,2026-01-26T13:09:06+00:00,979.51,CAD,posted,credit
L00003523,T00003523,A000815,2025-05-24T12:14:48+00:00,2415.85,INR,posted,credit
L00003524,T00003524,A000086,2026-08-17T09:30:41+00:00,3544.65,GBP,posted,credit
L00003525,T00003525,A001125,2025-06-13T07:12:53+00:00,4998.59,USD,posted,credit
L00003526,T00003526,A000341,2025-02-15T06:09:46+00:00,2947.88,USD,posted,credit
L00003527,T00003527,A000502,2025-10-25T23:05:50+00:00,2320.00,USD,posted,credit
L00003528,T00003528,A000686,2026-08-29T02:20:49+00:00,2554.87,GBP,posted,credit
L00003529,T00003529,A000157,2025-11-29T03:01:32+00:00,3570.61,USD,posted,credit
L00003530,T00003530,A000280,2026-05-31T06:24:40+00:00,2898.30,GBP,posted,credit
L00003531,T00003531,A000741,2026-07-13T20:02:22+00:00,2653.44,EUR,posted,credit
L00003532,T00003532,A000305,2026-08-03T02:39:44+00:00,2876.66,CAD,posted,credit
L00003533,T00003533,A000778,2025-01-13T14:53:19+00:00,1239.64,USD,posted,credit
L00003534,T00003534,A001201,2025-10-04T19:41:14+00:00,3575.22,CAD,posted,credit
L00003535,T00003535,A000413,2025-05-16T13:17:10+00:00,1550.27,USD,posted,credit
L00003536,T00003536,A000526,2026-07-22T20:58:09+00:00,747.52,CAD,posted,credit
L00003537,T00003537,A000741,2025-03-18T06:32:44+00:00,4320.22,EUR,posted,credit
L00003538,T00003538,A000570,2026-08-07T13:57:01+00:00,4553.98,CAD,posted,credit
L00003539,T00003539,A001455,2025-11-19T15:53:38+00:00,4332.09,INR,posted,credit
L00003540,T00003540,A000397,2026-08-26T03:30:22+00:00,1807.96,GBP,posted,credit
L00003541,T00003541,A000207,2026-06-22T20:02:19+00:00,702.01,GBP,posted,credit
L00003542,T00003542,A001403,2025-10-15T07:49:03+00:00,3422.85,CAD,posted,credit
L00003543,T00003543,A001052,2026-01-21T17:40:27+00:00,2803.48,GBP,posted,credit
L00003544,T00003544,A000326,2025-02-12T21:57:03+00:00,2290.51,CAD,posted,credit
L00003545,T00003545,A001126,2025-02-10T13:22:59+00:00,3527.43,EUR,posted,credit
L00003546,T00003546,A000107,2025-06-30T20:31:40+00:00,1568.32,USD,posted,credit
L00003547,T00003547,A000617,2025-02-23T15:22:17+00:00,4541.51,GBP,posted,credit
L00003548,T00003548,A000543,2025-12-31T19:43:30+00:00,1390.18,USD,posted,credit
L00003549,T00003549,A001403,2026-05-03T13:37:46+00:00,2741.54,CAD,posted,credit
L00003550,T00003550,A000601,2026-08-03T22:44:12+00:00,303.55,GBP,posted,credit
L00003551,T00003551,A001425,2026-05-21T08:55:10+00:00,4474.32,USD,posted,credit
L00003552,T00003552,A001223,2026-06-05T21:38:27+00:00,818.39,GBP,posted,credit
L00003553,T00003553,A000721,2026-01-05T04:49:39+00:00,4820.12,INR,posted,credit
L00003554,T00003554,A000605,2025-10-02T09:49:17+00:00,4678.31,INR,posted,credit
L00003555,T00003555,A000736,2025-10-01T04:30:25+00:00,1782.86,INR,posted,credit
L00003556,T00003556,A001146,2026-04-14T12:22:32+00:00,73.63,EUR,posted,credit
L00003557,T00003557,A001342,2025-04-05T14:19:52+00:00,2659.95,USD,posted,credit
L00003558,T00003558,A000339,2025-11-07T19:51:34+00:00,4483.34,CAD,posted,credit
L00003559,T00003559,A001014,2026-08-10T11:34:55+00:00,2457.13,INR,posted,credit
L00003560,T00003560,A000177,2026-07-09T16:35:31+00:00,3693.41,USD,posted,credit
L00003561,T00003561,A000600,2025-07-04T12:02:24+00:00,4004.59,USD,posted,credit
L00003562,T00003562,A001399,2025-03-04T14:18:07+00:00,2897.74,USD,posted,credit
L00003563,T00003563,A001434,2025-10-01T00:55:45+00:00,2048.14,CAD,posted,credit
L00003564,T00003564,A000255,2026-04-17T13:50:25+00:00,1992.59,EUR,posted,credit
L00003565,T00003565,A001143,2025-02-26T23:28:20+00:00,3619.08,GBP,posted,credit
L00003566,T00003566,A000717,2026-04-06T01:34:53+00:00,3432.04,EUR,posted,credit
L00003567,T00003567,A001248,2026-04-17T03:21:09+00:00,1486.94,INR,posted,credit
L00003568,T00003568,A001418,2025-05-23T01:12:54+00:00,328.67,INR,posted,credit
L00003569,T00003569,A000556,2025-12-03T11:52:50+00:00,4942.25,CAD,posted,credit
L00003570,T00003570,A000025,2026-08-11T22:15:47+00:00,4018.84,USD,posted,credit
L00003571,T00003571,A001011,2025-02-16T04:37:19+00:00,2942.83,CAD,posted,credit
L00003572,T00003572,A000031,2025-05-04T15:58:52+00:00,2355.63,CAD,posted,credit
L00003573,T00003573,A001008,2025-07-15T21:49:34+00:00,1512.33,CAD,posted,credit
L00003574,T00003574,A001124,2025-06-20T16:54:59+00:00,4813.80,EUR,posted,credit
L00003575,T00003575,A001023,2025-10-14T00:12:26+00:00,3392.47,USD,posted,credit
L00003576,T00003576,A000711,2026-02-21T21:00:08+00:00,4440.91,GBP,posted,credit
L00003577,T00003577,A000897,2025-03-26T13:50:41+00:00,4062.86,GBP,posted,credit
L00003578,T00003578,A000056,2025-02-02T19:35:34+00:00,298.94,EUR,posted,credit
L00003579,T00003579,A000482,2025-02-19T07:58:39+00:00,2023.07,GBP,posted,credit
L00003580,T00003580,A001024,2025-05-27T01:38:44+00:00,3084.59,USD,posted,credit
L00003581,T00003581,A000588,2025-10-23T08:54:38+00:00,3369.90,EUR,posted,credit
L00003582,T00003582,A000593,2025-01-14T18:57:21+00:00,4381.58,INR,posted,credit
L00003583,T00003583,A001484,2026-01-14T05:16:31+00:00,3346.41,USD,posted,credit
L00003584,T00003584,A000524,2026-05-13T16:29:24+00:00,4673.01,USD,posted,credit
L00003585,T00003585,A000081,2025-02-04T09:05:11+00:00,2820.74,GBP,posted,credit
L00003586,T00003586,A000687,2025-05-08T16:47:55+00:00,2113.24,INR,posted,credit
L00003587,T00003587,A000100,2025-01-05T16:04:34+00:00,4591.03,USD,posted,credit
L00003588,T00003588,A000946,2025-01-16T05:24:30+00:00,4077.44,USD,posted,credit
L00003589,T00003589,A000012,2026-08-10T09:10:22+00:00,2873.67,CAD,posted,credit
L00003590,T00003590,A000342,2025-04-15T06:58:26+00:00,1243.46,CAD,posted,credit
L00003591,T00003591,A001381,2025-12-08T01:23:57+00:00,2969.60,GBP,posted,credit
L00003592,T00003592,A000715,2025-07-25T16:40:46+00:00,946.82,USD,posted,credit
L00003593,T00003593,A000610,2025-12-17T23:54:52+00:00,543.08,GBP,posted,credit
L00003594,T00003594,A000204,2026-09-06T10:12:02+00:00,691.84,CAD,posted,credit
L00003595,T00003595,A000833,2025-09-10T03:34:20+00:00,759.88,CAD,posted,credit
L00003596,T00003596,A000551,2026-03-10T03:59:36+00:00,140.95,GBP,posted,credit
L00003597,T00003597,A000886,2026-07-15T08:15:45+00:00,703.75,INR,posted,credit
L00003598,T00003598,A001479,2025-06-17T13:05:47+00:00,1914.91,EUR,posted,credit
L00003599,T00003599,A000328,2025-11-27T06:16:24+00:00,3277.82,INR,posted,credit
L00003600,T00003600,A001122,2026-05-29T12:54:49+00:00,1182.30,INR,posted,credit
L00003601,T00003601,A001354,2026-05-08T08:54:40+00:00,3494.46,CAD,posted,credit
L00003602,T00003602,A001383,2026-07-02T14:51:39+00:00,2034.58,INR,posted,credit
L00003603,T00003603,A000965,2026-01-30T21:56:23+00:00,2133.38,GBP,posted,credit
L00003604,T00003604,A000284,2026-06-03T21:29:28+00:00,241.21,GBP,posted,credit
L00003605,T00003605,A001002,2026-02-21T18:12:41+00:00,2175.53,INR,posted,credit
L00003606,T00003606,A000470,2025-07-26T08:26:17+00:00,2985.40,USD,posted,credit
L00003607,T00003607,A001409,2025-04-14T19:19:31+00:00,3118.63,USD,posted,credit
L00003608,T00003608,A001489,2026-07-30T05:34:10+00:00,2148.19,CAD,posted,credit
L00003609,T00003609,A000637,2025-10-26T06:57:58+00:00,3234.21,INR,posted,credit
L00003610,T00003610,A001399,2025-11-22T01:53:01+00:00,4253.98,USD,posted,credit
L00003611,T00003611,A000201,2025-06-23T15:24:13+00:00,862.52,INR,posted,credit
L00003612,T00003612,A000044,2025-02-27T08:26:45+00:00,2581.26,USD,posted,credit
L00003613,T00003613,A000460,2025-05-12T13:15:28+00:00,1632.46,CAD,posted,credit
L00003614,T00003614,A000815,2025-06-15T00:01:32+00:00,4059.56,INR,posted,credit
L00003615,T00003615,A001474,2025-01-09T01:50:03+00:00,4349.76,USD,posted,credit
L00003616,T00003616,A001422,2025-06-29T10:41:35+00:00,2358.95,CAD,posted,credit
L00003617,T00003617,A000905,2025-06-15T01:33:48+00:00,3746.81,EUR,posted,credit
L00003618,T00003618,A000361,2026-08-23T00:35:30+00:00,4634.30,EUR,posted,credit
L00003619,T00003619,A000509,2025-09-17T14:37:16+00:00,1088.69,INR,posted,credit
L00003620,T00003620,A001007,2025-01-17T03:00:17+00:00,707.60,EUR,posted,credit
L00003621,T00003621,A000919,2026-05-20T06:00:11+00:00,2692.68,USD,posted,credit
L00003622,T00003622,A000094,2025-01-18T02:14:02+00:00,2052.96,INR,posted,credit
L00003623,T00003623,A001394,2025-03-25T04:34:56+00:00,910.99,INR,posted,credit
L00003624,T00003624,A000884,2026-06-14T18:05:32+00:00,533.73,GBP,posted,credit
L00003625,T00003625,A000931,2025-12-19T03:27:52+00:00,136.96,INR,posted,credit
L00003626,T00003626,A000955,2025-02-03T12:08:53+00:00,694.07,CAD,posted,credit
L00003627,T00003627,A000010,2025-01-14T16:54:30+00:00,2441.20,GBP,posted,credit
L00003628,T00003628,A000281,2026-02-18T13:40:36+00:00,948.47,EUR,posted,credit
L00003629,T00003629,A001375,2025-05-01T01:34:56+00:00,1592.28,USD,posted,credit
L00003630,T00003630,A000471,2025-02-23T17:06:02+00:00,2511.60,CAD,posted,credit
L00003631,T00003631,A000247,2025-05-21T18:01:44+00:00,2142.17,INR,posted,credit
L00003632,T00003632,A001260,2026-07-22T18:34:00+00:00,4795.46,EUR,posted,credit
L00003633,T00003633,A000070,2025-06-18T00:01:23+00:00,2863.03,INR,posted,credit
L00003634,T00003634,A001177,2026-04-24T10:42:12+00:00,4037.82,CAD,posted,credit
L00003635,T00003635,A000205,2025-08-18T08:29:16+00:00,2551.62,EUR,posted,credit
L00003636,T00003636,A000872,2026-06-30T17:07:36+00:00,1800.44,CAD,posted,credit
L00003637,T00003637,A000581,2025-05-21T01:46:18+00:00,717.06,INR,posted,credit
L00003638,T00003638,A000610,2025-11-24T07:45:06+00:00,3827.83,GBP,posted,credit
L00003639,T00003639,A000452,2026-09-08T18:50:44+00:00,2677.39,INR,posted,credit
L00003640,T00003640,A000547,2026-07-19T21:41:42+00:00,3384.73,EUR,posted,credit
L00003641,T00003641,A000066,2025-06-19T11:43:02+00:00,2482.33,CAD,posted,credit
L00003642,T00003642,A000983,2025-09-24T18:52:10+00:00,3298.50,GBP,posted,credit
L00003643,T00003643,A001079,2025-07-24T04:12:01+00:00,4431.28,INR,posted,credit
L00003644,T00003644,A000595,2026-08-17T18:12:21+00:00,3027.51,EUR,posted,credit
L00003645,T00003645,A000174,2025-04-08T18:07:43+00:00,4841.36,EUR,posted,credit
L00003646,T00003646,A000304,2025-11-22T04:45:06+00:00,1100.59,EUR,posted,credit
L00003647,T00003647,A000136,2025-06-16T18:36:29+00:00,2261.01,CAD,posted,credit
L00003648,T00003648,A001449,2025-09-05T14:23:43+00:00,146.70,EUR,posted,credit
L00003649,T00003649,A000580,2025-07-06T10:08:41+00:00,3447.55,INR,posted,credit
L00003650,T00003650,A001382,2025-01-23T23:31:51+00:00,1969.34,USD,posted,credit
L00003651,T00003651,A000302,2025-09-15T04:42:55+00:00,559.76,USD,posted,credit
L00003652,T00003652,A000213,2025-02-06T07:43:51+00:00,1097.84,INR,posted,credit
L00003653,T00003653,A000045,2025-11-23T10:33:11+00:00,2008.60,EUR,posted,credit
L00003654,T00003654,A000877,2025-05-25T00:42:28+00:00,987.75,USD,posted,credit
L00003655,T00003655,A000273,2025-02-27T23:36:47+00:00,2636.48,INR,posted,credit
L00003656,T00003656,A000091,2025-02-01T16:57:47+00:00,198.40,CAD,posted,credit
L00003657,T00003657,A000436,2026-05-25T11:04:52+00:00,1914.70,USD,posted,credit
L00003658,T00003658,A000534,2025-08-20T00:57:34+00:00,2328.34,USD,posted,credit
L00003659,T00003659,A000024,2026-04-03T16:46:31+00:00,2433.39,USD,posted,credit
L00003660,T00003660,A001391,2025-05-18T16:29:06+00:00,1939.90,CAD,posted,credit
L00003661,T00003661,A001379,2026-02-23T15:18:08+00:00,2930.53,CAD,posted,credit
L00003662,T00003662,A000967,2025-04-10T16:34:21+00:00,2143.92,INR,posted,credit
L00003663,T00003663,A000246,2025-03-13T20:18:05+00:00,2642.41,EUR,posted,credit
L00003664,T00003664,A000848,2026-05-04T13:44:06+00:00,596.49,GBP,posted,credit
L00003665,T00003665,A001418,2026-04-16T08:35:48+00:00,2288.71,INR,posted,credit
L00003666,T00003666,A000969,2026-05-14T07:11:42+00:00,3040.03,CAD,posted,credit
L00003667,T00003667,A001345,2025-04-14T08:50:27+00:00,4979.30,CAD,posted,credit
L00003668,T00003668,A000879,2026-04-09T07:54:21+00:00,3124.77,CAD,posted,credit
L00003669,T00003669,A000815,2025-05-05T06:33:51+00:00,4934.19,INR,posted,credit
L00003670,T00003670,A000986,2025-01-29T21:39:14+00:00,3706.26,CAD,posted,credit
L00003671,T00003671,A001224,2025-11-08T10:26:40+00:00,1044.39,INR,posted,credit
L00003672,T00003672,A000409,2026-01-30T18:06:13+00:00,4345.42,CAD,posted,credit
L00003673,T00003673,A000949,2025-10-26T00:22:40+00:00,965.93,EUR,posted,credit
L00003674,T00003674,A000295,2025-05-03T00:07:14+00:00,1032.46,GBP,posted,credit
L00003675,T00003675,A001500,2025-03-18T11:10:24+00:00,1054.82,INR,posted,credit
L00003676,T00003676,A001413,2025-02-20T13:45:53+00:00,628.75,INR,posted,credit
L00003677,T00003677,A000124,2026-08-15T08:20:25+00:00,3793.62,GBP,posted,credit
L00003678,T00003678,A000694,2025-10-03T05:15:25+00:00,1942.24,GBP,posted,credit
L00003679,T00003679,A001492,2026-06-02T08:24:23+00:00,1189.63,GBP,posted,credit
L00003680,T00003680,A000897,2025-08-19T20:27:23+00:00,162.90,GBP,posted,credit
L00003681,T00003681,A000858,2025-02-16T08:44:53+00:00,4425.75,CAD,posted,credit
L00003682,T00003682,A000247,2025-10-04T04:21:28+00:00,3244.26,INR,posted,credit
L00003683,T00003683,A000247,2026-06-14T20:07:02+00:00,3749.09,INR,posted,credit
L00003684,T00003684,A000917,2025-03-23T17:25:55+00:00,4124.10,EUR,posted,credit
L00003685,T00003685,A000074,2025-10-20T20:41:42+00:00,4727.24,INR,posted,credit
L00003686,T00003686,A000020,2025-06-19T17:23:46+00:00,1638.93,CAD,posted,credit
L00003687,T00003687,A000156,2026-05-22T11:06:45+00:00,3583.71,CAD,posted,credit
L00003688,T00003688,A000127,2026-08-28T17:00:11+00:00,2435.43,INR,posted,credit
L00003689,T00003689,A000022,2025-03-08T22:51:42+00:00,3118.52,CAD,posted,credit
L00003690,T00003690,A001480,2025-08-20T07:15:38+00:00,3365.35,EUR,posted,credit
L00003691,T00003691,A000408,2025-04-27T06:26:18+00:00,1934.54,EUR,posted,credit
L00003692,T00003692,A000724,2026-01-03T13:02:55+00:00,870.49,EUR,posted,credit
L00003693,T00003693,A001415,2026-02-28T15:57:26+00:00,3460.40,USD,posted,credit
L00003694,T00003694,A001091,2025-09-20T19:25:51+00:00,2858.63,INR,posted,credit
L00003695,T00003695,A000126,2026-07-28T08:07:58+00:00,3072.66,EUR,posted,credit
L00003696,T00003696,A000215,2025-06-25T13:10:26+00:00,1782.67,CAD,posted,credit
L00003697,T00003697,A000364,2025-02-15T00:57:45+00:00,4341.49,GBP,posted,credit
L00003698,T00003698,A000950,2025-04-23T12:06:27+00:00,3763.02,USD,posted,credit
L00003699,T00003699,A000340,2025-12-15T12:39:55+00:00,340.47,GBP,posted,credit
L00003700,T00003700,A000924,2026-09-07T08:52:20+00:00,2686.45,INR,posted,credit
L00003701,T00003701,A000688,2026-02-09T08:51:45+00:00,2896.48,GBP,posted,credit
L00003702,T00003702,A001184,2026-05-10T00:31:55+00:00,4089.60,EUR,posted,credit
L00003703,T00003703,A000848,2026-01-11T05:06:36+00:00,1854.41,GBP,posted,credit
L00003704,T00003704,A000133,2025-12-08T00:52:17+00:00,4729.16,EUR,posted,credit
L00003705,T00003705,A000414,2025-11-05T20:12:57+00:00,3256.44,EUR,posted,credit
L00003706,T00003706,A000354,2026-03-26T23:49:46+00:00,3018.61,CAD,posted,credit
L00003707,T00003707,A000097,2025-09-02T12:28:37+00:00,896.51,INR,posted,credit
L00003708,T00003708,A001246,2026-08-30T20:25:16+00:00,1451.63,USD,posted,credit
L00003709,T00003709,A000023,2025-11-14T20:28:42+00:00,4390.55,CAD,posted,credit
L00003710,T00003710,A000188,2026-07-19T19:13:52+00:00,1466.05,INR,posted,credit
L00003711,T00003711,A001014,2026-09-01T01:25:16+00:00,3527.44,INR,posted,credit
L00003712,T00003712,A000376,2025-03-13T20:09:09+00:00,149.91,GBP,posted,credit
L00003713,T00003713,A001248,2026-07-21T06:21:53+00:00,2929.83,INR,posted,credit
L00003714,T00003714,A000303,2025-03-26T09:15:36+00:00,1491.62,GBP,posted,credit
L00003715,T00003715,A000366,2025-04-12T11:09:16+00:00,4528.36,EUR,posted,credit
L00003716,T00003716,A000915,2026-07-08T04:21:04+00:00,2499.58,GBP,posted,credit
L00003717,T00003717,A000125,2025-08-27T02:47:33+00:00,2625.72,USD,posted,credit
L00003718,T00003718,A001125,2026-06-05T22:56:52+00:00,937.04,USD,posted,credit
L00003719,T00003719,A001050,2026-03-29T21:39:04+00:00,1877.12,INR,posted,credit
L00003720,T00003720,A000206,2026-03-23T01:23:56+00:00,3649.68,CAD,posted,credit
L00003721,T00003721,A001351,2025-05-08T14:22:56+00:00,26.71,CAD,posted,credit
L00003722,T00003722,A001331,2025-05-23T04:26:01+00:00,3331.99,USD,posted,credit
L00003723,T00003723,A000582,2025-12-27T13:24:14+00:00,3182.70,EUR,posted,credit
L00003724,T00003724,A000590,2025-09-07T02:12:21+00:00,2522.52,EUR,posted,credit
L00003725,T00003725,A000475,2025-11-20T22:28:25+00:00,398.39,CAD,posted,credit
L00003726,T00003726,A001002,2025-05-24T09:57:59+00:00,1451.82,INR,posted,credit
L00003727,T00003727,A001280,2025-10-29T07:25:41+00:00,4993.12,EUR,posted,credit
L00003728,T00003728,A001107,2025-04-16T17:48:06+00:00,560.53,USD,posted,credit
L00003729,T00003729,A000304,2025-08-12T15:11:05+00:00,3436.84,EUR,posted,credit
L00003730,T00003730,A000929,2025-12-03T18:01:07+00:00,702.19,INR,posted,credit
L00003731,T00003731,A001175,2025-04-04T13:34:37+00:00,2854.55,USD,posted,credit
L00003732,T00003732,A000719,2026-06-24T04:03:45+00:00,2064.87,USD,posted,credit
L00003733,T00003733,A001319,2025-04-27T14:08:39+00:00,226.33,EUR,posted,credit
L00003734,T00003734,A001476,2026-09-12T14:03:44+00:00,3986.83,INR,posted,credit
L00003735,T00003735,A001193,2026-09-04T14:30:37+00:00,2183.07,CAD,posted,credit
L00003736,T00003736,A000374,2026-07-04T00:27:49+00:00,1663.41,USD,posted,credit
L00003737,T00003737,A000544,2026-05-10T04:40:35+00:00,408.32,USD,posted,credit
L00003738,T00003738,A000396,2025-07-16T01:17:31+00:00,2136.59,USD,posted,credit
L00003739,T00003739,A000776,2025-10-30T14:09:40+00:00,4875.85,INR,posted,credit
L00003740,T00003740,A001346,2026-01-10T13:40:32+00:00,565.55,USD,posted,credit
L00003741,T00003741,A000911,2026-02-15T19:29:48+00:00,1225.71,GBP,posted,credit
L00003742,T00003742,A000873,2026-05-21T17:38:12+00:00,2175.04,CAD,posted,credit
L00003743,T00003743,A000845,2026-07-14T20:23:49+00:00,4397.83,CAD,posted,credit
L00003744,T00003744,A000865,2026-01-07T05:14:08+00:00,2097.86,GBP,posted,credit
L00003745,T00003745,A000918,2025-02-26T00:47:01+00:00,2915.46,USD,posted,credit
L00003746,T00003746,A000135,2026-04-01T13:15:48+00:00,2560.95,GBP,posted,credit
L00003747,T00003747,A000563,2026-02-02T16:40:17+00:00,143.16,CAD,posted,credit
L00003748,T00003748,A001028,2025-05-31T10:02:01+00:00,1067.34,GBP,posted,credit
L00003749,T00003749,A000935,2025-09-04T08:48:24+00:00,1959.22,EUR,posted,credit
L00003750,T00003750,A000436,2026-01-12T17:15:28+00:00,3216.90,USD,posted,credit
L00003751,T00003751,A000878,2026-08-21T02:05:45+00:00,3480.78,EUR,posted,credit
L00003752,T00003752,A001444,2025-08-15T01:13:10+00:00,2307.84,GBP,posted,credit
L00003753,T00003753,A001402,2025-12-03T16:48:04+00:00,2727.79,INR,posted,credit
L00003754,T00003754,A001276,2025-05-01T11:56:59+00:00,4518.23,CAD,posted,credit
L00003755,T00003755,A000349,2025-12-19T16:35:01+00:00,2231.05,USD,posted,credit
L00003756,T00003756,A000187,2026-04-14T13:56:23+00:00,1612.09,GBP,posted,credit
L00003757,T00003757,A000466,2026-07-04T17:39:15+00:00,3247.27,CAD,posted,credit
L00003758,T00003758,A000449,2026-03-16T13:43:48+00:00,1264.78,INR,posted,credit
L00003759,T00003759,A001365,2026-08-19T01:53:30+00:00,3460.75,INR,posted,credit
L00003760,T00003760,A001036,2026-06-05T23:30:25+00:00,2469.88,INR,posted,credit
L00003761,T00003761,A000840,2026-07-19T21:04:46+00:00,4738.70,CAD,posted,credit
L00003762,T00003762,A001199,2025-08-31T14:26:38+00:00,3754.39,EUR,posted,credit
L00003763,T00003763,A001305,2025-04-09T21:28:38+00:00,1020.91,CAD,posted,credit
L00003764,T00003764,A000776,2025-12-02T10:05:38+00:00,3723.92,INR,posted,credit
L00003765,T00003765,A000760,2025-02-10T15:33:45+00:00,2400.65,USD,posted,credit
L00003766,T00003766,A000072,2026-06-03T21:28:18+00:00,1400.80,INR,posted,credit
L00003767,T00003767,A001483,2025-09-28T03:36:46+00:00,2417.16,GBP,posted,credit
L00003768,T00003768,A000485,2026-06-13T22:29:04+00:00,3833.92,EUR,posted,credit
L00003769,T00003769,A000628,2025-11-21T18:01:29+00:00,886.01,GBP,posted,credit
L00003770,T00003770,A000878,2025-10-05T14:33:35+00:00,959.07,EUR,posted,credit
L00003771,T00003771,A001103,2026-08-08T02:18:20+00:00,1202.45,GBP,posted,credit
L00003772,T00003772,A001078,2026-06-23T02:07:02+00:00,4544.92,USD,posted,credit
L00003773,T00003773,A001281,2025-07-26T01:53:53+00:00,1733.30,EUR,posted,credit
L00003774,T00003774,A000741,2026-04-03T12:32:36+00:00,2008.38,EUR,posted,credit
L00003775,T00003775,A001358,2026-04-11T15:01:22+00:00,2013.80,USD,posted,credit
L00003776,T00003776,A000170,2026-09-07T08:01:38+00:00,318.32,EUR,posted,credit
L00003777,T00003777,A000612,2026-01-13T19:38:35+00:00,3015.70,INR,posted,credit
L00003778,T00003778,A001306,2026-02-17T07:18:17+00:00,3383.33,EUR,posted,credit
L00003779,T00003779,A000256,2026-08-20T15:25:58+00:00,1235.19,CAD,posted,credit
L00003780,T00003780,A001134,2025-03-23T16:35:44+00:00,4780.60,USD,posted,credit
L00003781,T00003781,A001060,2025-09-25T13:14:37+00:00,847.58,CAD,posted,credit
L00003782,T00003782,A000176,2026-09-01T16:29:56+00:00,3271.19,EUR,posted,credit
L00003783,T00003783,A000124,2025-12-06T19:30:07+00:00,4955.23,GBP,posted,credit
L00003784,T00003784,A001160,2026-02-20T17:48:15+00:00,4944.67,EUR,posted,credit
L00003785,T00003785,A000375,2025-09-15T22:06:05+00:00,2532.32,CAD,posted,credit
L00003786,T00003786,A000875,2025-01-31T15:35:31+00:00,4146.22,GBP,posted,credit
L00003787,T00003787,A000688,2025-04-05T13:46:11+00:00,1056.38,GBP,posted,credit
L00003788,T00003788,A000184,2025-08-26T09:39:44+00:00,2700.23,USD,posted,credit
L00003789,T00003789,A001484,2025-04-30T11:04:47+00:00,2927.22,USD,posted,credit
L00003790,T00003790,A000082,2026-02-16T23:51:08+00:00,4231.65,INR,posted,credit
L00003791,T00003791,A001433,2025-04-25T22:41:13+00:00,3106.78,EUR,posted,credit
L00003792,T00003792,A001204,2025-06-08T04:06:01+00:00,2146.27,INR,posted,credit
L00003793,T00003793,A000493,2025-08-14T17:21:29+00:00,1184.89,USD,posted,credit
L00003794,T00003794,A001090,2026-01-17T08:41:10+00:00,2501.18,INR,posted,credit
L00003795,T00003795,A000881,2026-05-29T16:30:32+00:00,2555.94,EUR,posted,credit
L00003796,T00003796,A000637,2025-02-18T13:48:52+00:00,2955.62,INR,posted,credit
L00003797,T00003797,A001065,2026-03-20T16:21:09+00:00,4435.76,CAD,posted,credit
L00003798,T00003798,A001307,2025-11-05T12:03:38+00:00,1360.90,CAD,posted,credit
L00003799,T00003799,A000329,2025-08-02T03:15:59+00:00,1824.38,INR,posted,credit
L00003800,T00003800,A001387,2025-05-17T05:55:56+00:00,2530.09,INR,posted,credit
L00003801,T00003801,A000983,2026-05-06T14:03:04+00:00,4965.81,GBP,posted,credit
L00003802,T00003802,A001155,2026-07-18T10:00:30+00:00,4447.76,USD,posted,credit
L00003803,T00003803,A000143,2026-02-15T16:09:21+00:00,1548.30,CAD,posted,credit
L00003804,T00003804,A000209,2025-10-14T23:07:46+00:00,4886.86,GBP,posted,credit
L00003805,T00003805,A000683,2025-08-17T23:04:23+00:00,85.42,INR,posted,credit
L00003806,T00003806,A000836,2026-02-18T04:29:45+00:00,2072.42,USD,posted,credit
L00003807,T00003807,A000850,2025-05-22T01:14:12+00:00,1015.69,GBP,posted,credit
L00003808,T00003808,A001122,2025-12-28T16:41:54+00:00,4924.25,INR,posted,credit
L00003809,T00003809,A001162,2025-04-22T19:55:46+00:00,804.74,CAD,posted,credit
L00003810,T00003810,A001088,2026-04-13T19:06:04+00:00,1311.91,INR,posted,credit
L00003811,T00003811,A001158,2026-02-25T09:43:29+00:00,4044.39,GBP,posted,credit
L00003812,T00003812,A000660,2025-05-02T03:27:59+00:00,247.84,USD,posted,credit
L00003813,T00003813,A001286,2025-12-10T03:43:57+00:00,1521.93,INR,posted,credit
L00003814,T00003814,A000028,2025-12-19T23:12:26+00:00,74.08,GBP,posted,credit
L00003815,T00003815,A000087,2025-02-02T10:11:04+00:00,3197.72,CAD,posted,credit
L00003816,T00003816,A000428,2025-12-19T16:38:56+00:00,609.93,INR,posted,credit
L00003817,T00003817,A000386,2025-09-01T14:18:15+00:00,533.93,GBP,posted,credit
L00003818,T00003818,A000315,2025-12-07T19:31:03+00:00,334.82,CAD,posted,credit
L00003819,T00003819,A000179,2026-03-21T21:21:52+00:00,4316.63,EUR,posted,credit
L00003820,T00003820,A000085,2025-12-24T15:33:59+00:00,2191.76,GBP,posted,credit
L00003821,T00003821,A000105,2025-04-09T20:16:21+00:00,184.01,EUR,posted,credit
L00003822,T00003822,A000395,2025-09-12T20:52:09+00:00,2383.77,CAD,posted,credit
L00003823,T00003823,A000349,2026-08-29T16:25:01+00:00,498.28,USD,posted,credit
L00003824,T00003824,A001242,2025-08-04T17:54:01+00:00,3950.53,INR,posted,credit
L00003825,T00003825,A001494,2026-06-23T11:34:55+00:00,1491.48,USD,posted,credit
L00003826,T00003826,A000243,2026-02-11T10:04:55+00:00,4896.35,CAD,posted,credit
L00003827,T00003827,A000420,2026-01-15T22:13:21+00:00,370.30,CAD,posted,credit
L00003828,T00003828,A000270,2025-09-29T21:33:50+00:00,4.35,INR,posted,credit
L00003829,T00003829,A000948,2026-05-17T13:17:58+00:00,1654.52,CAD,posted,credit
L00003830,T00003830,A000233,2025-03-19T11:41:55+00:00,4774.26,GBP,posted,credit
L00003831,T00003831,A001475,2025-06-30T17:39:38+00:00,3359.81,USD,posted,credit
L00003832,T00003832,A000318,2025-10-18T21:56:52+00:00,3192.72,EUR,posted,credit
L00003833,T00003833,A000984,2026-05-12T14:12:42+00:00,1244.65,INR,posted,credit
L00003834,T00003834,A001112,2025-02-04T20:03:44+00:00,1347.49,CAD,posted,credit
L00003835,T00003835,A001148,2025-01-30T00:13:38+00:00,1103.37,GBP,posted,credit
L00003836,T00003836,A000235,2026-07-05T15:17:52+00:00,2246.92,CAD,posted,credit
L00003837,T00003837,A000874,2025-02-20T00:49:05+00:00,4052.63,USD,posted,credit
L00003838,T00003838,A001050,2025-07-04T10:21:24+00:00,1210.79,INR,posted,credit
L00003839,T00003839,A000178,2025-10-18T15:50:52+00:00,4777.13,CAD,posted,credit
L00003840,T00003840,A000983,2025-04-17T15:36:01+00:00,223.74,GBP,posted,credit
L00003841,T00003841,A001428,2026-09-02T01:59:03+00:00,2685.28,INR,posted,credit
L00003842,T00003842,A001337,2026-05-26T03:16:16+00:00,4146.51,USD,posted,credit
L00003843,T00003843,A000484,2026-08-27T07:25:26+00:00,2940.78,CAD,posted,credit
L00003844,T00003844,A001146,2025-03-23T11:16:35+00:00,914.77,EUR,posted,credit
L00003845,T00003845,A000388,2025-05-30T08:20:02+00:00,1794.42,INR,posted,credit
L00003846,T00003846,A000871,2026-08-13T12:28:40+00:00,4422.73,USD,posted,credit
L00003847,T00003847,A000771,2026-05-18T05:46:53+00:00,687.52,EUR,posted,credit
L00003848,T00003848,A000731,2025-09-04T12:18:56+00:00,2069.92,USD,posted,credit
L00003849,T00003849,A001376,2025-08-12T20:51:17+00:00,2440.46,USD,posted,credit
L00003850,T00003850,A001232,2026-01-29T17:36:55+00:00,4360.77,USD,posted,credit
L00003851,T00003851,A000655,2026-02-12T07:31:10+00:00,4194.90,USD,posted,credit
L00003852,T00003852,A000848,2026-03-22T06:32:03+00:00,2048.09,GBP,posted,credit
L00003853,T00003853,A000772,2026-04-14T01:03:53+00:00,1671.75,GBP,posted,credit
L00003854,T00003854,A000386,2025-04-12T14:29:14+00:00,4352.29,GBP,posted,credit
L00003855,T00003855,A001302,2025-11-02T21:24:50+00:00,3473.79,EUR,posted,credit
L00003856,T00003856,A000158,2026-04-30T23:42:23+00:00,702.92,EUR,posted,credit
L00003857,T00003857,A001082,2026-04-30T05:28:50+00:00,2251.04,INR,posted,credit
L00003858,T00003858,A000118,2025-11-17T17:31:15+00:00,4715.72,CAD,posted,credit
L00003859,T00003859,A000542,2025-05-25T14:06:45+00:00,3868.20,USD,posted,credit
L00003860,T00003860,A000648,2025-10-22T02:02:38+00:00,4310.77,USD,posted,credit
L00003861,T00003861,A000682,2026-03-21T08:13:29+00:00,1097.69,INR,posted,credit
L00003862,T00003862,A000413,2025-05-04T11:34:27+00:00,1907.93,USD,posted,credit
L00003863,T00003863,A001474,2026-09-08T13:15:38+00:00,4154.82,USD,posted,credit
L00003864,T00003864,A000829,2025-02-14T20:45:19+00:00,2882.36,EUR,posted,credit
L00003865,T00003865,A001451,2026-02-06T19:47:42+00:00,1969.05,EUR,posted,credit
L00003866,T00003866,A000381,2025-01-05T10:19:09+00:00,4965.55,EUR,posted,credit
L00003867,T00003867,A001045,2025-07-23T04:22:43+00:00,3419.05,CAD,posted,credit
L00003868,T00003868,A000766,2025-07-02T19:10:46+00:00,3860.91,GBP,posted,credit
L00003869,T00003869,A000569,2025-04-02T11:03:28+00:00,4012.02,CAD,posted,credit
L00003870,T00003870,A001475,2026-04-08T02:43:24+00:00,3369.27,USD,posted,credit
L00003871,T00003871,A000746,2025-01-12T19:54:04+00:00,3363.14,GBP,posted,credit
L00003872,T00003872,A000388,2025-03-16T19:19:04+00:00,4857.86,INR,posted,credit
L00003873,T00003873,A000145,2025-06-03T20:46:35+00:00,312.29,CAD,posted,credit
L00003874,T00003874,A001022,2026-01-04T03:14:32+00:00,4372.00,EUR,posted,credit
L00003875,T00003875,A000798,2026-06-26T22:03:49+00:00,146.53,INR,posted,credit
L00003876,T00003876,A000683,2025-10-26T13:06:55+00:00,1899.12,INR,posted,credit
L00003877,T00003877,A001400,2025-05-12T03:07:35+00:00,3406.59,EUR,posted,credit
L00003878,T00003878,A000257,2025-11-06T06:08:32+00:00,3549.96,EUR,posted,credit
L00003879,T00003879,A001306,2025-08-01T09:13:15+00:00,4385.49,EUR,posted,credit
L00003880,T00003880,A000169,2025-03-07T15:49:29+00:00,584.13,GBP,posted,credit
L00003881,T00003881,A000201,2025-02-26T15:05:09+00:00,3053.92,INR,posted,credit
L00003882,T00003882,A000178,2025-07-12T11:09:14+00:00,3449.25,CAD,posted,credit
L00003883,T00003883,A000501,2025-09-11T07:19:53+00:00,3573.28,EUR,posted,credit
L00003884,T00003884,A000293,2025-01-31T15:04:03+00:00,2358.87,GBP,posted,credit
L00003885,T00003885,A001255,2025-11-07T04:50:57+00:00,651.80,GBP,posted,credit
L00003886,T00003886,A000759,2025-04-06T08:59:55+00:00,375.52,GBP,posted,credit
L00003887,T00003887,A000981,2025-04-15T15:47:53+00:00,1654.68,EUR,posted,credit
L00003888,T00003888,A000377,2025-04-13T13:44:36+00:00,1150.15,GBP,posted,credit
L00003889,T00003889,A001429,2026-01-20T09:46:15+00:00,3317.95,GBP,posted,credit
L00003890,T00003890,A000625,2025-03-13T06:13:54+00:00,753.03,USD,posted,credit
L00003891,T00003891,A001430,2025-08-27T19:06:23+00:00,4009.06,CAD,posted,credit
L00003892,T00003892,A000050,2025-12-26T04:48:12+00:00,4372.43,INR,posted,credit
L00003893,T00003893,A001339,2025-07-08T12:42:01+00:00,1873.86,CAD,posted,credit
L00003894,T00003894,A000824,2025-08-13T21:24:24+00:00,3540.45,EUR,posted,credit
L00003895,T00003895,A000341,2026-02-02T19:52:18+00:00,3368.84,USD,posted,credit
L00003896,T00003896,A000694,2025-12-29T07:59:07+00:00,341.17,GBP,posted,credit
L00003897,T00003897,A001411,2026-07-19T14:08:58+00:00,626.57,EUR,posted,credit
L00003898,T00003898,A001393,2025-03-06T21:26:32+00:00,3053.87,INR,posted,credit
L00003899,T00003899,A000241,2026-06-03T21:35:11+00:00,2413.90,USD,posted,credit
L00003900,T00003900,A000602,2025-02-15T21:46:03+00:00,1245.79,INR,posted,credit
L00003901,T00003901,A001411,2026-07-23T08:37:52+00:00,2612.53,EUR,posted,credit
L00003902,T00003902,A000085,2025-01-02T17:38:36+00:00,3982.43,GBP,posted,credit
L00003903,T00003903,A000210,2026-08-07T22:05:14+00:00,4647.86,EUR,posted,credit
L00003904,T00003904,A000765,2026-05-09T08:03:16+00:00,2848.91,INR,posted,credit
L00003905,T00003905,A000308,2026-01-27T07:32:07+00:00,1484.57,GBP,posted,credit
L00003906,T00003906,A000188,2025-03-02T12:06:27+00:00,3884.40,INR,posted,credit
L00003907,T00003907,A001468,2025-12-30T04:23:35+00:00,4592.39,EUR,posted,credit
L00003908,T00003908,A000584,2026-04-20T02:23:03+00:00,4573.90,GBP,posted,credit
L00003909,T00003909,A000714,2025-03-31T11:25:33+00:00,2166.63,USD,posted,credit
L00003910,T00003910,A000560,2026-08-12T01:47:50+00:00,1761.79,USD,posted,credit
L00003911,T00003911,A001067,2026-01-25T20:23:38+00:00,4113.00,CAD,posted,credit
L00003912,T00003912,A000006,2025-04-04T17:02:08+00:00,3236.45,CAD,posted,credit
L00003913,T00003913,A000061,2025-05-28T01:36:21+00:00,3860.87,EUR,posted,credit
L00003914,T00003914,A000178,2026-05-15T08:44:38+00:00,3497.96,CAD,posted,credit
L00003915,T00003915,A001176,2025-10-14T10:12:56+00:00,4346.91,CAD,posted,credit
L00003916,T00003916,A001049,2026-05-18T08:32:57+00:00,2562.82,USD,posted,credit
L00003917,T00003917,A000339,2025-01-08T07:34:39+00:00,3827.58,CAD,posted,credit
L00003918,T00003918,A001450,2026-01-23T22:40:20+00:00,492.54,EUR,posted,credit
L00003919,T00003919,A000097,2026-04-09T02:53:37+00:00,297.48,INR,posted,credit
L00003920,T00003920,A000778,2025-02-12T17:21:21+00:00,2093.49,USD,posted,credit
L00003921,T00003921,A001294,2026-03-21T09:20:39+00:00,426.66,USD,posted,credit
L00003922,T00003922,A001432,2026-09-07T10:06:36+00:00,4864.66,USD,posted,credit
L00003923,T00003923,A000323,2025-10-28T03:14:04+00:00,3223.86,USD,posted,credit
L00003924,T00003924,A001285,2026-01-19T02:26:46+00:00,4814.43,INR,posted,credit
L00003925,T00003925,A000214,2025-08-12T15:45:16+00:00,2405.99,CAD,posted,credit
L00003926,T00003926,A000568,2025-09-03T18:35:17+00:00,2803.74,CAD,posted,credit
L00003927,T00003927,A000032,2026-01-10T06:22:09+00:00,3677.67,GBP,posted,credit
L00003928,T00003928,A000676,2026-04-07T17:31:16+00:00,4881.12,USD,posted,credit
L00003929,T00003929,A001252,2025-01-13T03:11:17+00:00,4078.03,CAD,posted,credit
L00003930,T00003930,A000987,2025-02-28T04:41:44+00:00,2414.01,EUR,posted,credit
L00003931,T00003931,A000143,2026-08-08T12:13:03+00:00,2180.79,CAD,posted,credit
L00003932,T00003932,A001188,2026-05-15T06:31:55+00:00,3833.26,CAD,posted,credit
L00003933,T00003933,A000321,2025-08-15T00:57:12+00:00,3636.23,CAD,posted,credit
L00003934,T00003934,A000045,2026-07-05T15:26:24+00:00,2918.75,EUR,posted,credit
L00003935,T00003935,A000164,2026-04-11T12:49:12+00:00,646.77,USD,posted,credit
L00003936,T00003936,A000723,2025-10-13T22:48:11+00:00,3380.60,CAD,posted,credit
L00003937,T00003937,A001467,2025-04-17T23:06:17+00:00,4877.32,EUR,posted,credit
L00003938,T00003938,A001224,2025-04-08T17:15:06+00:00,4511.02,INR,posted,credit
L00003939,T00003939,A000437,2025-03-16T12:09:44+00:00,2126.15,CAD,posted,credit
L00003940,T00003940,A001280,2026-08-25T06:48:01+00:00,3577.28,EUR,posted,credit
L00003941,T00003941,A000224,2026-04-09T20:29:54+00:00,3182.47,INR,posted,credit
L00003942,T00003942,A000257,2026-04-18T19:13:22+00:00,991.27,EUR,posted,credit
L00003943,T00003943,A001376,2025-09-14T15:15:08+00:00,4332.87,USD,posted,credit
L00003944,T00003944,A000286,2025-07-09T05:56:13+00:00,4076.33,USD,posted,credit
L00003945,T00003945,A001497,2025-05-12T20:11:06+00:00,810.16,EUR,posted,credit
L00003946,T00003946,A001308,2026-08-08T03:17:06+00:00,1100.13,EUR,posted,credit
L00003947,T00003947,A000408,2025-11-16T21:27:52+00:00,711.87,EUR,posted,credit
L00003948,T00003948,A001083,2026-04-11T17:19:33+00:00,2273.01,CAD,posted,credit
L00003949,T00003949,A000628,2026-07-18T04:05:05+00:00,4711.35,GBP,posted,credit
L00003950,T00003950,A000296,2026-07-10T13:37:26+00:00,2702.89,GBP,posted,credit
L00003951,T00003951,A001216,2026-05-19T06:41:20+00:00,3069.35,INR,posted,credit
L00003952,T00003952,A000150,2025-06-25T15:03:11+00:00,3890.17,EUR,posted,credit
L00003953,T00003953,A001427,2026-07-25T02:32:53+00:00,4787.72,USD,posted,credit
L00003954,T00003954,A000512,2025-10-08T07:09:07+00:00,869.50,GBP,posted,credit
L00003955,T00003955,A000538,2025-03-24T22:31:50+00:00,1158.86,CAD,posted,credit
L00003956,T00003956,A000925,2025-02-28T07:22:40+00:00,4908.19,USD,posted,credit
L00003957,T00003957,A001175,2025-09-18T04:51:44+00:00,1775.08,USD,posted,credit
L00003958,T00003958,A000173,2025-10-09T06:58:51+00:00,1591.63,USD,posted,credit
L00003959,T00003959,A001125,2025-08-31T18:19:22+00:00,3364.29,USD,posted,credit
L00003960,T00003960,A000829,2026-04-25T13:48:35+00:00,1553.66,EUR,posted,credit
L00003961,T00003961,A000910,2025-07-13T03:15:12+00:00,1410.79,CAD,posted,credit
L00003962,T00003962,A001489,2025-07-22T09:48:42+00:00,3341.92,CAD,posted,credit
L00003963,T00003963,A000647,2025-08-18T16:12:26+00:00,1593.76,USD,posted,credit
L00003964,T00003964,A000724,2025-03-18T21:58:34+00:00,1809.14,EUR,posted,credit
L00003965,T00003965,A000222,2025-07-13T10:38:58+00:00,583.75,GBP,posted,credit
L00003966,T00003966,A000423,2026-08-18T20:15:39+00:00,2543.98,USD,posted,credit
L00003967,T00003967,A000173,2026-05-24T13:45:34+00:00,1729.80,USD,posted,credit
L00003968,T00003968,A000666,2025-05-29T01:47:01+00:00,977.20,CAD,posted,credit
L00003969,T00003969,A000353,2026-01-30T21:55:42+00:00,4220.98,USD,posted,credit
L00003970,T00003970,A000805,2025-10-26T23:02:07+00:00,544.08,INR,posted,credit
L00003971,T00003971,A001023,2025-01-14T21:42:21+00:00,2549.20,USD,posted,credit
L00003972,T00003972,A000071,2026-08-19T06:53:32+00:00,3177.51,USD,posted,credit
L00003973,T00003973,A000463,2025-04-24T20:23:57+00:00,467.97,GBP,posted,credit
L00003974,T00003974,A001103,2025-07-12T09:33:42+00:00,2431.22,GBP,posted,credit
L00003975,T00003975,A000020,2025-08-09T20:24:11+00:00,3908.81,CAD,posted,credit
L00003976,T00003976,A001039,2025-11-26T21:58:45+00:00,2525.53,INR,posted,credit
L00003977,T00003977,A001487,2026-06-05T09:53:31+00:00,4365.79,EUR,posted,credit
L00003978,T00003978,A000553,2026-05-07T18:14:02+00:00,2801.14,INR,posted,credit
L00003979,T00003979,A000059,2026-05-22T01:37:29+00:00,2792.07,GBP,posted,credit
L00003980,T00003980,A001371,2025-03-27T16:01:14+00:00,1550.67,CAD,posted,credit
L00003981,T00003981,A000967,2025-11-18T08:43:07+00:00,4075.18,INR,posted,credit
L00003982,T00003982,A001227,2025-12-17T18:14:29+00:00,4211.94,USD,posted,credit
L00003983,T00003983,A000980,2025-03-17T05:48:43+00:00,379.22,CAD,posted,credit
L00003984,T00003984,A000728,2025-01-03T23:35:14+00:00,3873.86,GBP,posted,credit
L00003985,T00003985,A000944,2026-02-16T07:18:10+00:00,481.44,EUR,posted,credit
L00003986,T00003986,A001468,2025-09-02T18:17:31+00:00,14.43,EUR,posted,credit
L00003987,T00003987,A000282,2026-05-27T21:45:30+00:00,785.85,USD,posted,credit
L00003988,T00003988,A000892,2025-11-14T21:01:00+00:00,4132.03,USD,posted,credit
L00003989,T00003989,A000169,2025-12-22T02:35:46+00:00,529.13,GBP,posted,credit
L00003990,T00003990,A000128,2025-09-10T23:04:47+00:00,1409.84,CAD,posted,credit
L00003991,T00003991,A000317,2025-02-15T14:17:13+00:00,2294.27,USD,posted,credit
L00003992,T00003992,A000741,2026-03-23T07:31:05+00:00,4398.37,EUR,posted,credit
L00003993,T00003993,A001139,2025-12-14T11:52:24+00:00,4045.88,CAD,posted,credit
L00003994,T00003994,A001177,2026-02-16T20:57:36+00:00,1526.17,CAD,posted,credit
L00003995,T00003995,A001172,2026-01-03T05:53:21+00:00,4125.07,EUR,posted,credit
L00003996,T00003996,A001182,2025-02-15T02:11:32+00:00,3465.32,INR,posted,credit
L00003997,T00003997,A001292,2025-12-09T15:59:26+00:00,3442.58,CAD,posted,credit
L00003998,T00003998,A001320,2025-06-27T00:09:46+00:00,1168.73,INR,posted,credit
L00003999,T00003999,A000456,2025-01-30T10:03:37+00:00,3405.58,USD,posted,credit
L00004000,T00004000,A001167,2025-11-23T06:35:18+00:00,1002.99,CAD,posted,credit
L00004001,T00004001,A000792,2026-06-20T04:22:59+00:00,1233.65,INR,posted,credit
L00004002,T00004002,A001063,2026-02-20T15:14:37+00:00,4192.68,EUR,posted,credit
L00004003,T00004003,A000442,2026-05-13T00:24:56+00:00,1050.81,CAD,posted,credit
L00004004,T00004004,A000390,2026-05-04T03:40:15+00:00,4427.66,CAD,posted,credit
L00004005,T00004005,A001377,2025-04-19T13:32:44+00:00,3423.52,INR,posted,credit
L00004006,T00004006,A000599,2025-05-11T16:14:23+00:00,2773.50,CAD,posted,credit
L00004007,T00004007,A000590,2025-06-17T09:03:36+00:00,3128.44,EUR,posted,credit
L00004008,T00004008,A000225,2025-11-08T22:07:01+00:00,4222.79,CAD,posted,credit
L00004009,T00004009,A001291,2025-07-04T02:43:12+00:00,4294.26,CAD,posted,credit
L00004010,T00004010,A000530,2026-02-20T01:06:09+00:00,976.07,INR,posted,credit
L00004011,T00004011,A000871,2025-08-16T08:52:52+00:00,1258.68,USD,posted,credit
L00004012,T00004012,A000137,2025-05-31T12:59:31+00:00,1893.33,USD,posted,credit
L00004013,T00004013,A001032,2026-05-23T00:36:27+00:00,4378.90,GBP,posted,credit
L00004014,T00004014,A001492,2026-07-07T20:50:36+00:00,3941.41,GBP,posted,credit
L00004015,T00004015,A001195,2026-09-02T06:58:33+00:00,2707.76,CAD,posted,credit
L00004016,T00004016,A001233,2025-03-21T19:30:10+00:00,360.49,GBP,posted,credit
L00004017,T00004017,A000745,2026-07-29T11:58:27+00:00,4532.43,GBP,posted,credit
L00004018,T00004018,A001198,2025-08-03T13:41:11+00:00,4445.99,EUR,posted,credit
L00004019,T00004019,A000345,2025-07-08T03:01:11+00:00,3884.60,USD,posted,credit
L00004020,T00004020,A000316,2025-05-05T05:14:24+00:00,2065.62,INR,posted,credit
L00004021,T00004021,A000049,2025-08-16T01:39:52+00:00,4482.01,INR,posted,credit
L00004022,T00004022,A000854,2026-02-03T10:29:11+00:00,4058.43,USD,posted,credit
L00004023,T00004023,A000942,2026-04-12T14:53:30+00:00,1758.54,CAD,posted,credit
L00004024,T00004024,A000783,2025-04-17T18:53:21+00:00,3625.88,CAD,posted,credit
L00004025,T00004025,A000793,2026-01-23T00:27:23+00:00,1126.56,USD,posted,credit
L00004026,T00004026,A000067,2025-10-13T05:14:36+00:00,80.19,USD,posted,credit
L00004027,T00004027,A000379,2025-08-30T08:23:23+00:00,4809.63,GBP,posted,credit
L00004028,T00004028,A000196,2026-07-16T16:16:32+00:00,3045.93,INR,posted,credit
L00004029,T00004029,A000861,2025-06-02T16:32:37+00:00,1203.41,EUR,posted,credit
L00004030,T00004030,A001006,2026-04-02T09:42:25+00:00,2423.34,USD,posted,credit
L00004031,T00004031,A000379,2026-06-15T03:20:32+00:00,1582.94,GBP,posted,credit
L00004032,T00004032,A000318,2026-07-31T05:22:28+00:00,4256.50,EUR,posted,credit
L00004033,T00004033,A000415,2025-05-28T20:48:42+00:00,1411.54,GBP,posted,credit
L00004034,T00004034,A000541,2026-04-22T15:46:24+00:00,2128.99,EUR,posted,credit
L00004035,T00004035,A000674,2025-09-18T22:06:36+00:00,2006.06,USD,posted,credit
L00004036,T00004036,A000941,2025-09-04T01:54:10+00:00,3768.14,EUR,posted,credit
L00004037,T00004037,A000597,2025-01-24T12:17:43+00:00,3763.64,GBP,posted,credit
L00004038,T00004038,A000535,2025-11-21T10:58:01+00:00,1119.97,INR,posted,credit
L00004039,T00004039,A001498,2025-09-30T14:50:26+00:00,3619.40,CAD,posted,credit
L00004040,T00004040,A000754,2025-02-01T23:31:22+00:00,3895.29,INR,posted,credit
L00004041,T00004041,A001078,2025-04-28T10:14:23+00:00,1795.86,USD,posted,credit
L00004042,T00004042,A000182,2025-03-13T15:44:46+00:00,144.03,USD,posted,credit
L00004043,T00004043,A001419,2025-09-17T10:47:41+00:00,4692.03,CAD,posted,credit
L00004044,T00004044,A000473,2025-10-10T20:38:07+00:00,2778.46,GBP,posted,credit
L00004045,T00004045,A000200,2025-08-09T11:01:48+00:00,3380.31,EUR,posted,credit
L00004046,T00004046,A000876,2026-02-12T14:18:39+00:00,2283.81,CAD,posted,credit
L00004047,T00004047,A001021,2025-06-09T20:38:40+00:00,2005.91,EUR,posted,credit
L00004048,T00004048,A000457,2026-04-08T14:52:53+00:00,1160.07,GBP,posted,credit
L00004049,T00004049,A000833,2026-04-23T17:56:25+00:00,3681.70,CAD,posted,credit
L00004050,T00004050,A000361,2025-03-19T00:49:41+00:00,3085.12,EUR,posted,credit
L00004051,T00004051,A001248,2025-03-15T01:07:35+00:00,169.15,INR,posted,credit
L00004052,T00004052,A000015,2026-03-29T10:21:56+00:00,4830.29,GBP,posted,credit
L00004053,T00004053,A000921,2025-09-21T05:35:44+00:00,4770.60,CAD,posted,credit
L00004054,T00004054,A001302,2025-08-01T17:20:25+00:00,1403.75,EUR,posted,credit
L00004055,T00004055,A000557,2025-11-21T12:10:13+00:00,3775.46,GBP,posted,credit
L00004056,T00004056,A001128,2026-03-24T03:54:43+00:00,539.22,GBP,posted,credit
L00004057,T00004057,A001180,2026-05-09T22:56:15+00:00,4521.85,CAD,posted,credit
L00004058,T00004058,A001292,2025-09-20T18:19:25+00:00,509.83,CAD,posted,credit
L00004059,T00004059,A001402,2025-07-26T22:46:02+00:00,4928.70,INR,posted,credit
L00004060,T00004060,A000208,2025-10-13T10:29:24+00:00,327.21,GBP,posted,credit
L00004061,T00004061,A000933,2026-08-22T00:51:46+00:00,2698.17,CAD,posted,credit
L00004062,T00004062,A001401,2025-10-14T17:08:35+00:00,1218.90,USD,posted,credit
L00004063,T00004063,A001398,2026-06-14T00:00:50+00:00,4505.07,INR,posted,credit
L00004064,T00004064,A000981,2026-05-07T03:40:54+00:00,3921.79,EUR,posted,credit
L00004065,T00004065,A000708,2025-08-25T23:57:05+00:00,3488.79,GBP,posted,credit
L00004066,T00004066,A000992,2026-05-30T20:08:21+00:00,3684.25,CAD,posted,credit
L00004067,T00004067,A000877,2025-10-17T14:33:51+00:00,3851.30,USD,posted,credit
L00004068,T00004068,A000238,2026-07-09T23:14:39+00:00,3067.04,GBP,posted,credit
L00004069,T00004069,A000276,2025-01-25T03:51:46+00:00,4492.15,GBP,posted,credit
L00004070,T00004070,A000284,2026-03-28T01:04:23+00:00,2370.94,GBP,posted,credit
L00004071,T00004071,A000079,2025-04-19T17:03:54+00:00,2512.23,CAD,posted,credit
L00004072,T00004072,A001206,2025-03-03T02:26:58+00:00,1896.74,INR,posted,credit
L00004073,T00004073,A001328,2025-04-02T19:24:51+00:00,1713.66,CAD,posted,credit
L00004074,T00004074,A000781,2025-06-14T05:57:56+00:00,742.04,CAD,posted,credit
L00004075,T00004075,A001424,2025-04-27T02:35:18+00:00,3920.15,EUR,posted,credit
L00004076,T00004076,A001452,2026-03-16T01:26:08+00:00,2620.61,GBP,posted,credit
L00004077,T00004077,A000960,2025-09-06T23:06:09+00:00,3367.70,USD,posted,credit
L00004078,T00004078,A000725,2026-01-07T11:57:27+00:00,1977.20,CAD,posted,credit
L00004079,T00004079,A000164,2025-08-19T12:31:03+00:00,3578.67,USD,posted,credit
L00004080,T00004080,A001318,2025-02-07T08:12:13+00:00,3037.84,EUR,posted,credit
L00004081,T00004081,A000615,2025-10-23T20:44:36+00:00,1506.10,EUR,posted,credit
L00004082,T00004082,A000366,2026-06-29T00:45:05+00:00,2553.15,EUR,posted,credit
L00004083,T00004083,A000347,2026-01-25T07:01:24+00:00,3759.50,CAD,posted,credit
L00004084,T00004084,A000464,2026-08-10T17:58:03+00:00,1778.05,CAD,posted,credit
L00004085,T00004085,A001040,2025-04-25T15:39:38+00:00,1281.96,INR,posted,credit
L00004086,T00004086,A000331,2025-10-17T02:52:18+00:00,4510.55,EUR,posted,credit
L00004087,T00004087,A000188,2025-08-06T04:33:25+00:00,1088.38,INR,posted,credit
L00004088,T00004088,A000746,2026-02-24T17:58:52+00:00,4177.40,GBP,posted,credit
L00004089,T00004089,A000439,2026-08-29T03:43:29+00:00,4937.09,USD,posted,credit
L00004090,T00004090,A000204,2025-05-03T11:02:26+00:00,739.50,CAD,posted,credit
L00004091,T00004091,A000134,2026-03-12T12:53:07+00:00,3300.69,GBP,posted,credit
L00004092,T00004092,A000495,2026-06-27T08:37:17+00:00,2920.11,INR,posted,credit
L00004093,T00004093,A001270,2026-03-31T23:00:11+00:00,1466.52,GBP,posted,credit
L00004094,T00004094,A001189,2025-06-07T02:35:52+00:00,3475.77,GBP,posted,credit
L00004095,T00004095,A000410,2026-03-25T15:16:23+00:00,4235.80,CAD,posted,credit
L00004096,T00004096,A000029,2025-09-22T21:04:24+00:00,1812.86,INR,posted,credit
L00004097,T00004097,A000242,2026-01-16T03:08:04+00:00,4875.34,GBP,posted,credit
L00004098,T00004098,A000264,2025-12-05T04:47:19+00:00,1732.79,GBP,posted,credit
L00004099,T00004099,A001385,2025-03-02T06:50:56+00:00,3682.00,EUR,posted,credit
L00004100,T00004100,A001228,2026-01-05T22:55:01+00:00,2194.29,EUR,posted,credit
L00004101,T00004101,A000659,2026-05-16T18:29:52+00:00,3013.91,USD,posted,credit
L00004102,T00004102,A000562,2025-12-08T08:06:28+00:00,303.36,CAD,posted,credit
L00004103,T00004103,A001210,2026-07-07T19:17:11+00:00,850.81,USD,posted,credit
L00004104,T00004104,A000139,2026-07-13T02:08:22+00:00,1077.66,CAD,posted,credit
L00004105,T00004105,A000216,2025-09-10T02:29:59+00:00,2481.60,USD,posted,credit
L00004106,T00004106,A000297,2025-02-13T00:12:30+00:00,4035.57,EUR,posted,credit
L00004107,T00004107,A000500,2025-07-05T15:39:18+00:00,2212.47,INR,posted,credit
L00004108,T00004108,A000732,2025-10-11T23:56:01+00:00,2173.68,GBP,posted,credit
L00004109,T00004109,A000419,2026-07-23T22:27:54+00:00,2916.97,USD,posted,credit
L00004110,T00004110,A000241,2025-07-31T11:01:46+00:00,2697.23,USD,posted,credit
L00004111,T00004111,A000482,2026-04-20T00:09:44+00:00,606.58,GBP,posted,credit
L00004112,T00004112,A000867,2025-03-01T14:18:48+00:00,2910.73,INR,posted,credit
L00004113,T00004113,A000072,2025-10-05T11:04:33+00:00,2679.48,INR,posted,credit
L00004114,T00004114,A000907,2025-08-19T21:26:57+00:00,2352.76,USD,posted,credit
L00004115,T00004115,A001070,2025-09-10T09:32:06+00:00,4307.86,INR,posted,credit
L00004116,T00004116,A000417,2026-06-10T11:00:33+00:00,2970.46,USD,posted,credit
L00004117,T00004117,A000849,2026-06-30T20:58:20+00:00,4820.73,USD,posted,credit
L00004118,T00004118,A000702,2026-06-20T05:09:30+00:00,1230.76,GBP,posted,credit
L00004119,T00004119,A000306,2026-05-14T11:44:50+00:00,4106.71,EUR,posted,credit
L00004120,T00004120,A001373,2025-08-06T10:04:49+00:00,4345.98,INR,posted,credit
L00004121,T00004121,A000032,2025-02-17T21:08:13+00:00,421.59,GBP,posted,credit
L00004122,T00004122,A001355,2025-01-24T10:28:00+00:00,4522.10,USD,posted,credit
L00004123,T00004123,A000132,2025-11-30T17:14:30+00:00,2743.34,CAD,posted,credit
L00004124,T00004124,A001019,2026-04-22T01:43:41+00:00,3301.21,USD,posted,credit
L00004125,T00004125,A000806,2025-09-22T01:07:44+00:00,2044.78,GBP,posted,credit
L00004126,T00004126,A000531,2026-01-17T09:13:59+00:00,4573.48,EUR,posted,credit
L00004127,T00004127,A000199,2025-12-03T05:10:39+00:00,1932.44,EUR,posted,credit
L00004128,T00004128,A000275,2025-06-21T13:00:45+00:00,886.99,INR,posted,credit
L00004129,T00004129,A000137,2025-03-29T21:53:50+00:00,1323.42,USD,posted,credit
L00004130,T00004130,A000631,2025-08-15T08:19:20+00:00,2785.72,CAD,posted,credit
L00004131,T00004131,A000582,2026-04-22T19:34:10+00:00,1135.25,EUR,posted,credit
L00004132,T00004132,A000552,2025-04-08T23:38:37+00:00,4617.84,CAD,posted,credit
L00004133,T00004133,A000169,2026-04-12T11:20:34+00:00,318.19,GBP,posted,credit
L00004134,T00004134,A000893,2025-01-16T00:28:00+00:00,79.97,USD,posted,credit
L00004135,T00004135,A000649,2025-03-12T11:42:22+00:00,1105.52,INR,posted,credit
L00004136,T00004136,A001370,2026-07-23T03:08:02+00:00,3299.23,CAD,posted,credit
L00004137,T00004137,A000012,2025-06-13T08:16:41+00:00,4675.54,CAD,posted,credit
L00004138,T00004138,A000417,2025-07-09T19:31:37+00:00,1803.69,USD,posted,credit
L00004139,T00004139,A000581,2026-01-27T15:15:16+00:00,1032.40,INR,posted,credit
L00004140,T00004140,A001361,2026-08-04T22:33:14+00:00,4559.74,EUR,posted,credit
L00004141,T00004141,A001139,2025-03-05T00:06:39+00:00,2226.75,CAD,posted,credit
L00004142,T00004142,A000982,2025-07-25T02:50:15+00:00,1834.66,USD,posted,credit
L00004143,T00004143,A000377,2026-06-27T20:08:48+00:00,4420.75,GBP,posted,credit
L00004144,T00004144,A000226,2025-05-16T11:20:48+00:00,714.94,CAD,posted,credit
L00004145,T00004145,A001428,2025-07-22T18:17:22+00:00,4841.26,INR,posted,credit
L00004146,T00004146,A000248,2025-08-31T03:28:19+00:00,1870.16,GBP,posted,credit
L00004147,T00004147,A000674,2025-11-20T09:39:37+00:00,1245.88,USD,posted,credit
L00004148,T00004148,A001226,2025-05-23T11:01:14+00:00,2614.76,USD,posted,credit
L00004149,T00004149,A000225,2026-05-22T14:06:21+00:00,4188.50,CAD,posted,credit
L00004150,T00004150,A000155,2025-07-19T02:22:09+00:00,1002.01,GBP,posted,credit
L00004151,T00004151,A000572,2026-07-26T12:00:40+00:00,2881.52,GBP,posted,credit
L00004152,T00004152,A000449,2025-02-12T03:53:49+00:00,1985.57,INR,posted,credit
L00004153,T00004153,A001461,2025-01-29T02:09:15+00:00,2513.16,EUR,posted,credit
L00004154,T00004154,A000622,2026-01-05T00:00:20+00:00,2942.27,GBP,posted,credit
L00004155,T00004155,A000837,2025-04-21T09:01:21+00:00,2312.64,EUR,posted,credit
L00004156,T00004156,A000047,2025-04-04T22:15:56+00:00,1330.67,GBP,posted,credit
L00004157,T00004157,A000911,2026-05-10T21:23:32+00:00,612.09,GBP,posted,credit
L00004158,T00004158,A000150,2025-02-18T12:37:46+00:00,464.22,EUR,posted,credit
L00004159,T00004159,A001082,2025-11-01T06:42:17+00:00,1554.59,INR,posted,credit
L00004160,T00004160,A001085,2025-09-24T07:41:51+00:00,3511.57,USD,posted,credit
L00004161,T00004161,A000502,2025-10-19T01:36:20+00:00,271.20,USD,posted,credit
L00004162,T00004162,A001219,2025-11-15T11:31:47+00:00,1967.09,GBP,posted,credit
L00004163,T00004163,A001500,2025-11-07T22:49:48+00:00,1780.78,INR,posted,credit
L00004164,T00004164,A001338,2026-03-07T14:02:41+00:00,4519.73,EUR,posted,credit
L00004165,T00004165,A000149,2026-07-28T12:25:37+00:00,2006.33,GBP,posted,credit
L00004166,T00004166,A001035,2026-08-27T14:29:23+00:00,2108.83,INR,posted,credit
L00004167,T00004167,A000042,2025-06-11T21:47:13+00:00,372.77,EUR,posted,credit
L00004168,T00004168,A000230,2026-05-02T18:35:50+00:00,15.14,EUR,posted,credit
L00004169,T00004169,A001269,2026-06-19T16:23:41+00:00,905.90,EUR,posted,credit
L00004170,T00004170,A000996,2025-05-01T23:18:00+00:00,2940.42,CAD,posted,credit
L00004171,T00004171,A000590,2025-10-21T12:21:28+00:00,4661.80,EUR,posted,credit
L00004172,T00004172,A000187,2025-12-21T04:31:05+00:00,1711.98,GBP,posted,credit
L00004173,T00004173,A000872,2026-07-25T06:12:27+00:00,4695.45,CAD,posted,credit
L00004174,T00004174,A001359,2025-06-11T02:26:16+00:00,4010.59,INR,posted,credit
L00004175,T00004175,A000016,2026-01-04T11:31:50+00:00,726.67,USD,posted,credit
L00004176,T00004176,A000903,2026-08-16T18:35:10+00:00,4987.17,CAD,posted,credit
L00004177,T00004177,A001433,2026-06-09T03:58:03+00:00,2602.18,EUR,posted,credit
L00004178,T00004178,A000149,2026-09-02T23:37:58+00:00,650.96,GBP,posted,credit
L00004179,T00004179,A001366,2026-04-06T13:36:06+00:00,3896.41,CAD,posted,credit
L00004180,T00004180,A000143,2026-04-26T11:42:50+00:00,2277.73,CAD,posted,credit
L00004181,T00004181,A001130,2025-05-24T16:52:51+00:00,3623.04,CAD,posted,credit
L00004182,T00004182,A000410,2026-06-28T22:49:01+00:00,1873.28,CAD,posted,credit
L00004183,T00004183,A001312,2026-09-03T03:56:03+00:00,662.49,CAD,posted,credit
L00004184,T00004184,A000402,2025-06-20T06:45:25+00:00,2574.83,CAD,posted,credit
L00004185,T00004185,A000932,2026-02-01T18:59:02+00:00,4756.11,CAD,posted,credit
L00004186,T00004186,A001259,2025-08-14T05:00:10+00:00,1506.85,INR,posted,credit
L00004187,T00004187,A001389,2025-06-14T23:48:04+00:00,1568.65,INR,posted,credit
L00004188,T00004188,A001097,2025-03-18T11:30:50+00:00,4344.87,INR,posted,credit
L00004189,T00004189,A000228,2025-01-09T19:12:53+00:00,2564.61,EUR,posted,credit
L00004190,T00004190,A000503,2025-02-18T17:01:17+00:00,4455.51,USD,posted,credit
L00004191,T00004191,A001324,2025-09-20T03:12:16+00:00,4443.35,INR,posted,credit
L00004192,T00004192,A001029,2025-02-13T07:11:55+00:00,2900.15,EUR,posted,credit
L00004193,T00004193,A001426,2026-02-25T10:26:13+00:00,3107.74,CAD,posted,credit
L00004194,T00004194,A001345,2025-01-06T14:09:39+00:00,2663.48,CAD,posted,credit
L00004195,T00004195,A000872,2025-06-14T09:40:02+00:00,4510.47,CAD,posted,credit
L00004196,T00004196,A001205,2025-01-08T01:23:21+00:00,1097.97,CAD,posted,credit
L00004197,T00004197,A000091,2025-02-18T02:24:31+00:00,1359.28,CAD,posted,credit
L00004198,T00004198,A001337,2026-08-13T22:16:04+00:00,3344.02,USD,posted,credit
L00004199,T00004199,A000929,2026-07-30T02:31:36+00:00,2314.68,INR,posted,credit
L00004200,T00004200,A000522,2026-09-06T14:51:42+00:00,273.99,USD,posted,credit
L00004201,T00004201,A000484,2025-01-06T23:04:46+00:00,1188.27,CAD,posted,credit
L00004202,T00004202,A000234,2025-12-22T10:25:03+00:00,4936.33,GBP,posted,credit
L00004203,T00004203,A000168,2026-04-20T20:38:06+00:00,3312.29,CAD,posted,credit
L00004204,T00004204,A001284,2026-06-22T15:18:05+00:00,2962.60,INR,posted,credit
L00004205,T00004205,A001496,2025-10-19T19:04:57+00:00,1627.49,CAD,posted,credit
L00004206,T00004206,A000985,2025-05-31T00:56:47+00:00,3934.66,CAD,posted,credit
L00004207,T00004207,A000428,2026-04-19T13:00:40+00:00,2652.63,INR,posted,credit
L00004208,T00004208,A000564,2026-08-28T03:04:01+00:00,2018.33,EUR,posted,credit
L00004209,T00004209,A001098,2026-08-30T06:31:39+00:00,3341.67,EUR,posted,credit
L00004210,T00004210,A000224,2026-05-19T02:01:10+00:00,891.62,INR,posted,credit
L00004211,T00004211,A000086,2025-07-01T07:06:32+00:00,1590.92,GBP,posted,credit
L00004212,T00004212,A001158,2026-05-18T15:14:12+00:00,1579.87,GBP,posted,credit
L00004213,T00004213,A000239,2025-08-26T03:42:18+00:00,2577.40,EUR,posted,credit
L00004214,T00004214,A001472,2025-07-24T04:13:14+00:00,4855.82,CAD,posted,credit
L00004215,T00004215,A000674,2025-03-13T03:53:28+00:00,89.29,USD,posted,credit
L00004216,T00004216,A001459,2026-06-07T13:53:20+00:00,1074.93,CAD,posted,credit
L00004217,T00004217,A001324,2026-09-06T19:05:23+00:00,4171.87,INR,posted,credit
L00004218,T00004218,A000252,2025-02-01T06:02:27+00:00,3484.16,CAD,posted,credit
L00004219,T00004219,A000132,2025-11-13T00:19:06+00:00,276.61,CAD,posted,credit
L00004220,T00004220,A000847,2025-09-11T05:30:07+00:00,4126.98,CAD,posted,credit
L00004221,T00004221,A000156,2026-09-12T02:27:55+00:00,4347.85,CAD,posted,credit
L00004222,T00004222,A000496,2025-06-03T20:15:20+00:00,216.86,GBP,posted,credit
L00004223,T00004223,A001462,2025-08-28T00:54:14+00:00,2758.24,EUR,posted,credit
L00004224,T00004224,A001151,2026-01-28T03:11:04+00:00,4072.63,EUR,posted,credit
L00004225,T00004225,A000634,2026-03-04T22:11:28+00:00,4340.02,GBP,posted,credit
L00004226,T00004226,A000162,2026-08-12T21:48:43+00:00,3240.26,EUR,posted,credit
L00004227,T00004227,A000575,2026-05-30T13:04:31+00:00,207.30,GBP,posted,credit
L00004228,T00004228,A000141,2025-02-20T01:20:56+00:00,4494.92,USD,posted,credit
L00004229,T00004229,A000318,2026-04-16T18:51:57+00:00,739.76,EUR,posted,credit
L00004230,T00004230,A001423,2025-11-20T17:02:15+00:00,4249.52,EUR,posted,credit
L00004231,T00004231,A001074,2025-06-30T04:55:28+00:00,1743.66,USD,posted,credit
L00004232,T00004232,A000612,2026-08-01T20:33:57+00:00,3326.83,INR,posted,credit
L00004233,T00004233,A000833,2026-05-06T12:15:53+00:00,1118.89,CAD,posted,credit
L00004234,T00004234,A001255,2025-01-25T07:16:59+00:00,2904.66,GBP,posted,credit
L00004235,T00004235,A000914,2026-08-09T16:37:33+00:00,2988.36,INR,posted,credit
L00004236,T00004236,A001244,2026-04-14T08:10:44+00:00,496.62,CAD,posted,credit
L00004237,T00004237,A001180,2026-03-30T17:03:09+00:00,464.87,CAD,posted,credit
L00004238,T00004238,A000010,2026-05-11T18:49:36+00:00,3052.60,GBP,posted,credit
L00004239,T00004239,A001138,2025-08-25T14:39:30+00:00,3679.92,GBP,posted,credit
L00004240,T00004240,A001457,2026-02-19T09:57:32+00:00,994.94,INR,posted,credit
L00004241,T00004241,A001358,2025-09-05T00:21:41+00:00,900.46,USD,posted,credit
L00004242,T00004242,A001109,2026-03-11T01:30:15+00:00,4016.75,CAD,posted,credit
L00004243,T00004243,A001230,2025-10-19T14:40:46+00:00,901.38,EUR,posted,credit
L00004244,T00004244,A000765,2026-03-16T12:16:52+00:00,3015.93,INR,posted,credit
L00004245,T00004245,A000823,2025-07-01T17:49:46+00:00,1376.16,INR,posted,credit
L00004246,T00004246,A001150,2025-11-12T05:12:12+00:00,1026.95,USD,posted,credit
L00004247,T00004247,A001187,2025-12-22T20:31:49+00:00,4789.92,USD,posted,credit
L00004248,T00004248,A001079,2025-04-08T01:10:23+00:00,4041.37,INR,posted,credit
L00004249,T00004249,A000918,2025-06-17T18:33:36+00:00,2189.65,USD,posted,credit
L00004250,T00004250,A000523,2025-06-30T01:06:19+00:00,114.89,GBP,posted,credit
L00004251,T00004251,A000744,2026-01-30T02:32:16+00:00,1923.24,EUR,posted,credit
L00004252,T00004252,A000247,2025-10-10T07:46:29+00:00,1197.58,INR,posted,credit
L00004253,T00004253,A000030,2025-10-14T12:53:17+00:00,2595.64,EUR,posted,credit
L00004254,T00004254,A000534,2025-07-14T21:18:16+00:00,3747.14,USD,posted,credit
L00004255,T00004255,A001286,2025-05-23T07:59:51+00:00,766.19,INR,posted,credit
L00004256,T00004256,A000339,2025-10-21T03:23:21+00:00,385.89,CAD,posted,credit
L00004257,T00004257,A000493,2025-01-08T14:09:38+00:00,4289.40,USD,posted,credit
L00004258,T00004258,A000123,2025-09-17T10:04:13+00:00,4940.66,GBP,posted,credit
L00004259,T00004259,A000740,2025-04-09T05:22:12+00:00,448.90,INR,posted,credit
L00004260,T00004260,A000787,2026-01-01T13:10:21+00:00,2441.24,EUR,posted,credit
L00004261,T00004261,A001445,2025-07-03T10:06:36+00:00,1126.41,EUR,posted,credit
L00004262,T00004262,A001325,2025-10-05T16:23:54+00:00,707.67,INR,posted,credit
L00004263,T00004263,A000230,2026-02-11T15:54:18+00:00,1441.56,EUR,posted,credit
L00004264,T00004264,A000796,2025-12-19T03:57:24+00:00,1732.62,GBP,posted,credit
L00004265,T00004265,A000901,2025-07-24T20:16:07+00:00,2165.45,GBP,posted,credit
L00004266,T00004266,A000823,2025-05-29T05:11:04+00:00,3978.36,INR,posted,credit
L00004267,T00004267,A001137,2025-08-14T12:13:57+00:00,2394.06,EUR,posted,credit
L00004268,T00004268,A001124,2025-10-12T13:33:16+00:00,4855.71,EUR,posted,credit
L00004269,T00004269,A001430,2025-04-12T11:14:00+00:00,932.35,CAD,posted,credit
L00004270,T00004270,A000705,2025-10-10T02:51:38+00:00,3925.21,GBP,posted,credit
L00004271,T00004271,A000655,2025-12-21T09:37:19+00:00,4255.44,USD,posted,credit
L00004272,T00004272,A000258,2026-04-19T20:02:26+00:00,662.12,GBP,posted,credit
L00004273,T00004273,A000130,2025-01-23T16:43:21+00:00,3984.57,EUR,posted,credit
L00004274,T00004274,A001335,2025-12-02T04:36:10+00:00,3502.07,USD,posted,credit
L00004275,T00004275,A000149,2025-10-03T13:51:56+00:00,1696.00,GBP,posted,credit
L00004276,T00004276,A000526,2026-01-05T07:20:21+00:00,4677.64,CAD,posted,credit
L00004277,T00004277,A000987,2026-08-02T16:03:31+00:00,1706.97,EUR,posted,credit
L00004278,T00004278,A000047,2025-10-22T04:01:21+00:00,2639.98,GBP,posted,credit
L00004279,T00004279,A000375,2026-05-12T23:13:43+00:00,3556.98,CAD,posted,credit
L00004280,T00004280,A000335,2025-08-10T08:07:49+00:00,2615.85,CAD,posted,credit
L00004281,T00004281,A001131,2025-10-07T09:21:54+00:00,132.77,GBP,posted,credit
L00004282,T00004282,A001275,2025-02-15T20:06:05+00:00,601.05,CAD,posted,credit
L00004283,T00004283,A001384,2025-02-22T15:46:24+00:00,4333.58,EUR,posted,credit
L00004284,T00004284,A000975,2026-04-19T20:37:12+00:00,2549.60,USD,posted,credit
L00004285,T00004285,A000533,2025-03-31T21:32:17+00:00,3050.67,GBP,posted,credit
L00004286,T00004286,A000056,2026-07-27T10:29:14+00:00,4950.24,EUR,posted,credit
L00004287,T00004287,A001122,2025-11-04T04:20:59+00:00,1488.81,INR,posted,credit
L00004288,T00004288,A001201,2026-02-14T02:34:08+00:00,1162.38,CAD,posted,credit
L00004289,T00004289,A000968,2026-02-09T00:06:25+00:00,1284.11,GBP,posted,credit
L00004290,T00004290,A001214,2026-06-02T08:04:54+00:00,284.05,EUR,posted,credit
L00004291,T00004291,A000218,2026-01-02T15:00:08+00:00,532.13,EUR,posted,credit
L00004292,T00004292,A001139,2026-07-29T00:55:10+00:00,4607.30,CAD,posted,credit
L00004293,T00004293,A000401,2025-06-08T11:43:06+00:00,4438.10,USD,posted,credit
L00004294,T00004294,A000686,2026-07-18T20:24:33+00:00,3913.12,GBP,posted,credit
L00004295,T00004295,A000010,2025-05-04T09:11:54+00:00,3304.55,GBP,posted,credit
L00004296,T00004296,A001492,2026-09-01T14:46:01+00:00,4157.59,GBP,posted,credit
L00004297,T00004297,A001458,2026-06-16T16:49:01+00:00,475.50,INR,posted,credit
L00004298,T00004298,A001178,2026-03-13T16:31:27+00:00,2345.49,INR,posted,credit
L00004299,T00004299,A000024,2025-10-29T18:49:17+00:00,3765.87,USD,posted,credit
L00004300,T00004300,A000604,2025-10-23T14:31:55+00:00,1427.67,CAD,posted,credit
L00004301,T00004301,A001214,2025-04-29T23:34:16+00:00,1040.69,EUR,posted,credit
L00004302,T00004302,A001243,2025-05-31T03:27:32+00:00,4867.06,CAD,posted,credit
L00004303,T00004303,A001340,2025-04-01T05:16:55+00:00,3742.04,EUR,posted,credit
L00004304,T00004304,A000906,2026-01-16T11:50:01+00:00,3065.66,GBP,posted,credit
L00004305,T00004305,A001343,2026-09-08T20:40:34+00:00,2307.22,INR,posted,credit
L00004306,T00004306,A000584,2026-05-03T13:47:52+00:00,3587.38,GBP,posted,credit
L00004307,T00004307,A000263,2025-04-17T12:44:57+00:00,3749.00,CAD,posted,credit
L00004308,T00004308,A001275,2025-12-30T14:22:18+00:00,279.21,CAD,posted,credit
L00004309,T00004309,A000638,2025-11-09T18:19:29+00:00,2410.82,EUR,posted,credit
L00004310,T00004310,A000207,2026-03-20T04:54:34+00:00,3075.83,GBP,posted,credit
L00004311,T00004311,A000455,2026-01-17T03:02:11+00:00,4980.27,CAD,posted,credit
L00004312,T00004312,A000123,2025-01-16T03:39:56+00:00,1873.00,GBP,posted,credit
L00004313,T00004313,A001209,2026-06-13T14:24:05+00:00,3171.88,USD,posted,credit
L00004314,T00004314,A001282,2026-02-08T16:36:05+00:00,4944.01,INR,posted,credit
L00004315,T00004315,A000304,2025-05-05T05:57:57+00:00,2396.79,EUR,posted,credit
L00004316,T00004316,A000586,2025-08-02T19:36:26+00:00,447.29,CAD,posted,credit
L00004317,T00004317,A000762,2025-09-15T23:45:48+00:00,3753.30,INR,posted,credit
L00004318,T00004318,A000353,2025-08-29T15:44:41+00:00,741.27,USD,posted,credit
L00004319,T00004319,A000265,2025-08-06T21:11:17+00:00,133.77,INR,posted,credit
L00004320,T00004320,A000641,2025-04-09T04:10:43+00:00,4629.25,EUR,posted,credit
L00004321,T00004321,A000142,2025-01-27T09:31:57+00:00,997.22,USD,posted,credit
L00004322,T00004322,A000571,2025-09-02T15:38:54+00:00,4311.12,USD,posted,credit
L00004323,T00004323,A000047,2026-01-04T09:19:20+00:00,3311.94,GBP,posted,credit
L00004324,T00004324,A000262,2025-03-27T02:50:21+00:00,1047.24,USD,posted,credit
L00004325,T00004325,A001400,2025-08-28T04:28:07+00:00,3172.01,EUR,posted,credit
L00004326,T00004326,A001378,2025-03-04T18:49:06+00:00,2890.42,CAD,posted,credit
L00004327,T00004327,A000884,2025-02-19T09:36:39+00:00,2106.23,GBP,posted,credit
L00004328,T00004328,A001092,2025-08-05T11:26:09+00:00,3982.66,CAD,posted,credit
L00004329,T00004329,A001321,2026-01-27T17:00:23+00:00,2767.77,CAD,posted,credit
L00004330,T00004330,A000050,2025-10-17T03:57:01+00:00,2151.81,INR,posted,credit
L00004331,T00004331,A000784,2025-01-05T04:08:48+00:00,332.56,GBP,posted,credit
L00004332,T00004332,A001357,2026-06-05T08:39:42+00:00,2963.98,USD,posted,credit
L00004333,T00004333,A000711,2025-10-16T11:42:54+00:00,1049.00,GBP,posted,credit
L00004334,T00004334,A000554,2026-05-01T05:28:54+00:00,1744.03,EUR,posted,credit
L00004335,T00004335,A000065,2025-10-06T03:36:08+00:00,1447.47,EUR,posted,credit
L00004336,T00004336,A001207,2025-04-02T01:24:01+00:00,4442.04,GBP,posted,credit
L00004337,T00004337,A001433,2026-07-24T07:13:25+00:00,1304.29,EUR,posted,credit
L00004338,T00004338,A001418,2025-09-23T13:02:12+00:00,1308.64,INR,posted,credit
L00004339,T00004339,A000559,2026-01-06T00:43:01+00:00,3356.47,GBP,posted,credit
L00004340,T00004340,A000920,2025-12-13T17:35:03+00:00,2925.92,GBP,posted,credit
L00004341,T00004341,A001498,2026-04-20T05:53:36+00:00,2013.32,CAD,posted,credit
L00004342,T00004342,A000916,2026-06-08T14:03:12+00:00,3099.83,USD,posted,credit
L00004343,T00004343,A000894,2026-02-07T11:14:27+00:00,1231.81,INR,posted,credit
L00004344,T00004344,A000652,2026-06-12T15:14:23+00:00,560.91,GBP,posted,credit
L00004345,T00004345,A000342,2025-08-09T02:03:18+00:00,3374.36,CAD,posted,credit
L00004346,T00004346,A001484,2025-05-19T04:19:11+00:00,2896.93,USD,posted,credit
L00004347,T00004347,A001242,2025-11-23T12:41:42+00:00,1859.59,INR,posted,credit
L00004348,T00004348,A001014,2025-02-27T15:56:22+00:00,1057.10,INR,posted,credit
L00004349,T00004349,A000497,2025-06-15T22:03:51+00:00,1716.60,INR,posted,credit
L00004350,T00004350,A000969,2025-05-27T04:56:12+00:00,203.95,CAD,posted,credit
L00004351,T00004351,A000170,2025-10-13T10:05:39+00:00,920.01,EUR,posted,credit
L00004352,T00004352,A000485,2025-06-21T19:39:15+00:00,1223.57,EUR,posted,credit
L00004353,T00004353,A000559,2026-03-25T15:13:28+00:00,2838.71,GBP,posted,credit
L00004354,T00004354,A000527,2026-06-19T04:14:05+00:00,2620.09,USD,posted,credit
L00004355,T00004355,A001316,2025-01-22T18:02:51+00:00,2895.03,EUR,posted,credit
L00004356,T00004356,A000699,2025-03-19T22:26:48+00:00,50.16,EUR,posted,credit
L00004357,T00004357,A001401,2026-01-29T09:57:24+00:00,4303.41,USD,posted,credit
L00004358,T00004358,A001395,2025-03-08T08:16:31+00:00,1282.99,INR,posted,credit
L00004359,T00004359,A000324,2025-08-07T23:50:05+00:00,3304.19,INR,posted,credit
L00004360,T00004360,A000815,2025-03-08T20:24:28+00:00,2511.50,INR,posted,credit
L00004361,T00004361,A000515,2025-05-20T14:18:35+00:00,2817.15,GBP,posted,credit
L00004362,T00004362,A000509,2025-02-13T17:46:54+00:00,3076.27,INR,posted,credit
L00004363,T00004363,A001181,2025-06-05T07:46:30+00:00,692.52,GBP,posted,credit
L00004364,T00004364,A000596,2026-01-15T14:28:57+00:00,3163.09,GBP,posted,credit
L00004365,T00004365,A000871,2025-12-03T12:04:09+00:00,1282.65,USD,posted,credit
L00004366,T00004366,A000394,2025-02-03T13:59:31+00:00,4795.91,EUR,posted,credit
L00004367,T00004367,A001362,2025-06-19T10:30:06+00:00,3310.57,USD,posted,credit
L00004368,T00004368,A000500,2025-12-14T09:51:56+00:00,220.30,INR,posted,credit
L00004369,T00004369,A000093,2025-03-11T21:35:03+00:00,2311.27,EUR,posted,credit
L00004370,T00004370,A000055,2026-06-28T17:49:45+00:00,206.60,GBP,posted,credit
L00004371,T00004371,A000533,2025-01-13T09:06:45+00:00,2651.78,GBP,posted,credit
L00004372,T00004372,A001137,2026-07-02T02:49:21+00:00,1818.27,EUR,posted,credit
L00004373,T00004373,A000925,2026-05-15T19:13:10+00:00,3303.15,USD,posted,credit
L00004374,T00004374,A000638,2025-03-05T17:01:37+00:00,4272.34,EUR,posted,credit
L00004375,T00004375,A000785,2026-03-22T01:50:02+00:00,2251.28,GBP,posted,credit
L00004376,T00004376,A000113,2026-07-09T21:29:49+00:00,2654.65,CAD,posted,credit
L00004377,T00004377,A000363,2025-01-21T18:55:38+00:00,2641.39,CAD,posted,credit
L00004378,T00004378,A000668,2025-08-27T08:21:58+00:00,4153.87,GBP,posted,credit
L00004379,T00004379,A000224,2025-10-26T21:26:07+00:00,1890.45,INR,posted,credit
L00004380,T00004380,A000953,2025-10-10T05:24:26+00:00,1638.27,USD,posted,credit
L00004381,T00004381,A000616,2025-08-17T09:49:43+00:00,909.89,INR,posted,credit
L00004382,T00004382,A000468,2025-07-06T20:20:27+00:00,4856.69,EUR,posted,credit
L00004383,T00004383,A000330,2026-03-20T03:06:06+00:00,2353.76,GBP,posted,credit
L00004384,T00004384,A000244,2026-01-02T05:53:03+00:00,3583.20,GBP,posted,credit
L00004385,T00004385,A000291,2025-06-21T17:03:35+00:00,2632.86,CAD,posted,credit
L00004386,T00004386,A001060,2025-08-03T03:44:09+00:00,1284.08,CAD,posted,credit
L00004387,T00004387,A000161,2025-11-28T02:54:49+00:00,2199.95,INR,posted,credit
L00004388,T00004388,A000605,2026-08-23T06:19:43+00:00,4069.21,INR,posted,credit
L00004389,T00004389,A000705,2026-08-21T04:24:05+00:00,4808.30,GBP,posted,credit
L00004390,T00004390,A001250,2025-12-31T07:42:10+00:00,2159.11,GBP,posted,credit
L00004391,T00004391,A001409,2025-12-21T14:33:51+00:00,489.55,USD,posted,credit
L00004392,T00004392,A001149,2025-12-04T03:14:44+00:00,1511.41,GBP,posted,credit
L00004393,T00004393,A001355,2025-10-29T13:40:36+00:00,103.57,USD,posted,credit
L00004394,T00004394,A001311,2025-06-11T02:47:28+00:00,1854.81,USD,posted,credit
L00004395,T00004395,A000700,2026-01-19T07:13:58+00:00,4081.66,CAD,posted,credit
L00004396,T00004396,A001421,2026-05-26T08:39:14+00:00,927.36,CAD,posted,credit
L00004397,T00004397,A000477,2025-01-23T22:46:43+00:00,4106.10,USD,posted,credit
L00004398,T00004398,A000332,2026-07-30T10:39:03+00:00,1284.98,CAD,posted,credit
L00004399,T00004399,A000327,2025-10-17T13:56:34+00:00,3600.25,EUR,posted,credit
L00004400,T00004400,A001379,2025-10-22T23:42:07+00:00,3718.11,CAD,posted,credit
L00004401,T00004401,A000382,2026-04-29T13:41:33+00:00,826.01,CAD,posted,credit
L00004402,T00004402,A001144,2025-02-04T13:54:27+00:00,2565.37,GBP,posted,credit
L00004403,T00004403,A001084,2025-06-28T17:44:40+00:00,4800.41,INR,posted,credit
L00004404,T00004404,A001122,2025-08-08T19:22:26+00:00,3539.53,INR,posted,credit
L00004405,T00004405,A001292,2025-12-06T10:31:07+00:00,1804.05,CAD,posted,credit
L00004406,T00004406,A000657,2025-01-07T03:06:29+00:00,3600.51,INR,posted,credit
L00004407,T00004407,A000314,2026-04-30T11:51:24+00:00,3950.43,GBP,posted,credit
L00004408,T00004408,A001169,2025-02-20T21:48:20+00:00,2531.06,USD,posted,credit
L00004409,T00004409,A001111,2026-01-23T19:17:13+00:00,4461.48,USD,posted,credit
L00004410,T00004410,A001427,2025-07-22T20:29:55+00:00,174.34,USD,posted,credit
L00004411,T00004411,A000867,2025-04-27T05:08:24+00:00,3423.15,INR,posted,credit
L00004412,T00004412,A001136,2025-06-16T18:28:52+00:00,4136.72,GBP,posted,credit
L00004413,T00004413,A000050,2025-04-11T18:59:13+00:00,2442.25,INR,posted,credit
L00004414,T00004414,A000371,2026-07-26T12:24:55+00:00,3700.45,CAD,posted,credit
L00004415,T00004415,A001092,2026-03-22T12:34:29+00:00,4200.80,CAD,posted,credit
L00004416,T00004416,A000338,2025-04-20T01:46:12+00:00,4575.37,GBP,posted,credit
L00004417,T00004417,A000384,2025-05-10T01:43:22+00:00,2562.53,CAD,posted,credit
L00004418,T00004418,A000516,2025-11-07T03:53:32+00:00,4257.02,GBP,posted,credit
L00004419,T00004419,A000893,2026-04-09T17:33:54+00:00,918.32,USD,posted,credit
L00004420,T00004420,A000533,2025-08-14T16:56:35+00:00,1073.51,GBP,posted,credit
L00004421,T00004421,A000075,2026-02-10T15:48:54+00:00,2261.62,USD,posted,credit
L00004422,T00004422,A000416,2026-01-29T20:54:48+00:00,1172.72,EUR,posted,credit
L00004423,T00004423,A000199,2025-11-06T21:51:24+00:00,4464.94,EUR,posted,credit
L00004424,T00004424,A000551,2025-05-06T10:56:04+00:00,3688.63,GBP,posted,credit
L00004425,T00004425,A001022,2025-12-21T03:00:42+00:00,1621.35,EUR,posted,credit
L00004426,T00004426,A001113,2026-01-05T02:58:01+00:00,1216.25,GBP,posted,credit
L00004427,T00004427,A000068,2026-08-13T10:04:57+00:00,1305.57,EUR,posted,credit
L00004428,T00004428,A000966,2026-03-17T20:40:14+00:00,931.20,GBP,posted,credit
L00004429,T00004429,A000476,2026-06-08T14:33:32+00:00,2826.79,CAD,posted,credit
L00004430,T00004430,A001008,2026-07-16T15:30:54+00:00,3364.13,CAD,posted,credit
L00004431,T00004431,A000279,2025-04-12T02:40:42+00:00,876.69,GBP,posted,credit
L00004432,T00004432,A000653,2026-06-16T10:57:06+00:00,1131.68,INR,posted,credit
L00004433,T00004433,A000138,2025-09-22T03:19:27+00:00,1009.15,CAD,posted,credit
L00004434,T00004434,A000870,2026-04-04T11:02:38+00:00,1020.41,GBP,posted,credit
L00004435,T00004435,A001037,2025-06-26T09:02:45+00:00,1384.56,EUR,posted,credit
L00004436,T00004436,A000679,2025-04-15T20:02:33+00:00,4805.39,INR,posted,credit
L00004437,T00004437,A000084,2026-02-27T17:51:28+00:00,4619.83,GBP,posted,credit
L00004438,T00004438,A001416,2025-09-22T03:27:28+00:00,3787.42,INR,posted,credit
L00004439,T00004439,A000383,2025-01-10T17:50:10+00:00,2647.61,CAD,posted,credit
L00004440,T00004440,A000970,2026-06-09T19:31:55+00:00,4838.19,INR,posted,credit
L00004441,T00004441,A000655,2025-11-08T17:58:02+00:00,4141.27,USD,posted,credit
L00004442,T00004442,A001083,2025-09-18T01:38:42+00:00,3847.96,CAD,posted,credit
L00004443,T00004443,A001109,2025-06-09T19:10:48+00:00,4815.14,CAD,posted,credit
L00004444,T00004444,A000645,2025-05-21T23:18:19+00:00,3064.07,INR,posted,credit
L00004445,T00004445,A001281,2026-04-20T16:53:19+00:00,245.35,EUR,posted,credit
L00004446,T00004446,A000809,2026-03-31T22:51:39+00:00,3623.97,GBP,posted,credit
L00004447,T00004447,A000721,2025-06-15T02:34:15+00:00,4485.26,INR,posted,credit
L00004448,T00004448,A000616,2026-01-28T22:01:23+00:00,4882.64,INR,posted,credit
L00004449,T00004449,A001025,2025-06-11T16:08:43+00:00,3185.31,EUR,posted,credit
L00004450,T00004450,A001481,2025-07-14T04:07:55+00:00,2947.25,INR,posted,credit
L00004451,T00004451,A000646,2025-12-20T13:20:36+00:00,2275.47,INR,posted,credit
L00004452,T00004452,A001452,2026-06-23T18:52:59+00:00,23.82,GBP,posted,credit
L00004453,T00004453,A000073,2025-04-21T18:16:31+00:00,2867.79,USD,posted,credit
L00004454,T00004454,A000141,2026-05-27T22:40:56+00:00,4466.12,USD,posted,credit
L00004455,T00004455,A001186,2025-12-30T05:50:32+00:00,3332.81,EUR,posted,credit
L00004456,T00004456,A000638,2026-06-06T21:46:38+00:00,2146.45,EUR,posted,credit
L00004457,T00004457,A000939,2025-03-11T18:44:43+00:00,3952.28,USD,posted,credit
L00004458,T00004458,A001398,2026-03-24T04:25:31+00:00,1326.50,INR,posted,credit
L00004459,T00004459,A000918,2025-12-04T08:37:35+00:00,4995.34,USD,posted,credit
L00004460,T00004460,A000276,2026-07-03T22:43:18+00:00,123.70,GBP,posted,credit
L00004461,T00004461,A000721,2026-03-15T19:01:43+00:00,3217.10,INR,posted,credit
L00004462,T00004462,A000384,2025-12-21T12:02:11+00:00,24.13,CAD,posted,credit
L00004463,T00004463,A000952,2026-05-10T15:46:52+00:00,4049.48,EUR,posted,credit
L00004464,T00004464,A001278,2026-01-22T04:04:35+00:00,626.17,EUR,posted,credit
L00004465,T00004465,A001493,2026-03-07T22:22:55+00:00,3592.92,USD,posted,credit
L00004466,T00004466,A000021,2025-02-17T07:38:19+00:00,3068.88,GBP,posted,credit
L00004467,T00004467,A000387,2025-06-16T00:45:31+00:00,272.77,EUR,posted,credit
L00004468,T00004468,A000704,2025-06-19T22:15:38+00:00,4135.16,GBP,posted,credit
L00004469,T00004469,A001044,2025-01-09T10:43:52+00:00,3827.35,EUR,posted,credit
L00004470,T00004470,A000184,2026-04-03T07:21:18+00:00,549.43,USD,posted,credit
L00004471,T00004471,A001430,2025-05-26T15:09:30+00:00,3367.81,CAD,posted,credit
L00004472,T00004472,A000367,2025-10-17T15:14:42+00:00,2053.40,GBP,posted,credit
L00004473,T00004473,A000831,2026-07-26T13:10:26+00:00,3178.05,USD,posted,credit
L00004474,T00004474,A001208,2025-03-23T19:40:42+00:00,2696.73,EUR,posted,credit
L00004475,T00004475,A000111,2025-10-26T04:29:49+00:00,1354.02,CAD,posted,credit
L00004476,T00004476,A000817,2025-12-19T14:24:24+00:00,2587.98,USD,posted,credit
L00004477,T00004477,A000642,2026-09-03T10:10:22+00:00,2489.73,INR,posted,credit
L00004478,T00004478,A000537,2025-05-24T11:49:53+00:00,1943.60,INR,posted,credit
L00004479,T00004479,A001296,2025-02-11T03:30:09+00:00,1625.26,USD,posted,credit
L00004480,T00004480,A000644,2025-05-27T01:07:07+00:00,4635.23,GBP,posted,credit
L00004481,T00004481,A000486,2025-01-26T15:14:00+00:00,1015.36,CAD,posted,credit
L00004482,T00004482,A001239,2025-08-04T21:09:21+00:00,273.24,INR,posted,credit
L00004483,T00004483,A000425,2026-03-15T17:27:44+00:00,1422.31,CAD,posted,credit
L00004484,T00004484,A000355,2025-04-10T03:40:08+00:00,3851.42,USD,posted,credit
L00004485,T00004485,A000053,2025-01-28T11:15:27+00:00,2224.99,INR,posted,credit
L00004486,T00004486,A000354,2026-08-03T14:56:36+00:00,3719.77,CAD,posted,credit
L00004487,T00004487,A000297,2026-04-07T14:08:51+00:00,3749.89,EUR,posted,credit
L00004488,T00004488,A000419,2025-06-08T08:46:08+00:00,4130.53,USD,posted,credit
L00004489,T00004489,A000969,2025-08-23T11:57:00+00:00,884.70,CAD,posted,credit
L00004490,T00004490,A001174,2026-05-24T12:15:35+00:00,732.00,CAD,posted,credit
L00004491,T00004491,A000480,2026-06-25T09:45:01+00:00,3384.75,CAD,posted,credit
L00004492,T00004492,A001209,2025-09-06T13:29:55+00:00,2434.63,USD,posted,credit
L00004493,T00004493,A000080,2026-04-13T22:45:49+00:00,2156.72,USD,posted,credit
L00004494,T00004494,A000031,2026-04-07T17:22:03+00:00,3663.64,CAD,posted,credit
L00004495,T00004495,A000240,2025-04-14T05:52:01+00:00,974.96,GBP,posted,credit
L00004496,T00004496,A001351,2026-01-06T13:58:01+00:00,1385.10,CAD,posted,credit
L00004497,T00004497,A001289,2025-10-01T08:21:27+00:00,302.74,CAD,posted,credit
L00004498,T00004498,A000206,2026-06-19T05:06:39+00:00,637.18,CAD,posted,credit
L00004499,T00004499,A001095,2025-08-22T06:59:28+00:00,198.25,INR,posted,credit
L00004500,T00004500,A000655,2026-05-20T02:47:19+00:00,1842.44,USD,posted,credit
L00004501,T00004501,A000656,2025-07-07T07:00:54+00:00,1607.50,EUR,posted,credit
L00004502,T00004502,A001174,2025-03-23T02:27:31+00:00,736.01,CAD,posted,credit
L00004503,T00004503,A001442,2026-03-09T08:04:27+00:00,1697.93,INR,posted,credit
L00004504,T00004504,A001017,2026-08-19T12:28:05+00:00,1120.14,EUR,posted,credit
L00004505,T00004505,A000563,2025-10-20T15:11:13+00:00,71.72,CAD,posted,credit
L00004506,T00004506,A001116,2025-01-20T17:34:04+00:00,2059.46,GBP,posted,credit
L00004507,T00004507,A000986,2025-01-07T10:06:56+00:00,1411.69,CAD,posted,credit
L00004508,T00004508,A001271,2025-09-29T02:49:51+00:00,824.99,CAD,posted,credit
L00004509,T00004509,A000410,2025-03-25T04:15:21+00:00,85.70,CAD,posted,credit
L00004510,T00004510,A000500,2025-07-31T07:38:21+00:00,4092.39,INR,posted,credit
L00004511,T00004511,A000177,2026-08-03T17:20:19+00:00,1058.91,USD,posted,credit
L00004512,T00004512,A001075,2025-11-14T12:29:28+00:00,119.66,INR,posted,credit
L00004513,T00004513,A000799,2025-04-01T13:27:20+00:00,1898.48,INR,posted,credit
L00004514,T00004514,A001426,2025-09-20T21:34:24+00:00,1677.46,CAD,posted,credit
L00004515,T00004515,A000965,2025-04-23T14:02:26+00:00,842.43,GBP,posted,credit
L00004516,T00004516,A000393,2025-11-27T06:24:30+00:00,632.27,CAD,posted,credit
L00004517,T00004517,A000216,2025-03-22T09:30:03+00:00,421.58,USD,posted,credit
L00004518,T00004518,A000511,2026-04-06T21:07:57+00:00,4748.56,INR,posted,credit
L00004519,T00004519,A000089,2025-12-30T20:04:17+00:00,1736.34,EUR,posted,credit
L00004520,T00004520,A001429,2025-05-18T03:06:48+00:00,3493.17,GBP,posted,credit
L00004521,T00004521,A001081,2026-06-18T14:43:34+00:00,4891.31,INR,posted,credit
L00004522,T00004522,A000819,2025-04-15T11:52:30+00:00,3163.67,CAD,posted,credit
L00004523,T00004523,A000622,2026-07-20T23:51:52+00:00,4464.20,GBP,posted,credit
L00004524,T00004524,A001491,2026-03-14T08:07:52+00:00,13.07,INR,posted,credit
L00004525,T00004525,A001361,2026-05-14T04:52:25+00:00,374.55,EUR,posted,credit
L00004526,T00004526,A000907,2025-05-24T16:18:52+00:00,3020.13,USD,posted,credit
L00004527,T00004527,A000249,2026-03-18T17:43:11+00:00,3702.13,GBP,posted,credit
L00004528,T00004528,A000368,2025-12-07T08:49:48+00:00,3358.54,EUR,posted,credit
L00004529,T00004529,A000974,2025-06-30T06:37:17+00:00,1738.98,GBP,posted,credit
L00004530,T00004530,A001072,2025-05-20T13:23:45+00:00,4396.62,USD,posted,credit
L00004531,T00004531,A001168,2025-02-01T12:08:46+00:00,2111.11,EUR,posted,credit
L00004532,T00004532,A001402,2025-03-11T15:37:15+00:00,1115.63,INR,posted,credit
L00004533,T00004533,A000231,2026-04-11T22:01:34+00:00,553.85,INR,posted,credit
L00004534,T00004534,A001218,2025-03-01T23:25:41+00:00,404.19,INR,posted,credit
L00004535,T00004535,A000052,2026-04-11T08:42:00+00:00,1026.32,GBP,posted,credit
L00004536,T00004536,A000459,2025-10-02T04:24:06+00:00,2362.25,GBP,posted,credit
L00004537,T00004537,A000085,2026-05-03T05:42:53+00:00,206.65,GBP,posted,credit
L00004538,T00004538,A000410,2025-11-06T19:26:49+00:00,634.02,CAD,posted,credit
L00004539,T00004539,A000609,2025-07-15T11:50:36+00:00,1301.64,GBP,posted,credit
L00004540,T00004540,A000999,2026-08-28T12:23:28+00:00,4699.32,USD,posted,credit
L00004541,T00004541,A000796,2026-06-27T01:21:28+00:00,3388.03,GBP,posted,credit
L00004542,T00004542,A000232,2026-03-12T13:04:35+00:00,84.69,INR,posted,credit
L00004543,T00004543,A000996,2025-12-11T20:44:49+00:00,2519.98,CAD,posted,credit
L00004544,T00004544,A001149,2025-02-19T11:22:21+00:00,1096.26,GBP,posted,credit
L00004545,T00004545,A001042,2025-09-23T20:00:42+00:00,3596.16,USD,posted,credit
L00004546,T00004546,A000102,2025-02-22T10:51:50+00:00,3565.22,INR,posted,credit
L00004547,T00004547,A000821,2025-02-13T01:46:40+00:00,1248.31,EUR,posted,credit
L00004548,T00004548,A000583,2025-03-04T21:30:38+00:00,4753.51,GBP,posted,credit
L00004549,T00004549,A000413,2026-03-26T01:13:17+00:00,3124.89,USD,posted,credit
L00004550,T00004550,A000728,2026-08-22T10:39:52+00:00,71.79,GBP,posted,credit
L00004551,T00004551,A001388,2026-09-01T21:24:15+00:00,4126.34,GBP,posted,credit
L00004552,T00004552,A001413,2025-07-10T19:06:47+00:00,2426.04,INR,posted,credit
L00004553,T00004553,A000071,2025-09-12T17:16:08+00:00,1037.46,USD,posted,credit
L00004554,T00004554,A000424,2026-06-18T06:14:05+00:00,610.06,GBP,posted,credit
L00004555,T00004555,A000980,2026-09-09T20:00:01+00:00,2630.36,CAD,posted,credit
L00004556,T00004556,A001361,2025-08-13T22:23:32+00:00,4487.45,EUR,posted,credit
L00004557,T00004557,A000066,2025-11-08T13:06:10+00:00,34.12,CAD,posted,credit
L00004558,T00004558,A000312,2026-02-19T07:23:10+00:00,121.45,EUR,posted,credit
L00004559,T00004559,A000245,2026-07-02T06:32:24+00:00,1678.12,INR,posted,credit
L00004560,T00004560,A001041,2025-05-04T16:12:21+00:00,1692.68,EUR,posted,credit
L00004561,T00004561,A001223,2026-01-16T18:54:51+00:00,3410.23,GBP,posted,credit
L00004562,T00004562,A000552,2025-08-28T17:48:00+00:00,1298.29,CAD,posted,credit
L00004563,T00004563,A000631,2026-01-06T08:30:41+00:00,1409.79,CAD,posted,credit
L00004564,T00004564,A001428,2026-08-27T20:27:59+00:00,1328.89,INR,posted,credit
L00004565,T00004565,A000871,2025-12-02T05:18:28+00:00,972.29,USD,posted,credit
L00004566,T00004566,A001112,2025-10-21T02:08:21+00:00,4917.75,CAD,posted,credit
L00004567,T00004567,A001256,2025-10-25T08:11:47+00:00,1904.13,INR,posted,credit
L00004568,T00004568,A000952,2026-05-28T07:37:20+00:00,3153.94,EUR,posted,credit
L00004569,T00004569,A000181,2026-09-02T22:27:09+00:00,4017.03,CAD,posted,credit
L00004570,T00004570,A001203,2026-08-08T20:12:28+00:00,2528.60,GBP,posted,credit
L00004571,T00004571,A000800,2025-10-24T20:49:52+00:00,454.99,USD,posted,credit
L00004572,T00004572,A000101,2026-06-17T06:00:20+00:00,2934.08,GBP,posted,credit
L00004573,T00004573,A000237,2026-01-30T01:31:52+00:00,2112.91,CAD,posted,credit
L00004574,T00004574,A001257,2026-01-06T09:41:49+00:00,4791.68,CAD,posted,credit
L00004575,T00004575,A000784,2026-07-29T04:18:48+00:00,216.95,GBP,posted,credit
L00004576,T00004576,A000957,2025-11-20T14:24:18+00:00,1743.88,GBP,posted,credit
L00004577,T00004577,A001431,2026-07-22T11:41:20+00:00,2036.72,USD,posted,credit
L00004578,T00004578,A000493,2026-08-09T15:18:17+00:00,2794.40,USD,posted,credit
L00004579,T00004579,A000927,2026-08-05T11:00:12+00:00,1111.27,EUR,posted,credit
L00004580,T00004580,A000049,2025-09-23T17:17:03+00:00,3694.49,INR,posted,credit
L00004581,T00004581,A000567,2025-11-16T09:08:45+00:00,1292.52,CAD,posted,credit
L00004582,T00004582,A000725,2026-05-02T14:15:52+00:00,1644.91,CAD,posted,credit
L00004583,T00004583,A001484,2026-01-15T19:15:30+00:00,1808.45,USD,posted,credit
L00004584,T00004584,A000894,2026-05-07T19:05:34+00:00,4124.75,INR,posted,credit
L00004585,T00004585,A000215,2026-03-08T19:10:35+00:00,3256.36,CAD,posted,credit
L00004586,T00004586,A000458,2025-07-26T09:55:17+00:00,4756.18,USD,posted,credit
L00004587,T00004587,A000675,2025-05-06T11:17:43+00:00,1011.14,CAD,posted,credit
L00004588,T00004588,A000935,2026-01-01T05:56:37+00:00,4593.26,EUR,posted,credit
L00004589,T00004589,A001244,2025-06-09T07:23:29+00:00,3097.05,CAD,posted,credit
L00004590,T00004590,A000632,2025-02-25T11:18:29+00:00,1717.12,GBP,posted,credit
L00004591,T00004591,A000883,2026-04-14T20:25:34+00:00,1549.29,CAD,posted,credit
L00004592,T00004592,A000633,2026-01-27T23:23:35+00:00,1403.09,CAD,posted,credit
L00004593,T00004593,A000279,2025-03-20T00:00:49+00:00,2295.80,GBP,posted,credit
L00004594,T00004594,A000999,2025-01-23T12:18:40+00:00,3047.57,USD,posted,credit
L00004595,T00004595,A001207,2026-03-18T20:57:25+00:00,1770.02,GBP,posted,credit
L00004596,T00004596,A000719,2026-06-27T06:42:44+00:00,3605.74,USD,posted,credit
L00004597,T00004597,A000197,2025-01-19T09:05:37+00:00,4491.29,CAD,posted,credit
L00004598,T00004598,A000959,2025-11-22T05:28:22+00:00,3570.38,CAD,posted,credit
L00004599,T00004599,A001444,2026-02-04T01:17:50+00:00,2479.41,GBP,posted,credit
L00004600,T00004600,A001031,2025-10-29T11:48:55+00:00,2157.27,EUR,posted,credit
L00004601,T00004601,A000496,2025-01-16T02:22:30+00:00,3703.68,GBP,posted,credit
L00004602,T00004602,A000111,2025-09-17T17:01:21+00:00,2735.76,CAD,posted,credit
L00004603,T00004603,A001411,2025-08-28T04:58:22+00:00,2084.19,EUR,posted,credit
L00004604,T00004604,A000440,2026-01-13T01:27:20+00:00,181.60,CAD,posted,credit
L00004605,T00004605,A000831,2025-08-16T08:29:01+00:00,291.28,USD,posted,credit
L00004606,T00004606,A001281,2025-07-06T07:55:49+00:00,2764.91,EUR,posted,credit
L00004607,T00004607,A001008,2025-04-11T04:57:11+00:00,383.01,CAD,posted,credit
L00004608,T00004608,A001091,2025-01-26T23:38:43+00:00,2216.29,INR,posted,credit
L00004609,T00004609,A000793,2026-02-09T01:33:22+00:00,1686.67,USD,posted,credit
L00004610,T00004610,A000033,2026-07-07T20:03:28+00:00,1410.80,EUR,posted,credit
L00004611,T00004611,A000928,2025-03-29T10:34:35+00:00,2616.81,EUR,posted,credit
L00004612,T00004612,A001333,2025-04-23T15:25:42+00:00,4428.94,EUR,posted,credit
L00004613,T00004613,A001021,2025-10-01T12:26:33+00:00,725.17,EUR,posted,credit
L00004614,T00004614,A000675,2026-04-24T06:01:25+00:00,620.04,CAD,posted,credit
L00004615,T00004615,A001461,2025-04-15T10:09:05+00:00,4036.34,EUR,posted,credit
L00004616,T00004616,A000129,2025-01-03T07:03:28+00:00,2286.55,USD,posted,credit
L00004617,T00004617,A001341,2025-08-03T00:22:19+00:00,976.64,CAD,posted,credit
L00004618,T00004618,A001038,2026-03-31T18:08:12+00:00,4341.49,USD,posted,credit
L00004619,T00004619,A000065,2025-10-08T16:09:50+00:00,958.72,EUR,posted,credit
L00004620,T00004620,A000578,2025-04-26T18:56:56+00:00,111.04,USD,posted,credit
L00004621,T00004621,A000150,2025-02-03T09:26:14+00:00,1397.11,EUR,posted,credit
L00004622,T00004622,A000903,2026-09-06T18:58:59+00:00,3896.71,CAD,posted,credit
L00004623,T00004623,A000935,2025-07-17T10:31:47+00:00,2641.15,EUR,posted,credit
L00004624,T00004624,A001348,2025-05-17T22:30:45+00:00,4389.59,GBP,posted,credit
L00004625,T00004625,A000125,2026-04-05T07:02:36+00:00,3484.02,USD,posted,credit
L00004626,T00004626,A000802,2025-07-31T09:54:38+00:00,3184.03,INR,posted,credit
L00004627,T00004627,A001355,2025-05-01T04:48:17+00:00,1307.41,USD,posted,credit
L00004628,T00004628,A000589,2025-04-26T17:04:32+00:00,4460.55,INR,posted,credit
L00004629,T00004629,A000541,2025-11-03T11:07:13+00:00,4878.84,EUR,posted,credit
L00004630,T00004630,A000784,2025-03-20T17:46:49+00:00,4196.57,GBP,posted,credit
L00004631,T00004631,A000415,2025-12-09T20:00:32+00:00,2728.70,GBP,posted,credit
L00004632,T00004632,A000689,2025-12-16T08:47:41+00:00,2524.07,INR,posted,credit
L00004633,T00004633,A000529,2025-07-14T05:02:24+00:00,3979.99,CAD,posted,credit
L00004634,T00004634,A000074,2026-04-26T09:42:05+00:00,2486.46,INR,posted,credit
L00004635,T00004635,A001262,2026-03-23T17:28:26+00:00,451.10,INR,posted,credit
L00004636,T00004636,A000014,2025-09-18T21:31:51+00:00,2191.24,USD,posted,credit
L00004637,T00004637,A000396,2026-06-16T15:17:49+00:00,189.30,USD,posted,credit
L00004638,T00004638,A000773,2026-05-05T11:56:04+00:00,820.98,USD,posted,credit
L00004639,T00004639,A000512,2025-02-23T12:47:56+00:00,241.28,GBP,posted,credit
L00004640,T00004640,A000982,2025-10-12T04:55:01+00:00,4676.45,USD,posted,credit
L00004641,T00004641,A000497,2025-06-09T07:15:03+00:00,2105.93,INR,posted,credit
L00004642,T00004642,A001404,2025-03-28T14:41:41+00:00,2397.53,CAD,posted,credit
L00004643,T00004643,A001014,2025-12-15T04:49:15+00:00,1565.97,INR,posted,credit
L00004644,T00004644,A001468,2025-07-11T16:28:04+00:00,4736.09,EUR,posted,credit
L00004645,T00004645,A000260,2026-06-30T05:57:31+00:00,2574.01,USD,posted,credit
L00004646,T00004646,A001232,2025-04-01T16:35:48+00:00,559.33,USD,posted,credit
L00004647,T00004647,A000941,2025-07-11T00:59:13+00:00,4143.06,EUR,posted,credit
L00004648,T00004648,A000365,2026-09-03T06:42:57+00:00,2963.52,EUR,posted,credit
L00004649,T00004649,A000257,2025-08-18T13:17:39+00:00,4742.60,EUR,posted,credit
L00004650,T00004650,A001355,2025-08-05T19:47:18+00:00,1078.10,USD,posted,credit
L00004651,T00004651,A000514,2026-09-02T18:37:17+00:00,3669.93,GBP,posted,credit
L00004652,T00004652,A000954,2025-05-31T06:11:29+00:00,2152.42,EUR,posted,credit
L00004653,T00004653,A000529,2026-03-10T16:04:16+00:00,1272.14,CAD,posted,credit
L00004654,T00004654,A000534,2025-09-12T07:46:55+00:00,2898.63,USD,posted,credit
L00004655,T00004655,A000179,2025-11-05T11:39:23+00:00,2497.25,EUR,posted,credit
L00004656,T00004656,A001083,2025-05-24T17:09:50+00:00,1606.99,CAD,posted,credit
L00004657,T00004657,A001196,2025-09-13T06:08:12+00:00,4634.58,USD,posted,credit
L00004658,T00004658,A000208,2026-01-31T06:40:04+00:00,4508.58,GBP,posted,credit
L00004659,T00004659,A001212,2025-03-09T06:34:40+00:00,2076.80,GBP,posted,credit
L00004660,T00004660,A001322,2025-01-12T20:22:19+00:00,3920.41,INR,posted,credit
L00004661,T00004661,A001420,2025-01-09T09:56:40+00:00,415.33,CAD,posted,credit
L00004662,T00004662,A000623,2026-06-24T02:58:13+00:00,3253.52,USD,posted,credit
L00004663,T00004663,A000365,2026-01-14T00:14:16+00:00,1308.83,EUR,posted,credit
L00004664,T00004664,A000619,2025-01-01T01:33:14+00:00,1531.97,INR,posted,credit
L00004665,T00004665,A000227,2025-04-30T13:32:17+00:00,3799.46,EUR,posted,credit
L00004666,T00004666,A000752,2026-06-22T11:10:21+00:00,1855.81,EUR,posted,credit
L00004667,T00004667,A001048,2025-05-29T21:58:59+00:00,2280.92,INR,posted,credit
L00004668,T00004668,A001234,2026-03-05T05:19:12+00:00,3190.58,GBP,posted,credit
L00004669,T00004669,A000433,2026-01-09T12:00:37+00:00,3629.05,INR,posted,credit
L00004670,T00004670,A000642,2025-11-14T09:28:30+00:00,1233.25,INR,posted,credit
L00004671,T00004671,A000327,2025-06-20T01:08:28+00:00,4555.08,EUR,posted,credit
L00004672,T00004672,A000117,2025-06-18T02:51:01+00:00,1417.99,INR,posted,credit
L00004673,T00004673,A000872,2026-07-26T05:46:26+00:00,3376.47,CAD,posted,credit
L00004674,T00004674,A001333,2026-06-03T11:32:39+00:00,2036.22,EUR,posted,credit
L00004675,T00004675,A000020,2025-07-01T08:52:32+00:00,3660.21,CAD,posted,credit
L00004676,T00004676,A000304,2025-04-06T23:00:53+00:00,4966.74,EUR,posted,credit
L00004677,T00004677,A000075,2025-10-08T05:35:53+00:00,3705.81,USD,posted,credit
L00004678,T00004678,A001465,2025-08-23T21:21:50+00:00,2853.76,USD,posted,credit
L00004679,T00004679,A000163,2026-04-30T10:20:26+00:00,2643.85,EUR,posted,credit
L00004680,T00004680,A000610,2026-02-02T20:17:06+00:00,1256.01,GBP,posted,credit
L00004681,T00004681,A000613,2025-05-01T22:37:33+00:00,1753.41,INR,posted,credit
L00004682,T00004682,A000701,2026-05-01T07:08:52+00:00,2410.19,USD,posted,credit
L00004683,T00004683,A000083,2025-05-05T13:19:30+00:00,4231.82,USD,posted,credit
L00004684,T00004684,A000036,2025-09-29T14:34:52+00:00,1754.45,INR,posted,credit
L00004685,T00004685,A000394,2026-05-19T02:54:20+00:00,959.29,EUR,posted,credit
L00004686,T00004686,A000521,2026-03-15T08:24:49+00:00,3635.83,CAD,posted,credit
L00004687,T00004687,A000450,2026-06-10T08:49:36+00:00,4106.15,INR,posted,credit
L00004688,T00004688,A000561,2025-07-30T11:36:49+00:00,12.33,GBP,posted,credit
L00004689,T00004689,A000407,2026-07-21T14:49:32+00:00,1960.60,CAD,posted,credit
L00004690,T00004690,A000648,2026-08-17T17:45:01+00:00,2088.81,USD,posted,credit
L00004691,T00004691,A000955,2025-07-24T18:54:28+00:00,1134.38,CAD,posted,credit
L00004692,T00004692,A001395,2026-02-02T13:04:40+00:00,4762.53,INR,posted,credit
L00004693,T00004693,A001062,2026-07-09T14:44:15+00:00,2164.92,USD,posted,credit
L00004694,T00004694,A000844,2026-07-13T10:57:12+00:00,3400.66,USD,posted,credit
L00004695,T00004695,A000312,2025-10-24T20:34:12+00:00,3145.19,EUR,posted,credit
L00004696,T00004696,A001016,2025-07-18T14:40:49+00:00,3432.02,INR,posted,credit
L00004697,T00004697,A000584,2025-11-07T09:40:41+00:00,3849.86,GBP,posted,credit
L00004698,T00004698,A000975,2025-05-30T21:52:50+00:00,4302.22,USD,posted,credit
L00004699,T00004699,A000784,2025-11-23T19:52:29+00:00,4569.06,GBP,posted,credit
L00004700,T00004700,A000204,2025-11-13T18:50:17+00:00,3529.32,CAD,posted,credit
L00004701,T00004701,A000914,2025-07-02T07:03:59+00:00,2113.97,INR,posted,credit
L00004702,T00004702,A001141,2026-07-05T08:59:50+00:00,52.28,USD,posted,credit
L00004703,T00004703,A000756,2025-01-19T00:02:34+00:00,2293.40,USD,posted,credit
L00004704,T00004704,A000051,2025-03-18T14:24:55+00:00,1017.07,USD,posted,credit
L00004705,T00004705,A000061,2026-07-19T19:45:24+00:00,4026.29,EUR,posted,credit
L00004706,T00004706,A000037,2025-02-03T19:08:37+00:00,4899.94,INR,posted,credit
L00004707,T00004707,A001413,2026-03-19T01:10:36+00:00,1948.46,INR,posted,credit
L00004708,T00004708,A001074,2026-08-10T19:19:17+00:00,489.44,USD,posted,credit
L00004709,T00004709,A000942,2026-04-28T08:43:48+00:00,1218.80,CAD,posted,credit
L00004710,T00004710,A000082,2025-04-06T11:15:58+00:00,662.05,INR,posted,credit
L00004711,T00004711,A000126,2025-03-25T13:44:51+00:00,1296.83,EUR,posted,credit
L00004712,T00004712,A000111,2025-08-07T06:05:57+00:00,4755.71,CAD,posted,credit
L00004713,T00004713,A000177,2025-05-16T10:41:28+00:00,544.13,USD,posted,credit
L00004714,T00004714,A001388,2026-02-14T22:15:05+00:00,1423.10,GBP,posted,credit
L00004715,T00004715,A000605,2025-04-01T07:57:56+00:00,2809.27,INR,posted,credit
L00004716,T00004716,A000031,2026-07-07T22:40:59+00:00,3192.90,CAD,posted,credit
L00004717,T00004717,A001364,2025-08-23T08:56:01+00:00,1073.34,GBP,posted,credit
L00004718,T00004718,A000784,2025-05-13T05:17:58+00:00,1343.70,GBP,posted,credit
L00004719,T00004719,A001469,2025-06-20T01:42:13+00:00,400.29,INR,posted,credit
L00004720,T00004720,A000831,2026-08-04T00:56:10+00:00,1129.64,USD,posted,credit
L00004721,T00004721,A000070,2026-07-15T19:48:39+00:00,2193.21,INR,posted,credit
L00004722,T00004722,A000697,2025-04-10T08:13:41+00:00,2955.78,EUR,posted,credit
L00004723,T00004723,A000683,2025-07-22T13:14:02+00:00,620.88,INR,posted,credit
L00004724,T00004724,A000088,2025-12-10T11:51:31+00:00,4603.95,CAD,posted,credit
L00004725,T00004725,A000627,2025-06-06T20:21:18+00:00,2614.78,CAD,posted,credit
L00004726,T00004726,A000861,2025-12-27T00:28:55+00:00,1442.49,EUR,posted,credit
L00004727,T00004727,A001037,2025-09-19T03:56:28+00:00,3178.95,EUR,posted,credit
L00004728,T00004728,A000024,2026-08-31T15:32:13+00:00,4816.69,USD,posted,credit
L00004729,T00004729,A000164,2025-11-09T07:56:57+00:00,890.44,USD,posted,credit
L00004730,T00004730,A001417,2026-09-02T11:05:00+00:00,9.18,INR,posted,credit
L00004731,T00004731,A000216,2026-01-13T03:16:02+00:00,1760.27,USD,posted,credit
L00004732,T00004732,A001012,2025-05-06T12:41:46+00:00,1118.83,CAD,posted,credit
L00004733,T00004733,A000224,2025-06-13T12:40:33+00:00,1974.23,INR,posted,credit
L00004734,T00004734,A000217,2026-03-29T12:47:25+00:00,358.51,CAD,posted,credit
L00004735,T00004735,A001395,2025-10-12T08:31:16+00:00,1407.66,INR,posted,credit
L00004736,T00004736,A001429,2026-04-05T11:01:19+00:00,3381.41,GBP,posted,credit
L00004737,T00004737,A000369,2025-06-27T23:55:40+00:00,4046.05,USD,posted,credit
L00004738,T00004738,A000926,2026-06-04T03:48:22+00:00,3319.16,USD,posted,credit
L00004739,T00004739,A000746,2025-10-23T12:57:24+00:00,1810.20,GBP,posted,credit
L00004740,T00004740,A000112,2026-03-21T14:05:28+00:00,3090.90,GBP,posted,credit
L00004741,T00004741,A000126,2025-11-07T00:08:40+00:00,3121.63,EUR,posted,credit
L00004742,T00004742,A000909,2026-04-23T15:54:19+00:00,130.50,USD,posted,credit
L00004743,T00004743,A001082,2025-06-17T23:59:20+00:00,3683.19,INR,posted,credit
L00004744,T00004744,A000515,2025-08-21T08:25:06+00:00,892.87,GBP,posted,credit
L00004745,T00004745,A001299,2025-12-01T08:44:24+00:00,3728.55,EUR,posted,credit
L00004746,T00004746,A000602,2025-10-12T07:46:40+00:00,4077.58,INR,posted,credit
L00004747,T00004747,A000929,2025-09-23T18:46:31+00:00,3251.56,INR,posted,credit
L00004748,T00004748,A000348,2026-01-13T12:50:22+00:00,3174.56,CAD,posted,credit
L00004749,T00004749,A001422,2025-10-13T04:28:53+00:00,2197.01,CAD,posted,credit
L00004750,T00004750,A001113,2025-09-14T21:35:23+00:00,1860.31,GBP,posted,credit
L00004751,T00004751,A000823,2025-05-26T04:53:18+00:00,2512.38,INR,posted,credit
L00004752,T00004752,A001397,2025-09-19T17:05:07+00:00,4941.86,USD,posted,credit
L00004753,T00004753,A000206,2026-05-23T12:36:18+00:00,1731.14,CAD,posted,credit
L00004754,T00004754,A000342,2025-01-27T12:46:30+00:00,2787.93,CAD,posted,credit
L00004755,T00004755,A000102,2026-06-22T12:30:41+00:00,4589.95,INR,posted,credit
L00004756,T00004756,A000668,2025-07-30T20:32:48+00:00,553.23,GBP,posted,credit
L00004757,T00004757,A000879,2026-03-31T15:19:10+00:00,1173.97,CAD,posted,credit
L00004758,T00004758,A001494,2025-08-15T22:29:44+00:00,1094.19,USD,posted,credit
L00004759,T00004759,A000835,2025-09-26T15:36:59+00:00,2309.54,USD,posted,credit
L00004760,T00004760,A001477,2026-02-09T18:14:46+00:00,1970.05,CAD,posted,credit
L00004761,T00004761,A000647,2026-01-16T16:09:54+00:00,4901.84,USD,posted,credit
L00004762,T00004762,A001098,2025-05-10T02:40:49+00:00,3368.27,EUR,posted,credit
L00004763,T00004763,A000831,2025-08-17T14:59:37+00:00,2672.21,USD,posted,credit
L00004764,T00004764,A001171,2026-05-16T18:40:52+00:00,4592.72,GBP,posted,credit
L00004765,T00004765,A000869,2026-04-02T22:12:11+00:00,2208.39,INR,posted,credit
L00004766,T00004766,A000077,2026-08-23T05:08:19+00:00,204.37,CAD,posted,credit
L00004767,T00004767,A000865,2025-12-12T09:44:28+00:00,1129.80,GBP,posted,credit
L00004768,T00004768,A000143,2026-03-06T22:35:00+00:00,152.51,CAD,posted,credit
L00004769,T00004769,A000173,2025-09-21T04:18:54+00:00,3437.06,USD,posted,credit
L00004770,T00004770,A000192,2026-08-09T05:40:03+00:00,3054.54,INR,posted,credit
L00004771,T00004771,A000719,2025-11-25T03:05:12+00:00,2526.56,USD,posted,credit
L00004772,T00004772,A000669,2025-02-19T16:29:49+00:00,463.66,GBP,posted,credit
L00004773,T00004773,A000874,2025-12-20T14:13:44+00:00,2765.53,USD,posted,credit
L00004774,T00004774,A000213,2026-06-20T13:51:12+00:00,3849.21,INR,posted,credit
L00004775,T00004775,A000301,2025-02-05T01:55:29+00:00,2887.55,USD,posted,credit
L00004776,T00004776,A000631,2025-07-24T02:04:57+00:00,870.52,CAD,posted,credit
L00004777,T00004777,A000299,2025-10-29T12:07:17+00:00,985.19,EUR,posted,credit
L00004778,T00004778,A000195,2025-06-11T04:51:14+00:00,2005.04,USD,posted,credit
L00004779,T00004779,A001394,2026-06-12T16:21:09+00:00,3712.93,INR,posted,credit
L00004780,T00004780,A001388,2025-07-15T19:28:29+00:00,4799.03,GBP,posted,credit
L00004781,T00004781,A001290,2026-05-27T11:40:57+00:00,329.31,CAD,posted,credit
L00004782,T00004782,A000608,2025-10-13T03:48:45+00:00,2859.32,USD,posted,credit
L00004783,T00004783,A000623,2026-07-01T12:27:34+00:00,1689.33,USD,posted,credit
L00004784,T00004784,A000667,2025-07-17T15:32:01+00:00,4636.14,INR,posted,credit
L00004785,T00004785,A000648,2026-05-31T16:28:43+00:00,200.03,USD,posted,credit
L00004786,T00004786,A001361,2025-04-19T11:34:16+00:00,3403.83,EUR,posted,credit
L00004787,T00004787,A000177,2026-03-05T07:01:42+00:00,4504.69,USD,posted,credit
L00004788,T00004788,A000631,2026-02-25T09:12:58+00:00,526.71,CAD,posted,credit
L00004789,T00004789,A000393,2025-02-07T05:58:04+00:00,4308.10,CAD,posted,credit
L00004790,T00004790,A000169,2025-03-06T18:07:55+00:00,2590.18,GBP,posted,credit
L00004791,T00004791,A000856,2025-05-13T16:18:31+00:00,3559.77,EUR,posted,credit
L00004792,T00004792,A000554,2026-01-12T02:19:29+00:00,2857.08,EUR,posted,credit
L00004793,T00004793,A001263,2026-03-30T13:39:06+00:00,3206.13,EUR,posted,credit
L00004794,T00004794,A000538,2026-03-05T20:46:48+00:00,489.15,CAD,posted,credit
L00004795,T00004795,A000910,2025-01-08T12:59:47+00:00,3311.25,CAD,posted,credit
L00004796,T00004796,A000432,2026-05-10T17:12:43+00:00,3689.88,GBP,posted,credit
L00004797,T00004797,A000011,2026-07-12T08:22:24+00:00,1135.28,CAD,posted,credit
L00004798,T00004798,A001189,2025-06-02T11:31:33+00:00,547.48,GBP,posted,credit
L00004799,T00004799,A001298,2025-04-03T02:24:53+00:00,3179.47,EUR,posted,credit
L00004800,T00004800,A000902,2026-05-29T21:36:53+00:00,3724.17,EUR,posted,credit
L00004801,T00004801,A000585,2025-07-11T23:25:32+00:00,1707.73,EUR,posted,credit
L00004802,T00004802,A001323,2025-03-23T11:54:20+00:00,952.86,EUR,posted,credit
L00004803,T00004803,A000804,2026-01-18T14:59:41+00:00,644.19,CAD,posted,credit
L00004804,T00004804,A001248,2026-06-16T16:38:21+00:00,1310.67,INR,posted,credit
L00004805,T00004805,A000507,2025-01-11T19:28:34+00:00,3121.57,EUR,posted,credit
L00004806,T00004806,A000950,2026-06-29T15:16:23+00:00,1090.15,USD,posted,credit
L00004807,T00004807,A000121,2025-10-07T02:34:49+00:00,2537.18,EUR,posted,credit
L00004808,T00004808,A001339,2026-06-01T13:25:21+00:00,3064.74,CAD,posted,credit
L00004809,T00004809,A000879,2025-04-27T03:52:04+00:00,2371.21,CAD,posted,credit
L00004810,T00004810,A000896,2025-08-17T12:37:15+00:00,2106.89,EUR,posted,credit
L00004811,T00004811,A001182,2026-04-25T04:16:19+00:00,1372.54,INR,posted,credit
L00004812,T00004812,A000849,2026-01-29T21:14:47+00:00,4840.82,USD,posted,credit
L00004813,T00004813,A000297,2026-05-01T11:13:32+00:00,4795.63,EUR,posted,credit
L00004814,T00004814,A000175,2026-06-09T04:30:13+00:00,940.73,GBP,posted,credit
L00004815,T00004815,A000322,2025-08-17T21:07:30+00:00,2704.88,INR,posted,credit
L00004816,T00004816,A000995,2026-07-07T23:54:53+00:00,4373.92,GBP,posted,credit
L00004817,T00004817,A000744,2025-09-30T12:45:47+00:00,4791.12,EUR,posted,credit
L00004818,T00004818,A000490,2025-12-03T22:50:46+00:00,593.63,USD,posted,credit
L00004819,T00004819,A000389,2025-08-17T12:04:39+00:00,980.68,INR,posted,credit
L00004820,T00004820,A000618,2025-07-20T12:02:29+00:00,434.33,EUR,posted,credit
L00004821,T00004821,A000753,2025-08-15T20:12:51+00:00,1851.86,INR,posted,credit
L00004822,T00004822,A000717,2026-02-23T06:39:35+00:00,1163.00,EUR,posted,credit
L00004823,T00004823,A001073,2025-05-05T00:51:02+00:00,1820.80,GBP,posted,credit
L00004824,T00004824,A000639,2026-05-05T12:08:02+00:00,4749.40,CAD,posted,credit
L00004825,T00004825,A001348,2025-08-20T13:08:15+00:00,980.24,GBP,posted,credit
L00004826,T00004826,A000498,2025-02-24T04:14:56+00:00,3837.42,INR,posted,credit
L00004827,T00004827,A000399,2025-03-18T14:19:37+00:00,4377.87,USD,posted,credit
L00004828,T00004828,A000918,2025-02-17T02:53:01+00:00,1047.41,USD,posted,credit
L00004829,T00004829,A000849,2026-01-19T14:49:28+00:00,3824.06,USD,posted,credit
L00004830,T00004830,A001369,2026-07-10T20:42:33+00:00,2120.53,USD,posted,credit
L00004831,T00004831,A000538,2026-02-04T20:44:20+00:00,1642.22,CAD,posted,credit
L00004832,T00004832,A001322,2026-06-24T02:27:13+00:00,2962.77,INR,posted,credit
L00004833,T00004833,A000440,2026-08-07T06:12:44+00:00,4495.91,CAD,posted,credit
L00004834,T00004834,A000991,2025-05-08T07:10:41+00:00,1472.90,CAD,posted,credit
L00004835,T00004835,A001499,2025-12-29T10:54:21+00:00,117.54,EUR,posted,credit
L00004836,T00004836,A000793,2025-07-28T04:20:53+00:00,300.24,USD,posted,credit
L00004837,T00004837,A001426,2025-09-04T20:17:59+00:00,1884.98,CAD,posted,credit
L00004838,T00004838,A000013,2026-04-06T12:14:45+00:00,4306.89,USD,posted,credit
L00004839,T00004839,A000676,2025-06-20T08:05:40+00:00,3105.17,USD,posted,credit
L00004840,T00004840,A000028,2025-04-14T10:58:22+00:00,3482.79,GBP,posted,credit
L00004841,T00004841,A001299,2026-01-22T21:57:26+00:00,2897.86,EUR,posted,credit
L00004842,T00004842,A000983,2026-06-25T03:28:39+00:00,4150.42,GBP,posted,credit
L00004843,T00004843,A001238,2025-03-18T21:33:10+00:00,3609.24,USD,posted,credit
L00004844,T00004844,A000248,2025-05-11T10:53:54+00:00,3100.19,GBP,posted,credit
L00004845,T00004845,A000309,2025-04-13T03:41:44+00:00,2828.21,GBP,posted,credit
L00004846,T00004846,A000474,2026-07-25T13:15:21+00:00,2181.98,INR,posted,credit
L00004847,T00004847,A001092,2025-04-07T14:41:21+00:00,480.62,CAD,posted,credit
L00004848,T00004848,A000135,2025-12-28T20:27:02+00:00,710.52,GBP,posted,credit
L00004849,T00004849,A000285,2026-05-05T03:23:43+00:00,696.86,USD,posted,credit
L00004850,T00004850,A000207,2026-01-28T20:20:11+00:00,4797.48,GBP,posted,credit
L00004851,T00004851,A000299,2025-02-24T19:47:59+00:00,1741.42,EUR,posted,credit
L00004852,T00004852,A000733,2025-05-05T22:04:17+00:00,4442.66,INR,posted,credit
L00004853,T00004853,A001462,2026-03-10T20:00:44+00:00,3497.59,EUR,posted,credit
L00004854,T00004854,A001127,2025-10-18T20:28:21+00:00,2326.47,USD,posted,credit
L00004855,T00004855,A000511,2025-01-19T03:14:20+00:00,4.01,INR,posted,credit
L00004856,T00004856,A000854,2026-06-22T13:59:59+00:00,1598.65,USD,posted,credit
L00004857,T00004857,A000576,2026-07-30T15:00:35+00:00,1176.98,GBP,posted,credit
L00004858,T00004858,A000264,2026-03-28T06:27:44+00:00,13.88,GBP,posted,credit
L00004859,T00004859,A000636,2025-12-13T14:45:02+00:00,1888.42,INR,posted,credit
L00004860,T00004860,A000548,2026-04-07T01:50:07+00:00,2968.30,CAD,posted,credit
L00004861,T00004861,A000040,2025-02-06T16:10:07+00:00,4032.76,GBP,posted,credit
L00004862,T00004862,A000998,2025-12-08T20:14:45+00:00,1571.99,USD,posted,credit
L00004863,T00004863,A000881,2025-06-16T03:08:44+00:00,4716.40,EUR,posted,credit
L00004864,T00004864,A000149,2025-05-03T15:52:29+00:00,4400.17,GBP,posted,credit
L00004865,T00004865,A000418,2025-01-07T06:33:27+00:00,1726.87,EUR,posted,credit
L00004866,T00004866,A000606,2026-01-22T10:57:20+00:00,2773.98,CAD,posted,credit
L00004867,T00004867,A000217,2025-07-07T08:09:10+00:00,853.51,CAD,posted,credit
L00004868,T00004868,A001232,2025-11-27T17:12:55+00:00,3928.97,USD,posted,credit
L00004869,T00004869,A000871,2026-08-25T14:16:31+00:00,2296.74,USD,posted,credit
L00004870,T00004870,A001248,2025-07-20T03:28:03+00:00,4529.65,INR,posted,credit
L00004871,T00004871,A000762,2026-05-19T10:38:51+00:00,2210.85,INR,posted,credit
L00004872,T00004872,A001489,2026-01-26T14:45:50+00:00,2179.75,CAD,posted,credit
L00004873,T00004873,A001011,2026-07-14T10:17:42+00:00,4049.08,CAD,posted,credit
L00004874,T00004874,A000146,2025-02-03T23:12:00+00:00,4533.00,INR,posted,credit
L00004875,T00004875,A000530,2025-12-16T06:17:49+00:00,71.38,INR,posted,credit
L00004876,T00004876,A000765,2026-03-22T17:56:15+00:00,3878.68,INR,posted,credit
L00004877,T00004877,A000735,2025-10-16T14:39:40+00:00,1172.43,USD,posted,credit
L00004878,T00004878,A000283,2025-09-02T17:01:35+00:00,4388.26,USD,posted,credit
L00004879,T00004879,A001076,2025-03-12T20:20:24+00:00,3252.57,EUR,posted,credit
L00004880,T00004880,A001184,2025-11-26T08:25:48+00:00,2368.78,EUR,posted,credit
L00004881,T00004881,A001216,2026-07-10T11:25:12+00:00,3470.35,INR,posted,credit
L00004882,T00004882,A000809,2026-03-10T03:47:59+00:00,4905.36,GBP,posted,credit
L00004883,T00004883,A001204,2025-08-17T16:33:17+00:00,139.33,INR,posted,credit
L00004884,T00004884,A000467,2026-09-04T18:53:02+00:00,2722.26,EUR,posted,credit
L00004885,T00004885,A000260,2025-09-24T23:37:36+00:00,4571.56,USD,posted,credit
L00004886,T00004886,A000490,2026-04-25T02:16:12+00:00,2249.96,USD,posted,credit
L00004887,T00004887,A000868,2026-04-14T01:09:33+00:00,1127.07,EUR,posted,credit
L00004888,T00004888,A000292,2025-10-23T09:32:52+00:00,4946.38,CAD,posted,credit
L00004889,T00004889,A000106,2025-07-13T18:15:46+00:00,1591.27,INR,posted,credit
L00004890,T00004890,A001402,2026-06-12T23:53:41+00:00,2928.02,INR,posted,credit
L00004891,T00004891,A000324,2025-01-05T07:22:03+00:00,1949.64,INR,posted,credit
L00004892,T00004892,A001266,2026-08-25T12:21:59+00:00,4044.40,INR,posted,credit
L00004893,T00004893,A000018,2025-01-09T09:23:03+00:00,3670.35,USD,posted,credit
L00004894,T00004894,A000830,2025-04-11T10:35:04+00:00,1377.59,CAD,posted,credit
L00004895,T00004895,A000656,2026-01-29T16:42:54+00:00,2851.16,EUR,posted,credit
L00004896,T00004896,A000646,2026-02-02T23:15:59+00:00,230.80,INR,posted,credit
L00004897,T00004897,A000702,2025-12-03T05:17:56+00:00,1306.73,GBP,posted,credit
L00004898,T00004898,A000011,2025-06-03T09:23:02+00:00,3019.59,CAD,posted,credit
L00004899,T00004899,A000104,2026-01-14T15:31:02+00:00,1592.51,CAD,posted,credit
L00004900,T00004900,A000101,2026-03-02T22:38:18+00:00,1881.35,GBP,posted,credit
L00004901,T00004901,A001493,2025-06-14T08:52:51+00:00,4234.69,USD,posted,credit
L00004902,T00004902,A001473,2026-01-06T02:23:00+00:00,4416.75,GBP,posted,credit
L00004903,T00004903,A000761,2025-06-17T09:41:42+00:00,1786.57,EUR,posted,credit
L00004904,T00004904,A000726,2026-01-23T05:53:34+00:00,1857.35,EUR,posted,credit
L00004905,T00004905,A000399,2025-11-12T18:36:27+00:00,1405.47,USD,posted,credit
L00004906,T00004906,A000925,2026-06-20T22:34:33+00:00,1520.93,USD,posted,credit
L00004907,T00004907,A000575,2026-04-21T15:01:44+00:00,49.75,GBP,posted,credit
L00004908,T00004908,A001405,2025-02-14T17:01:08+00:00,818.06,GBP,posted,credit
L00004909,T00004909,A000263,2025-09-01T16:06:18+00:00,79.78,CAD,posted,credit
L00004910,T00004910,A000490,2025-01-18T19:00:25+00:00,645.56,USD,posted,credit
L00004911,T00004911,A000826,2025-04-05T02:36:35+00:00,2604.73,EUR,posted,credit
L00004912,T00004912,A000374,2025-01-22T15:32:50+00:00,2269.09,USD,posted,credit
L00004913,T00004913,A000638,2025-01-11T12:36:12+00:00,4215.80,EUR,posted,credit
L00004914,T00004914,A000601,2025-09-19T18:38:44+00:00,1851.80,GBP,posted,credit
L00004915,T00004915,A000539,2025-01-31T08:58:14+00:00,45.05,INR,posted,credit
L00004916,T00004916,A000255,2026-08-26T17:28:55+00:00,2576.59,EUR,posted,credit
L00004917,T00004917,A001179,2026-07-30T12:49:13+00:00,2754.74,INR,posted,credit
L00004918,T00004918,A000025,2025-05-01T08:05:17+00:00,2066.98,USD,posted,credit
L00004919,T00004919,A000534,2025-04-15T09:18:45+00:00,3786.95,USD,posted,credit
L00004920,T00004920,A000456,2026-06-04T06:09:04+00:00,4796.70,USD,posted,credit
L00004921,T00004921,A001149,2025-04-19T07:34:30+00:00,439.45,GBP,posted,credit
L00004922,T00004922,A001253,2025-02-06T20:15:21+00:00,1582.99,GBP,posted,credit
L00004923,T00004923,A001292,2025-05-21T16:31:06+00:00,1635.55,CAD,posted,credit
L00004924,T00004924,A000060,2026-02-27T13:35:10+00:00,1465.40,USD,posted,credit
L00004925,T00004925,A001050,2025-08-22T11:13:39+00:00,3423.09,INR,posted,credit
L00004926,T00004926,A000278,2026-03-16T22:08:47+00:00,4078.59,INR,posted,credit
L00004927,T00004927,A000612,2026-01-19T13:59:49+00:00,769.92,INR,posted,credit
L00004928,T00004928,A000845,2025-03-15T20:15:46+00:00,1821.28,CAD,posted,credit
L00004929,T00004929,A000251,2025-12-02T16:21:49+00:00,532.39,EUR,posted,credit
L00004930,T00004930,A001203,2026-09-01T21:13:45+00:00,2371.27,GBP,posted,credit
L00004931,T00004931,A000504,2026-01-05T22:51:54+00:00,2751.72,CAD,posted,credit
L00004932,T00004932,A001448,2025-01-20T22:03:38+00:00,1583.56,EUR,posted,credit
L00004933,T00004933,A001117,2025-09-27T01:20:15+00:00,915.42,USD,posted,credit
L00004934,T00004934,A001220,2025-04-19T04:35:55+00:00,396.47,CAD,posted,credit
L00004935,T00004935,A000141,2025-07-19T22:09:03+00:00,2937.56,USD,posted,credit
L00004936,T00004936,A000494,2025-01-18T21:56:43+00:00,4474.48,INR,posted,credit
L00004937,T00004937,A000850,2025-06-07T04:31:36+00:00,3805.97,GBP,posted,credit
L00004938,T00004938,A001454,2025-01-27T08:48:01+00:00,2139.71,EUR,posted,credit
L00004939,T00004939,A000629,2025-02-01T18:45:28+00:00,2533.37,EUR,posted,credit
L00004940,T00004940,A000193,2025-06-20T15:02:57+00:00,3350.92,USD,posted,credit
L00004941,T00004941,A001491,2025-08-09T14:48:09+00:00,4280.96,INR,posted,credit
L00004942,T00004942,A001194,2025-11-27T19:51:30+00:00,4296.03,USD,posted,credit
L00004943,T00004943,A000071,2025-05-01T20:53:39+00:00,2311.80,USD,posted,credit
L00004944,T00004944,A000428,2026-04-05T22:00:02+00:00,1293.06,INR,posted,credit
L00004945,T00004945,A001468,2025-07-12T03:16:21+00:00,2035.99,EUR,posted,credit
L00004946,T00004946,A000327,2025-01-21T07:32:02+00:00,3613.18,EUR,posted,credit
L00004947,T00004947,A000856,2026-07-28T14:02:40+00:00,1663.30,EUR,posted,credit
L00004948,T00004948,A000607,2026-07-21T15:06:50+00:00,3881.94,CAD,posted,credit
L00004949,T00004949,A000722,2025-02-16T23:19:42+00:00,3998.40,EUR,posted,credit
L00004950,T00004950,A000943,2026-01-02T02:16:45+00:00,1124.97,USD,posted,credit
L00004951,T00004951,A000885,2026-05-15T22:24:23+00:00,2488.94,INR,posted,credit
L00004952,T00004952,A000765,2025-04-11T11:30:00+00:00,4267.04,INR,posted,credit
L00004953,T00004953,A000570,2025-08-29T03:37:59+00:00,987.26,CAD,posted,credit
L00004954,T00004954,A001028,2025-01-20T22:49:22+00:00,4208.57,GBP,posted,credit
L00004955,T00004955,A000515,2026-06-30T04:09:33+00:00,4869.53,GBP,posted,credit
L00004956,T00004956,A000714,2025-06-19T16:15:07+00:00,3105.42,USD,posted,credit
L00004957,T00004957,A000148,2026-05-31T09:33:02+00:00,3092.22,INR,posted,credit
L00004958,T00004958,A001103,2025-10-30T13:37:25+00:00,259.21,GBP,posted,credit
L00004959,T00004959,A000246,2025-05-22T13:59:05+00:00,1825.87,EUR,posted,credit
L00004960,T00004960,A001141,2026-03-30T22:26:24+00:00,4209.05,USD,posted,credit
L00004961,T00004961,A000989,2026-02-27T18:30:12+00:00,94.98,INR,posted,credit
L00004962,T00004962,A001489,2025-11-08T02:10:53+00:00,1945.00,CAD,posted,credit
L00004963,T00004963,A000961,2025-01-21T13:54:33+00:00,2175.97,EUR,posted,credit
L00004964,T00004964,A001296,2026-06-28T11:45:31+00:00,4633.19,USD,posted,credit
L00004965,T00004965,A001394,2025-03-25T02:06:15+00:00,2671.68,INR,posted,credit
L00004966,T00004966,A000347,2025-11-19T15:02:06+00:00,1209.59,CAD,posted,credit
L00004967,T00004967,A001147,2026-04-20T03:42:33+00:00,4895.81,GBP,posted,credit
L00004968,T00004968,A000070,2025-04-24T18:40:13+00:00,2151.46,INR,posted,credit
L00004969,T00004969,A000639,2026-05-28T08:41:41+00:00,1078.64,CAD,posted,credit
L00004970,T00004970,A001031,2025-07-21T05:32:34+00:00,2428.74,EUR,posted,credit
L00004971,T00004971,A001441,2025-05-21T22:43:38+00:00,2632.99,EUR,posted,credit
L00004972,T00004972,A000802,2025-12-16T20:55:21+00:00,136.56,INR,posted,credit
L00004973,T00004973,A000743,2026-05-20T18:09:22+00:00,1522.24,USD,posted,credit
L00004974,T00004974,A000043,2025-02-14T10:05:56+00:00,4365.01,INR,posted,credit
L00004975,T00004975,A001159,2025-07-23T05:29:23+00:00,4633.20,INR,posted,credit
L00004976,T00004976,A000113,2026-07-12T13:16:10+00:00,1313.03,CAD,posted,credit
L00004977,T00004977,A000682,2026-07-21T09:30:08+00:00,2822.94,INR,posted,credit
L00004978,T00004978,A001428,2026-03-10T17:31:55+00:00,2130.68,INR,posted,credit
L00004979,T00004979,A001365,2025-11-05T09:39:33+00:00,4493.07,INR,posted,credit
L00004980,T00004980,A000699,2026-06-12T15:35:41+00:00,3295.57,EUR,posted,credit
L00004981,T00004981,A000052,2026-05-21T11:18:48+00:00,1573.29,GBP,posted,credit
L00004982,T00004982,A000693,2025-04-13T12:01:43+00:00,3431.73,CAD,posted,credit
L00004983,T00004983,A000778,2026-01-08T09:18:48+00:00,1128.59,USD,posted,credit
L00004984,T00004984,A000295,2025-03-21T23:25:24+00:00,544.01,GBP,posted,credit
L00004985,T00004985,A000229,2025-05-31T04:35:05+00:00,1839.91,USD,posted,credit
L00004986,T00004986,A000648,2025-11-12T23:02:49+00:00,1870.91,USD,posted,credit
L00004987,T00004987,A000538,2025-02-25T04:11:57+00:00,1127.62,CAD,posted,credit
L00004988,T00004988,A001311,2025-08-31T16:51:55+00:00,1414.17,USD,posted,credit
L00004989,T00004989,A000590,2025-11-16T20:00:43+00:00,3311.86,EUR,posted,credit
L00004990,T00004990,A000951,2025-10-12T19:58:40+00:00,4103.06,GBP,posted,credit
L00004991,T00004991,A001079,2026-05-18T05:26:09+00:00,1578.84,INR,posted,credit
L00004992,T00004992,A001337,2025-08-09T20:20:26+00:00,4917.66,USD,posted,credit
L00004993,T00004993,A001382,2026-09-07T20:06:41+00:00,1245.45,USD,posted,credit
L00004994,T00004994,A000573,2026-06-19T15:25:57+00:00,3211.29,GBP,posted,credit
L00004995,T00004995,A001045,2026-06-16T18:26:20+00:00,1915.30,CAD,posted,credit
L00004996,T00004996,A000833,2025-07-23T13:10:49+00:00,41.08,CAD,posted,credit
L00004997,T00004997,A001087,2026-04-02T03:27:32+00:00,1378.45,USD,posted,credit
L00004998,T00004998,A001188,2026-01-26T12:23:15+00:00,1892.54,CAD,posted,credit
L00004999,T00004999,A000885,2025-01-09T17:33:55+00:00,4529.94,INR,posted,credit
L00005000,T00005000,A000645,2026-07-23T06:56:26+00:00,3821.01,INR,posted,credit
L00005001,T00005001,A001181,2026-03-18T16:52:41+00:00,2783.76,GBP,posted,credit
L00005002,T00005002,A001496,2025-12-27T08:59:13+00:00,394.99,CAD,posted,credit
L00005003,T00005003,A000483,2026-08-15T23:28:43+00:00,1345.50,USD,posted,credit
L00005004,T00005004,A000871,2025-12-22T06:17:04+00:00,4084.74,USD,posted,credit
L00005005,T00005005,A000807,2026-03-05T13:58:14+00:00,4828.02,INR,posted,credit
L00005006,T00005006,A000503,2025-02-21T14:05:26+00:00,561.66,USD,posted,credit
L00005007,T00005007,A001017,2025-01-05T11:44:45+00:00,4434.32,EUR,posted,credit
L00005008,T00005008,A001233,2026-05-24T18:54:39+00:00,2104.97,GBP,posted,credit
L00005009,T00005009,A001468,2026-08-23T20:52:28+00:00,1844.73,EUR,posted,credit
L00005010,T00005010,A000781,2026-03-22T06:20:05+00:00,3135.70,CAD,posted,credit
L00005011,T00005011,A001228,2025-04-09T14:25:53+00:00,3002.19,EUR,posted,credit
L00005012,T00005012,A000467,2026-08-15T09:19:32+00:00,1338.71,EUR,posted,credit
L00005013,T00005013,A000055,2025-01-27T05:24:38+00:00,4648.97,GBP,posted,credit
L00005014,T00005014,A001229,2025-04-14T21:11:29+00:00,4166.52,EUR,posted,credit
L00005015,T00005015,A000033,2025-11-11T12:23:59+00:00,200.22,EUR,posted,credit
L00005016,T00005016,A000493,2025-06-05T14:05:15+00:00,4505.90,USD,posted,credit
L00005017,T00005017,A000367,2025-08-07T18:47:06+00:00,2797.69,GBP,posted,credit
L00005018,T00005018,A000577,2025-05-20T22:30:44+00:00,4298.25,GBP,posted,credit
L00005019,T00005019,A001068,2026-04-04T15:39:02+00:00,2659.41,INR,posted,credit
L00005020,T00005020,A000757,2025-04-30T01:27:49+00:00,2933.34,CAD,posted,credit
L00005021,T00005021,A000509,2026-04-22T12:10:46+00:00,2867.33,INR,posted,credit
L00005022,T00005022,A001107,2026-05-13T06:35:07+00:00,2519.54,USD,posted,credit
L00005023,T00005023,A001081,2026-01-12T13:52:05+00:00,4374.46,INR,posted,credit
L00005024,T00005024,A000120,2025-04-02T05:34:00+00:00,629.21,INR,posted,credit
L00005025,T00005025,A001262,2026-02-02T08:23:54+00:00,1584.89,INR,posted,credit
L00005026,T00005026,A000737,2026-09-08T09:07:17+00:00,4104.64,GBP,posted,credit
L00005027,T00005027,A000227,2026-08-08T01:19:10+00:00,3758.90,EUR,posted,credit
L00005028,T00005028,A001163,2025-09-20T18:55:31+00:00,1078.25,GBP,posted,credit
L00005029,T00005029,A000289,2026-05-04T23:30:26+00:00,2457.68,EUR,posted,credit
L00005030,T00005030,A000534,2026-03-26T23:20:35+00:00,2945.11,USD,posted,credit
L00005031,T00005031,A000498,2025-02-16T22:25:52+00:00,2207.41,INR,posted,credit
L00005032,T00005032,A001257,2026-07-13T13:43:31+00:00,3940.42,CAD,posted,credit
L00005033,T00005033,A001256,2025-07-24T05:10:50+00:00,2665.35,INR,posted,credit
L00005034,T00005034,A001499,2025-04-28T13:11:56+00:00,4668.62,EUR,posted,credit
L00005035,T00005035,A000219,2026-04-02T04:31:47+00:00,1951.42,INR,posted,credit
L00005036,T00005036,A001247,2026-05-20T01:50:55+00:00,3019.39,EUR,posted,credit
L00005037,T00005037,A001387,2026-06-01T13:47:22+00:00,1415.84,INR,posted,credit
L00005038,T00005038,A000796,2026-03-20T09:59:40+00:00,2310.66,GBP,posted,credit
L00005039,T00005039,A000378,2026-07-01T22:26:14+00:00,1432.21,INR,posted,credit
L00005040,T00005040,A000279,2025-03-29T12:14:23+00:00,3153.69,GBP,posted,credit
L00005041,T00005041,A000322,2025-06-13T23:43:03+00:00,439.55,INR,posted,credit
L00005042,T00005042,A000286,2026-03-01T05:03:11+00:00,1189.38,USD,posted,credit
L00005043,T00005043,A000891,2025-01-14T13:55:54+00:00,2479.10,CAD,posted,credit
L00005044,T00005044,A000997,2025-03-31T11:04:08+00:00,3399.27,USD,posted,credit
L00005045,T00005045,A000250,2025-06-05T16:06:01+00:00,2437.07,EUR,posted,credit
L00005046,T00005046,A000378,2025-06-17T04:04:49+00:00,4574.66,INR,posted,credit
L00005047,T00005047,A000013,2026-04-24T04:15:35+00:00,2712.60,USD,posted,credit
L00005048,T00005048,A001347,2026-04-28T11:16:56+00:00,4556.08,INR,posted,credit
L00005049,T00005049,A001086,2026-05-06T05:58:56+00:00,1604.26,GBP,posted,credit
L00005050,T00005050,A001415,2026-09-11T10:53:03+00:00,86.10,USD,posted,credit
L00005051,T00005051,A001053,2025-11-19T22:19:14+00:00,277.54,EUR,posted,credit
L00005052,T00005052,A000995,2025-10-01T21:55:47+00:00,3091.86,GBP,posted,credit
L00005053,T00005053,A000061,2025-10-13T16:08:21+00:00,2721.29,EUR,posted,credit
L00005054,T00005054,A001226,2025-05-02T10:12:26+00:00,2695.30,USD,posted,credit
L00005055,T00005055,A001402,2025-01-02T00:41:20+00:00,339.91,INR,posted,credit
L00005056,T00005056,A000881,2026-01-30T08:39:31+00:00,2961.87,EUR,posted,credit
L00005057,T00005057,A001119,2025-06-12T23:22:45+00:00,486.72,EUR,posted,credit
L00005058,T00005058,A001486,2025-03-21T04:37:43+00:00,1341.62,CAD,posted,credit
L00005059,T00005059,A001098,2026-04-30T01:10:43+00:00,784.95,EUR,posted,credit
L00005060,T00005060,A000482,2025-11-15T18:23:06+00:00,4814.67,GBP,posted,credit
L00005061,T00005061,A001390,2026-05-28T21:59:14+00:00,572.75,INR,posted,credit
L00005062,T00005062,A001306,2026-06-05T00:01:55+00:00,4991.20,EUR,posted,credit
L00005063,T00005063,A000773,2026-07-11T02:23:39+00:00,2937.27,USD,posted,credit
L00005064,T00005064,A001283,2025-08-01T09:00:54+00:00,293.43,EUR,posted,credit
L00005065,T00005065,A000538,2026-04-04T11:44:11+00:00,3488.71,CAD,posted,credit
L00005066,T00005066,A000976,2025-10-09T23:36:19+00:00,3924.60,EUR,posted,credit
L00005067,T00005067,A000457,2026-06-03T12:01:59+00:00,4326.06,GBP,posted,credit
L00005068,T00005068,A000426,2026-02-10T11:53:00+00:00,1801.77,CAD,posted,credit
L00005069,T00005069,A000184,2025-06-30T18:25:58+00:00,4646.34,USD,posted,credit
L00005070,T00005070,A000161,2025-01-06T05:03:42+00:00,2492.64,INR,posted,credit
L00005071,T00005071,A001029,2025-05-17T10:50:14+00:00,3396.72,EUR,posted,credit
L00005072,T00005072,A001181,2025-12-11T14:49:03+00:00,1060.90,GBP,posted,credit
L00005073,T00005073,A000319,2026-08-21T01:35:03+00:00,1571.51,GBP,posted,credit
L00005074,T00005074,A000734,2025-01-01T17:05:24+00:00,4358.17,INR,posted,credit
L00005075,T00005075,A001350,2026-06-30T03:10:54+00:00,321.18,CAD,posted,credit
L00005076,T00005076,A000473,2026-02-10T23:11:08+00:00,608.39,GBP,posted,credit
L00005077,T00005077,A000152,2025-05-22T20:10:45+00:00,3503.99,GBP,posted,credit
L00005078,T00005078,A001262,2025-02-15T08:17:17+00:00,1085.80,INR,posted,credit
L00005079,T00005079,A000786,2025-10-12T20:58:19+00:00,2366.22,USD,posted,credit
L00005080,T00005080,A001209,2025-11-08T23:00:24+00:00,3819.86,USD,posted,credit
L00005081,T00005081,A000083,2025-07-20T11:22:12+00:00,4044.02,USD,posted,credit
L00005082,T00005082,A001250,2025-06-27T02:12:06+00:00,3903.20,GBP,posted,credit
L00005083,T00005083,A000304,2025-07-18T02:06:31+00:00,3138.51,EUR,posted,credit
L00005084,T00005084,A000950,2026-04-22T16:43:35+00:00,1436.20,USD,posted,credit
L00005085,T00005085,A000547,2025-06-10T03:30:22+00:00,3229.15,EUR,posted,credit
L00005086,T00005086,A000270,2025-08-09T08:15:47+00:00,4897.71,INR,posted,credit
L00005087,T00005087,A000835,2025-08-11T02:19:50+00:00,3017.78,USD,posted,credit
L00005088,T00005088,A001435,2026-01-28T07:01:32+00:00,2941.39,INR,posted,credit
L00005089,T00005089,A001333,2025-10-11T17:47:20+00:00,29.15,EUR,posted,credit
L00005090,T00005090,A000633,2026-07-14T10:31:07+00:00,321.55,CAD,posted,credit
L00005091,T00005091,A000714,2025-05-05T10:24:02+00:00,440.68,USD,posted,credit
L00005092,T00005092,A000535,2026-04-30T11:35:09+00:00,4612.17,INR,posted,credit
L00005093,T00005093,A000276,2025-11-17T06:44:58+00:00,2520.27,GBP,posted,credit
L00005094,T00005094,A000063,2025-01-02T12:33:34+00:00,3733.31,GBP,posted,credit
L00005095,T00005095,A000403,2025-02-22T10:19:43+00:00,508.42,GBP,posted,credit
L00005096,T00005096,A000104,2025-09-17T16:43:00+00:00,4142.32,CAD,posted,credit
L00005097,T00005097,A000355,2026-09-07T02:39:48+00:00,3721.46,USD,posted,credit
L00005098,T00005098,A001096,2025-10-30T04:55:27+00:00,2114.28,USD,posted,credit
L00005099,T00005099,A001082,2025-03-26T07:41:48+00:00,3607.11,INR,posted,credit
L00005100,T00005100,A001037,2026-05-28T01:13:25+00:00,1231.33,EUR,posted,credit
L00005101,T00005101,A000868,2026-01-05T08:47:57+00:00,893.74,EUR,posted,credit
L00005102,T00005102,A001181,2025-03-14T14:16:21+00:00,4764.15,GBP,posted,credit
L00005103,T00005103,A000357,2026-01-09T22:41:05+00:00,3812.20,INR,posted,credit
L00005104,T00005104,A000325,2025-01-12T19:01:56+00:00,1059.48,USD,posted,credit
L00005105,T00005105,A001379,2025-05-14T18:00:12+00:00,2396.05,CAD,posted,credit
L00005106,T00005106,A000632,2025-09-14T17:30:30+00:00,633.10,GBP,posted,credit
L00005107,T00005107,A001346,2025-06-29T11:52:50+00:00,4077.82,USD,posted,credit
L00005108,T00005108,A000346,2026-07-14T01:56:39+00:00,3623.76,INR,posted,credit
L00005109,T00005109,A000073,2026-05-29T02:36:18+00:00,2368.32,USD,posted,credit
L00005110,T00005110,A000734,2025-04-12T09:05:27+00:00,1856.04,INR,posted,credit
L00005111,T00005111,A000563,2025-07-19T18:05:50+00:00,610.44,CAD,posted,credit
L00005112,T00005112,A000038,2025-11-24T00:52:28+00:00,1904.83,USD,posted,credit
L00005113,T00005113,A000907,2025-07-15T00:51:07+00:00,1737.26,USD,posted,credit
L00005114,T00005114,A001388,2026-02-15T01:30:41+00:00,43.54,GBP,posted,credit
L00005115,T00005115,A000281,2025-06-27T09:29:18+00:00,495.86,EUR,posted,credit
L00005116,T00005116,A000120,2025-05-13T13:40:11+00:00,3735.14,INR,posted,credit
L00005117,T00005117,A001416,2026-06-06T14:49:35+00:00,3319.96,INR,posted,credit
L00005118,T00005118,A000838,2026-07-06T04:15:40+00:00,1173.88,CAD,posted,credit
L00005119,T00005119,A000684,2025-06-27T18:54:22+00:00,4551.09,CAD,posted,credit
L00005120,T00005120,A000712,2025-04-16T14:30:07+00:00,1954.66,INR,posted,credit
L00005121,T00005121,A001446,2026-04-14T05:01:42+00:00,845.39,CAD,posted,credit
L00005122,T00005122,A000424,2025-11-18T04:50:44+00:00,87.20,GBP,posted,credit
L00005123,T00005123,A000648,2026-04-21T17:00:53+00:00,2240.71,USD,posted,credit
L00005124,T00005124,A000118,2026-06-08T01:39:58+00:00,3883.89,CAD,posted,credit
L00005125,T00005125,A000511,2026-03-25T08:35:53+00:00,1407.30,INR,posted,credit
L00005126,T00005126,A001333,2025-02-04T20:25:01+00:00,1128.91,EUR,posted,credit
L00005127,T00005127,A000360,2025-05-20T20:27:59+00:00,3958.35,CAD,posted,credit
L00005128,T00005128,A000141,2025-05-15T15:22:25+00:00,3461.95,USD,posted,credit
L00005129,T00005129,A000553,2025-02-04T15:10:40+00:00,4169.78,INR,posted,credit
L00005130,T00005130,A000721,2026-05-27T13:26:13+00:00,880.08,INR,posted,credit
L00005131,T00005131,A000690,2025-01-02T20:30:33+00:00,2782.92,EUR,posted,credit
L00005132,T00005132,A001228,2025-11-25T02:54:22+00:00,4088.66,EUR,posted,credit
L00005133,T00005133,A000514,2025-12-01T02:21:07+00:00,4466.75,GBP,posted,credit
L00005134,T00005134,A001491,2025-08-12T01:46:00+00:00,3337.12,INR,posted,credit
L00005135,T00005135,A000037,2026-03-02T23:46:14+00:00,421.66,INR,posted,credit
L00005136,T00005136,A000315,2025-06-15T20:30:16+00:00,1520.82,CAD,posted,credit
L00005137,T00005137,A001055,2026-03-26T08:40:12+00:00,4025.18,CAD,posted,credit
L00005138,T00005138,A001325,2025-06-18T07:06:35+00:00,585.21,INR,posted,credit
L00005139,T00005139,A001460,2025-06-16T14:46:41+00:00,2591.97,CAD,posted,credit
L00005140,T00005140,A001172,2025-10-06T06:17:10+00:00,1658.58,EUR,posted,credit
L00005141,T00005141,A000506,2025-05-08T07:00:43+00:00,632.02,INR,posted,credit
L00005142,T00005142,A000623,2025-02-21T17:17:17+00:00,2087.92,USD,posted,credit
L00005143,T00005143,A000949,2026-06-17T00:33:38+00:00,582.02,EUR,posted,credit
L00005144,T00005144,A000934,2026-01-08T06:37:22+00:00,268.06,EUR,posted,credit
L00005145,T00005145,A001113,2025-01-11T02:34:14+00:00,4004.53,GBP,posted,credit
L00005146,T00005146,A001055,2026-04-11T15:09:50+00:00,3553.57,CAD,posted,credit
L00005147,T00005147,A000147,2025-11-17T22:02:42+00:00,1638.85,CAD,posted,credit
L00005148,T00005148,A000537,2025-01-14T10:59:47+00:00,4712.15,INR,posted,credit
L00005149,T00005149,A000379,2026-07-07T01:11:18+00:00,4858.39,GBP,posted,credit
L00005150,T00005150,A000330,2026-01-29T12:38:25+00:00,4197.45,GBP,posted,credit
L00005151,T00005151,A000071,2025-08-14T04:21:07+00:00,2166.19,USD,posted,credit
L00005152,T00005152,A000621,2025-01-04T16:43:19+00:00,264.32,INR,posted,credit
L00005153,T00005153,A001106,2026-03-14T05:53:37+00:00,4835.41,GBP,posted,credit
L00005154,T00005154,A000966,2026-09-03T22:54:05+00:00,850.85,GBP,posted,credit
L00005155,T00005155,A000836,2025-09-05T08:37:52+00:00,2179.40,USD,posted,credit
L00005156,T00005156,A000982,2025-10-08T13:03:57+00:00,2541.49,USD,posted,credit
L00005157,T00005157,A000783,2025-05-25T15:14:13+00:00,252.83,CAD,posted,credit
L00005158,T00005158,A001432,2026-09-07T18:54:04+00:00,3487.34,USD,posted,credit
L00005159,T00005159,A001296,2025-04-08T16:17:50+00:00,1279.79,USD,posted,credit
L00005160,T00005160,A000533,2025-05-05T11:18:26+00:00,2043.06,GBP,posted,credit
L00005161,T00005161,A000426,2025-05-09T13:42:47+00:00,2608.43,CAD,posted,credit
L00005162,T00005162,A000589,2026-05-12T07:10:17+00:00,1409.77,INR,posted,credit
L00005163,T00005163,A000174,2025-10-06T17:43:10+00:00,815.79,EUR,posted,credit
L00005164,T00005164,A001189,2026-03-12T03:21:59+00:00,3386.10,GBP,posted,credit
L00005165,T00005165,A001227,2025-06-11T08:31:27+00:00,449.78,USD,posted,credit
L00005166,T00005166,A001486,2025-02-04T23:45:19+00:00,659.28,CAD,posted,credit
L00005167,T00005167,A001433,2026-01-25T15:37:00+00:00,211.01,EUR,posted,credit
L00005168,T00005168,A000979,2025-09-13T20:13:53+00:00,326.46,CAD,posted,credit
L00005169,T00005169,A000714,2026-06-09T10:53:20+00:00,2457.78,USD,posted,credit
L00005170,T00005170,A001468,2025-07-17T11:48:48+00:00,3531.80,EUR,posted,credit
L00005171,T00005171,A000053,2026-04-09T07:41:04+00:00,1266.19,INR,posted,credit
L00005172,T00005172,A000488,2025-04-26T16:33:10+00:00,1157.87,GBP,posted,credit
L00005173,T00005173,A000453,2026-07-21T05:07:08+00:00,4014.65,CAD,posted,credit
L00005174,T00005174,A000095,2025-12-31T09:06:03+00:00,2921.04,USD,posted,credit
L00005175,T00005175,A000192,2026-05-26T06:24:54+00:00,1959.48,INR,posted,credit
L00005176,T00005176,A000934,2025-06-01T08:46:03+00:00,543.02,EUR,posted,credit
L00005177,T00005177,A001500,2025-09-28T06:42:31+00:00,433.67,INR,posted,credit
L00005178,T00005178,A000886,2025-11-20T22:49:36+00:00,875.03,INR,posted,credit
L00005179,T00005179,A001407,2025-04-28T15:04:57+00:00,260.53,CAD,posted,credit
L00005180,T00005180,A001399,2025-04-27T02:31:27+00:00,2735.31,USD,posted,credit
L00005181,T00005181,A000073,2025-11-22T00:49:03+00:00,2976.38,USD,posted,credit
L00005182,T00005182,A000829,2025-11-29T04:14:15+00:00,2915.23,EUR,posted,credit
L00005183,T00005183,A001101,2025-02-23T11:34:18+00:00,2499.33,USD,posted,credit
L00005184,T00005184,A001025,2026-08-28T06:27:17+00:00,1638.87,EUR,posted,credit
L00005185,T00005185,A000616,2026-04-10T17:01:34+00:00,4839.75,INR,posted,credit
L00005186,T00005186,A000709,2025-04-14T19:35:16+00:00,1929.68,INR,posted,credit
L00005187,T00005187,A001388,2026-01-21T15:36:09+00:00,1066.24,GBP,posted,credit
L00005188,T00005188,A000692,2025-05-11T14:25:57+00:00,3360.74,CAD,posted,credit
L00005189,T00005189,A000504,2025-08-30T04:30:12+00:00,4923.95,CAD,posted,credit
L00005190,T00005190,A000483,2025-10-29T05:00:31+00:00,2121.86,USD,posted,credit
L00005191,T00005191,A001499,2025-04-14T09:17:07+00:00,3815.46,EUR,posted,credit
L00005192,T00005192,A000628,2025-06-29T01:31:03+00:00,4374.28,GBP,posted,credit
L00005193,T00005193,A000931,2025-01-04T13:40:10+00:00,2302.77,INR,posted,credit
L00005194,T00005194,A001476,2026-09-11T04:07:57+00:00,4001.73,INR,posted,credit
L00005195,T00005195,A000739,2026-01-14T04:49:50+00:00,490.55,GBP,posted,credit
L00005196,T00005196,A001180,2025-05-25T01:15:14+00:00,1646.82,CAD,posted,credit
L00005197,T00005197,A000813,2025-10-30T19:43:48+00:00,4550.29,INR,posted,credit
L00005198,T00005198,A000023,2025-07-27T16:42:56+00:00,2813.75,CAD,posted,credit
L00005199,T00005199,A000733,2025-10-13T14:34:57+00:00,2203.32,INR,posted,credit
L00005200,T00005200,A001336,2026-05-31T11:17:13+00:00,496.24,CAD,posted,credit
L00005201,T00005201,A000983,2026-01-17T08:41:01+00:00,880.24,GBP,posted,credit
L00005202,T00005202,A001361,2026-01-10T01:19:07+00:00,1202.31,EUR,posted,credit
L00005203,T00005203,A000059,2025-02-05T13:54:26+00:00,2934.18,GBP,posted,credit
L00005204,T00005204,A000296,2025-03-20T23:58:07+00:00,69.96,GBP,posted,credit
L00005205,T00005205,A000051,2025-07-17T11:34:29+00:00,197.34,USD,posted,credit
L00005206,T00005206,A001288,2025-04-24T20:51:07+00:00,4015.93,INR,posted,credit
L00005207,T00005207,A001333,2025-01-18T22:11:59+00:00,639.28,EUR,posted,credit
L00005208,T00005208,A000129,2025-01-09T16:39:13+00:00,1656.44,USD,posted,credit
L00005209,T00005209,A001333,2025-01-12T16:54:05+00:00,2019.35,EUR,posted,credit
L00005210,T00005210,A001019,2026-07-28T21:39:31+00:00,4423.90,USD,posted,credit
L00005211,T00005211,A001200,2025-05-17T06:26:47+00:00,3319.46,INR,posted,credit
L00005212,T00005212,A000781,2025-08-15T13:56:00+00:00,515.06,CAD,posted,credit
L00005213,T00005213,A001064,2025-04-06T03:21:43+00:00,3237.54,USD,posted,credit
L00005214,T00005214,A000824,2025-01-19T15:33:50+00:00,393.30,EUR,posted,credit
L00005215,T00005215,A001235,2025-04-27T16:37:46+00:00,237.23,CAD,posted,credit
L00005216,T00005216,A000591,2025-02-24T03:08:51+00:00,3159.56,EUR,posted,credit
L00005217,T00005217,A001071,2025-05-31T23:22:32+00:00,4764.11,EUR,posted,credit
L00005218,T00005218,A001317,2025-01-14T23:47:56+00:00,901.28,CAD,posted,credit
L00005219,T00005219,A000023,2026-08-08T23:33:43+00:00,3824.96,CAD,posted,credit
L00005220,T00005220,A001004,2025-02-17T20:48:57+00:00,2791.09,EUR,posted,credit
L00005221,T00005221,A000185,2026-08-24T15:51:31+00:00,4675.30,EUR,posted,credit
L00005222,T00005222,A000803,2026-04-17T21:21:58+00:00,3895.69,GBP,posted,credit
L00005223,T00005223,A000449,2025-11-18T21:21:57+00:00,2204.58,INR,posted,credit
L00005224,T00005224,A000713,2026-07-29T20:03:03+00:00,3987.14,EUR,posted,credit
L00005225,T00005225,A000915,2026-03-23T19:20:10+00:00,2410.57,GBP,posted,credit
L00005226,T00005226,A000706,2025-10-08T17:23:30+00:00,1947.82,INR,posted,credit
L00005227,T00005227,A000526,2026-07-13T06:39:57+00:00,3261.75,CAD,posted,credit
L00005228,T00005228,A001198,2025-07-19T14:19:25+00:00,4516.16,EUR,posted,credit
L00005229,T00005229,A000482,2025-03-28T10:00:09+00:00,4747.84,GBP,posted,credit
L00005230,T00005230,A000388,2026-02-16T08:23:42+00:00,4195.39,INR,posted,credit
L00005231,T00005231,A000664,2025-01-18T05:21:11+00:00,966.76,GBP,posted,credit
L00005232,T00005232,A000762,2026-07-24T18:12:11+00:00,4874.34,INR,posted,credit
L00005233,T00005233,A001362,2026-04-06T10:44:39+00:00,2494.15,USD,posted,credit
L00005234,T00005234,A000417,2026-01-23T21:49:44+00:00,3215.25,USD,posted,credit
L00005235,T00005235,A001470,2025-02-02T08:29:34+00:00,3245.61,EUR,posted,credit
L00005236,T00005236,A000410,2026-07-02T19:55:07+00:00,1908.21,CAD,posted,credit
L00005237,T00005237,A001313,2025-03-14T20:35:45+00:00,3209.81,EUR,posted,credit
L00005238,T00005238,A001171,2025-09-15T06:13:46+00:00,835.36,GBP,posted,credit
L00005239,T00005239,A001122,2025-10-22T09:44:10+00:00,3475.23,INR,posted,credit
L00005240,T00005240,A000915,2025-03-23T14:00:11+00:00,4217.51,GBP,posted,credit
L00005241,T00005241,A000059,2026-06-01T04:11:57+00:00,3818.69,GBP,posted,credit
L00005242,T00005242,A001345,2025-07-12T09:47:35+00:00,2875.34,CAD,posted,credit
L00005243,T00005243,A000235,2025-06-23T15:18:32+00:00,2499.58,CAD,posted,credit
L00005244,T00005244,A000849,2026-06-16T19:29:29+00:00,3558.09,USD,posted,credit
L00005245,T00005245,A001432,2025-10-29T09:07:17+00:00,1361.37,USD,posted,credit
L00005246,T00005246,A001455,2025-09-12T20:11:37+00:00,2893.65,INR,posted,credit
L00005247,T00005247,A001415,2025-01-04T04:16:37+00:00,483.30,USD,posted,credit
L00005248,T00005248,A001125,2026-02-28T23:32:03+00:00,1875.03,USD,posted,credit
L00005249,T00005249,A001071,2025-03-24T00:17:40+00:00,3309.16,EUR,posted,credit
L00005250,T00005250,A000669,2025-04-06T07:29:00+00:00,3588.97,GBP,posted,credit
L00005251,T00005251,A000101,2025-04-23T15:50:11+00:00,796.35,GBP,posted,credit
L00005252,T00005252,A000022,2025-01-02T21:54:17+00:00,4178.11,CAD,posted,credit
L00005253,T00005253,A000397,2026-05-19T20:33:22+00:00,1904.03,GBP,posted,credit
L00005254,T00005254,A001175,2026-09-09T07:17:09+00:00,3802.57,USD,posted,credit
L00005255,T00005255,A000074,2026-03-29T16:05:00+00:00,3243.09,INR,posted,credit
L00005256,T00005256,A000495,2025-09-13T01:07:34+00:00,1863.39,INR,posted,credit
L00005257,T00005257,A000133,2026-07-30T01:18:35+00:00,1105.25,EUR,posted,credit
L00005258,T00005258,A000677,2025-01-29T05:43:01+00:00,614.70,EUR,posted,credit
L00005259,T00005259,A001356,2026-08-29T19:05:44+00:00,27.39,INR,posted,credit
L00005260,T00005260,A001178,2026-04-01T11:32:20+00:00,4842.47,INR,posted,credit
L00005261,T00005261,A001399,2025-07-19T14:23:40+00:00,2112.51,USD,posted,credit
L00005262,T00005262,A000855,2026-08-19T07:00:14+00:00,513.45,USD,posted,credit
L00005263,T00005263,A000985,2025-03-06T21:57:56+00:00,3458.16,CAD,posted,credit
L00005264,T00005264,A001311,2026-09-04T06:43:36+00:00,887.19,USD,posted,credit
L00005265,T00005265,A000478,2026-05-15T15:45:58+00:00,1594.00,USD,posted,credit
L00005266,T00005266,A000383,2026-02-02T04:45:36+00:00,4313.90,CAD,posted,credit
L00005267,T00005267,A000085,2026-05-23T20:53:54+00:00,3668.61,GBP,posted,credit
L00005268,T00005268,A001022,2025-01-29T14:06:32+00:00,4394.83,EUR,posted,credit
L00005269,T00005269,A000031,2026-03-28T18:14:05+00:00,3260.95,CAD,posted,credit
L00005270,T00005270,A000157,2025-12-07T16:00:36+00:00,3967.83,USD,posted,credit
L00005271,T00005271,A000627,2025-12-17T03:22:39+00:00,3626.12,CAD,posted,credit
L00005272,T00005272,A000866,2025-03-31T05:49:08+00:00,113.45,GBP,posted,credit
L00005273,T00005273,A001049,2025-11-29T07:30:25+00:00,1018.62,USD,posted,credit
L00005274,T00005274,A001230,2026-08-01T21:52:36+00:00,1932.05,EUR,posted,credit
L00005275,T00005275,A001329,2026-06-13T16:31:45+00:00,713.53,USD,posted,credit
L00005276,T00005276,A000676,2025-07-01T23:13:54+00:00,741.39,USD,posted,credit
L00005277,T00005277,A001039,2025-05-24T23:56:56+00:00,1449.64,INR,posted,credit
L00005278,T00005278,A001325,2025-08-06T17:34:40+00:00,3553.37,INR,posted,credit
L00005279,T00005279,A000858,2026-01-22T16:44:21+00:00,2473.45,CAD,posted,credit
L00005280,T00005280,A000243,2025-05-20T20:13:20+00:00,4915.48,CAD,posted,credit
L00005281,T00005281,A000875,2025-11-27T20:04:42+00:00,120.79,GBP,posted,credit
L00005282,T00005282,A001006,2026-07-21T05:55:05+00:00,3192.19,USD,posted,credit
L00005283,T00005283,A000587,2025-03-19T12:57:54+00:00,1513.95,USD,posted,credit
L00005284,T00005284,A000610,2025-08-23T19:26:35+00:00,3372.78,GBP,posted,credit
L00005285,T00005285,A001396,2025-12-02T20:01:44+00:00,314.20,GBP,posted,credit
L00005286,T00005286,A000201,2025-07-21T18:28:02+00:00,1917.89,INR,posted,credit
L00005287,T00005287,A000095,2026-08-01T12:52:18+00:00,2784.53,USD,posted,credit
L00005288,T00005288,A000894,2026-07-17T10:51:15+00:00,779.67,INR,posted,credit
L00005289,T00005289,A001143,2025-04-30T06:49:59+00:00,3362.77,GBP,posted,credit
L00005290,T00005290,A000764,2026-06-30T12:41:39+00:00,350.68,EUR,posted,credit
L00005291,T00005291,A000066,2026-01-24T18:27:19+00:00,167.75,CAD,posted,credit
L00005292,T00005292,A001298,2025-05-07T21:49:34+00:00,79.63,EUR,posted,credit
L00005293,T00005293,A000366,2025-05-03T11:23:29+00:00,4046.09,EUR,posted,credit
L00005294,T00005294,A001056,2025-10-17T06:43:10+00:00,2143.60,GBP,posted,credit
L00005295,T00005295,A000013,2025-06-16T06:09:32+00:00,853.63,USD,posted,credit
L00005296,T00005296,A000096,2025-06-01T09:57:12+00:00,3688.70,GBP,posted,credit
L00005297,T00005297,A000050,2026-04-05T10:39:36+00:00,962.43,INR,posted,credit
L00005298,T00005298,A000042,2025-07-31T10:11:20+00:00,3128.66,EUR,posted,credit
L00005299,T00005299,A001321,2025-08-30T07:25:16+00:00,2762.09,CAD,posted,credit
L00005300,T00005300,A001399,2025-02-05T07:36:22+00:00,4332.76,USD,posted,credit
L00005301,T00005301,A000097,2025-09-07T02:02:59+00:00,1858.19,INR,posted,credit
L00005302,T00005302,A000087,2026-02-16T02:37:59+00:00,3378.36,CAD,posted,credit
L00005303,T00005303,A000636,2025-07-27T19:28:45+00:00,4005.41,INR,posted,credit
L00005304,T00005304,A000346,2026-07-10T02:42:01+00:00,4843.92,INR,posted,credit
L00005305,T00005305,A000298,2025-10-06T12:26:53+00:00,2164.60,INR,posted,credit
L00005306,T00005306,A000536,2026-06-28T13:22:08+00:00,4182.54,USD,posted,credit
L00005307,T00005307,A001125,2025-12-02T09:38:49+00:00,18.33,USD,posted,credit
L00005308,T00005308,A000243,2026-04-04T16:04:55+00:00,2746.45,CAD,posted,credit
L00005309,T00005309,A000813,2026-02-02T17:22:54+00:00,2354.85,INR,posted,credit
L00005310,T00005310,A001022,2026-06-10T02:51:48+00:00,3217.61,EUR,posted,credit
L00005311,T00005311,A000483,2026-02-07T20:33:59+00:00,1159.94,USD,posted,credit
L00005312,T00005312,A000440,2025-04-14T16:13:25+00:00,4314.02,CAD,posted,credit
L00005313,T00005313,A000269,2026-04-27T16:57:55+00:00,3931.76,EUR,posted,credit
L00005314,T00005314,A001189,2025-06-26T01:36:28+00:00,3617.57,GBP,posted,credit
L00005315,T00005315,A000907,2025-10-14T07:00:09+00:00,2837.61,USD,posted,credit
L00005316,T00005316,A001186,2025-07-23T13:24:15+00:00,4832.44,EUR,posted,credit
L00005317,T00005317,A001027,2026-01-28T16:20:59+00:00,4693.19,GBP,posted,credit
L00005318,T00005318,A000995,2025-04-12T01:45:32+00:00,3374.68,GBP,posted,credit
L00005319,T00005319,A000213,2026-02-01T03:20:21+00:00,3347.97,INR,posted,credit
L00005320,T00005320,A000396,2025-06-20T03:25:26+00:00,2630.70,USD,posted,credit
L00005321,T00005321,A000489,2026-09-10T10:42:34+00:00,3162.58,EUR,posted,credit
L00005322,T00005322,A001247,2025-09-25T20:06:11+00:00,4996.28,EUR,posted,credit
L00005323,T00005323,A000725,2026-05-26T18:15:42+00:00,26.29,CAD,posted,credit
L00005324,T00005324,A000260,2025-12-27T17:13:07+00:00,3390.93,USD,posted,credit
L00005325,T00005325,A001337,2025-07-16T15:13:39+00:00,2151.13,USD,posted,credit
L00005326,T00005326,A001475,2025-03-12T15:40:26+00:00,4898.97,USD,posted,credit
L00005327,T00005327,A001374,2025-08-23T02:16:55+00:00,4157.63,USD,posted,credit
L00005328,T00005328,A000746,2026-06-15T18:10:28+00:00,996.92,GBP,posted,credit
L00005329,T00005329,A001206,2025-12-20T04:22:04+00:00,1824.66,INR,posted,credit
L00005330,T00005330,A001138,2025-05-16T11:46:48+00:00,1334.09,GBP,posted,credit
L00005331,T00005331,A000157,2025-07-06T17:19:47+00:00,267.94,USD,posted,credit
L00005332,T00005332,A000577,2026-06-10T05:31:22+00:00,2766.80,GBP,posted,credit
L00005333,T00005333,A001036,2026-05-04T14:46:47+00:00,113.19,INR,posted,credit
L00005334,T00005334,A000710,2025-11-03T03:43:41+00:00,258.43,GBP,posted,credit
L00005335,T00005335,A000875,2025-08-26T04:44:19+00:00,3723.82,GBP,posted,credit
L00005336,T00005336,A000913,2025-07-22T16:10:31+00:00,519.27,EUR,posted,credit
L00005337,T00005337,A000664,2026-05-08T21:12:29+00:00,2028.49,GBP,posted,credit
L00005338,T00005338,A000728,2025-03-07T10:12:30+00:00,476.73,GBP,posted,credit
L00005339,T00005339,A000787,2025-06-04T15:53:16+00:00,3482.36,EUR,posted,credit
L00005340,T00005340,A000136,2025-07-25T16:18:35+00:00,1355.25,CAD,posted,credit
L00005341,T00005341,A000629,2025-12-30T11:02:47+00:00,1380.89,EUR,posted,credit
L00005342,T00005342,A000374,2025-08-21T05:16:20+00:00,2138.98,USD,posted,credit
L00005343,T00005343,A000360,2025-10-23T20:14:11+00:00,2782.74,CAD,posted,credit
L00005344,T00005344,A000513,2025-02-20T06:47:07+00:00,220.23,INR,posted,credit
L00005345,T00005345,A001234,2025-11-09T22:13:43+00:00,334.68,GBP,posted,credit
L00005346,T00005346,A001275,2025-08-15T06:07:23+00:00,1762.58,CAD,posted,credit
L00005347,T00005347,A000482,2026-05-15T11:12:30+00:00,1604.44,GBP,posted,credit
L00005348,T00005348,A000917,2025-06-21T11:52:53+00:00,6.56,EUR,posted,credit
L00005349,T00005349,A001044,2025-09-29T06:40:35+00:00,3449.41,EUR,posted,credit
L00005350,T00005350,A000201,2026-03-06T12:33:17+00:00,4458.29,INR,posted,credit
L00005351,T00005351,A001476,2026-01-18T01:31:37+00:00,1605.93,INR,posted,credit
L00005352,T00005352,A000122,2025-06-12T08:26:14+00:00,4321.24,INR,posted,credit
L00005353,T00005353,A000161,2026-07-27T11:23:00+00:00,664.00,INR,posted,credit
L00005354,T00005354,A001316,2026-04-30T17:26:49+00:00,2478.69,EUR,posted,credit
L00005355,T00005355,A001331,2025-07-12T14:51:33+00:00,2818.68,USD,posted,credit
L00005356,T00005356,A000213,2025-06-02T00:40:01+00:00,4134.54,INR,posted,credit
L00005357,T00005357,A000228,2026-02-17T20:42:50+00:00,18.14,EUR,posted,credit
L00005358,T00005358,A000073,2026-01-31T03:48:59+00:00,3968.30,USD,posted,credit
L00005359,T00005359,A000793,2026-07-15T15:44:27+00:00,1807.55,USD,posted,credit
L00005360,T00005360,A001249,2026-08-21T17:42:51+00:00,3873.26,USD,posted,credit
L00005361,T00005361,A001101,2025-07-27T11:46:07+00:00,3640.38,USD,posted,credit
L00005362,T00005362,A000848,2025-09-26T05:36:03+00:00,391.51,GBP,posted,credit
L00005363,T00005363,A001350,2025-04-12T16:02:53+00:00,473.86,CAD,posted,credit
L00005364,T00005364,A000416,2026-02-20T16:05:16+00:00,1375.48,EUR,posted,credit
L00005365,T00005365,A000525,2026-06-17T06:47:16+00:00,3228.43,USD,posted,credit
L00005366,T00005366,A001252,2025-04-06T03:14:51+00:00,447.85,CAD,posted,credit
L00005367,T00005367,A000243,2025-08-11T18:58:32+00:00,1628.68,CAD,posted,credit
L00005368,T00005368,A000392,2025-01-31T12:50:47+00:00,4507.47,INR,posted,credit
L00005369,T00005369,A001421,2025-08-14T15:20:40+00:00,3846.35,CAD,posted,credit
L00005370,T00005370,A000451,2025-09-14T04:19:44+00:00,2923.35,USD,posted,credit
L00005371,T00005371,A000961,2025-03-04T03:26:29+00:00,1342.32,EUR,posted,credit
L00005372,T00005372,A000925,2026-05-18T19:57:04+00:00,3519.28,USD,posted,credit
L00005373,T00005373,A000990,2025-05-07T01:36:42+00:00,843.66,USD,posted,credit
L00005374,T00005374,A001471,2025-06-17T04:42:28+00:00,575.29,GBP,posted,credit
L00005375,T00005375,A000920,2026-06-05T21:56:12+00:00,3582.90,GBP,posted,credit
L00005376,T00005376,A000942,2025-12-02T20:22:03+00:00,4543.54,CAD,posted,credit
L00005377,T00005377,A000907,2025-03-09T09:48:17+00:00,3990.32,USD,posted,credit
L00005378,T00005378,A000151,2026-07-01T03:37:54+00:00,4341.85,GBP,posted,credit
L00005379,T00005379,A001431,2026-03-13T21:12:49+00:00,3767.92,USD,posted,credit
L00005380,T00005380,A001443,2026-04-14T04:11:10+00:00,3222.30,USD,posted,credit
L00005381,T00005381,A000246,2026-03-07T15:53:00+00:00,646.14,EUR,posted,credit
L00005382,T00005382,A000910,2026-06-05T18:22:30+00:00,520.09,CAD,posted,credit
L00005383,T00005383,A000776,2025-01-02T23:35:02+00:00,823.96,INR,posted,credit
L00005384,T00005384,A001063,2025-11-23T13:56:59+00:00,492.93,EUR,posted,credit
L00005385,T00005385,A001150,2026-04-23T13:57:58+00:00,4679.52,USD,posted,credit
L00005386,T00005386,A000764,2025-08-27T06:21:37+00:00,1874.05,EUR,posted,credit
L00005387,T00005387,A000475,2026-05-10T13:58:18+00:00,3863.80,CAD,posted,credit
L00005388,T00005388,A000330,2025-09-14T04:55:25+00:00,170.40,GBP,posted,credit
L00005389,T00005389,A001459,2025-03-30T01:56:55+00:00,2412.99,CAD,posted,credit
L00005390,T00005390,A000504,2026-01-26T12:44:37+00:00,1572.85,CAD,posted,credit
L00005391,T00005391,A001467,2025-07-13T21:13:30+00:00,3737.13,EUR,posted,credit
L00005392,T00005392,A000417,2025-09-14T16:33:55+00:00,2162.49,USD,posted,credit
L00005393,T00005393,A000903,2026-05-31T19:11:35+00:00,4883.68,CAD,posted,credit
L00005394,T00005394,A000481,2025-07-25T10:53:52+00:00,1217.06,EUR,posted,credit
L00005395,T00005395,A000260,2026-09-10T04:31:56+00:00,4802.77,USD,posted,credit
L00005396,T00005396,A001485,2026-02-18T19:28:17+00:00,505.08,INR,posted,credit
L00005397,T00005397,A001134,2025-11-28T10:28:28+00:00,3118.77,USD,posted,credit
L00005398,T00005398,A000214,2026-06-22T10:28:19+00:00,3811.29,CAD,posted,credit
L00005399,T00005399,A000622,2026-02-14T05:40:06+00:00,4352.41,GBP,posted,credit
L00005400,T00005400,A000186,2026-04-15T21:43:04+00:00,1511.06,EUR,posted,credit
L00005401,T00005401,A001217,2026-06-18T04:51:37+00:00,1929.26,CAD,posted,credit
L00005402,T00005402,A000366,2025-09-09T21:11:34+00:00,2242.50,EUR,posted,credit
L00005403,T00005403,A000986,2025-06-20T19:38:05+00:00,4567.27,CAD,posted,credit
L00005404,T00005404,A000443,2025-10-10T17:17:24+00:00,2388.53,CAD,posted,credit
L00005405,T00005405,A001010,2026-04-09T12:04:50+00:00,2931.36,INR,posted,credit
L00005406,T00005406,A000873,2026-09-05T06:10:40+00:00,3543.75,CAD,posted,credit
L00005407,T00005407,A001339,2025-10-04T14:34:07+00:00,4888.40,CAD,posted,credit
L00005408,T00005408,A000121,2026-03-28T14:15:27+00:00,354.06,EUR,posted,credit
L00005409,T00005409,A000854,2026-01-15T22:49:22+00:00,1350.57,USD,posted,credit
L00005410,T00005410,A001104,2026-05-17T11:40:18+00:00,3307.12,USD,posted,credit
L00005411,T00005411,A000657,2025-02-05T11:05:59+00:00,4435.29,INR,posted,credit
L00005412,T00005412,A001046,2026-08-17T02:25:00+00:00,4361.15,INR,posted,credit
L00005413,T00005413,A000008,2026-07-05T17:45:42+00:00,1624.83,USD,posted,credit
L00005414,T00005414,A001333,2026-02-26T21:49:08+00:00,1209.95,EUR,posted,credit
L00005415,T00005415,A001104,2025-01-30T07:13:36+00:00,1794.91,USD,posted,credit
L00005416,T00005416,A000885,2025-12-18T14:39:46+00:00,1560.53,INR,posted,credit
L00005417,T00005417,A000723,2025-07-12T01:00:11+00:00,3734.06,CAD,posted,credit
L00005418,T00005418,A000474,2025-01-25T09:28:06+00:00,2047.52,INR,posted,credit
L00005419,T00005419,A001339,2025-06-26T14:38:27+00:00,3928.15,CAD,posted,credit
L00005420,T00005420,A000479,2026-08-30T02:34:14+00:00,351.45,GBP,posted,credit
L00005421,T00005421,A001072,2025-06-26T03:19:28+00:00,1608.11,USD,posted,credit
L00005422,T00005422,A001064,2026-04-15T18:39:05+00:00,4155.83,USD,posted,credit
L00005423,T00005423,A000553,2025-01-24T15:19:38+00:00,3860.60,INR,posted,credit
L00005424,T00005424,A001141,2026-03-15T10:33:10+00:00,861.27,USD,posted,credit
L00005425,T00005425,A000627,2026-08-06T21:26:34+00:00,498.92,CAD,posted,credit
L00005426,T00005426,A000298,2025-02-19T17:56:07+00:00,2546.21,INR,posted,credit
L00005427,T00005427,A001499,2026-06-27T00:27:05+00:00,318.88,EUR,posted,credit
L00005428,T00005428,A000817,2025-09-16T17:36:39+00:00,3590.21,USD,posted,credit
L00005429,T00005429,A001244,2026-03-22T21:33:06+00:00,2330.43,CAD,posted,credit
L00005430,T00005430,A000010,2025-06-17T08:08:14+00:00,4727.29,GBP,posted,credit
L00005431,T00005431,A000615,2025-06-17T10:31:53+00:00,4475.39,EUR,posted,credit
L00005432,T00005432,A000389,2025-11-12T21:10:11+00:00,3570.95,INR,posted,credit
L00005433,T00005433,A000484,2025-06-10T22:35:55+00:00,104.29,CAD,posted,credit
L00005434,T00005434,A000922,2026-03-31T01:29:11+00:00,175.79,EUR,posted,credit
L00005435,T00005435,A000156,2026-09-06T06:36:49+00:00,4849.39,CAD,posted,credit
L00005436,T00005436,A000109,2025-10-04T11:41:03+00:00,2477.21,CAD,posted,credit
L00005437,T00005437,A001322,2025-09-18T17:30:39+00:00,743.78,INR,posted,credit
L00005438,T00005438,A000367,2026-08-21T10:38:22+00:00,1030.45,GBP,posted,credit
L00005439,T00005439,A001434,2026-02-08T06:34:44+00:00,1492.67,CAD,posted,credit
L00005440,T00005440,A000836,2025-09-18T07:45:23+00:00,2055.92,USD,posted,credit
L00005441,T00005441,A000050,2026-07-08T10:37:14+00:00,1097.25,INR,posted,credit
L00005442,T00005442,A000022,2025-04-04T12:38:23+00:00,4499.53,CAD,posted,credit
L00005443,T00005443,A001267,2026-02-28T19:56:50+00:00,4658.67,EUR,posted,credit
L00005444,T00005444,A000028,2025-12-03T10:27:45+00:00,880.59,GBP,posted,credit
L00005445,T00005445,A001388,2026-03-20T04:27:13+00:00,439.06,GBP,posted,credit
L00005446,T00005446,A000437,2025-04-07T09:01:15+00:00,1502.92,CAD,posted,credit
L00005447,T00005447,A000175,2026-08-29T14:05:36+00:00,1909.72,GBP,posted,credit
L00005448,T00005448,A001131,2025-01-25T09:25:23+00:00,2047.77,GBP,posted,credit
L00005449,T00005449,A000797,2025-04-10T17:17:19+00:00,4687.61,GBP,posted,credit
L00005450,T00005450,A000575,2026-07-03T20:14:55+00:00,2812.97,GBP,posted,credit
L00005451,T00005451,A000942,2025-11-04T08:04:58+00:00,4097.22,CAD,posted,credit
L00005452,T00005452,A000557,2026-04-29T07:49:55+00:00,2370.17,GBP,posted,credit
L00005453,T00005453,A001499,2025-03-15T02:12:26+00:00,3839.53,EUR,posted,credit
L00005454,T00005454,A000270,2025-10-17T08:29:08+00:00,2488.20,INR,posted,credit
L00005455,T00005455,A001374,2025-12-22T05:24:27+00:00,2715.28,USD,posted,credit
L00005456,T00005456,A000805,2026-04-30T20:35:50+00:00,2644.59,INR,posted,credit
L00005457,T00005457,A000345,2026-06-19T14:26:27+00:00,4555.06,USD,posted,credit
L00005458,T00005458,A000628,2025-12-08T07:07:59+00:00,2426.66,GBP,posted,credit
L00005459,T00005459,A000730,2025-01-05T01:36:00+00:00,1743.35,GBP,posted,credit
L00005460,T00005460,A001344,2026-01-17T09:57:24+00:00,1436.15,INR,posted,credit
L00005461,T00005461,A001081,2026-05-14T14:07:25+00:00,1803.85,INR,posted,credit
L00005462,T00005462,A001071,2026-03-24T13:28:01+00:00,663.82,EUR,posted,credit
L00005463,T00005463,A001224,2026-04-09T16:49:36+00:00,2988.59,INR,posted,credit
L00005464,T00005464,A000698,2025-03-14T15:49:03+00:00,16.47,CAD,posted,credit
L00005465,T00005465,A000658,2026-06-28T03:18:11+00:00,3293.49,USD,posted,credit
L00005466,T00005466,A001432,2025-02-01T04:52:27+00:00,2279.79,USD,posted,credit
L00005467,T00005467,A000755,2026-04-23T22:49:14+00:00,1597.60,GBP,posted,credit
L00005468,T00005468,A000245,2025-07-17T15:35:26+00:00,103.04,INR,posted,credit
L00005469,T00005469,A000224,2025-11-25T00:54:34+00:00,3506.84,INR,posted,credit
L00005470,T00005470,A000686,2026-07-20T18:08:57+00:00,665.33,GBP,posted,credit
L00005471,T00005471,A001334,2025-07-23T03:28:07+00:00,4756.93,CAD,posted,credit
L00005472,T00005472,A001302,2026-07-30T15:20:21+00:00,4377.83,EUR,posted,credit
L00005473,T00005473,A000377,2025-07-06T07:44:50+00:00,639.31,GBP,posted,credit
L00005474,T00005474,A000663,2026-06-12T06:30:46+00:00,3881.95,CAD,posted,credit
L00005475,T00005475,A000668,2026-03-09T18:23:44+00:00,4319.50,GBP,posted,credit
L00005476,T00005476,A000181,2026-08-19T22:35:40+00:00,3543.58,CAD,posted,credit
L00005477,T00005477,A000751,2025-08-01T07:49:46+00:00,767.24,CAD,posted,credit
L00005478,T00005478,A000513,2026-05-02T05:11:45+00:00,1807.72,INR,posted,credit
L00005479,T00005479,A001453,2026-02-08T13:15:32+00:00,749.79,EUR,posted,credit
L00005480,T00005480,A001376,2026-04-20T10:25:13+00:00,742.93,USD,posted,credit
L00005481,T00005481,A000303,2026-07-16T11:04:23+00:00,2721.87,GBP,posted,credit
L00005482,T00005482,A000665,2025-08-30T00:03:10+00:00,135.13,GBP,posted,credit
L00005483,T00005483,A000569,2025-10-23T09:07:23+00:00,1962.80,CAD,posted,credit
L00005484,T00005484,A000166,2026-08-05T08:07:33+00:00,2105.91,GBP,posted,credit
L00005485,T00005485,A001353,2025-10-13T22:30:46+00:00,230.45,GBP,posted,credit
L00005486,T00005486,A001480,2026-04-20T20:48:18+00:00,4921.68,EUR,posted,credit
L00005487,T00005487,A001275,2026-03-29T11:04:18+00:00,2261.02,CAD,posted,credit
L00005488,T00005488,A001382,2025-12-28T14:25:06+00:00,3290.88,USD,posted,credit
L00005489,T00005489,A000624,2025-10-11T02:14:42+00:00,4931.33,GBP,posted,credit
L00005490,T00005490,A001491,2025-05-29T05:38:15+00:00,918.93,INR,posted,credit
L00005491,T00005491,A000946,2026-02-09T16:45:08+00:00,1259.77,USD,posted,credit
L00005492,T00005492,A001420,2025-09-17T11:50:03+00:00,1429.67,CAD,posted,credit
L00005493,T00005493,A000492,2025-12-05T00:47:28+00:00,4818.43,INR,posted,credit
L00005494,T00005494,A000791,2025-01-08T15:20:09+00:00,4604.57,EUR,posted,credit
L00005495,T00005495,A001017,2025-09-24T02:37:50+00:00,3675.54,EUR,posted,credit
L00005496,T00005496,A000504,2026-04-24T22:15:56+00:00,3054.44,CAD,posted,credit
L00005497,T00005497,A000342,2025-03-15T17:12:59+00:00,2404.98,CAD,posted,credit
L00005498,T00005498,A000412,2026-03-27T07:49:22+00:00,3411.75,EUR,posted,credit
L00005499,T00005499,A000804,2025-11-08T05:52:02+00:00,77.79,CAD,posted,credit
L00005500,T00005500,A000072,2026-07-26T13:17:51+00:00,321.74,INR,posted,credit
L00005501,T00005501,A000949,2026-01-10T06:04:37+00:00,1931.65,EUR,posted,credit
L00005502,T00005502,A001039,2025-03-28T07:57:08+00:00,4394.85,INR,posted,credit
L00005503,T00005503,A000058,2025-12-18T14:26:04+00:00,3305.20,GBP,posted,credit
L00005504,T00005504,A000553,2025-05-25T23:29:45+00:00,911.53,INR,posted,credit
L00005505,T00005505,A000782,2025-05-11T08:43:27+00:00,3719.01,GBP,posted,credit
L00005506,T00005506,A000959,2025-01-13T02:10:52+00:00,2552.77,CAD,posted,credit
L00005507,T00005507,A000576,2025-10-31T01:20:53+00:00,4159.92,GBP,posted,credit
L00005508,T00005508,A000503,2025-07-17T11:29:23+00:00,1621.01,USD,posted,credit
L00005509,T00005509,A001109,2025-01-16T08:11:13+00:00,1856.98,CAD,posted,credit
L00005510,T00005510,A000025,2025-10-18T16:16:21+00:00,183.50,USD,posted,credit
L00005511,T00005511,A001284,2026-07-05T10:02:12+00:00,3506.87,INR,posted,credit
L00005512,T00005512,A000689,2025-11-22T18:07:08+00:00,4314.44,INR,posted,credit
L00005513,T00005513,A000710,2025-03-10T06:33:26+00:00,127.79,GBP,posted,credit
L00005514,T00005514,A001024,2025-05-11T06:45:58+00:00,222.69,USD,posted,credit
L00005515,T00005515,A000297,2026-09-07T19:53:39+00:00,3135.05,EUR,posted,credit
L00005516,T00005516,A001387,2026-04-22T05:48:16+00:00,2655.75,INR,posted,credit
L00005517,T00005517,A001050,2026-06-18T07:26:34+00:00,4870.14,INR,posted,credit
L00005518,T00005518,A001007,2025-10-10T22:01:58+00:00,4246.31,EUR,posted,credit
L00005519,T00005519,A000117,2025-06-30T13:27:23+00:00,4031.28,INR,posted,credit
L00005520,T00005520,A000962,2026-05-17T08:23:32+00:00,2841.18,USD,posted,credit
L00005521,T00005521,A000238,2026-06-17T08:40:46+00:00,351.39,GBP,posted,credit
L00005522,T00005522,A000116,2026-04-24T12:55:25+00:00,2321.47,CAD,posted,credit
L00005523,T00005523,A000921,2026-02-26T05:22:43+00:00,3124.74,CAD,posted,credit
L00005524,T00005524,A001151,2026-02-15T09:25:24+00:00,4089.10,EUR,posted,credit
L00005525,T00005525,A000927,2025-07-02T07:10:21+00:00,565.29,EUR,posted,credit
L00005526,T00005526,A000443,2025-07-23T01:23:24+00:00,4768.11,CAD,posted,credit
L00005527,T00005527,A000039,2026-04-23T09:42:46+00:00,4877.16,USD,posted,credit
L00005528,T00005528,A000788,2026-09-05T06:16:07+00:00,3042.83,USD,posted,credit
L00005529,T00005529,A001194,2025-02-13T09:01:00+00:00,2156.27,USD,posted,credit
L00005530,T00005530,A000739,2025-07-29T04:27:55+00:00,2213.61,GBP,posted,credit
L00005531,T00005531,A000417,2025-12-23T05:49:54+00:00,1919.84,USD,posted,credit
L00005532,T00005532,A000039,2025-02-26T10:54:38+00:00,2169.92,USD,posted,credit
L00005533,T00005533,A000812,2026-02-03T05:02:08+00:00,1654.94,EUR,posted,credit
L00005534,T00005534,A000547,2026-09-02T19:35:20+00:00,2279.95,EUR,posted,credit
L00005535,T00005535,A000561,2026-08-10T00:19:49+00:00,3432.92,GBP,posted,credit
L00005536,T00005536,A000582,2026-01-03T05:03:00+00:00,244.69,EUR,posted,credit
L00005537,T00005537,A001392,2026-06-01T18:41:30+00:00,3953.73,CAD,posted,credit
L00005538,T00005538,A001206,2025-03-19T17:51:41+00:00,618.87,INR,posted,credit
L00005539,T00005539,A000158,2026-05-09T02:41:22+00:00,3543.42,EUR,posted,credit
L00005540,T00005540,A000230,2025-02-03T19:15:43+00:00,766.76,EUR,posted,credit
L00005541,T00005541,A001352,2025-06-12T04:28:45+00:00,3132.11,CAD,posted,credit
L00005542,T00005542,A001314,2026-05-09T06:19:43+00:00,1847.87,EUR,posted,credit
L00005543,T00005543,A000779,2025-01-14T04:43:39+00:00,3320.18,GBP,posted,credit
L00005544,T00005544,A001278,2025-10-06T02:01:11+00:00,3921.23,EUR,posted,credit
L00005545,T00005545,A000390,2026-02-02T07:15:58+00:00,1247.36,CAD,posted,credit
L00005546,T00005546,A000777,2025-10-08T14:46:26+00:00,517.49,CAD,posted,credit
L00005547,T00005547,A001051,2025-01-19T02:37:25+00:00,1408.66,EUR,posted,credit
L00005548,T00005548,A001121,2025-11-15T11:48:25+00:00,4156.58,EUR,posted,credit
L00005549,T00005549,A000516,2025-11-28T00:35:55+00:00,1242.13,GBP,posted,credit
L00005550,T00005550,A001059,2025-08-20T19:29:14+00:00,2333.24,INR,posted,credit
L00005551,T00005551,A001322,2025-03-03T23:15:15+00:00,4103.37,INR,posted,credit
L00005552,T00005552,A001071,2025-08-05T07:00:33+00:00,2714.08,EUR,posted,credit
L00005553,T00005553,A000142,2026-04-19T19:21:41+00:00,4249.10,USD,posted,credit
L00005554,T00005554,A001061,2026-06-27T19:36:18+00:00,2933.92,CAD,posted,credit
L00005555,T00005555,A000757,2025-04-19T04:14:06+00:00,562.67,CAD,posted,credit
L00005556,T00005556,A000115,2026-09-11T09:30:33+00:00,2309.89,GBP,posted,credit
L00005557,T00005557,A000073,2025-09-23T05:35:28+00:00,3527.91,USD,posted,credit
L00005558,T00005558,A001090,2026-06-29T06:38:39+00:00,3132.19,INR,posted,credit
L00005559,T00005559,A000610,2025-03-07T10:33:02+00:00,2258.36,GBP,posted,credit
L00005560,T00005560,A001282,2025-10-15T04:26:40+00:00,4278.56,INR,posted,credit
L00005561,T00005561,A001400,2025-06-23T16:21:42+00:00,558.76,EUR,posted,credit
L00005562,T00005562,A001467,2026-03-02T03:31:50+00:00,1696.37,EUR,posted,credit
L00005563,T00005563,A000128,2025-10-23T00:14:17+00:00,2950.43,CAD,posted,credit
L00005564,T00005564,A001217,2026-05-09T07:02:09+00:00,2713.80,CAD,posted,credit
L00005565,T00005565,A000276,2025-05-11T02:20:54+00:00,2311.17,GBP,posted,credit
L00005566,T00005566,A000363,2026-02-05T05:17:08+00:00,2637.40,CAD,posted,credit
L00005567,T00005567,A001354,2025-11-29T08:38:20+00:00,620.42,CAD,posted,credit
L00005568,T00005568,A001013,2025-08-02T09:18:59+00:00,72.02,USD,posted,credit
L00005569,T00005569,A000332,2025-02-04T10:44:11+00:00,4733.65,CAD,posted,credit
L00005570,T00005570,A001113,2025-07-21T07:58:47+00:00,1774.60,GBP,posted,credit
L00005571,T00005571,A000113,2025-03-30T06:37:42+00:00,2717.92,CAD,posted,credit
L00005572,T00005572,A000050,2025-03-26T05:27:55+00:00,1127.36,INR,posted,credit
L00005573,T00005573,A001273,2026-07-05T20:33:59+00:00,3050.98,CAD,posted,credit
L00005574,T00005574,A000485,2026-02-19T21:12:06+00:00,3680.70,EUR,posted,credit
L00005575,T00005575,A001309,2025-12-18T18:01:49+00:00,3085.78,EUR,posted,credit
L00005576,T00005576,A000807,2026-08-31T16:57:27+00:00,4852.17,INR,posted,credit
L00005577,T00005577,A001429,2025-12-28T03:48:24+00:00,400.45,GBP,posted,credit
L00005578,T00005578,A000192,2025-10-29T07:20:07+00:00,1942.51,INR,posted,credit
L00005579,T00005579,A000973,2026-02-19T16:11:55+00:00,2559.22,CAD,posted,credit
L00005580,T00005580,A000621,2025-03-05T19:32:40+00:00,2667.75,INR,posted,credit
L00005581,T00005581,A000703,2025-02-27T09:15:36+00:00,1347.08,INR,posted,credit
L00005582,T00005582,A000820,2025-08-31T15:58:26+00:00,2503.29,USD,posted,credit
L00005583,T00005583,A001458,2026-08-22T20:34:53+00:00,3519.15,INR,posted,credit
L00005584,T00005584,A001422,2026-02-01T15:55:26+00:00,3970.24,CAD,posted,credit
L00005585,T00005585,A000300,2026-01-27T04:59:06+00:00,355.53,CAD,posted,credit
L00005586,T00005586,A000303,2025-07-17T04:46:10+00:00,917.99,GBP,posted,credit
L00005587,T00005587,A000433,2026-05-09T02:58:48+00:00,2237.95,INR,posted,credit
L00005588,T00005588,A000358,2026-07-23T01:36:36+00:00,199.92,INR,posted,credit
L00005589,T00005589,A001268,2026-04-26T04:15:29+00:00,2609.66,CAD,posted,credit
L00005590,T00005590,A001440,2026-05-25T21:42:17+00:00,59.71,EUR,posted,credit
L00005591,T00005591,A001133,2025-09-20T04:53:23+00:00,4502.62,GBP,posted,credit
L00005592,T00005592,A001216,2026-03-03T18:12:29+00:00,3242.20,INR,posted,credit
L00005593,T00005593,A000865,2025-06-01T03:10:36+00:00,4762.12,GBP,posted,credit
L00005594,T00005594,A001466,2025-01-12T06:40:18+00:00,1923.70,USD,posted,credit
L00005595,T00005595,A000059,2025-05-18T07:53:11+00:00,2689.19,GBP,posted,credit
L00005596,T00005596,A001091,2026-03-30T11:20:37+00:00,823.14,INR,posted,credit
L00005597,T00005597,A000120,2026-03-03T18:08:09+00:00,1825.73,INR,posted,credit
L00005598,T00005598,A000090,2026-04-04T17:26:51+00:00,3449.83,USD,posted,credit
L00005599,T00005599,A000082,2025-08-28T00:46:08+00:00,3866.50,INR,posted,credit
L00005600,T00005600,A000979,2026-01-28T19:14:55+00:00,197.00,CAD,posted,credit
L00005601,T00005601,A001225,2025-01-27T10:07:57+00:00,4940.58,CAD,posted,credit
L00005602,T00005602,A000878,2026-04-17T21:17:10+00:00,4422.76,EUR,posted,credit
L00005603,T00005603,A000823,2026-09-05T11:24:12+00:00,1835.94,INR,posted,credit
L00005604,T00005604,A000375,2026-05-30T18:27:31+00:00,4602.84,CAD,posted,credit
L00005605,T00005605,A000036,2025-10-18T09:30:35+00:00,4534.77,INR,posted,credit
L00005606,T00005606,A001225,2026-06-22T10:12:49+00:00,2693.11,CAD,posted,credit
L00005607,T00005607,A000087,2026-02-07T03:51:56+00:00,257.07,CAD,posted,credit
L00005608,T00005608,A001271,2026-06-01T16:19:09+00:00,2943.51,CAD,posted,credit
L00005609,T00005609,A001414,2025-03-21T01:36:06+00:00,1531.39,EUR,posted,credit
L00005610,T00005610,A000028,2025-11-23T04:57:10+00:00,1322.86,GBP,posted,credit
L00005611,T00005611,A000092,2026-01-26T21:50:50+00:00,438.92,USD,posted,credit
L00005612,T00005612,A000558,2026-04-17T12:27:33+00:00,1608.67,CAD,posted,credit
L00005613,T00005613,A000346,2026-06-26T01:20:36+00:00,1337.70,INR,posted,credit
L00005614,T00005614,A001304,2025-12-07T07:59:50+00:00,3850.61,GBP,posted,credit
L00005615,T00005615,A001248,2026-06-21T15:08:04+00:00,4027.21,INR,posted,credit
L00005616,T00005616,A000313,2025-12-25T05:41:35+00:00,4787.81,INR,posted,credit
L00005617,T00005617,A000229,2025-11-05T01:51:36+00:00,4974.02,USD,posted,credit
L00005618,T00005618,A000148,2025-05-09T10:04:47+00:00,3016.24,INR,posted,credit
L00005619,T00005619,A000660,2026-07-18T08:50:54+00:00,1725.82,USD,posted,credit
L00005620,T00005620,A000230,2026-01-21T08:58:40+00:00,405.27,EUR,posted,credit
L00005621,T00005621,A000067,2025-02-22T04:25:29+00:00,2459.80,USD,posted,credit
L00005622,T00005622,A000664,2026-05-12T07:00:33+00:00,3082.11,GBP,posted,credit
L00005623,T00005623,A000156,2025-08-05T08:48:19+00:00,4366.23,CAD,posted,credit
L00005624,T00005624,A000464,2026-06-30T21:48:34+00:00,2561.83,CAD,posted,credit
L00005625,T00005625,A000004,2025-02-08T10:41:29+00:00,1670.74,GBP,posted,credit
L00005626,T00005626,A000815,2025-10-01T02:20:21+00:00,3382.39,INR,posted,credit
L00005627,T00005627,A000742,2025-03-31T13:37:55+00:00,1654.31,CAD,posted,credit
L00005628,T00005628,A000570,2025-01-27T01:38:07+00:00,4883.20,CAD,posted,credit
L00005629,T00005629,A001191,2026-05-25T21:48:22+00:00,2992.26,INR,posted,credit
L00005630,T00005630,A000347,2026-09-04T08:49:59+00:00,4726.02,CAD,posted,credit
L00005631,T00005631,A001385,2025-06-06T13:04:00+00:00,2036.15,EUR,posted,credit
L00005632,T00005632,A000227,2026-08-20T14:03:05+00:00,4471.56,EUR,posted,credit
L00005633,T00005633,A000838,2025-08-02T03:35:05+00:00,4858.68,CAD,posted,credit
L00005634,T00005634,A001439,2025-04-25T00:17:36+00:00,4822.23,GBP,posted,credit
L00005635,T00005635,A000095,2025-11-04T15:45:10+00:00,3025.35,USD,posted,credit
L00005636,T00005636,A000213,2026-02-28T07:02:42+00:00,591.88,INR,posted,credit
L00005637,T00005637,A000301,2025-09-01T10:13:20+00:00,3020.49,USD,posted,credit
L00005638,T00005638,A001224,2026-01-10T06:30:12+00:00,4946.33,INR,posted,credit
L00005639,T00005639,A000729,2025-01-17T09:02:33+00:00,1596.13,GBP,posted,credit
L00005640,T00005640,A000988,2025-03-24T07:36:37+00:00,1866.96,EUR,posted,credit
L00005641,T00005641,A001137,2025-10-08T06:18:45+00:00,2477.65,EUR,posted,credit
L00005642,T00005642,A000168,2025-07-22T01:37:53+00:00,4854.68,CAD,posted,credit
L00005643,T00005643,A001145,2025-09-06T18:54:08+00:00,1083.21,USD,posted,credit
L00005644,T00005644,A001066,2025-11-14T14:59:46+00:00,4252.39,USD,posted,credit
L00005645,T00005645,A000378,2025-05-30T01:04:09+00:00,707.69,INR,posted,credit
L00005646,T00005646,A000208,2025-07-21T03:34:02+00:00,3461.65,GBP,posted,credit
L00005647,T00005647,A000464,2025-04-24T01:21:45+00:00,2612.70,CAD,posted,credit
L00005648,T00005648,A000907,2025-09-02T18:51:11+00:00,1719.91,USD,posted,credit
L00005649,T00005649,A000418,2026-05-14T10:51:44+00:00,3173.49,EUR,posted,credit
L00005650,T00005650,A000671,2026-08-12T14:44:23+00:00,3561.90,CAD,posted,credit
L00005651,T00005651,A001054,2025-02-02T23:06:51+00:00,3081.51,GBP,posted,credit
L00005652,T00005652,A000025,2025-07-30T11:41:22+00:00,2386.12,USD,posted,credit
L00005653,T00005653,A000279,2025-02-04T07:19:39+00:00,563.37,GBP,posted,credit
L00005654,T00005654,A001425,2026-02-22T23:07:12+00:00,396.87,USD,posted,credit
L00005655,T00005655,A001462,2026-04-28T22:42:02+00:00,1883.35,EUR,posted,credit
L00005656,T00005656,A001034,2025-09-29T07:39:20+00:00,1143.37,INR,posted,credit
L00005657,T00005657,A000734,2026-03-20T07:32:11+00:00,2583.89,INR,posted,credit
L00005658,T00005658,A000012,2025-05-16T00:16:38+00:00,2788.15,CAD,posted,credit
L00005659,T00005659,A000251,2026-03-19T17:34:18+00:00,882.94,EUR,posted,credit
L00005660,T00005660,A000709,2026-03-01T23:22:22+00:00,304.61,INR,posted,credit
L00005661,T00005661,A000598,2026-09-06T03:31:51+00:00,4447.82,EUR,posted,credit
L00005662,T00005662,A000723,2025-04-12T11:31:28+00:00,2561.50,CAD,posted,credit
L00005663,T00005663,A000799,2026-06-20T09:41:20+00:00,1956.64,INR,posted,credit
L00005664,T00005664,A000802,2025-07-04T21:02:13+00:00,4259.19,INR,posted,credit
L00005665,T00005665,A001087,2025-11-27T21:27:37+00:00,2886.47,USD,posted,credit
L00005666,T00005666,A000086,2026-09-07T19:20:54+00:00,607.44,GBP,posted,credit
L00005667,T00005667,A000995,2026-09-02T20:43:37+00:00,1778.57,GBP,posted,credit
L00005668,T00005668,A000158,2026-08-17T14:57:30+00:00,3742.04,EUR,posted,credit
L00005669,T00005669,A000498,2025-08-26T18:40:52+00:00,2986.87,INR,posted,credit
L00005670,T00005670,A001445,2026-05-08T00:47:57+00:00,1970.85,EUR,posted,credit
L00005671,T00005671,A000290,2025-08-19T08:37:55+00:00,2691.11,USD,posted,credit
L00005672,T00005672,A001307,2025-06-02T00:39:47+00:00,1440.10,CAD,posted,credit
L00005673,T00005673,A001185,2026-03-30T21:56:51+00:00,3183.14,INR,posted,credit
L00005674,T00005674,A000114,2025-01-28T12:03:24+00:00,1928.71,CAD,posted,credit
L00005675,T00005675,A000297,2025-06-20T21:00:14+00:00,1730.94,EUR,posted,credit
L00005676,T00005676,A001322,2026-01-18T14:22:06+00:00,4431.00,INR,posted,credit
L00005677,T00005677,A000649,2025-05-05T15:58:36+00:00,4801.78,INR,posted,credit
L00005678,T00005678,A000456,2025-07-08T12:38:06+00:00,3791.53,USD,posted,credit
L00005679,T00005679,A001185,2026-01-30T20:42:36+00:00,1102.79,INR,posted,credit
L00005680,T00005680,A000760,2025-10-16T18:26:23+00:00,1503.70,USD,posted,credit
L00005681,T00005681,A000172,2025-01-07T10:52:43+00:00,3315.73,INR,posted,credit
L00005682,T00005682,A001310,2026-03-29T03:15:39+00:00,2799.16,EUR,posted,credit
L00005683,T00005683,A000235,2026-03-27T10:12:18+00:00,3610.99,CAD,posted,credit
L00005684,T00005684,A001270,2025-03-11T04:05:46+00:00,1487.78,GBP,posted,credit
L00005685,T00005685,A001153,2025-12-31T22:50:50+00:00,639.68,GBP,posted,credit
L00005686,T00005686,A000304,2025-01-23T06:13:19+00:00,3382.77,EUR,posted,credit
L00005687,T00005687,A001067,2026-08-09T06:04:19+00:00,679.71,CAD,posted,credit
L00005688,T00005688,A000103,2025-12-14T08:35:41+00:00,4320.69,GBP,posted,credit
L00005689,T00005689,A000340,2026-08-14T05:38:46+00:00,2085.71,GBP,posted,credit
L00005690,T00005690,A000929,2025-05-19T20:52:30+00:00,4436.19,INR,posted,credit
L00005691,T00005691,A001265,2026-04-06T17:56:00+00:00,1340.35,EUR,posted,credit
L00005692,T00005692,A000873,2025-09-02T18:39:38+00:00,2848.04,CAD,posted,credit
L00005693,T00005693,A000531,2025-08-18T15:42:12+00:00,1426.68,EUR,posted,credit
L00005694,T00005694,A000553,2026-06-01T19:15:40+00:00,1607.47,INR,posted,credit
L00005695,T00005695,A000661,2025-06-14T10:25:35+00:00,3745.63,GBP,posted,credit
L00005696,T00005696,A000430,2025-03-08T21:55:40+00:00,1588.23,EUR,posted,credit
L00005697,T00005697,A000617,2026-07-03T01:18:59+00:00,79.06,GBP,posted,credit
L00005698,T00005698,A001484,2025-01-13T00:04:14+00:00,2198.68,USD,posted,credit
L00005699,T00005699,A000936,2026-02-07T08:02:18+00:00,2372.78,USD,posted,credit
L00005700,T00005700,A001132,2026-08-09T11:00:51+00:00,1669.50,EUR,posted,credit
L00005701,T00005701,A000235,2026-03-08T22:38:33+00:00,4785.63,CAD,posted,credit
L00005702,T00005702,A000786,2026-07-04T16:52:44+00:00,2292.28,USD,posted,credit
L00005703,T00005703,A000908,2025-06-05T16:03:23+00:00,3278.07,USD,posted,credit
L00005704,T00005704,A000832,2026-06-08T16:19:49+00:00,3210.16,INR,posted,credit
L00005705,T00005705,A001153,2025-04-20T15:40:58+00:00,1091.20,GBP,posted,credit
L00005706,T00005706,A001473,2025-05-12T17:50:57+00:00,4212.31,GBP,posted,credit
L00005707,T00005707,A000398,2026-07-02T08:13:53+00:00,1479.37,INR,posted,credit
L00005708,T00005708,A000317,2026-07-04T15:24:50+00:00,1292.55,USD,posted,credit
L00005709,T00005709,A000342,2025-04-23T00:15:22+00:00,727.59,CAD,posted,credit
L00005710,T00005710,A000595,2025-07-12T01:53:22+00:00,3588.74,EUR,posted,credit
L00005711,T00005711,A000791,2026-07-27T06:59:51+00:00,2794.40,EUR,posted,credit
L00005712,T00005712,A001267,2025-07-10T08:33:23+00:00,2643.70,EUR,posted,credit
L00005713,T00005713,A001259,2025-08-19T12:04:44+00:00,414.73,INR,posted,credit
L00005714,T00005714,A000502,2026-09-06T10:36:21+00:00,1108.28,USD,posted,credit
L00005715,T00005715,A000512,2025-12-10T23:39:40+00:00,4484.45,GBP,posted,credit
L00005716,T00005716,A001500,2025-04-15T19:39:25+00:00,3620.78,INR,posted,credit
L00005717,T00005717,A001110,2026-09-09T10:43:27+00:00,2777.62,CAD,posted,credit
L00005718,T00005718,A001282,2025-03-08T03:13:58+00:00,2676.50,INR,posted,credit
L00005719,T00005719,A000341,2026-04-27T05:35:51+00:00,3607.93,USD,posted,credit
L00005720,T00005720,A000651,2026-06-25T10:22:12+00:00,3507.65,GBP,posted,credit
L00005721,T00005721,A000150,2025-06-19T07:48:32+00:00,4366.44,EUR,posted,credit
L00005722,T00005722,A001257,2025-04-25T16:07:15+00:00,1806.99,CAD,posted,credit
L00005723,T00005723,A000273,2025-11-30T22:09:49+00:00,2392.89,INR,posted,credit
L00005724,T00005724,A000627,2025-06-15T09:09:03+00:00,4338.37,CAD,posted,credit
L00005725,T00005725,A001417,2025-11-25T23:11:00+00:00,3251.54,INR,posted,credit
L00005726,T00005726,A001011,2026-06-16T11:37:50+00:00,3558.72,CAD,posted,credit
L00005727,T00005727,A001452,2025-12-20T20:54:36+00:00,4342.01,GBP,posted,credit
L00005728,T00005728,A000585,2025-04-14T00:45:54+00:00,2469.40,EUR,posted,credit
L00005729,T00005729,A000189,2025-10-16T08:56:15+00:00,2833.94,INR,posted,credit
L00005730,T00005730,A000357,2026-06-15T11:34:49+00:00,1046.75,INR,posted,credit
L00005731,T00005731,A000277,2026-08-09T09:28:54+00:00,1666.02,GBP,posted,credit
L00005732,T00005732,A000303,2025-03-07T00:39:56+00:00,233.44,GBP,posted,credit
L00005733,T00005733,A000532,2025-05-23T21:05:07+00:00,3447.98,EUR,posted,credit
L00005734,T00005734,A000129,2025-03-08T21:06:49+00:00,4136.25,USD,posted,credit
L00005735,T00005735,A000171,2026-01-26T08:37:40+00:00,465.31,USD,posted,credit
L00005736,T00005736,A000724,2025-10-10T22:11:01+00:00,666.91,EUR,posted,credit
L00005737,T00005737,A000284,2026-07-19T12:05:26+00:00,3510.72,GBP,posted,credit
L00005738,T00005738,A000439,2025-09-12T14:21:03+00:00,1839.10,USD,posted,credit
L00005739,T00005739,A000763,2026-04-27T07:12:46+00:00,4142.38,CAD,posted,credit
L00005740,T00005740,A000365,2025-01-25T19:55:07+00:00,4237.13,EUR,posted,credit
L00005741,T00005741,A000416,2026-02-19T16:56:55+00:00,2516.54,EUR,posted,credit
L00005742,T00005742,A000559,2026-07-25T17:57:53+00:00,545.09,GBP,posted,credit
L00005743,T00005743,A000752,2026-06-01T15:50:41+00:00,2503.59,EUR,posted,credit
L00005744,T00005744,A000614,2026-06-19T13:57:55+00:00,4660.00,INR,posted,credit
L00005745,T00005745,A000996,2025-09-01T03:33:27+00:00,1388.23,CAD,posted,credit
L00005746,T00005746,A000278,2025-08-16T10:17:27+00:00,2042.04,INR,posted,credit
L00005747,T00005747,A000548,2025-10-13T14:47:57+00:00,153.80,CAD,posted,credit
L00005748,T00005748,A001286,2025-07-03T17:55:50+00:00,3105.94,INR,posted,credit
L00005749,T00005749,A000290,2025-08-02T05:03:15+00:00,3548.60,USD,posted,credit
L00005750,T00005750,A001319,2025-11-29T02:06:08+00:00,808.28,EUR,posted,credit
L00005751,T00005751,A000068,2026-02-11T03:29:37+00:00,919.03,EUR,posted,credit
L00005752,T00005752,A000694,2026-04-06T15:51:59+00:00,4768.80,GBP,posted,credit
L00005753,T00005753,A000899,2026-04-23T17:33:10+00:00,3.53,USD,posted,credit
L00005754,T00005754,A000809,2025-10-23T19:04:34+00:00,3710.75,GBP,posted,credit
L00005755,T00005755,A001173,2025-08-23T06:45:03+00:00,1465.48,GBP,posted,credit
L00005756,T00005756,A000437,2025-09-23T07:26:52+00:00,1769.11,CAD,posted,credit
L00005757,T00005757,A001110,2025-06-28T20:16:40+00:00,4388.37,CAD,posted,credit
L00005758,T00005758,A001277,2025-02-13T22:52:24+00:00,2745.93,USD,posted,credit
L00005759,T00005759,A001179,2025-11-28T04:02:21+00:00,4143.15,INR,posted,credit
L00005760,T00005760,A000091,2026-06-17T13:50:14+00:00,2601.58,CAD,posted,credit
L00005761,T00005761,A001127,2026-08-28T08:19:41+00:00,2607.65,USD,posted,credit
L00005762,T00005762,A000406,2025-01-27T11:09:32+00:00,2115.88,EUR,posted,credit
L00005763,T00005763,A001408,2025-07-29T11:08:36+00:00,4357.64,CAD,posted,credit
L00005764,T00005764,A001498,2025-02-21T10:44:21+00:00,3987.31,CAD,posted,credit
L00005765,T00005765,A001374,2026-04-03T07:12:08+00:00,2172.87,USD,posted,credit
L00005766,T00005766,A000772,2026-02-17T06:06:11+00:00,2360.66,GBP,posted,credit
L00005767,T00005767,A000263,2025-04-05T05:35:27+00:00,8.96,CAD,posted,credit
L00005768,T00005768,A000328,2026-08-20T22:14:10+00:00,4895.08,INR,posted,credit
L00005769,T00005769,A001079,2026-04-03T18:50:14+00:00,320.09,INR,posted,credit
L00005770,T00005770,A000691,2025-02-05T15:03:24+00:00,804.75,GBP,posted,credit
L00005771,T00005771,A000054,2025-01-12T08:03:07+00:00,2460.63,EUR,posted,credit
L00005772,T00005772,A001445,2025-06-23T12:23:02+00:00,3139.09,EUR,posted,credit
L00005773,T00005773,A001440,2025-10-04T09:43:21+00:00,1993.11,EUR,posted,credit
L00005774,T00005774,A000318,2026-09-06T19:49:04+00:00,1841.96,EUR,posted,credit
L00005775,T00005775,A001275,2026-02-18T09:50:53+00:00,2585.75,CAD,posted,credit
L00005776,T00005776,A000617,2026-03-04T10:44:33+00:00,3910.58,GBP,posted,credit
L00005777,T00005777,A000403,2025-07-12T13:59:10+00:00,2674.85,GBP,posted,credit
L00005778,T00005778,A000792,2026-06-04T13:49:48+00:00,2458.39,INR,posted,credit
L00005779,T00005779,A001395,2025-07-04T16:08:02+00:00,462.63,INR,posted,credit
L00005780,T00005780,A000359,2025-03-10T11:24:21+00:00,3823.84,EUR,posted,credit
L00005781,T00005781,A000624,2026-06-18T17:16:28+00:00,2004.81,GBP,posted,credit
L00005782,T00005782,A001259,2025-11-20T20:51:59+00:00,3398.24,INR,posted,credit
L00005783,T00005783,A000568,2025-08-07T03:13:27+00:00,3534.64,CAD,posted,credit
L00005784,T00005784,A001073,2026-06-18T11:30:30+00:00,2587.96,GBP,posted,credit
L00005785,T00005785,A001318,2026-02-01T00:55:39+00:00,3570.19,EUR,posted,credit
L00005786,T00005786,A000231,2025-11-15T11:19:45+00:00,235.75,INR,posted,credit
L00005787,T00005787,A001238,2025-08-12T18:58:35+00:00,721.75,USD,posted,credit
L00005788,T00005788,A000851,2025-05-23T20:54:27+00:00,2288.33,INR,posted,credit
L00005789,T00005789,A000048,2026-07-06T05:32:24+00:00,1128.84,INR,posted,credit
L00005790,T00005790,A001348,2026-03-10T12:55:31+00:00,2984.92,GBP,posted,credit
L00005791,T00005791,A000036,2026-06-15T11:27:20+00:00,2814.77,INR,posted,credit
L00005792,T00005792,A000119,2026-08-05T02:57:34+00:00,4467.60,INR,posted,credit
L00005793,T00005793,A000368,2026-08-18T02:03:38+00:00,1379.53,EUR,posted,credit
L00005794,T00005794,A001428,2025-01-02T14:33:20+00:00,2287.37,INR,posted,credit
L00005795,T00005795,A000128,2025-05-26T11:32:45+00:00,4510.91,CAD,posted,credit
L00005796,T00005796,A000998,2025-02-21T16:52:02+00:00,3927.81,USD,posted,credit
L00005797,T00005797,A001443,2025-04-18T04:07:20+00:00,1043.66,USD,posted,credit
L00005798,T00005798,A000664,2026-01-17T19:57:44+00:00,2314.66,GBP,posted,credit
L00005799,T00005799,A000841,2026-08-25T22:28:04+00:00,2647.17,GBP,posted,credit
L00005800,T00005800,A000502,2025-06-24T20:57:20+00:00,4453.63,USD,posted,credit
L00005801,T00005801,A000914,2025-12-29T01:33:14+00:00,3053.67,INR,posted,credit
L00005802,T00005802,A000851,2025-08-09T09:35:41+00:00,3519.55,INR,posted,credit
L00005803,T00005803,A000757,2025-05-08T07:29:05+00:00,1258.75,CAD,posted,credit
L00005804,T00005804,A001131,2026-01-05T04:42:45+00:00,1131.84,GBP,posted,credit
L00005805,T00005805,A000601,2026-05-04T16:48:06+00:00,1707.40,GBP,posted,credit
L00005806,T00005806,A001025,2025-09-27T20:59:30+00:00,2759.36,EUR,posted,credit
L00005807,T00005807,A001044,2026-04-05T20:25:24+00:00,1603.89,EUR,posted,credit
L00005808,T00005808,A000871,2026-01-30T22:07:52+00:00,2139.12,USD,posted,credit
L00005809,T00005809,A000028,2026-06-03T06:20:23+00:00,176.97,GBP,posted,credit
L00005810,T00005810,A001212,2025-02-09T12:17:11+00:00,2293.37,GBP,posted,credit
L00005811,T00005811,A000682,2025-04-27T17:15:18+00:00,2037.83,INR,posted,credit
L00005812,T00005812,A000073,2026-01-05T06:02:50+00:00,4150.74,USD,posted,credit
L00005813,T00005813,A000916,2026-04-27T13:13:20+00:00,3858.53,USD,posted,credit
L00005814,T00005814,A001013,2025-10-23T11:20:46+00:00,3595.11,USD,posted,credit
L00005815,T00005815,A000197,2026-04-06T02:42:08+00:00,1171.83,CAD,posted,credit
L00005816,T00005816,A001007,2025-04-10T14:31:24+00:00,2632.36,EUR,posted,credit
L00005817,T00005817,A000035,2025-05-08T23:29:31+00:00,2607.12,INR,posted,credit
L00005818,T00005818,A001339,2026-05-30T20:46:39+00:00,4632.50,CAD,posted,credit
L00005819,T00005819,A000443,2025-10-14T22:42:27+00:00,1131.29,CAD,posted,credit
L00005820,T00005820,A001399,2026-05-17T01:28:17+00:00,2383.45,USD,posted,credit
L00005821,T00005821,A001427,2026-02-06T03:14:10+00:00,3620.02,USD,posted,credit
L00005822,T00005822,A000724,2025-08-24T12:18:11+00:00,274.21,EUR,posted,credit
L00005823,T00005823,A000969,2026-07-19T02:55:44+00:00,2814.94,CAD,posted,credit
L00005824,T00005824,A001138,2026-08-01T12:58:13+00:00,4842.15,GBP,posted,credit
L00005825,T00005825,A000126,2025-04-07T01:54:07+00:00,567.02,EUR,posted,credit
L00005826,T00005826,A000993,2025-12-06T23:41:25+00:00,2430.09,INR,posted,credit
L00005827,T00005827,A000335,2025-08-04T11:40:38+00:00,2425.97,CAD,posted,credit
L00005828,T00005828,A001143,2026-06-27T12:31:52+00:00,4429.44,GBP,posted,credit
L00005829,T00005829,A001056,2025-06-24T10:52:33+00:00,2958.64,GBP,posted,credit
L00005830,T00005830,A000820,2025-04-30T08:13:06+00:00,4647.63,USD,posted,credit
L00005831,T00005831,A001160,2026-01-19T21:59:56+00:00,4220.08,EUR,posted,credit
L00005832,T00005832,A000792,2025-05-09T04:53:07+00:00,1668.67,INR,posted,credit
L00005833,T00005833,A001019,2025-11-22T17:23:58+00:00,3875.22,USD,posted,credit
L00005834,T00005834,A000030,2025-04-14T02:23:59+00:00,3309.88,EUR,posted,credit
L00005835,T00005835,A001494,2025-11-28T01:37:43+00:00,958.50,USD,posted,credit
L00005836,T00005836,A000268,2026-03-31T16:59:35+00:00,3289.23,INR,posted,credit
L00005837,T00005837,A000021,2026-05-08T17:37:41+00:00,107.41,GBP,posted,credit
L00005838,T00005838,A001193,2025-11-14T19:50:44+00:00,479.62,CAD,posted,credit
L00005839,T00005839,A001423,2026-04-13T10:41:30+00:00,4714.40,EUR,posted,credit
L00005840,T00005840,A000633,2025-11-18T04:21:39+00:00,1892.49,CAD,posted,credit
L00005841,T00005841,A001313,2026-03-06T22:28:24+00:00,1691.88,EUR,posted,credit
L00005842,T00005842,A000212,2025-08-09T06:46:08+00:00,3344.55,CAD,posted,credit
L00005843,T00005843,A000355,2026-05-02T19:31:58+00:00,4197.40,USD,posted,credit
L00005844,T00005844,A001384,2025-11-20T09:04:58+00:00,1563.27,EUR,posted,credit
L00005845,T00005845,A000540,2025-12-07T04:09:48+00:00,3321.10,EUR,posted,credit
L00005846,T00005846,A000028,2025-03-16T14:57:26+00:00,2624.73,GBP,posted,credit
L00005847,T00005847,A000657,2025-03-22T10:45:48+00:00,3020.90,INR,posted,credit
L00005848,T00005848,A001122,2025-07-19T11:33:12+00:00,1398.76,INR,posted,credit
L00005849,T00005849,A000471,2025-01-23T07:58:31+00:00,3761.88,CAD,posted,credit
L00005850,T00005850,A001182,2025-08-25T10:57:27+00:00,165.42,INR,posted,credit
L00005851,T00005851,A000355,2025-05-23T00:40:01+00:00,3823.97,USD,posted,credit
L00005852,T00005852,A000767,2025-11-21T11:24:10+00:00,657.74,USD,posted,credit
L00005853,T00005853,A000888,2026-07-24T02:52:14+00:00,2544.60,CAD,posted,credit
L00005854,T00005854,A001085,2025-10-13T01:56:27+00:00,4696.11,USD,posted,credit
L00005855,T00005855,A000162,2026-02-21T12:54:25+00:00,258.49,EUR,posted,credit
L00005856,T00005856,A001281,2026-03-13T18:17:26+00:00,4436.05,EUR,posted,credit
L00005857,T00005857,A001374,2025-06-10T01:55:27+00:00,4052.62,USD,posted,credit
L00005858,T00005858,A000712,2025-08-19T11:11:02+00:00,456.08,INR,posted,credit
L00005859,T00005859,A000926,2026-01-01T00:26:46+00:00,1179.42,USD,posted,credit
L00005860,T00005860,A000935,2026-04-01T20:31:03+00:00,1197.62,EUR,posted,credit
L00005861,T00005861,A000707,2025-04-18T20:47:35+00:00,1996.39,CAD,posted,credit
L00005862,T00005862,A000026,2026-06-24T15:49:09+00:00,4222.59,CAD,posted,credit
L00005863,T00005863,A000252,2026-07-22T09:46:59+00:00,2948.55,CAD,posted,credit
L00005864,T00005864,A000289,2026-05-20T06:52:49+00:00,1150.93,EUR,posted,credit
L00005865,T00005865,A000206,2025-07-29T06:34:27+00:00,1485.58,CAD,posted,credit
L00005866,T00005866,A000598,2025-07-08T16:25:29+00:00,2086.61,EUR,posted,credit
L00005867,T00005867,A000113,2025-09-10T16:51:28+00:00,127.96,CAD,posted,credit
L00005868,T00005868,A001106,2025-01-24T22:50:01+00:00,1718.37,GBP,posted,credit
L00005869,T00005869,A000100,2025-06-18T07:50:45+00:00,169.69,USD,posted,credit
L00005870,T00005870,A000829,2025-05-18T21:28:41+00:00,3967.62,EUR,posted,credit
L00005871,T00005871,A000696,2025-01-22T13:50:01+00:00,2599.85,GBP,posted,credit
L00005872,T00005872,A000333,2026-08-04T11:16:48+00:00,4886.85,INR,posted,credit
L00005873,T00005873,A000186,2026-07-08T17:55:35+00:00,2956.52,EUR,posted,credit
L00005874,T00005874,A000476,2025-11-15T18:45:23+00:00,1295.47,CAD,posted,credit
L00005875,T00005875,A000560,2025-08-29T00:26:07+00:00,1124.58,USD,posted,credit
L00005876,T00005876,A000535,2026-05-25T04:57:16+00:00,3853.31,INR,posted,credit
L00005877,T00005877,A000207,2026-05-19T01:25:55+00:00,3988.80,GBP,posted,credit
L00005878,T00005878,A000835,2025-07-09T13:59:47+00:00,4221.73,USD,posted,credit
L00005879,T00005879,A000798,2026-01-13T06:08:48+00:00,1253.19,INR,posted,credit
L00005880,T00005880,A001050,2026-08-26T05:55:33+00:00,2783.91,INR,posted,credit
L00005881,T00005881,A000060,2025-07-30T12:04:14+00:00,4221.82,USD,posted,credit
L00005882,T00005882,A001275,2025-02-15T01:34:09+00:00,4641.37,CAD,posted,credit
L00005883,T00005883,A001222,2026-04-04T12:47:23+00:00,1226.96,USD,posted,credit
L00005884,T00005884,A001126,2026-05-15T00:15:24+00:00,1475.07,EUR,posted,credit
L00005885,T00005885,A000693,2026-04-12T18:34:15+00:00,303.93,CAD,posted,credit
L00005886,T00005886,A001098,2025-01-14T05:53:51+00:00,2955.47,EUR,posted,credit
L00005887,T00005887,A000906,2025-09-20T08:56:57+00:00,812.56,GBP,posted,credit
L00005888,T00005888,A001243,2025-01-25T23:07:02+00:00,4173.44,CAD,posted,credit
L00005889,T00005889,A001440,2025-05-08T21:45:53+00:00,3724.37,EUR,posted,credit
L00005890,T00005890,A000491,2025-05-16T16:00:46+00:00,3715.04,INR,posted,credit
L00005891,T00005891,A000080,2025-11-02T13:44:30+00:00,675.58,USD,posted,credit
L00005892,T00005892,A000584,2026-03-26T13:15:12+00:00,3458.82,GBP,posted,credit
L00005893,T00005893,A001355,2025-05-29T04:38:36+00:00,4746.66,USD,posted,credit
L00005894,T00005894,A000221,2026-04-19T16:55:28+00:00,4112.04,USD,posted,credit
L00005895,T00005895,A001294,2025-10-22T20:14:09+00:00,1662.82,USD,posted,credit
L00005896,T00005896,A001117,2025-03-29T11:41:14+00:00,1658.67,USD,posted,credit
L00005897,T00005897,A000777,2026-02-15T22:41:41+00:00,3294.13,CAD,posted,credit
L00005898,T00005898,A000763,2025-05-15T23:28:12+00:00,3425.30,CAD,posted,credit
L00005899,T00005899,A000089,2025-09-04T02:54:32+00:00,3679.57,EUR,posted,credit
L00005900,T00005900,A000424,2026-04-20T11:07:32+00:00,2119.51,GBP,posted,credit
L00005901,T00005901,A001196,2026-01-10T19:40:33+00:00,2983.82,USD,posted,credit
L00005902,T00005902,A000359,2025-08-11T07:35:08+00:00,1339.92,EUR,posted,credit
L00005903,T00005903,A001095,2025-02-05T09:04:40+00:00,4585.04,INR,posted,credit
L00005904,T00005904,A000532,2025-04-21T02:00:37+00:00,1547.50,EUR,posted,credit
L00005905,T00005905,A001401,2026-08-30T05:16:53+00:00,105.20,USD,posted,credit
L00005906,T00005906,A001262,2026-04-14T17:28:53+00:00,2961.29,INR,posted,credit
L00005907,T00005907,A001300,2026-08-26T21:33:21+00:00,642.73,INR,posted,credit
L00005908,T00005908,A001268,2025-11-03T00:08:54+00:00,1118.73,CAD,posted,credit
L00005909,T00005909,A001007,2026-01-26T07:18:42+00:00,3565.94,EUR,posted,credit
L00005910,T00005910,A000783,2025-12-20T13:31:57+00:00,50.71,CAD,posted,credit
L00005911,T00005911,A001028,2026-01-23T05:22:26+00:00,3058.00,GBP,posted,credit
L00005912,T00005912,A001243,2026-07-20T05:29:25+00:00,1991.87,CAD,posted,credit
L00005913,T00005913,A001393,2025-07-16T22:32:57+00:00,1297.76,INR,posted,credit
L00005914,T00005914,A000149,2026-07-23T13:58:55+00:00,3088.78,GBP,posted,credit
L00005915,T00005915,A000166,2025-03-24T04:41:59+00:00,2415.88,GBP,posted,credit
L00005916,T00005916,A001375,2026-02-24T17:11:19+00:00,3619.59,USD,posted,credit
L00005917,T00005917,A000664,2025-07-01T02:25:01+00:00,2270.14,GBP,posted,credit
L00005918,T00005918,A000101,2025-04-22T08:06:42+00:00,4230.33,GBP,posted,credit
L00005919,T00005919,A000675,2025-06-01T05:54:19+00:00,1508.92,CAD,posted,credit
L00005920,T00005920,A000717,2026-06-24T01:56:37+00:00,3065.00,EUR,posted,credit
L00005921,T00005921,A001241,2025-05-04T03:32:46+00:00,4155.86,GBP,posted,credit
L00005922,T00005922,A000383,2026-05-25T07:17:28+00:00,669.60,CAD,posted,credit
L00005923,T00005923,A001374,2026-04-26T13:24:51+00:00,855.66,USD,posted,credit
L00005924,T00005924,A001016,2025-04-12T15:23:54+00:00,3904.56,INR,posted,credit
L00005925,T00005925,A000019,2026-03-20T08:00:08+00:00,4335.05,CAD,posted,credit
L00005926,T00005926,A000902,2025-08-08T07:10:26+00:00,2892.01,EUR,posted,credit
L00005927,T00005927,A000612,2025-03-18T06:10:54+00:00,370.27,INR,posted,credit
L00005928,T00005928,A000588,2025-01-24T21:36:46+00:00,1287.47,EUR,posted,credit
L00005929,T00005929,A001143,2025-09-15T09:43:40+00:00,1907.73,GBP,posted,credit
L00005930,T00005930,A000459,2025-01-04T07:11:05+00:00,333.85,GBP,posted,credit
L00005931,T00005931,A001421,2025-08-16T02:24:59+00:00,1789.43,CAD,posted,credit
L00005932,T00005932,A001096,2025-04-15T14:20:35+00:00,4344.04,USD,posted,credit
L00005933,T00005933,A001112,2026-04-22T21:41:49+00:00,1600.86,CAD,posted,credit
L00005934,T00005934,A001076,2026-02-18T02:03:00+00:00,3413.60,EUR,posted,credit
L00005935,T00005935,A000721,2025-07-09T22:49:20+00:00,3670.65,INR,posted,credit
L00005936,T00005936,A000386,2025-01-22T02:17:52+00:00,3413.63,GBP,posted,credit
L00005937,T00005937,A000599,2026-03-11T19:58:14+00:00,677.44,CAD,posted,credit
L00005938,T00005938,A001483,2026-03-04T14:18:47+00:00,2488.43,GBP,posted,credit
L00005939,T00005939,A000480,2025-07-25T04:50:39+00:00,4339.50,CAD,posted,credit
L00005940,T00005940,A000960,2025-01-21T17:39:29+00:00,454.45,USD,posted,credit
L00005941,T00005941,A000102,2025-01-17T20:15:19+00:00,1528.58,INR,posted,credit
L00005942,T00005942,A000267,2026-01-31T20:12:58+00:00,1734.21,EUR,posted,credit
L00005943,T00005943,A000480,2025-07-31T20:48:52+00:00,728.47,CAD,posted,credit
L00005944,T00005944,A001436,2026-08-27T18:21:05+00:00,3358.40,CAD,posted,credit
L00005945,T00005945,A001207,2025-12-20T20:27:37+00:00,3684.46,GBP,posted,credit
L00005946,T00005946,A000806,2026-02-28T06:34:10+00:00,2510.40,GBP,posted,credit
L00005947,T00005947,A001065,2025-01-04T13:45:02+00:00,3474.47,CAD,posted,credit
L00005948,T00005948,A001231,2025-02-18T01:27:01+00:00,4784.51,INR,posted,credit
L00005949,T00005949,A001202,2025-03-05T00:27:27+00:00,1866.15,CAD,posted,credit
L00005950,T00005950,A001018,2025-06-30T18:36:42+00:00,4795.95,USD,posted,credit
L00005951,T00005951,A000575,2025-09-06T03:06:43+00:00,3716.17,GBP,posted,credit
L00005952,T00005952,A001131,2026-04-21T04:10:14+00:00,3592.98,GBP,posted,credit
L00005953,T00005953,A000189,2025-03-14T15:09:40+00:00,4583.04,INR,posted,credit
L00005954,T00005954,A000584,2025-12-10T07:16:44+00:00,2592.52,GBP,posted,credit
L00005955,T00005955,A000268,2025-01-28T00:39:34+00:00,3746.36,INR,posted,credit
L00005956,T00005956,A000939,2025-02-11T05:42:01+00:00,2757.16,USD,posted,credit
L00005957,T00005957,A000372,2026-09-11T16:08:27+00:00,2081.12,INR,posted,credit
L00005958,T00005958,A000208,2026-07-27T09:46:31+00:00,3365.23,GBP,posted,credit
L00005959,T00005959,A000706,2026-09-10T01:02:22+00:00,4287.49,INR,posted,credit
L00005960,T00005960,A001303,2025-07-12T02:11:00+00:00,1839.51,EUR,posted,credit
L00005961,T00005961,A000333,2025-03-02T10:29:22+00:00,4287.89,INR,posted,credit
L00005962,T00005962,A001076,2026-01-20T09:23:43+00:00,2373.77,EUR,posted,credit
L00005963,T00005963,A000456,2026-08-24T20:00:13+00:00,70.09,USD,posted,credit
L00005964,T00005964,A000060,2026-04-22T10:21:08+00:00,1115.26,USD,posted,credit
L00005965,T00005965,A000373,2025-04-08T19:32:32+00:00,1709.83,INR,posted,credit
L00005966,T00005966,A000801,2026-07-25T17:13:53+00:00,3888.78,CAD,posted,credit
L00005967,T00005967,A000662,2025-04-25T15:23:46+00:00,2628.02,USD,posted,credit
L00005968,T00005968,A000074,2025-08-12T11:08:29+00:00,4168.21,INR,posted,credit
L00005969,T00005969,A001136,2025-04-04T00:00:32+00:00,3226.84,GBP,posted,credit
L00005970,T00005970,A000180,2026-04-18T13:41:24+00:00,355.84,CAD,posted,credit
L00005971,T00005971,A000746,2025-04-13T20:22:22+00:00,1020.13,GBP,posted,credit
L00005972,T00005972,A000127,2026-07-20T07:10:00+00:00,944.70,INR,posted,credit
L00005973,T00005973,A001250,2026-07-05T21:27:53+00:00,1058.26,GBP,posted,credit
L00005974,T00005974,A000519,2026-03-19T12:10:50+00:00,4347.48,USD,posted,credit
L00005975,T00005975,A000920,2026-07-24T10:05:24+00:00,1985.56,GBP,posted,credit
L00005976,T00005976,A000656,2026-05-03T10:17:15+00:00,4870.12,EUR,posted,credit
L00005977,T00005977,A001383,2025-07-08T18:25:53+00:00,867.80,INR,posted,credit
L00005978,T00005978,A001043,2025-04-22T16:52:37+00:00,2975.58,USD,posted,credit
L00005979,T00005979,A000677,2026-05-04T18:23:32+00:00,4673.00,EUR,posted,credit
L00005980,T00005980,A000247,2025-02-12T00:21:18+00:00,772.32,INR,posted,credit
L00005981,T00005981,A000261,2025-02-11T21:25:08+00:00,274.29,USD,posted,credit
L00005982,T00005982,A001249,2026-05-15T07:45:50+00:00,590.65,USD,posted,credit
L00005983,T00005983,A000389,2026-01-24T01:41:51+00:00,3700.77,INR,posted,credit
L00005984,T00005984,A000573,2025-10-23T18:43:33+00:00,2747.14,GBP,posted,credit
L00005985,T00005985,A000481,2025-10-02T03:25:07+00:00,2636.19,EUR,posted,credit
L00005986,T00005986,A000719,2025-08-26T23:27:25+00:00,1575.27,USD,posted,credit
L00005987,T00005987,A000142,2026-03-05T15:07:45+00:00,4250.47,USD,posted,credit
L00005988,T00005988,A000203,2026-02-24T01:42:27+00:00,1824.55,USD,posted,credit
L00005989,T00005989,A001367,2025-03-15T04:47:09+00:00,3365.42,EUR,posted,credit
L00005990,T00005990,A001288,2026-05-09T13:40:38+00:00,1362.06,INR,posted,credit
L00005991,T00005991,A001223,2026-02-08T20:15:21+00:00,1362.62,GBP,posted,credit
L00005992,T00005992,A001188,2025-11-11T01:04:30+00:00,4431.70,CAD,posted,credit
L00005993,T00005993,A000088,2025-03-18T02:44:36+00:00,393.31,CAD,posted,credit
L00005994,T00005994,A000368,2026-08-23T07:55:45+00:00,2081.62,EUR,posted,credit
L00005995,T00005995,A000027,2025-07-27T21:27:39+00:00,3199.66,CAD,posted,credit
L00005996,T00005996,A000475,2026-02-12T18:46:29+00:00,1662.34,CAD,posted,credit
L00005997,T00005997,A001478,2026-08-14T09:51:16+00:00,1405.41,EUR,posted,credit
L00005998,T00005998,A000224,2025-09-29T23:32:24+00:00,3694.98,INR,posted,credit
L00005999,T00005999,A001230,2026-02-04T20:58:40+00:00,3007.44,EUR,posted,credit
L00006000,T00006000,A001400,2025-02-20T13:38:42+00:00,991.64,EUR,posted,credit
L00006001,T00006001,A001464,2026-02-15T15:39:03+00:00,3392.78,GBP,posted,credit
L00006002,T00006002,A000330,2025-06-24T07:38:53+00:00,4852.72,GBP,posted,credit
L00006003,T00006003,A000236,2025-03-05T17:06:22+00:00,3723.96,CAD,posted,credit
L00006004,T00006004,A000690,2026-05-23T17:03:18+00:00,3459.70,EUR,posted,credit
L00006005,T00006005,A000841,2025-09-19T18:36:00+00:00,3794.40,GBP,posted,credit
L00006006,T00006006,A000720,2025-05-19T07:01:52+00:00,4394.33,GBP,posted,credit
L00006007,T00006007,A000259,2026-05-14T10:41:03+00:00,4254.89,USD,posted,credit
L00006008,T00006008,A001132,2025-02-05T01:47:51+00:00,3346.58,EUR,posted,credit
L00006009,T00006009,A000822,2025-06-05T07:53:43+00:00,2572.61,USD,posted,credit
L00006010,T00006010,A001332,2026-01-05T23:45:40+00:00,2351.90,GBP,posted,credit
L00006011,T00006011,A001153,2026-01-19T08:16:07+00:00,3267.49,GBP,posted,credit
L00006012,T00006012,A000104,2025-03-07T15:53:44+00:00,3388.92,CAD,posted,credit
L00006013,T00006013,A000370,2025-09-30T08:13:38+00:00,492.10,GBP,posted,credit
L00006014,T00006014,A000555,2026-07-02T13:43:50+00:00,1764.78,USD,posted,credit
L00006015,T00006015,A000747,2026-04-19T13:42:29+00:00,2118.72,CAD,posted,credit
L00006016,T00006016,A000482,2025-09-12T12:48:06+00:00,4406.50,GBP,posted,credit
L00006017,T00006017,A000055,2026-03-18T05:31:35+00:00,1412.85,GBP,posted,credit
L00006018,T00006018,A000854,2025-11-20T22:38:34+00:00,964.17,USD,posted,credit
L00006019,T00006019,A000795,2026-08-17T04:07:11+00:00,449.19,GBP,posted,credit
L00006020,T00006020,A000382,2025-08-27T11:40:19+00:00,2909.60,CAD,posted,credit
L00006021,T00006021,A001333,2025-01-18T17:55:42+00:00,3108.33,EUR,posted,credit
L00006022,T00006022,A001370,2026-07-22T08:28:57+00:00,2923.80,CAD,posted,credit
L00006023,T00006023,A000382,2026-07-15T07:15:22+00:00,3557.08,CAD,posted,credit
L00006024,T00006024,A000699,2025-07-02T06:44:55+00:00,2461.62,EUR,posted,credit
L00006025,T00006025,A001178,2025-05-16T01:22:33+00:00,1047.02,INR,posted,credit
L00006026,T00006026,A001392,2025-05-18T16:04:41+00:00,2307.25,CAD,posted,credit
L00006027,T00006027,A000312,2025-07-16T06:24:48+00:00,2414.85,EUR,posted,credit
L00006028,T00006028,A000739,2026-03-09T22:01:46+00:00,2526.92,GBP,posted,credit
L00006029,T00006029,A000201,2025-02-26T00:52:03+00:00,1131.35,INR,posted,credit
L00006030,T00006030,A001253,2025-10-29T18:38:11+00:00,3700.50,GBP,posted,credit
L00006031,T00006031,A000329,2025-05-20T05:04:35+00:00,1149.84,INR,posted,credit
L00006032,T00006032,A000866,2025-03-18T09:07:19+00:00,3081.80,GBP,posted,credit
L00006033,T00006033,A001245,2025-10-29T17:41:08+00:00,3787.01,CAD,posted,credit
L00006034,T00006034,A000873,2025-01-26T10:13:37+00:00,1902.48,CAD,posted,credit
L00006035,T00006035,A000133,2025-09-22T22:36:31+00:00,410.71,EUR,posted,credit
L00006036,T00006036,A000913,2025-10-18T09:43:57+00:00,3058.27,EUR,posted,credit
L00006037,T00006037,A001316,2026-03-17T23:50:08+00:00,1345.70,EUR,posted,credit
L00006038,T00006038,A000188,2025-11-01T15:32:00+00:00,1481.65,INR,posted,credit
L00006039,T00006039,A001324,2026-05-28T10:52:37+00:00,3054.11,INR,posted,credit
L00006040,T00006040,A000091,2025-01-27T12:52:33+00:00,3422.22,CAD,posted,credit
L00006041,T00006041,A000492,2026-06-25T16:49:10+00:00,3655.79,INR,posted,credit
L00006042,T00006042,A001482,2025-04-26T06:44:10+00:00,1294.21,EUR,posted,credit
L00006043,T00006043,A000003,2026-06-22T22:52:11+00:00,1611.00,EUR,posted,credit
L00006044,T00006044,A001279,2025-03-03T12:21:20+00:00,2820.65,CAD,posted,credit
L00006045,T00006045,A000951,2025-02-14T14:39:37+00:00,2751.83,GBP,posted,credit
L00006046,T00006046,A000498,2025-10-20T04:58:44+00:00,457.44,INR,posted,credit
L00006047,T00006047,A000136,2025-10-11T01:45:48+00:00,3821.77,CAD,posted,credit
L00006048,T00006048,A001205,2026-04-26T09:33:27+00:00,2420.00,CAD,posted,credit
L00006049,T00006049,A001240,2025-11-10T13:20:34+00:00,7.86,USD,posted,credit
L00006050,T00006050,A001083,2025-10-31T00:29:59+00:00,3885.73,CAD,posted,credit
L00006051,T00006051,A001038,2025-10-20T22:44:15+00:00,935.23,USD,posted,credit
L00006052,T00006052,A001471,2026-03-15T11:29:54+00:00,2193.70,GBP,posted,credit
L00006053,T00006053,A000575,2026-09-01T02:16:55+00:00,4700.82,GBP,posted,credit
L00006054,T00006054,A001491,2026-07-24T15:06:15+00:00,4726.73,INR,posted,credit
L00006055,T00006055,A000365,2025-03-26T23:03:39+00:00,68.80,EUR,posted,credit
L00006056,T00006056,A001180,2025-06-05T09:27:19+00:00,1431.29,CAD,posted,credit
L00006057,T00006057,A000293,2025-12-30T05:35:34+00:00,4769.54,GBP,posted,credit
L00006058,T00006058,A000395,2026-04-28T04:34:47+00:00,370.53,CAD,posted,credit
L00006059,T00006059,A000146,2026-07-13T11:50:18+00:00,4138.43,INR,posted,credit
L00006060,T00006060,A000275,2025-11-11T06:03:12+00:00,3979.76,INR,posted,credit
L00006061,T00006061,A001063,2025-06-14T20:22:23+00:00,1839.47,EUR,posted,credit
L00006062,T00006062,A000961,2025-08-19T03:22:01+00:00,998.36,EUR,posted,credit
L00006063,T00006063,A000727,2025-01-26T06:15:08+00:00,1559.98,CAD,posted,credit
L00006064,T00006064,A000764,2026-04-02T20:46:42+00:00,183.21,EUR,posted,credit
L00006065,T00006065,A001370,2026-08-16T17:07:58+00:00,1009.81,CAD,posted,credit
L00006066,T00006066,A000238,2025-11-03T22:59:12+00:00,3679.11,GBP,posted,credit
L00006067,T00006067,A000995,2025-01-21T15:00:00+00:00,478.56,GBP,posted,credit
L00006068,T00006068,A000310,2026-05-12T23:38:39+00:00,989.51,EUR,posted,credit
L00006069,T00006069,A000996,2026-02-12T12:09:48+00:00,970.82,CAD,posted,credit
L00006070,T00006070,A001292,2025-06-29T09:44:35+00:00,220.89,CAD,posted,credit
L00006071,T00006071,A001256,2025-03-27T11:21:03+00:00,1546.22,INR,posted,credit
L00006072,T00006072,A000526,2026-04-16T21:08:38+00:00,4517.42,CAD,posted,credit
L00006073,T00006073,A001174,2026-07-19T19:51:15+00:00,2270.40,CAD,posted,credit
L00006074,T00006074,A001042,2026-03-29T12:59:11+00:00,4998.93,USD,posted,credit
L00006075,T00006075,A001442,2026-01-04T14:48:09+00:00,3038.47,INR,posted,credit
L00006076,T00006076,A001226,2026-04-19T19:42:02+00:00,4477.38,USD,posted,credit
L00006077,T00006077,A000495,2026-08-07T03:47:26+00:00,3256.10,INR,posted,credit
L00006078,T00006078,A000602,2025-03-09T14:11:07+00:00,296.34,INR,posted,credit
L00006079,T00006079,A001005,2025-04-10T08:54:09+00:00,4747.10,GBP,posted,credit
L00006080,T00006080,A001160,2025-04-13T15:10:56+00:00,3067.59,EUR,posted,credit
L00006081,T00006081,A000320,2026-01-09T23:34:39+00:00,2174.89,EUR,posted,credit
L00006082,T00006082,A001164,2025-08-14T01:24:26+00:00,3215.57,USD,posted,credit
L00006083,T00006083,A001121,2025-10-29T11:41:36+00:00,1298.42,EUR,posted,credit
L00006084,T00006084,A000958,2026-08-20T13:18:29+00:00,3600.85,EUR,posted,credit
L00006085,T00006085,A000824,2025-01-21T14:38:03+00:00,1732.22,EUR,posted,credit
L00006086,T00006086,A001030,2025-07-23T04:11:22+00:00,1541.70,CAD,posted,credit
L00006087,T00006087,A001106,2025-08-24T20:57:54+00:00,1823.57,GBP,posted,credit
L00006088,T00006088,A000450,2026-09-11T06:54:46+00:00,1613.73,INR,posted,credit
L00006089,T00006089,A001158,2025-10-28T09:28:39+00:00,1857.31,GBP,posted,credit
L00006090,T00006090,A000549,2025-10-11T18:34:04+00:00,61.94,INR,posted,credit
L00006091,T00006091,A000125,2026-04-09T08:01:23+00:00,2194.05,USD,posted,credit
L00006092,T00006092,A000812,2026-08-08T00:56:54+00:00,3204.54,EUR,posted,credit
L00006093,T00006093,A000363,2026-01-09T04:47:28+00:00,4319.72,CAD,posted,credit
L00006094,T00006094,A000599,2025-10-12T04:31:17+00:00,967.16,CAD,posted,credit
L00006095,T00006095,A000735,2025-09-17T03:17:22+00:00,4289.81,USD,posted,credit
L00006096,T00006096,A000990,2026-06-12T20:11:00+00:00,199.84,USD,posted,credit
L00006097,T00006097,A000481,2025-05-03T22:44:01+00:00,3288.98,EUR,posted,credit
L00006098,T00006098,A001129,2026-07-19T16:11:09+00:00,1179.05,CAD,posted,credit
L00006099,T00006099,A000766,2025-06-14T23:31:22+00:00,4636.52,GBP,posted,credit
L00006100,T00006100,A000759,2025-04-19T04:20:08+00:00,2338.11,GBP,posted,credit
L00006101,T00006101,A001214,2026-01-22T23:49:38+00:00,4325.38,EUR,posted,credit
L00006102,T00006102,A001352,2025-11-28T09:07:16+00:00,3116.80,CAD,posted,credit
L00006103,T00006103,A000671,2025-06-10T18:29:56+00:00,1397.71,CAD,posted,credit
L00006104,T00006104,A000413,2025-04-14T00:04:04+00:00,875.84,USD,posted,credit
L00006105,T00006105,A001122,2025-08-01T18:06:28+00:00,1422.70,INR,posted,credit
L00006106,T00006106,A001267,2025-12-19T21:56:16+00:00,68.54,EUR,posted,credit
L00006107,T00006107,A000429,2025-08-20T10:40:45+00:00,4642.37,INR,posted,credit
L00006108,T00006108,A001144,2025-11-05T10:28:44+00:00,624.06,GBP,posted,credit
L00006109,T00006109,A000276,2026-02-08T01:41:23+00:00,2165.98,GBP,posted,credit
L00006110,T00006110,A001462,2025-08-07T02:08:28+00:00,4408.30,EUR,posted,credit
L00006111,T00006111,A001411,2026-04-25T21:05:30+00:00,1511.81,EUR,posted,credit
L00006112,T00006112,A001120,2026-09-09T12:50:49+00:00,1204.67,GBP,posted,credit
L00006113,T00006113,A001198,2025-07-18T21:50:22+00:00,3971.99,EUR,posted,credit
L00006114,T00006114,A000719,2026-01-11T11:35:46+00:00,681.41,USD,posted,credit
L00006115,T00006115,A000485,2026-09-03T23:03:59+00:00,3199.74,EUR,posted,credit
L00006116,T00006116,A000060,2025-05-14T04:10:02+00:00,4104.22,USD,posted,credit
L00006117,T00006117,A000406,2026-06-11T10:45:26+00:00,101.66,EUR,posted,credit
L00006118,T00006118,A000668,2025-04-17T08:23:59+00:00,4488.88,GBP,posted,credit
L00006119,T00006119,A001105,2025-07-06T16:11:41+00:00,794.16,EUR,posted,credit
L00006120,T00006120,A000294,2026-08-31T20:13:20+00:00,4386.44,USD,posted,credit
L00006121,T00006121,A000009,2025-07-04T16:00:09+00:00,4605.35,CAD,posted,credit
L00006122,T00006122,A000223,2025-03-19T03:42:17+00:00,1177.75,INR,posted,credit
L00006123,T00006123,A000090,2025-12-01T21:43:36+00:00,4812.12,USD,posted,credit
L00006124,T00006124,A000250,2026-07-30T00:14:28+00:00,261.68,EUR,posted,credit
L00006125,T00006125,A000173,2026-01-22T13:56:29+00:00,3900.76,USD,posted,credit
L00006126,T00006126,A001076,2025-02-16T04:28:45+00:00,950.76,EUR,posted,credit
L00006127,T00006127,A001217,2026-01-07T11:47:20+00:00,901.52,CAD,posted,credit
L00006128,T00006128,A000962,2025-04-06T09:39:50+00:00,2255.14,USD,posted,credit
L00006129,T00006129,A000867,2025-05-03T18:18:37+00:00,3234.40,INR,posted,credit
L00006130,T00006130,A000849,2025-03-13T13:55:14+00:00,2890.06,USD,posted,credit
L00006131,T00006131,A000902,2026-05-08T21:48:27+00:00,3068.55,EUR,posted,credit
L00006132,T00006132,A000796,2025-06-02T22:32:59+00:00,4339.53,GBP,posted,credit
L00006133,T00006133,A001390,2025-08-01T21:33:13+00:00,4260.98,INR,posted,credit
L00006134,T00006134,A000463,2026-07-17T23:34:33+00:00,4207.92,GBP,posted,credit
L00006135,T00006135,A000729,2025-01-01T05:55:16+00:00,2842.86,GBP,posted,credit
L00006136,T00006136,A001331,2025-01-26T16:09:31+00:00,4999.92,USD,posted,credit
L00006137,T00006137,A001213,2026-07-14T03:27:36+00:00,2444.17,USD,posted,credit
L00006138,T00006138,A000696,2025-12-05T04:50:36+00:00,282.29,GBP,posted,credit
L00006139,T00006139,A001329,2025-07-24T00:16:25+00:00,2276.08,USD,posted,credit
L00006140,T00006140,A001131,2025-01-24T20:56:18+00:00,1881.36,GBP,posted,credit
L00006141,T00006141,A000509,2025-12-15T06:57:52+00:00,3760.89,INR,posted,credit
L00006142,T00006142,A001009,2025-08-02T22:33:27+00:00,2979.19,GBP,posted,credit
L00006143,T00006143,A001472,2025-06-30T15:36:58+00:00,3502.53,CAD,posted,credit
L00006144,T00006144,A001206,2026-02-05T17:15:02+00:00,4802.21,INR,posted,credit
L00006145,T00006145,A001122,2025-12-30T12:48:54+00:00,1110.86,INR,posted,credit
L00006146,T00006146,A000669,2025-06-15T23:27:27+00:00,3283.04,GBP,posted,credit
L00006147,T00006147,A000475,2025-09-12T11:04:15+00:00,3861.63,CAD,posted,credit
L00006148,T00006148,A000775,2025-12-15T07:55:33+00:00,1114.12,GBP,posted,credit
L00006149,T00006149,A000083,2026-01-18T13:37:32+00:00,2763.16,USD,posted,credit
L00006150,T00006150,A000558,2025-03-13T11:18:24+00:00,2391.87,CAD,posted,credit
L00006151,T00006151,A000086,2025-05-04T11:30:25+00:00,998.71,GBP,posted,credit
L00006152,T00006152,A001000,2025-10-13T17:49:25+00:00,2268.42,USD,posted,credit
L00006153,T00006153,A000692,2025-03-09T03:31:27+00:00,4653.86,CAD,posted,credit
L00006154,T00006154,A000211,2025-01-14T06:45:58+00:00,2411.24,USD,posted,credit
L00006155,T00006155,A000490,2025-02-24T03:10:13+00:00,4948.83,USD,posted,credit
L00006156,T00006156,A001303,2026-08-12T07:17:33+00:00,3052.66,EUR,posted,credit
L00006157,T00006157,A000201,2025-11-01T03:40:05+00:00,2022.82,INR,posted,credit
L00006158,T00006158,A001485,2025-04-17T04:34:18+00:00,3151.07,INR,posted,credit
L00006159,T00006159,A000088,2026-04-06T21:35:01+00:00,320.34,CAD,posted,credit
L00006160,T00006160,A000074,2026-06-16T22:36:28+00:00,1011.61,INR,posted,credit
L00006161,T00006161,A000723,2026-03-01T20:01:36+00:00,2573.20,CAD,posted,credit
L00006162,T00006162,A001483,2025-01-11T13:40:47+00:00,3084.82,GBP,posted,credit
L00006163,T00006163,A001202,2025-08-04T22:07:23+00:00,2385.26,CAD,posted,credit
L00006164,T00006164,A000108,2026-08-19T20:28:39+00:00,800.63,USD,posted,credit
L00006165,T00006165,A001131,2025-03-24T09:59:20+00:00,1729.82,GBP,posted,credit
L00006166,T00006166,A000854,2025-07-29T14:48:42+00:00,679.87,USD,posted,credit
L00006167,T00006167,A001393,2026-01-08T15:26:20+00:00,2291.47,INR,posted,credit
L00006168,T00006168,A001256,2026-06-14T23:38:15+00:00,1870.57,INR,posted,credit
L00006169,T00006169,A000623,2025-05-22T09:11:23+00:00,1417.33,USD,posted,credit
L00006170,T00006170,A000885,2025-06-17T16:56:13+00:00,448.72,INR,posted,credit
L00006171,T00006171,A000178,2026-09-11T21:33:09+00:00,3348.59,CAD,posted,credit
L00006172,T00006172,A001300,2025-08-11T15:13:14+00:00,203.74,INR,posted,credit
L00006173,T00006173,A001214,2025-09-10T09:53:16+00:00,4867.03,EUR,posted,credit
L00006174,T00006174,A000699,2026-07-30T23:47:28+00:00,2452.51,EUR,posted,credit
L00006175,T00006175,A000971,2025-11-29T22:41:37+00:00,3780.97,INR,posted,credit
L00006176,T00006176,A001398,2026-02-28T15:07:18+00:00,4728.67,INR,posted,credit
L00006177,T00006177,A000012,2025-09-03T13:39:12+00:00,3591.76,CAD,posted,credit
L00006178,T00006178,A000070,2025-06-05T02:49:31+00:00,3234.44,INR,posted,credit
L00006179,T00006179,A000781,2026-05-06T16:00:24+00:00,3132.03,CAD,posted,credit
L00006180,T00006180,A000007,2026-01-09T13:37:16+00:00,1150.15,CAD,posted,credit
L00006181,T00006181,A001012,2025-05-29T00:04:35+00:00,3290.88,CAD,posted,credit
L00006182,T00006182,A001260,2026-02-23T16:20:59+00:00,1356.25,EUR,posted,credit
L00006183,T00006183,A000980,2025-07-18T12:31:06+00:00,3882.90,CAD,posted,credit
L00006184,T00006184,A000223,2025-06-25T06:58:23+00:00,3171.17,INR,posted,credit
L00006185,T00006185,A000507,2025-12-07T13:06:23+00:00,4759.12,EUR,posted,credit
L00006186,T00006186,A001128,2025-05-21T19:24:46+00:00,79.94,GBP,posted,credit
L00006187,T00006187,A000396,2026-04-29T22:14:37+00:00,2861.26,USD,posted,credit
L00006188,T00006188,A000490,2026-05-14T20:30:39+00:00,3607.39,USD,posted,credit
L00006189,T00006189,A001386,2025-08-18T01:48:36+00:00,261.08,INR,posted,credit
L00006190,T00006190,A000295,2026-03-23T00:25:04+00:00,1647.18,GBP,posted,credit
L00006191,T00006191,A001277,2026-08-06T04:56:18+00:00,545.45,USD,posted,credit
L00006192,T00006192,A000741,2025-08-10T15:51:27+00:00,2459.54,EUR,posted,credit
L00006193,T00006193,A000320,2026-07-15T17:38:30+00:00,4669.70,EUR,posted,credit
L00006194,T00006194,A000398,2025-04-06T21:35:25+00:00,1505.63,INR,posted,credit
L00006195,T00006195,A000833,2025-03-24T14:18:01+00:00,1931.55,CAD,posted,credit
L00006196,T00006196,A000141,2026-01-27T01:14:28+00:00,3416.03,USD,posted,credit
L00006197,T00006197,A000302,2025-12-11T05:35:10+00:00,1206.59,USD,posted,credit
L00006198,T00006198,A001005,2026-08-25T13:07:26+00:00,2331.79,GBP,posted,credit
L00006199,T00006199,A000180,2025-09-19T18:30:27+00:00,1065.25,CAD,posted,credit
L00006200,T00006200,A000754,2025-09-16T10:46:49+00:00,4671.34,INR,posted,credit
L00006201,T00006201,A000212,2026-07-13T18:49:44+00:00,1430.58,CAD,posted,credit
L00006202,T00006202,A001495,2026-02-23T13:32:33+00:00,4132.37,INR,posted,credit
L00006203,T00006203,A000298,2025-01-10T19:48:54+00:00,1479.46,INR,posted,credit
L00006204,T00006204,A000447,2026-08-11T02:13:26+00:00,2639.85,EUR,posted,credit
L00006205,T00006205,A000856,2025-09-22T14:17:21+00:00,4666.93,EUR,posted,credit
L00006206,T00006206,A000024,2025-05-11T08:20:49+00:00,687.63,USD,posted,credit
L00006207,T00006207,A000572,2025-04-21T21:16:34+00:00,1152.04,GBP,posted,credit
L00006208,T00006208,A000222,2025-02-03T09:35:59+00:00,2988.47,GBP,posted,credit
L00006209,T00006209,A000052,2026-02-04T04:28:48+00:00,3014.79,GBP,posted,credit
L00006210,T00006210,A000730,2026-04-08T08:37:08+00:00,3579.47,GBP,posted,credit
L00006211,T00006211,A001307,2025-01-09T13:32:21+00:00,1128.79,CAD,posted,credit
L00006212,T00006212,A001172,2025-05-21T17:11:18+00:00,1662.95,EUR,posted,credit
L00006213,T00006213,A001105,2025-09-27T12:26:12+00:00,2982.74,EUR,posted,credit
L00006214,T00006214,A000236,2025-06-03T11:46:54+00:00,3893.42,CAD,posted,credit
L00006215,T00006215,A001347,2025-11-03T23:19:24+00:00,2851.32,INR,posted,credit
L00006216,T00006216,A000679,2026-04-29T03:01:33+00:00,3965.90,INR,posted,credit
L00006217,T00006217,A000107,2026-03-14T03:14:14+00:00,4229.04,USD,posted,credit
L00006218,T00006218,A000518,2025-06-16T21:59:37+00:00,1679.06,USD,posted,credit
L00006219,T00006219,A000615,2026-05-18T19:41:47+00:00,4874.10,EUR,posted,credit
L00006220,T00006220,A001348,2026-06-20T04:17:04+00:00,1560.45,GBP,posted,credit
L00006221,T00006221,A000740,2026-04-15T06:56:56+00:00,3729.77,INR,posted,credit
L00006222,T00006222,A001490,2025-02-03T07:15:37+00:00,3915.92,INR,posted,credit
L00006223,T00006223,A001462,2026-05-23T21:41:13+00:00,3900.49,EUR,posted,credit
L00006224,T00006224,A000347,2025-06-20T20:32:52+00:00,3920.09,CAD,posted,credit
L00006225,T00006225,A000703,2026-02-06T14:23:38+00:00,4827.70,INR,posted,credit
L00006226,T00006226,A000879,2025-11-20T20:17:52+00:00,4142.49,CAD,posted,credit
L00006227,T00006227,A001039,2026-06-19T08:44:24+00:00,3037.47,INR,posted,credit
L00006228,T00006228,A000719,2025-08-01T16:11:59+00:00,921.72,USD,posted,credit
L00006229,T00006229,A001173,2026-05-29T15:47:22+00:00,2728.11,GBP,posted,credit
L00006230,T00006230,A001374,2026-08-19T10:13:29+00:00,826.23,USD,posted,credit
L00006231,T00006231,A000302,2025-05-25T11:52:22+00:00,3598.67,USD,posted,credit
L00006232,T00006232,A000840,2026-06-19T18:09:29+00:00,1506.69,CAD,posted,credit
L00006233,T00006233,A000879,2025-01-20T01:05:01+00:00,2549.58,CAD,posted,credit
L00006234,T00006234,A001440,2026-05-08T02:36:31+00:00,3616.87,EUR,posted,credit
L00006235,T00006235,A001166,2025-08-05T08:24:48+00:00,511.54,CAD,posted,credit
L00006236,T00006236,A001221,2025-12-15T22:21:48+00:00,3265.57,USD,posted,credit
L00006237,T00006237,A001290,2026-01-26T04:03:07+00:00,3902.80,CAD,posted,credit
L00006238,T00006238,A000440,2025-07-21T19:44:18+00:00,2316.63,CAD,posted,credit
L00006239,T00006239,A001273,2025-10-28T04:04:29+00:00,3192.75,CAD,posted,credit
L00006240,T00006240,A001498,2025-02-01T17:49:51+00:00,4132.25,CAD,posted,credit
L00006241,T00006241,A000409,2025-03-19T02:30:31+00:00,4624.35,CAD,posted,credit
L00006242,T00006242,A000956,2026-08-21T15:07:16+00:00,1875.29,INR,posted,credit
L00006243,T00006243,A000785,2025-09-10T16:19:11+00:00,663.33,GBP,posted,credit
L00006244,T00006244,A001396,2025-04-13T15:51:04+00:00,3507.55,GBP,posted,credit
L00006245,T00006245,A000967,2025-08-11T04:35:20+00:00,4579.23,INR,posted,credit
L00006246,T00006246,A000822,2026-03-10T01:51:14+00:00,1588.48,USD,posted,credit
L00006247,T00006247,A000792,2025-06-16T12:56:07+00:00,2502.47,INR,posted,credit
L00006248,T00006248,A000076,2025-01-31T05:52:18+00:00,3255.22,CAD,posted,credit
L00006249,T00006249,A001487,2025-07-31T11:26:27+00:00,4159.96,EUR,posted,credit
L00006250,T00006250,A000508,2026-04-29T01:52:49+00:00,374.35,CAD,posted,credit
L00006251,T00006251,A001269,2026-03-16T23:05:02+00:00,490.22,EUR,posted,credit
L00006252,T00006252,A000342,2025-01-13T20:01:54+00:00,157.56,CAD,posted,credit
L00006253,T00006253,A000865,2025-09-07T16:26:29+00:00,2442.70,GBP,posted,credit
L00006254,T00006254,A000889,2025-01-05T19:51:53+00:00,3802.99,EUR,posted,credit
L00006255,T00006255,A001419,2025-07-14T15:10:39+00:00,2691.81,CAD,posted,credit
L00006256,T00006256,A001417,2025-04-02T15:57:51+00:00,3519.01,INR,posted,credit
L00006257,T00006257,A001136,2026-03-18T01:04:55+00:00,2464.29,GBP,posted,credit
L00006258,T00006258,A000333,2025-04-21T15:52:57+00:00,3754.20,INR,posted,credit
L00006259,T00006259,A000673,2026-03-06T22:30:49+00:00,2085.09,GBP,posted,credit
L00006260,T00006260,A000899,2025-10-07T20:41:11+00:00,3632.49,USD,posted,credit
L00006261,T00006261,A000874,2026-09-05T18:19:37+00:00,3932.62,USD,posted,credit
L00006262,T00006262,A000279,2025-12-14T20:02:09+00:00,287.33,GBP,posted,credit
L00006263,T00006263,A000420,2026-01-28T07:49:52+00:00,3465.69,CAD,posted,credit
L00006264,T00006264,A000327,2026-09-08T20:07:53+00:00,4776.20,EUR,posted,credit
L00006265,T00006265,A000346,2026-01-20T04:48:39+00:00,50.00,INR,posted,credit
L00006266,T00006266,A000701,2026-05-27T01:25:22+00:00,2438.95,USD,posted,credit
L00006267,T00006267,A000897,2025-11-15T08:33:35+00:00,1401.32,GBP,posted,credit
L00006268,T00006268,A001024,2025-06-21T11:10:51+00:00,1071.62,USD,posted,credit
L00006269,T00006269,A000008,2026-06-19T17:43:17+00:00,4476.73,USD,posted,credit
L00006270,T00006270,A000800,2026-04-17T11:04:07+00:00,3640.02,USD,posted,credit
L00006271,T00006271,A000748,2026-03-19T00:07:04+00:00,3601.26,INR,posted,credit
L00006272,T00006272,A000937,2026-06-12T10:26:55+00:00,3745.40,EUR,posted,credit
L00006273,T00006273,A000939,2026-08-23T03:34:24+00:00,2781.50,USD,posted,credit
L00006274,T00006274,A000709,2026-05-02T13:17:54+00:00,4675.36,INR,posted,credit
L00006275,T00006275,A001082,2026-07-24T12:25:26+00:00,2915.91,INR,posted,credit
L00006276,T00006276,A000331,2026-05-28T05:14:09+00:00,4578.66,EUR,posted,credit
L00006277,T00006277,A000758,2025-09-15T01:49:36+00:00,4441.37,CAD,posted,credit
L00006278,T00006278,A000866,2026-02-14T16:44:01+00:00,3952.45,GBP,posted,credit
L00006279,T00006279,A000393,2025-08-22T03:31:26+00:00,1825.70,CAD,posted,credit
L00006280,T00006280,A000616,2026-08-02T07:44:53+00:00,1881.10,INR,posted,credit
L00006281,T00006281,A000767,2026-02-27T06:29:23+00:00,2787.78,USD,posted,credit
L00006282,T00006282,A001160,2026-04-14T09:58:24+00:00,3201.65,EUR,posted,credit
L00006283,T00006283,A001355,2026-03-12T17:34:16+00:00,1354.50,USD,posted,credit
L00006284,T00006284,A000343,2025-11-12T22:00:10+00:00,4224.08,GBP,posted,credit
L00006285,T00006285,A001061,2025-01-19T22:54:28+00:00,4058.03,CAD,posted,credit
L00006286,T00006286,A000458,2025-02-05T19:42:12+00:00,405.94,USD,posted,credit
L00006287,T00006287,A001011,2025-01-23T13:05:50+00:00,374.63,CAD,posted,credit
L00006288,T00006288,A000734,2025-09-16T05:08:39+00:00,1789.76,INR,posted,credit
L00006289,T00006289,A000448,2026-04-11T18:25:18+00:00,361.80,GBP,posted,credit
L00006290,T00006290,A000381,2026-02-01T21:37:31+00:00,274.56,EUR,posted,credit
L00006291,T00006291,A000653,2025-09-24T08:33:32+00:00,877.49,INR,posted,credit
L00006292,T00006292,A000433,2025-07-12T01:27:20+00:00,4772.80,INR,posted,credit
L00006293,T00006293,A000957,2026-05-01T12:25:57+00:00,751.51,GBP,posted,credit
L00006294,T00006294,A000037,2026-05-20T15:19:31+00:00,4873.64,INR,posted,credit
L00006295,T00006295,A000462,2026-02-04T06:41:43+00:00,1854.12,GBP,posted,credit
L00006296,T00006296,A001495,2025-01-20T07:17:00+00:00,4649.25,INR,posted,credit
L00006297,T00006297,A001294,2025-01-04T19:49:48+00:00,527.01,USD,posted,credit
L00006298,T00006298,A000911,2026-07-15T08:50:27+00:00,4330.69,GBP,posted,credit
L00006299,T00006299,A000816,2025-08-31T01:39:18+00:00,662.44,INR,posted,credit
L00006300,T00006300,A001488,2026-05-29T09:13:45+00:00,3665.11,INR,posted,credit
L00006301,T00006301,A001287,2026-08-03T04:19:17+00:00,3301.68,USD,posted,credit
L00006302,T00006302,A000006,2025-07-23T06:34:11+00:00,2489.31,CAD,posted,credit
L00006303,T00006303,A000185,2026-08-22T22:03:01+00:00,3449.07,EUR,posted,credit
L00006304,T00006304,A000927,2025-01-15T15:17:28+00:00,2014.44,EUR,posted,credit
L00006305,T00006305,A001226,2025-07-05T23:50:27+00:00,3724.91,USD,posted,credit
L00006306,T00006306,A000632,2025-12-30T17:31:21+00:00,779.65,GBP,posted,credit
L00006307,T00006307,A001027,2025-12-15T10:46:45+00:00,3431.34,GBP,posted,credit
L00006308,T00006308,A000190,2026-06-05T23:33:26+00:00,3025.28,EUR,posted,credit
L00006309,T00006309,A000263,2026-07-01T13:09:57+00:00,4480.87,CAD,posted,credit
L00006310,T00006310,A000768,2026-07-25T09:52:53+00:00,2456.62,EUR,posted,credit
L00006311,T00006311,A000750,2026-04-28T13:44:25+00:00,3924.86,CAD,posted,credit
L00006312,T00006312,A001424,2026-09-09T04:45:24+00:00,1084.68,EUR,posted,credit
L00006313,T00006313,A000709,2026-05-12T06:34:12+00:00,2692.10,INR,posted,credit
L00006314,T00006314,A000054,2025-11-15T05:36:05+00:00,4681.55,EUR,posted,credit
L00006315,T00006315,A000199,2025-05-20T18:00:31+00:00,2628.33,EUR,posted,credit
L00006316,T00006316,A000880,2025-12-11T20:36:44+00:00,2164.88,CAD,posted,credit
L00006317,T00006317,A000034,2025-04-17T04:56:37+00:00,1618.31,USD,posted,credit
L00006318,T00006318,A000041,2026-01-12T19:45:32+00:00,439.72,CAD,posted,credit
L00006319,T00006319,A000153,2025-06-29T17:29:04+00:00,2661.55,CAD,posted,credit
L00006320,T00006320,A000539,2025-06-18T12:25:52+00:00,1780.68,INR,posted,credit
L00006321,T00006321,A000426,2025-10-01T15:43:18+00:00,972.89,CAD,posted,credit
L00006322,T00006322,A000060,2026-07-18T09:41:06+00:00,3424.69,USD,posted,credit
L00006323,T00006323,A000441,2025-05-03T03:03:56+00:00,1959.42,EUR,posted,credit
L00006324,T00006324,A000629,2026-07-02T09:39:29+00:00,2810.09,EUR,posted,credit
L00006325,T00006325,A000880,2026-06-08T15:28:50+00:00,3636.44,CAD,posted,credit
L00006326,T00006326,A000781,2025-02-12T03:40:22+00:00,1410.54,CAD,posted,credit
L00006327,T00006327,A000090,2025-07-17T09:00:56+00:00,4844.71,USD,posted,credit
L00006328,T00006328,A000762,2025-09-24T03:08:40+00:00,1091.48,INR,posted,credit
L00006329,T00006329,A000612,2026-05-05T04:07:09+00:00,2280.66,INR,posted,credit
L00006330,T00006330,A000717,2026-01-22T18:50:48+00:00,2602.42,EUR,posted,credit
L00006331,T00006331,A000655,2025-10-21T09:46:05+00:00,202.99,USD,posted,credit
L00006332,T00006332,A001379,2025-01-23T01:08:14+00:00,2105.05,CAD,posted,credit
L00006333,T00006333,A000409,2025-10-30T14:34:02+00:00,1288.99,CAD,posted,credit
L00006334,T00006334,A000742,2025-09-05T13:40:42+00:00,2337.65,CAD,posted,credit
L00006335,T00006335,A001316,2025-05-28T15:16:08+00:00,4920.56,EUR,posted,credit
L00006336,T00006336,A000124,2025-04-09T19:03:50+00:00,3673.57,GBP,posted,credit
L00006337,T00006337,A000106,2025-11-14T12:32:14+00:00,3045.21,INR,posted,credit
L00006338,T00006338,A000931,2025-12-30T15:51:08+00:00,3165.35,INR,posted,credit
L00006339,T00006339,A000227,2025-08-25T11:34:35+00:00,2962.02,EUR,posted,credit
L00006340,T00006340,A000990,2025-01-13T10:29:58+00:00,1408.00,USD,posted,credit
L00006341,T00006341,A001358,2026-06-05T02:16:26+00:00,3598.16,USD,posted,credit
L00006342,T00006342,A000314,2026-04-11T15:25:12+00:00,3846.41,GBP,posted,credit
L00006343,T00006343,A000713,2026-06-29T21:48:01+00:00,112.37,EUR,posted,credit
L00006344,T00006344,A000369,2026-01-16T05:12:46+00:00,2035.56,USD,posted,credit
L00006345,T00006345,A000049,2025-03-11T11:30:59+00:00,754.33,INR,posted,credit
L00006346,T00006346,A000639,2025-11-08T08:53:46+00:00,3772.81,CAD,posted,credit
L00006347,T00006347,A000900,2026-01-09T11:51:19+00:00,2128.29,USD,posted,credit
L00006348,T00006348,A000934,2026-07-07T12:25:55+00:00,2872.60,EUR,posted,credit
L00006349,T00006349,A000926,2026-06-21T18:21:47+00:00,330.02,USD,posted,credit
L00006350,T00006350,A000027,2026-02-19T07:44:03+00:00,965.84,CAD,posted,credit
L00006351,T00006351,A001189,2026-05-28T21:56:20+00:00,4262.35,GBP,posted,credit
L00006352,T00006352,A001446,2026-05-26T22:46:47+00:00,1244.24,CAD,posted,credit
L00006353,T00006353,A000259,2025-11-30T06:51:23+00:00,4646.93,USD,posted,credit
L00006354,T00006354,A001272,2025-08-15T18:45:50+00:00,3852.31,GBP,posted,credit
L00006355,T00006355,A000034,2026-01-06T05:41:35+00:00,4709.64,USD,posted,credit
L00006356,T00006356,A000682,2026-02-16T17:07:23+00:00,1581.93,INR,posted,credit
L00006357,T00006357,A000936,2025-03-23T23:20:24+00:00,4926.43,USD,posted,credit
L00006358,T00006358,A001387,2025-08-31T20:02:48+00:00,1737.71,INR,posted,credit
L00006359,T00006359,A001368,2026-01-22T11:06:39+00:00,2856.39,EUR,posted,credit
L00006360,T00006360,A000634,2025-04-15T19:24:39+00:00,1359.50,GBP,posted,credit
L00006361,T00006361,A001260,2025-06-18T11:01:37+00:00,2366.89,EUR,posted,credit
L00006362,T00006362,A001323,2025-09-21T04:27:10+00:00,2500.92,EUR,posted,credit
L00006363,T00006363,A000163,2026-04-16T14:49:20+00:00,1299.25,EUR,posted,credit
L00006364,T00006364,A001170,2026-04-12T05:16:27+00:00,1085.97,USD,posted,credit
L00006365,T00006365,A000358,2026-01-03T08:42:47+00:00,1208.92,INR,posted,credit
L00006366,T00006366,A001047,2025-12-21T13:37:36+00:00,3129.70,INR,posted,credit
L00006367,T00006367,A000467,2025-06-30T01:04:53+00:00,2912.47,EUR,posted,credit
L00006368,T00006368,A000665,2025-08-19T23:06:57+00:00,741.46,GBP,posted,credit
L00006369,T00006369,A000150,2025-11-17T01:09:05+00:00,3671.36,EUR,posted,credit
L00006370,T00006370,A000514,2026-06-26T13:41:29+00:00,3421.16,GBP,posted,credit
L00006371,T00006371,A000126,2025-03-06T21:31:13+00:00,3257.74,EUR,posted,credit
L00006372,T00006372,A001203,2025-08-29T12:41:42+00:00,1740.91,GBP,posted,credit
L00006373,T00006373,A000514,2026-04-27T09:38:58+00:00,2679.73,GBP,posted,credit
L00006374,T00006374,A000879,2026-06-06T07:29:14+00:00,2053.46,CAD,posted,credit
L00006375,T00006375,A001122,2025-05-25T06:56:02+00:00,3251.24,INR,posted,credit
L00006376,T00006376,A000784,2025-11-27T03:30:11+00:00,4184.98,GBP,posted,credit
L00006377,T00006377,A000160,2025-01-19T18:59:29+00:00,1710.71,CAD,posted,credit
L00006378,T00006378,A000321,2025-12-11T22:54:31+00:00,3218.46,CAD,posted,credit
L00006379,T00006379,A001473,2025-05-05T16:56:27+00:00,2537.52,GBP,posted,credit
L00006380,T00006380,A000193,2025-02-19T12:42:39+00:00,2675.34,USD,posted,credit
L00006381,T00006381,A000735,2026-07-07T23:40:17+00:00,2616.15,USD,posted,credit
L00006382,T00006382,A001351,2025-01-19T08:49:32+00:00,1422.83,CAD,posted,credit
L00006383,T00006383,A000825,2026-08-07T12:38:06+00:00,2077.33,CAD,posted,credit
L00006384,T00006384,A000696,2025-01-04T21:11:43+00:00,3672.84,GBP,posted,credit
L00006385,T00006385,A001014,2025-09-28T11:11:02+00:00,1012.83,INR,posted,credit
L00006386,T00006386,A000635,2025-10-30T08:45:12+00:00,1508.91,GBP,posted,credit
L00006387,T00006387,A000626,2025-06-24T09:45:54+00:00,1225.23,GBP,posted,credit
L00006388,T00006388,A000572,2025-07-08T01:54:38+00:00,3518.99,GBP,posted,credit
L00006389,T00006389,A000599,2025-08-26T06:40:57+00:00,2149.49,CAD,posted,credit
L00006390,T00006390,A000559,2026-03-17T23:15:38+00:00,2198.73,GBP,posted,credit
L00006391,T00006391,A000846,2025-08-18T21:06:35+00:00,90.44,EUR,posted,credit
L00006392,T00006392,A001054,2025-12-14T03:05:57+00:00,2466.92,GBP,posted,credit
L00006393,T00006393,A001211,2025-06-15T06:03:04+00:00,2455.25,CAD,posted,credit
L00006394,T00006394,A000464,2026-01-25T20:32:55+00:00,2233.40,CAD,posted,credit
L00006395,T00006395,A001382,2025-02-27T10:05:40+00:00,3688.15,USD,posted,credit
L00006396,T00006396,A001283,2025-08-21T13:48:29+00:00,59.14,EUR,posted,credit
L00006397,T00006397,A001388,2026-03-02T03:30:11+00:00,676.12,GBP,posted,credit
L00006398,T00006398,A001230,2025-08-10T10:32:40+00:00,1906.97,EUR,posted,credit
L00006399,T00006399,A000922,2026-04-01T21:30:59+00:00,3855.71,EUR,posted,credit
L00006400,T00006400,A000241,2025-03-28T16:48:27+00:00,3977.76,USD,posted,credit
L00006401,T00006401,A000548,2025-12-30T23:49:53+00:00,289.62,CAD,posted,credit
L00006402,T00006402,A000815,2026-06-11T03:16:09+00:00,1731.65,INR,posted,credit
L00006403,T00006403,A001373,2026-05-27T10:28:49+00:00,4745.19,INR,posted,credit
L00006404,T00006404,A000017,2025-05-06T14:28:17+00:00,4558.90,USD,posted,credit
L00006405,T00006405,A000609,2025-10-26T13:09:17+00:00,555.38,GBP,posted,credit
L00006406,T00006406,A000451,2025-04-21T16:42:12+00:00,2538.23,USD,posted,credit
L00006407,T00006407,A001090,2025-06-07T10:40:22+00:00,3694.77,INR,posted,credit
L00006408,T00006408,A000556,2025-11-19T13:43:40+00:00,2877.36,CAD,posted,credit
L00006409,T00006409,A000007,2025-01-05T08:47:53+00:00,4233.47,CAD,posted,credit
L00006410,T00006410,A001402,2025-08-26T07:53:24+00:00,2670.39,INR,posted,credit
L00006411,T00006411,A001324,2025-01-02T17:21:22+00:00,3783.82,INR,posted,credit
L00006412,T00006412,A001355,2025-09-27T03:26:20+00:00,2737.37,USD,posted,credit
L00006413,T00006413,A001199,2025-08-04T03:12:09+00:00,4458.73,EUR,posted,credit
L00006414,T00006414,A000044,2026-08-06T21:37:47+00:00,3342.51,USD,posted,credit
L00006415,T00006415,A000970,2025-11-28T09:00:37+00:00,376.33,INR,posted,credit
L00006416,T00006416,A000999,2026-04-23T10:39:42+00:00,882.66,USD,posted,credit
L00006417,T00006417,A000415,2026-07-15T13:03:18+00:00,2027.72,GBP,posted,credit
L00006418,T00006418,A000227,2026-04-18T23:03:35+00:00,445.29,EUR,posted,credit
L00006419,T00006419,A001068,2026-06-10T14:19:34+00:00,1889.26,INR,posted,credit
L00006420,T00006420,A000788,2026-01-12T17:52:34+00:00,4405.59,USD,posted,credit
L00006421,T00006421,A000518,2025-06-28T12:23:36+00:00,1698.39,USD,posted,credit
L00006422,T00006422,A000240,2026-04-20T02:29:13+00:00,279.75,GBP,posted,credit
L00006423,T00006423,A000018,2025-07-29T22:41:57+00:00,732.95,USD,posted,credit
L00006424,T00006424,A001269,2025-01-02T22:49:00+00:00,1563.90,EUR,posted,credit
L00006425,T00006425,A000975,2026-08-31T14:36:33+00:00,1272.59,USD,posted,credit
L00006426,T00006426,A001146,2026-01-31T11:03:48+00:00,1163.62,EUR,posted,credit
L00006427,T00006427,A000346,2026-06-15T18:51:58+00:00,4489.32,INR,posted,credit
L00006428,T00006428,A000736,2025-09-26T02:07:33+00:00,1031.75,INR,posted,credit
L00006429,T00006429,A000692,2025-09-22T06:19:19+00:00,4961.24,CAD,posted,credit
L00006430,T00006430,A000760,2026-08-02T05:31:55+00:00,3257.32,USD,posted,credit
L00006431,T00006431,A000523,2026-06-18T17:23:03+00:00,738.86,GBP,posted,credit
L00006432,T00006432,A000936,2025-06-21T01:05:35+00:00,4794.40,USD,posted,credit
L00006433,T00006433,A001194,2025-08-18T20:17:41+00:00,3818.09,USD,posted,credit
L00006434,T00006434,A001354,2026-01-02T09:35:59+00:00,842.44,CAD,posted,credit
L00006435,T00006435,A000676,2025-02-04T17:30:46+00:00,1317.79,USD,posted,credit
L00006436,T00006436,A000619,2025-08-22T11:54:29+00:00,2381.21,INR,posted,credit
L00006437,T00006437,A000318,2026-07-22T19:23:38+00:00,2292.86,EUR,posted,credit
L00006438,T00006438,A000428,2025-06-21T23:39:07+00:00,223.60,INR,posted,credit
L00006439,T00006439,A000028,2025-08-28T15:03:56+00:00,754.35,GBP,posted,credit
L00006440,T00006440,A000725,2025-09-07T00:49:08+00:00,2110.06,CAD,posted,credit
L00006441,T00006441,A000518,2026-03-30T15:03:49+00:00,4982.70,USD,posted,credit
L00006442,T00006442,A001245,2025-07-06T02:12:37+00:00,1263.05,CAD,posted,credit
L00006443,T00006443,A000693,2026-05-18T15:11:55+00:00,170.59,CAD,posted,credit
L00006444,T00006444,A000010,2025-07-11T18:14:00+00:00,820.26,GBP,posted,credit
L00006445,T00006445,A000511,2025-10-04T02:40:57+00:00,4936.81,INR,posted,credit
L00006446,T00006446,A001093,2025-03-29T21:53:02+00:00,1836.70,INR,posted,credit
L00006447,T00006447,A000631,2025-02-06T02:42:52+00:00,444.86,CAD,posted,credit
L00006448,T00006448,A000885,2025-12-20T16:42:18+00:00,2702.76,INR,posted,credit
L00006449,T00006449,A000401,2025-04-05T10:27:40+00:00,2002.15,USD,posted,credit
L00006450,T00006450,A000843,2026-03-10T04:19:32+00:00,1833.75,GBP,posted,credit
L00006451,T00006451,A001321,2026-01-30T17:21:24+00:00,72.54,CAD,posted,credit
L00006452,T00006452,A000455,2026-07-23T04:20:11+00:00,4537.31,CAD,posted,credit
L00006453,T00006453,A000366,2025-02-27T23:59:16+00:00,3551.84,EUR,posted,credit
L00006454,T00006454,A000613,2025-10-07T04:34:36+00:00,3138.29,INR,posted,credit
L00006455,T00006455,A000144,2026-08-02T10:05:27+00:00,4659.66,CAD,posted,credit
L00006456,T00006456,A001346,2025-02-04T02:04:05+00:00,911.76,USD,posted,credit
L00006457,T00006457,A000185,2026-04-14T08:34:21+00:00,4840.31,EUR,posted,credit
L00006458,T00006458,A001265,2025-07-21T17:01:46+00:00,1579.91,EUR,posted,credit
L00006459,T00006459,A000181,2026-08-12T03:28:14+00:00,491.68,CAD,posted,credit
L00006460,T00006460,A000439,2026-01-20T01:21:54+00:00,3213.97,USD,posted,credit
L00006461,T00006461,A000329,2025-08-18T23:40:20+00:00,1337.95,INR,posted,credit
L00006462,T00006462,A000255,2025-11-28T03:31:50+00:00,1759.28,EUR,posted,credit
L00006463,T00006463,A001191,2025-06-25T08:21:16+00:00,547.51,INR,posted,credit
L00006464,T00006464,A000352,2025-03-29T07:09:58+00:00,3168.06,GBP,posted,credit
L00006465,T00006465,A001013,2025-10-09T05:06:53+00:00,4887.94,USD,posted,credit
L00006466,T00006466,A000573,2026-08-23T16:18:19+00:00,4099.62,GBP,posted,credit
L00006467,T00006467,A001033,2026-06-04T07:16:18+00:00,36.94,GBP,posted,credit
L00006468,T00006468,A001157,2025-10-08T12:55:22+00:00,1911.97,EUR,posted,credit
L00006469,T00006469,A000268,2025-01-11T19:10:10+00:00,1237.74,INR,posted,credit
L00006470,T00006470,A000131,2025-06-03T01:25:44+00:00,2828.70,USD,posted,credit
L00006471,T00006471,A001471,2025-07-29T02:57:44+00:00,1780.35,GBP,posted,credit
L00006472,T00006472,A000363,2026-04-22T06:21:59+00:00,2539.10,CAD,posted,credit
L00006473,T00006473,A001095,2026-08-11T19:33:47+00:00,2254.95,INR,posted,credit
L00006474,T00006474,A001100,2026-04-05T11:18:15+00:00,610.01,INR,posted,credit
L00006475,T00006475,A001157,2026-06-03T20:43:54+00:00,3241.47,EUR,posted,credit
L00006476,T00006476,A001297,2026-06-19T14:47:55+00:00,1181.79,INR,posted,credit
L00006477,T00006477,A000762,2025-12-26T19:11:59+00:00,4062.59,INR,posted,credit
L00006478,T00006478,A000967,2025-11-11T22:02:27+00:00,225.54,INR,posted,credit
L00006479,T00006479,A000949,2025-12-25T11:23:43+00:00,1677.23,EUR,posted,credit
L00006480,T00006480,A000006,2025-08-01T04:59:45+00:00,4718.29,CAD,posted,credit
L00006481,T00006481,A000931,2025-05-21T10:54:38+00:00,1605.90,INR,posted,credit
L00006482,T00006482,A001011,2025-01-24T15:50:22+00:00,1094.47,CAD,posted,credit
L00006483,T00006483,A001105,2026-01-03T15:53:45+00:00,60.54,EUR,posted,credit
L00006484,T00006484,A000243,2025-08-24T13:06:56+00:00,3805.14,CAD,posted,credit
L00006485,T00006485,A001283,2025-10-25T04:09:07+00:00,4207.27,EUR,posted,credit
L00006486,T00006486,A000180,2025-11-15T20:22:23+00:00,186.17,CAD,posted,credit
L00006487,T00006487,A000223,2026-09-11T06:51:16+00:00,2043.52,INR,posted,credit
L00006488,T00006488,A001302,2025-02-26T07:40:39+00:00,1878.21,EUR,posted,credit
L00006489,T00006489,A001464,2026-01-07T01:13:59+00:00,996.71,GBP,posted,credit
L00006490,T00006490,A000498,2025-03-30T08:07:36+00:00,1756.30,INR,posted,credit
L00006491,T00006491,A001452,2025-06-27T12:54:11+00:00,3540.29,GBP,posted,credit
L00006492,T00006492,A001132,2026-03-01T18:31:34+00:00,2834.52,EUR,posted,credit
L00006493,T00006493,A000659,2026-08-10T14:45:28+00:00,4252.41,USD,posted,credit
L00006494,T00006494,A001227,2025-07-31T06:36:58+00:00,3659.82,USD,posted,credit
L00006495,T00006495,A000428,2026-07-31T10:46:30+00:00,4602.88,INR,posted,credit
L00006496,T00006496,A000328,2026-05-09T07:47:59+00:00,1094.93,INR,posted,credit
L00006497,T00006497,A001193,2025-02-19T02:51:36+00:00,3187.01,CAD,posted,credit
L00006498,T00006498,A001092,2025-09-19T02:38:58+00:00,1646.91,CAD,posted,credit
L00006499,T00006499,A000494,2025-02-28T08:49:10+00:00,4323.38,INR,posted,credit
L00006500,T00006500,A000174,2025-05-24T14:37:48+00:00,160.13,EUR,posted,credit
L00006501,T00006501,A001485,2025-06-12T08:32:58+00:00,3837.08,INR,posted,credit
L00006502,T00006502,A000807,2026-09-07T03:48:01+00:00,1631.37,INR,posted,credit
L00006503,T00006503,A001495,2025-08-14T00:32:11+00:00,1995.77,INR,posted,credit
L00006504,T00006504,A000339,2025-01-06T16:46:11+00:00,414.29,CAD,posted,credit
L00006505,T00006505,A000551,2025-04-21T21:55:46+00:00,2622.08,GBP,posted,credit
L00006506,T00006506,A000050,2025-07-22T10:38:15+00:00,3996.48,INR,posted,credit
L00006507,T00006507,A000927,2026-01-04T03:11:57+00:00,1615.95,EUR,posted,credit
L00006508,T00006508,A000598,2026-08-20T07:32:48+00:00,4909.91,EUR,posted,credit
L00006509,T00006509,A001498,2026-05-27T05:57:58+00:00,3204.68,CAD,posted,credit
L00006510,T00006510,A001237,2025-11-27T02:45:43+00:00,1979.04,EUR,posted,credit
L00006511,T00006511,A001146,2026-04-03T08:25:15+00:00,4375.67,EUR,posted,credit
L00006512,T00006512,A000475,2025-06-19T21:53:25+00:00,102.20,CAD,posted,credit
L00006513,T00006513,A000493,2026-06-11T17:20:04+00:00,1236.22,USD,posted,credit
L00006514,T00006514,A000852,2026-06-26T22:36:48+00:00,3470.85,USD,posted,credit
L00006515,T00006515,A000803,2025-11-01T19:41:22+00:00,384.81,GBP,posted,credit
L00006516,T00006516,A000765,2025-12-25T08:41:42+00:00,3664.74,INR,posted,credit
L00006517,T00006517,A000892,2025-09-01T04:22:49+00:00,2658.61,USD,posted,credit
L00006518,T00006518,A000660,2025-09-10T17:06:47+00:00,501.77,USD,posted,credit
L00006519,T00006519,A001466,2025-11-24T03:16:01+00:00,2095.77,USD,posted,credit
L00006520,T00006520,A000692,2026-07-25T20:18:37+00:00,3972.53,CAD,posted,credit
L00006521,T00006521,A000386,2026-04-26T17:31:19+00:00,747.72,GBP,posted,credit
L00006522,T00006522,A000634,2025-07-26T17:42:21+00:00,54.75,GBP,posted,credit
L00006523,T00006523,A000992,2026-01-15T02:22:47+00:00,2320.79,CAD,posted,credit
L00006524,T00006524,A000110,2025-05-02T17:37:28+00:00,4183.66,INR,posted,credit
L00006525,T00006525,A001448,2025-01-08T19:19:22+00:00,3414.14,EUR,posted,credit
L00006526,T00006526,A000872,2026-01-10T22:25:55+00:00,2659.28,CAD,posted,credit
L00006527,T00006527,A001278,2026-06-14T14:43:11+00:00,2708.51,EUR,posted,credit
L00006528,T00006528,A001204,2026-07-01T23:06:56+00:00,4716.76,INR,posted,credit
L00006529,T00006529,A000354,2025-06-13T03:27:02+00:00,2404.68,CAD,posted,credit
L00006530,T00006530,A000765,2026-08-10T04:48:12+00:00,64.62,INR,posted,credit
L00006531,T00006531,A000690,2026-03-27T11:28:21+00:00,3948.80,EUR,posted,credit
L00006532,T00006532,A000624,2025-03-05T02:14:52+00:00,4491.82,GBP,posted,credit
L00006533,T00006533,A000976,2026-07-22T21:54:59+00:00,4832.31,EUR,posted,credit
L00006534,T00006534,A001390,2026-05-16T10:13:44+00:00,2380.90,INR,posted,credit
L00006535,T00006535,A001375,2026-07-09T12:21:43+00:00,2550.92,USD,posted,credit
L00006536,T00006536,A000203,2026-01-13T06:30:45+00:00,3547.82,USD,posted,credit
L00006537,T00006537,A001495,2025-01-28T09:19:41+00:00,2686.86,INR,posted,credit
L00006538,T00006538,A000623,2026-08-20T03:26:02+00:00,2439.68,USD,posted,credit
L00006539,T00006539,A000089,2026-03-21T08:12:52+00:00,56.41,EUR,posted,credit
L00006540,T00006540,A000074,2025-06-22T10:18:49+00:00,559.38,INR,posted,credit
L00006541,T00006541,A000500,2026-07-13T03:01:49+00:00,4701.15,INR,posted,credit
L00006542,T00006542,A001387,2025-03-18T12:13:36+00:00,1067.12,INR,posted,credit
L00006543,T00006543,A000620,2026-06-16T16:48:36+00:00,296.34,USD,posted,credit
L00006544,T00006544,A001391,2025-09-29T23:44:43+00:00,3328.85,CAD,posted,credit
L00006545,T00006545,A000453,2025-10-04T22:58:25+00:00,2696.39,CAD,posted,credit
L00006546,T00006546,A000916,2026-08-22T13:35:34+00:00,2486.54,USD,posted,credit
L00006547,T00006547,A000716,2025-06-09T00:32:10+00:00,4453.69,INR,posted,credit
L00006548,T00006548,A001463,2026-04-13T11:26:48+00:00,787.51,GBP,posted,credit
L00006549,T00006549,A001107,2025-04-24T03:23:59+00:00,3442.44,USD,posted,credit
L00006550,T00006550,A001421,2025-01-14T13:26:10+00:00,3572.39,CAD,posted,credit
L00006551,T00006551,A001452,2025-04-30T17:24:28+00:00,2978.79,GBP,posted,credit
L00006552,T00006552,A000722,2025-07-31T07:45:54+00:00,893.94,EUR,posted,credit
L00006553,T00006553,A000531,2026-07-18T05:32:06+00:00,953.22,EUR,posted,credit
L00006554,T00006554,A000651,2025-08-17T05:10:13+00:00,3001.64,GBP,posted,credit
L00006555,T00006555,A000609,2025-02-10T11:51:11+00:00,4005.32,GBP,posted,credit
L00006556,T00006556,A001187,2025-06-25T12:49:17+00:00,4558.07,USD,posted,credit
L00006557,T00006557,A000213,2025-09-15T16:55:32+00:00,4520.84,INR,posted,credit
L00006558,T00006558,A001355,2026-04-22T22:36:44+00:00,645.41,USD,posted,credit
L00006559,T00006559,A000281,2025-12-01T18:59:38+00:00,4880.91,EUR,posted,credit
L00006560,T00006560,A000112,2026-03-19T02:20:01+00:00,776.23,GBP,posted,credit
L00006561,T00006561,A001259,2025-06-19T18:36:04+00:00,2484.98,INR,posted,credit
L00006562,T00006562,A000574,2025-05-30T16:16:09+00:00,1341.80,GBP,posted,credit
L00006563,T00006563,A000910,2026-04-15T05:33:49+00:00,429.10,CAD,posted,credit
L00006564,T00006564,A001072,2025-02-27T17:38:28+00:00,4800.51,USD,posted,credit
L00006565,T00006565,A000550,2025-09-30T06:26:51+00:00,1694.49,CAD,posted,credit
L00006566,T00006566,A000575,2025-11-25T07:05:36+00:00,3376.48,GBP,posted,credit
L00006567,T00006567,A000884,2026-07-31T10:53:27+00:00,2692.87,GBP,posted,credit
L00006568,T00006568,A000773,2026-07-23T09:24:34+00:00,4888.72,USD,posted,credit
L00006569,T00006569,A000366,2025-11-06T01:41:47+00:00,2168.14,EUR,posted,credit
L00006570,T00006570,A001127,2026-02-20T08:19:36+00:00,104.43,USD,posted,credit
L00006571,T00006571,A000717,2025-10-23T02:41:56+00:00,197.35,EUR,posted,credit
L00006572,T00006572,A000729,2025-04-05T01:51:17+00:00,1186.50,GBP,posted,credit
L00006573,T00006573,A001036,2025-01-22T11:39:46+00:00,1632.28,INR,posted,credit
L00006574,T00006574,A000688,2026-06-23T19:28:06+00:00,1724.04,GBP,posted,credit
L00006575,T00006575,A000505,2025-06-10T22:58:44+00:00,2001.19,INR,posted,credit
L00006576,T00006576,A000236,2025-11-02T01:41:29+00:00,1259.73,CAD,posted,credit
L00006577,T00006577,A000382,2026-06-03T10:20:49+00:00,4074.61,CAD,posted,credit
L00006578,T00006578,A000467,2026-01-26T01:19:28+00:00,2770.66,EUR,posted,credit
L00006579,T00006579,A000688,2026-02-15T13:58:13+00:00,4605.09,GBP,posted,credit
L00006580,T00006580,A000910,2025-01-20T20:54:33+00:00,4736.02,CAD,posted,credit
L00006581,T00006581,A000714,2026-07-18T05:38:33+00:00,801.34,USD,posted,credit
L00006582,T00006582,A000535,2025-01-09T00:36:58+00:00,896.77,INR,posted,credit
L00006583,T00006583,A000747,2026-08-22T13:48:00+00:00,1180.26,CAD,posted,credit
L00006584,T00006584,A001316,2026-01-27T10:44:34+00:00,3431.44,EUR,posted,credit
L00006585,T00006585,A001410,2025-03-31T17:57:46+00:00,607.20,INR,posted,credit
L00006586,T00006586,A000914,2025-09-29T12:46:27+00:00,810.90,INR,posted,credit
L00006587,T00006587,A000242,2026-09-01T03:52:16+00:00,2675.35,GBP,posted,credit
L00006588,T00006588,A001012,2026-07-11T21:39:54+00:00,4951.66,CAD,posted,credit
L00006589,T00006589,A001354,2025-02-24T22:43:21+00:00,1936.22,CAD,posted,credit
L00006590,T00006590,A000218,2026-06-09T21:33:32+00:00,502.21,EUR,posted,credit
L00006591,T00006591,A001217,2025-11-12T14:05:57+00:00,2414.98,CAD,posted,credit
L00006592,T00006592,A001459,2025-04-03T11:59:26+00:00,3222.16,CAD,posted,credit
L00006593,T00006593,A000346,2026-05-28T00:56:32+00:00,4610.26,INR,posted,credit
L00006594,T00006594,A000173,2025-10-19T00:58:10+00:00,1753.82,USD,posted,credit
L00006595,T00006595,A001021,2025-12-18T08:56:19+00:00,4916.91,EUR,posted,credit
L00006596,T00006596,A000672,2026-07-19T09:55:56+00:00,2385.75,EUR,posted,credit
L00006597,T00006597,A000501,2026-07-05T20:41:58+00:00,2267.01,EUR,posted,credit
L00006598,T00006598,A000171,2025-03-27T04:53:50+00:00,3966.40,USD,posted,credit
L00006599,T00006599,A001478,2026-06-30T12:04:32+00:00,1334.25,EUR,posted,credit
L00006600,T00006600,A000399,2026-03-20T04:25:29+00:00,2239.89,USD,posted,credit
L00006601,T00006601,A000025,2026-08-29T19:34:41+00:00,1097.61,USD,posted,credit
L00006602,T00006602,A000581,2026-08-28T22:54:46+00:00,972.72,INR,posted,credit
L00006603,T00006603,A001416,2025-05-05T09:24:04+00:00,4610.22,INR,posted,credit
L00006604,T00006604,A000690,2025-10-02T13:42:57+00:00,1174.17,EUR,posted,credit
L00006605,T00006605,A000829,2025-03-05T10:44:46+00:00,3940.86,EUR,posted,credit
L00006606,T00006606,A001350,2025-06-13T23:47:06+00:00,4587.67,CAD,posted,credit
L00006607,T00006607,A001208,2025-12-12T12:25:43+00:00,3203.43,EUR,posted,credit
L00006608,T00006608,A001079,2025-02-27T04:19:51+00:00,52.08,INR,posted,credit
L00006609,T00006609,A000779,2026-07-14T10:09:23+00:00,936.29,GBP,posted,credit
L00006610,T00006610,A001019,2025-05-18T22:08:01+00:00,4625.90,USD,posted,credit
L00006611,T00006611,A000419,2025-03-06T22:45:44+00:00,3273.45,USD,posted,credit
L00006612,T00006612,A000435,2026-05-11T01:19:50+00:00,4337.78,EUR,posted,credit
L00006613,T00006613,A000729,2025-12-16T21:04:43+00:00,1461.78,GBP,posted,credit
L00006614,T00006614,A000284,2025-04-24T01:14:03+00:00,1974.95,GBP,posted,credit
L00006615,T00006615,A000106,2025-03-14T21:55:32+00:00,4184.11,INR,posted,credit
L00006616,T00006616,A000245,2026-02-08T02:15:49+00:00,1270.92,INR,posted,credit
L00006617,T00006617,A000834,2026-02-12T11:04:46+00:00,2878.42,USD,posted,credit
L00006618,T00006618,A000938,2025-07-29T03:39:00+00:00,3628.55,GBP,posted,credit
L00006619,T00006619,A000550,2026-06-18T11:17:03+00:00,4464.67,CAD,posted,credit
L00006620,T00006620,A000836,2025-02-16T06:22:45+00:00,1432.22,USD,posted,credit
L00006621,T00006621,A000746,2025-06-01T16:28:09+00:00,4861.37,GBP,posted,credit
L00006622,T00006622,A000552,2026-01-11T12:27:46+00:00,1848.22,CAD,posted,credit
L00006623,T00006623,A000078,2025-05-27T08:32:04+00:00,3024.07,CAD,posted,credit
L00006624,T00006624,A001172,2025-09-21T00:54:56+00:00,4903.58,EUR,posted,credit
L00006625,T00006625,A000466,2026-03-27T14:44:00+00:00,3102.87,CAD,posted,credit
L00006626,T00006626,A001298,2025-05-24T17:02:48+00:00,2862.66,EUR,posted,credit
L00006627,T00006627,A001363,2026-04-07T17:36:11+00:00,2362.25,INR,posted,credit
L00006628,T00006628,A000073,2025-11-28T23:00:54+00:00,767.66,USD,posted,credit
L00006629,T00006629,A000003,2026-03-07T01:27:06+00:00,1954.94,EUR,posted,credit
L00006630,T00006630,A001215,2026-08-31T10:55:13+00:00,832.06,USD,posted,credit
L00006631,T00006631,A000659,2025-08-04T08:03:45+00:00,2753.24,USD,posted,credit
L00006632,T00006632,A000999,2026-09-03T03:08:02+00:00,64.39,USD,posted,credit
L00006633,T00006633,A000699,2025-06-18T23:30:03+00:00,1057.70,EUR,posted,credit
L00006634,T00006634,A000163,2025-11-18T07:25:16+00:00,3067.87,EUR,posted,credit
L00006635,T00006635,A001072,2026-05-29T20:42:02+00:00,4108.65,USD,posted,credit
L00006636,T00006636,A001376,2026-01-18T19:47:36+00:00,1886.78,USD,posted,credit
L00006637,T00006637,A000437,2026-07-01T09:00:08+00:00,4459.85,CAD,posted,credit
L00006638,T00006638,A000983,2025-11-30T14:39:38+00:00,665.92,GBP,posted,credit
L00006639,T00006639,A001071,2026-03-05T12:10:51+00:00,3194.44,EUR,posted,credit
L00006640,T00006640,A001075,2025-04-11T13:45:11+00:00,1323.63,INR,posted,credit
L00006641,T00006641,A000950,2025-03-05T03:05:52+00:00,1474.38,USD,posted,credit
L00006642,T00006642,A001092,2025-10-06T04:01:51+00:00,4501.51,CAD,posted,credit
L00006643,T00006643,A000260,2026-07-11T01:36:01+00:00,2830.53,USD,posted,credit
L00006644,T00006644,A000892,2026-07-19T14:50:58+00:00,2917.34,USD,posted,credit
L00006645,T00006645,A000134,2026-03-24T16:16:45+00:00,3825.72,GBP,posted,credit
L00006646,T00006646,A000956,2025-07-17T20:20:22+00:00,995.00,INR,posted,credit
L00006647,T00006647,A001399,2025-05-26T00:50:54+00:00,623.80,USD,posted,credit
L00006648,T00006648,A000474,2025-10-08T22:58:30+00:00,2269.79,INR,posted,credit
L00006649,T00006649,A000062,2026-06-30T11:13:54+00:00,1507.33,GBP,posted,credit
L00006650,T00006650,A000237,2025-12-25T07:41:24+00:00,3698.56,CAD,posted,credit
L00006651,T00006651,A001290,2026-06-25T01:41:21+00:00,1414.66,CAD,posted,credit
L00006652,T00006652,A001061,2025-11-11T02:01:41+00:00,4403.31,CAD,posted,credit
L00006653,T00006653,A001207,2025-02-09T01:08:56+00:00,468.69,GBP,posted,credit
L00006654,T00006654,A001050,2025-12-27T00:42:44+00:00,953.14,INR,posted,credit
L00006655,T00006655,A001186,2026-04-13T21:40:35+00:00,4155.45,EUR,posted,credit
L00006656,T00006656,A000244,2025-11-09T04:40:02+00:00,2342.79,GBP,posted,credit
L00006657,T00006657,A000092,2026-07-21T04:51:22+00:00,1921.50,USD,posted,credit
L00006658,T00006658,A000433,2025-11-26T21:00:50+00:00,3017.76,INR,posted,credit
L00006659,T00006659,A000985,2026-07-29T14:58:46+00:00,3740.23,CAD,posted,credit
L00006660,T00006660,A000365,2025-04-17T01:16:48+00:00,2669.22,EUR,posted,credit
L00006661,T00006661,A000386,2026-01-25T02:15:45+00:00,3198.47,GBP,posted,credit
L00006662,T00006662,A001164,2026-03-19T16:38:27+00:00,1743.96,USD,posted,credit
L00006663,T00006663,A000249,2025-05-10T23:44:23+00:00,1247.34,GBP,posted,credit
L00006664,T00006664,A001317,2025-05-02T16:09:24+00:00,3706.24,CAD,posted,credit
L00006665,T00006665,A000894,2025-04-07T07:49:43+00:00,4752.78,INR,posted,credit
L00006666,T00006666,A001195,2025-12-07T12:20:45+00:00,1827.74,CAD,posted,credit
L00006667,T00006667,A001469,2025-04-07T20:02:53+00:00,4734.15,INR,posted,credit
L00006668,T00006668,A000123,2026-08-23T22:37:58+00:00,3309.56,GBP,posted,credit
L00006669,T00006669,A000874,2025-11-21T19:41:29+00:00,2867.50,USD,posted,credit
L00006670,T00006670,A000330,2025-11-23T14:22:30+00:00,3171.45,GBP,posted,credit
L00006671,T00006671,A001271,2026-07-10T08:37:16+00:00,3494.93,CAD,posted,credit
L00006672,T00006672,A001432,2026-04-01T16:14:35+00:00,3092.68,USD,posted,credit
L00006673,T00006673,A001076,2026-04-28T03:56:09+00:00,3971.30,EUR,posted,credit
L00006674,T00006674,A001173,2026-01-03T14:24:47+00:00,4899.12,GBP,posted,credit
L00006675,T00006675,A000882,2025-12-12T17:22:18+00:00,3943.85,USD,posted,credit
L00006676,T00006676,A000968,2026-09-07T13:09:43+00:00,2925.65,GBP,posted,credit
L00006677,T00006677,A000603,2026-03-26T01:17:42+00:00,430.45,USD,posted,credit
L00006678,T00006678,A000035,2025-05-31T22:57:18+00:00,1302.11,INR,posted,credit
L00006679,T00006679,A000717,2025-06-09T08:29:51+00:00,3043.61,EUR,posted,credit
L00006680,T00006680,A000399,2025-09-16T17:08:00+00:00,1255.26,USD,posted,credit
L00006681,T00006681,A000540,2025-10-11T10:30:56+00:00,3063.88,EUR,posted,credit
L00006682,T00006682,A000071,2026-04-28T21:40:38+00:00,707.55,USD,posted,credit
L00006683,T00006683,A000725,2025-10-25T18:09:49+00:00,3552.05,CAD,posted,credit
L00006684,T00006684,A000218,2026-03-22T05:40:16+00:00,4313.58,EUR,posted,credit
L00006685,T00006685,A000680,2025-01-02T22:41:15+00:00,82.20,USD,posted,credit
L00006686,T00006686,A001109,2025-12-26T06:50:43+00:00,3658.45,CAD,posted,credit
L00006687,T00006687,A000105,2025-05-03T03:36:54+00:00,192.33,EUR,posted,credit
L00006688,T00006688,A000271,2025-04-26T06:05:01+00:00,822.86,GBP,posted,credit
L00006689,T00006689,A000500,2026-07-23T21:16:59+00:00,1505.65,INR,posted,credit
L00006690,T00006690,A001427,2026-03-04T16:22:46+00:00,284.64,USD,posted,credit
L00006691,T00006691,A000728,2025-05-20T03:40:10+00:00,4551.26,GBP,posted,credit
L00006692,T00006692,A001296,2025-03-09T03:34:36+00:00,2727.95,USD,posted,credit
L00006693,T00006693,A001199,2026-03-20T13:48:57+00:00,337.43,EUR,posted,credit
L00006694,T00006694,A000745,2025-11-11T16:25:34+00:00,712.53,GBP,posted,credit
L00006695,T00006695,A000647,2025-07-31T09:29:14+00:00,2453.07,USD,posted,credit
L00006696,T00006696,A000685,2025-08-25T06:19:49+00:00,4579.77,EUR,posted,credit
L00006697,T00006697,A001282,2026-01-04T17:45:47+00:00,3744.95,INR,posted,credit
L00006698,T00006698,A000587,2025-02-09T07:30:47+00:00,1225.48,USD,posted,credit
L00006699,T00006699,A001498,2025-02-17T22:11:31+00:00,2906.67,CAD,posted,credit
L00006700,T00006700,A001387,2025-07-11T20:38:07+00:00,2532.10,INR,posted,credit
L00006701,T00006701,A000937,2025-02-11T18:21:23+00:00,2364.40,EUR,posted,credit
L00006702,T00006702,A001168,2025-03-28T12:16:16+00:00,4327.00,EUR,posted,credit
L00006703,T00006703,A000329,2026-06-10T18:43:06+00:00,4997.89,INR,posted,credit
L00006704,T00006704,A000581,2025-03-05T03:21:26+00:00,626.51,INR,posted,credit
L00006705,T00006705,A000309,2026-09-03T16:38:36+00:00,4498.56,GBP,posted,credit
L00006706,T00006706,A001033,2026-02-19T02:20:33+00:00,4004.18,GBP,posted,credit
L00006707,T00006707,A001080,2025-12-31T14:41:39+00:00,4563.15,USD,posted,credit
L00006708,T00006708,A001280,2026-02-07T06:52:19+00:00,3032.57,EUR,posted,credit
L00006709,T00006709,A001189,2025-05-28T13:53:51+00:00,3829.62,GBP,posted,credit
L00006710,T00006710,A000680,2025-03-12T17:46:47+00:00,4298.81,USD,posted,credit
L00006711,T00006711,A001437,2025-07-15T03:59:18+00:00,1804.24,EUR,posted,credit
L00006712,T00006712,A001446,2025-09-18T01:08:38+00:00,2385.52,CAD,posted,credit
L00006713,T00006713,A000500,2026-05-27T11:37:55+00:00,4611.79,INR,posted,credit
L00006714,T00006714,A001066,2026-01-01T04:14:53+00:00,1474.85,USD,posted,credit
L00006715,T00006715,A000663,2025-06-09T03:19:25+00:00,1310.35,CAD,posted,credit
L00006716,T00006716,A001206,2026-07-10T10:45:27+00:00,1602.97,INR,posted,credit
L00006717,T00006717,A000425,2026-06-07T14:40:18+00:00,4113.80,CAD,posted,credit
L00006718,T00006718,A000267,2025-04-18T10:06:38+00:00,3455.91,EUR,posted,credit
L00006719,T00006719,A001223,2026-03-13T12:25:52+00:00,4311.71,GBP,posted,credit
L00006720,T00006720,A000406,2025-12-28T10:54:03+00:00,2360.87,EUR,posted,credit
L00006721,T00006721,A000582,2026-07-18T22:38:30+00:00,1160.22,EUR,posted,credit
L00006722,T00006722,A000824,2025-06-07T08:17:26+00:00,3018.22,EUR,posted,credit
L00006723,T00006723,A001429,2026-07-14T10:27:03+00:00,3506.05,GBP,posted,credit
L00006724,T00006724,A001076,2025-12-22T12:02:17+00:00,3716.23,EUR,posted,credit
L00006725,T00006725,A000315,2025-06-24T11:27:40+00:00,3052.09,CAD,posted,credit
L00006726,T00006726,A001085,2026-09-02T18:49:03+00:00,1207.36,USD,posted,credit
L00006727,T00006727,A000007,2025-09-01T00:51:02+00:00,66.16,CAD,posted,credit
L00006728,T00006728,A000031,2026-07-30T12:46:17+00:00,3011.51,CAD,posted,credit
L00006729,T00006729,A000546,2026-04-13T01:20:43+00:00,703.24,INR,posted,credit
L00006730,T00006730,A000817,2025-04-29T21:33:50+00:00,3277.14,USD,posted,credit
L00006731,T00006731,A000193,2025-02-26T02:59:23+00:00,4405.87,USD,posted,credit
L00006732,T00006732,A000377,2025-05-07T23:15:28+00:00,1891.03,GBP,posted,credit
L00006733,T00006733,A000107,2025-06-05T00:25:56+00:00,2057.81,USD,posted,credit
L00006734,T00006734,A000018,2025-08-18T22:34:17+00:00,4741.77,USD,posted,credit
L00006735,T00006735,A000910,2025-03-12T13:59:44+00:00,624.22,CAD,posted,credit
L00006736,T00006736,A000331,2026-02-07T01:23:36+00:00,2695.61,EUR,posted,credit
L00006737,T00006737,A000871,2026-07-16T16:22:34+00:00,3478.71,USD,posted,credit
L00006738,T00006738,A000938,2025-05-24T00:20:58+00:00,2583.19,GBP,posted,credit
L00006739,T00006739,A000907,2025-12-01T14:15:41+00:00,943.68,USD,posted,credit
L00006740,T00006740,A001131,2025-02-24T14:08:20+00:00,4165.02,GBP,posted,credit
L00006741,T00006741,A000202,2026-01-02T05:07:54+00:00,1506.78,CAD,posted,credit
L00006742,T00006742,A000715,2025-03-18T09:40:40+00:00,1585.38,USD,posted,credit
L00006743,T00006743,A000134,2026-05-19T00:49:11+00:00,4547.24,GBP,posted,credit
L00006744,T00006744,A001007,2025-08-15T18:20:13+00:00,4160.76,EUR,posted,credit
L00006745,T00006745,A000481,2025-11-19T20:15:42+00:00,1693.28,EUR,posted,credit
L00006746,T00006746,A000963,2026-01-07T07:28:29+00:00,1299.16,CAD,posted,credit
L00006747,T00006747,A000756,2025-01-26T19:33:05+00:00,4407.35,USD,posted,credit
L00006748,T00006748,A000276,2026-01-21T09:27:24+00:00,1887.75,GBP,posted,credit
L00006749,T00006749,A001111,2025-07-12T20:03:04+00:00,4156.91,USD,posted,credit
L00006750,T00006750,A001387,2025-12-22T02:18:47+00:00,3691.33,INR,posted,credit
L00006751,T00006751,A000822,2025-04-19T20:11:53+00:00,179.40,USD,posted,credit
L00006752,T00006752,A001022,2026-03-06T14:26:51+00:00,1346.54,EUR,posted,credit
L00006753,T00006753,A000058,2026-04-06T15:03:55+00:00,140.98,GBP,posted,credit
L00006754,T00006754,A001180,2026-08-04T20:17:04+00:00,2578.78,CAD,posted,credit
L00006755,T00006755,A001099,2025-02-08T13:49:02+00:00,131.15,GBP,posted,credit
L00006756,T00006756,A000492,2025-03-22T04:00:25+00:00,1919.79,INR,posted,credit
L00006757,T00006757,A000020,2025-05-17T12:16:38+00:00,2423.17,CAD,posted,credit
L00006758,T00006758,A000687,2025-06-07T12:40:11+00:00,4255.45,INR,posted,credit
L00006759,T00006759,A000130,2025-12-07T16:22:43+00:00,4218.57,EUR,posted,credit
L00006760,T00006760,A001252,2025-09-21T07:58:38+00:00,1921.47,CAD,posted,credit
L00006761,T00006761,A000238,2026-02-27T02:46:27+00:00,3755.91,GBP,posted,credit
L00006762,T00006762,A000413,2025-07-08T07:53:44+00:00,121.20,USD,posted,credit
L00006763,T00006763,A000201,2026-08-01T16:18:19+00:00,875.75,INR,posted,credit
L00006764,T00006764,A001091,2026-06-10T15:58:54+00:00,1911.98,INR,posted,credit
L00006765,T00006765,A001054,2026-07-01T02:42:28+00:00,4968.11,GBP,posted,credit
L00006766,T00006766,A000618,2025-01-01T19:41:32+00:00,3696.44,EUR,posted,credit
L00006767,T00006767,A000016,2025-09-20T20:03:44+00:00,685.79,USD,posted,credit
L00006768,T00006768,A000822,2026-07-12T22:13:01+00:00,1875.73,USD,posted,credit
L00006769,T00006769,A001367,2025-04-17T18:49:54+00:00,4833.02,EUR,posted,credit
L00006770,T00006770,A000237,2026-08-04T08:25:21+00:00,630.17,CAD,posted,credit
L00006771,T00006771,A000397,2025-09-12T20:09:45+00:00,3313.45,GBP,posted,credit
L00006772,T00006772,A000369,2026-08-03T20:29:04+00:00,4756.83,USD,posted,credit
L00006773,T00006773,A001390,2025-10-31T14:56:47+00:00,4497.91,INR,posted,credit
L00006774,T00006774,A000398,2025-01-03T21:37:01+00:00,2721.93,INR,posted,credit
L00006775,T00006775,A000344,2025-11-20T19:43:27+00:00,213.92,EUR,posted,credit
L00006776,T00006776,A000017,2026-08-11T09:55:41+00:00,986.89,USD,posted,credit
L00006777,T00006777,A001087,2025-07-15T22:53:39+00:00,4012.31,USD,posted,credit
L00006778,T00006778,A001248,2025-04-19T10:15:39+00:00,2184.14,INR,posted,credit
L00006779,T00006779,A000139,2026-01-05T18:16:01+00:00,4896.08,CAD,posted,credit
L00006780,T00006780,A001030,2025-12-02T10:32:30+00:00,1724.52,CAD,posted,credit
L00006781,T00006781,A000075,2025-10-22T06:01:37+00:00,1256.25,USD,posted,credit
L00006782,T00006782,A000589,2026-08-22T17:24:32+00:00,3486.46,INR,posted,credit
L00006783,T00006783,A000014,2025-06-23T17:59:35+00:00,1882.71,USD,posted,credit
L00006784,T00006784,A000617,2026-02-04T20:41:49+00:00,3424.68,GBP,posted,credit
L00006785,T00006785,A000821,2025-04-09T23:14:30+00:00,1914.07,EUR,posted,credit
L00006786,T00006786,A000435,2025-05-30T17:53:47+00:00,958.12,EUR,posted,credit
L00006787,T00006787,A000235,2025-06-25T18:08:41+00:00,591.69,CAD,posted,credit
L00006788,T00006788,A000150,2025-04-16T11:36:32+00:00,920.40,EUR,posted,credit
L00006789,T00006789,A000916,2026-03-20T13:07:08+00:00,785.59,USD,posted,credit
L00006790,T00006790,A000623,2025-06-09T02:04:28+00:00,1338.04,USD,posted,credit
L00006791,T00006791,A001161,2026-04-30T21:35:47+00:00,878.55,USD,posted,credit
L00006792,T00006792,A000107,2026-09-04T07:27:37+00:00,2448.00,USD,posted,credit
L00006793,T00006793,A001366,2025-06-15T17:52:45+00:00,332.46,CAD,posted,credit
L00006794,T00006794,A000208,2025-11-16T04:27:13+00:00,167.94,GBP,posted,credit
L00006795,T00006795,A000771,2026-01-07T21:11:18+00:00,4505.22,EUR,posted,credit
L00006796,T00006796,A001402,2025-09-10T19:45:32+00:00,1798.18,INR,posted,credit
L00006797,T00006797,A000169,2025-04-01T00:32:15+00:00,4895.79,GBP,posted,credit
L00006798,T00006798,A000815,2025-01-06T13:13:09+00:00,1554.68,INR,posted,credit
L00006799,T00006799,A000151,2026-05-21T16:36:27+00:00,3515.73,GBP,posted,credit
L00006800,T00006800,A000246,2025-05-22T08:53:40+00:00,120.51,EUR,posted,credit
L00006801,T00006801,A000894,2025-05-11T12:42:51+00:00,4938.03,INR,posted,credit
L00006802,T00006802,A000338,2026-03-08T22:52:16+00:00,4316.22,GBP,posted,credit
L00006803,T00006803,A001354,2026-07-07T01:27:35+00:00,2040.14,CAD,posted,credit
L00006804,T00006804,A000509,2025-11-25T15:27:42+00:00,4406.98,INR,posted,credit
L00006805,T00006805,A001216,2026-06-14T20:12:46+00:00,4653.38,INR,posted,credit
L00006806,T00006806,A000371,2026-07-22T06:33:03+00:00,95.03,CAD,posted,credit
L00006807,T00006807,A000315,2026-01-11T10:29:05+00:00,3269.76,CAD,posted,credit
L00006808,T00006808,A001114,2026-06-30T02:09:15+00:00,1902.23,USD,posted,credit
L00006809,T00006809,A001029,2026-02-15T01:18:29+00:00,4331.23,EUR,posted,credit
L00006810,T00006810,A000847,2025-11-01T08:56:38+00:00,232.51,CAD,posted,credit
L00006811,T00006811,A000881,2026-04-21T12:56:31+00:00,599.12,EUR,posted,credit
L00006812,T00006812,A000156,2025-03-10T23:38:21+00:00,4052.66,CAD,posted,credit
L00006813,T00006813,A000662,2026-03-03T18:31:20+00:00,3679.95,USD,posted,credit
L00006814,T00006814,A001209,2025-08-29T06:03:38+00:00,2865.56,USD,posted,credit
L00006815,T00006815,A000779,2025-07-26T14:34:31+00:00,727.99,GBP,posted,credit
L00006816,T00006816,A001116,2025-08-22T17:00:13+00:00,2040.87,GBP,posted,credit
L00006817,T00006817,A000180,2025-02-17T20:55:06+00:00,1208.75,CAD,posted,credit
L00006818,T00006818,A000145,2026-08-19T01:01:40+00:00,3424.38,CAD,posted,credit
L00006819,T00006819,A000278,2026-08-21T14:41:06+00:00,1405.83,INR,posted,credit
L00006820,T00006820,A000850,2025-11-22T06:30:10+00:00,984.52,GBP,posted,credit
L00006821,T00006821,A000934,2025-11-16T22:41:25+00:00,2721.31,EUR,posted,credit
L00006822,T00006822,A001156,2025-11-28T16:09:27+00:00,3476.29,USD,posted,credit
L00006823,T00006823,A000606,2025-12-05T17:55:35+00:00,1358.20,CAD,posted,credit
L00006824,T00006824,A001454,2026-01-21T18:03:18+00:00,3680.25,EUR,posted,credit
L00006825,T00006825,A001252,2026-03-06T23:54:01+00:00,3228.23,CAD,posted,credit
L00006826,T00006826,A001382,2026-05-15T16:34:42+00:00,316.31,USD,posted,credit
L00006827,T00006827,A000721,2025-08-14T06:24:34+00:00,3036.34,INR,posted,credit
L00006828,T00006828,A000390,2025-08-07T02:17:54+00:00,1206.82,CAD,posted,credit
L00006829,T00006829,A001471,2025-04-19T13:12:09+00:00,2288.37,GBP,posted,credit
L00006830,T00006830,A000051,2025-06-27T09:41:19+00:00,2019.63,USD,posted,credit
L00006831,T00006831,A000569,2026-01-25T04:37:19+00:00,3351.07,CAD,posted,credit
L00006832,T00006832,A000373,2025-08-16T06:43:22+00:00,3723.26,INR,posted,credit
L00006833,T00006833,A000743,2025-05-30T10:54:37+00:00,3792.91,USD,posted,credit
L00006834,T00006834,A000094,2026-08-21T21:28:33+00:00,565.27,INR,posted,credit
L00006835,T00006835,A000940,2025-08-31T02:37:04+00:00,3032.62,GBP,posted,credit
L00006836,T00006836,A000473,2026-08-21T07:39:14+00:00,4022.13,GBP,posted,credit
L00006837,T00006837,A001101,2025-09-22T19:32:00+00:00,2024.08,USD,posted,credit
L00006838,T00006838,A000627,2025-08-18T15:45:17+00:00,527.09,CAD,posted,credit
L00006839,T00006839,A000428,2026-06-27T20:49:10+00:00,2985.43,INR,posted,credit
L00006840,T00006840,A000044,2025-05-01T00:58:55+00:00,1281.78,USD,posted,credit
L00006841,T00006841,A001286,2026-05-02T20:34:03+00:00,3214.52,INR,posted,credit
L00006842,T00006842,A001149,2026-02-14T23:37:47+00:00,310.79,GBP,posted,credit
L00006843,T00006843,A000210,2026-07-05T22:48:00+00:00,1973.56,EUR,posted,credit
L00006844,T00006844,A000937,2026-07-16T02:55:33+00:00,1569.17,EUR,posted,credit
L00006845,T00006845,A000726,2025-07-18T14:50:20+00:00,2672.36,EUR,posted,credit
L00006846,T00006846,A000875,2025-01-23T04:29:35+00:00,4899.04,GBP,posted,credit
L00006847,T00006847,A000676,2025-05-23T05:42:23+00:00,3139.37,USD,posted,credit
L00006848,T00006848,A000271,2025-07-01T17:45:13+00:00,1438.94,GBP,posted,credit
L00006849,T00006849,A001016,2025-03-27T05:34:17+00:00,1725.46,INR,posted,credit
L00006850,T00006850,A001429,2025-10-18T14:59:29+00:00,4421.95,GBP,posted,credit
L00006851,T00006851,A000680,2025-05-20T23:15:03+00:00,1463.21,USD,posted,credit
L00006852,T00006852,A000837,2025-04-02T19:20:12+00:00,4425.72,EUR,posted,credit
L00006853,T00006853,A000880,2025-05-30T14:20:30+00:00,3834.82,CAD,posted,credit
L00006854,T00006854,A000694,2025-01-29T22:16:06+00:00,605.21,GBP,posted,credit
L00006855,T00006855,A001366,2026-04-03T14:12:32+00:00,503.95,CAD,posted,credit
L00006856,T00006856,A001445,2026-09-01T04:32:00+00:00,4225.72,EUR,posted,credit
L00006857,T00006857,A001426,2025-02-17T13:08:18+00:00,4556.69,CAD,posted,credit
L00006858,T00006858,A000579,2025-09-01T20:31:35+00:00,3517.34,USD,posted,credit
L00006859,T00006859,A001241,2026-07-01T00:54:46+00:00,4574.37,GBP,posted,credit
L00006860,T00006860,A001048,2026-01-14T19:27:40+00:00,4923.81,INR,posted,credit
L00006861,T00006861,A000527,2026-02-16T01:38:01+00:00,1881.72,USD,posted,credit
L00006862,T00006862,A000473,2026-07-10T07:14:56+00:00,2050.92,GBP,posted,credit
L00006863,T00006863,A001251,2025-06-28T17:59:47+00:00,3795.18,CAD,posted,credit
L00006864,T00006864,A000804,2025-12-03T15:59:25+00:00,1011.18,CAD,posted,credit
L00006865,T00006865,A001153,2025-10-20T21:07:47+00:00,619.39,GBP,posted,credit
L00006866,T00006866,A000234,2026-02-21T17:44:40+00:00,4570.18,GBP,posted,credit
L00006867,T00006867,A000512,2025-12-18T01:26:54+00:00,4954.76,GBP,posted,credit
L00006868,T00006868,A000018,2025-07-03T22:07:12+00:00,4860.09,USD,posted,credit
L00006869,T00006869,A000110,2026-03-17T20:16:48+00:00,2360.11,INR,posted,credit
L00006870,T00006870,A000062,2025-09-09T14:47:23+00:00,359.71,GBP,posted,credit
L00006871,T00006871,A000544,2026-01-16T14:10:24+00:00,3537.24,USD,posted,credit
L00006872,T00006872,A000741,2025-06-19T04:48:00+00:00,2125.54,EUR,posted,credit
L00006873,T00006873,A000835,2025-03-13T22:30:50+00:00,2132.87,USD,posted,credit
L00006874,T00006874,A000602,2025-04-19T06:05:54+00:00,3102.04,INR,posted,credit
L00006875,T00006875,A000377,2025-09-30T21:40:18+00:00,1246.07,GBP,posted,credit
L00006876,T00006876,A001080,2025-12-07T14:15:56+00:00,1966.53,USD,posted,credit
L00006877,T00006877,A000722,2025-04-12T16:26:08+00:00,4685.91,EUR,posted,credit
L00006878,T00006878,A001154,2025-05-18T12:32:15+00:00,4283.68,EUR,posted,credit
L00006879,T00006879,A000051,2026-06-08T04:40:50+00:00,287.11,USD,posted,credit
L00006880,T00006880,A000567,2026-09-03T06:19:49+00:00,3354.91,CAD,posted,credit
L00006881,T00006881,A001228,2025-10-23T10:17:40+00:00,3257.52,EUR,posted,credit
L00006882,T00006882,A000833,2026-03-08T08:03:21+00:00,4959.71,CAD,posted,credit
L00006883,T00006883,A000059,2025-11-01T21:17:53+00:00,3827.89,GBP,posted,credit
L00006884,T00006884,A000361,2026-02-17T16:34:30+00:00,3076.38,EUR,posted,credit
L00006885,T00006885,A001445,2025-11-07T22:08:40+00:00,2654.69,EUR,posted,credit
L00006886,T00006886,A001474,2025-02-23T20:24:30+00:00,482.22,USD,posted,credit
L00006887,T00006887,A000928,2025-06-29T21:04:20+00:00,1023.67,EUR,posted,credit
L00006888,T00006888,A000607,2025-06-05T12:47:55+00:00,2263.56,CAD,posted,credit
L00006889,T00006889,A000584,2026-05-12T14:01:58+00:00,1824.42,GBP,posted,credit
L00006890,T00006890,A000153,2025-06-10T06:46:00+00:00,3965.64,CAD,posted,credit
L00006891,T00006891,A000755,2025-07-04T17:38:34+00:00,7.00,GBP,posted,credit
L00006892,T00006892,A001416,2026-05-17T09:30:37+00:00,4.30,INR,posted,credit
L00006893,T00006893,A001193,2026-08-01T16:28:23+00:00,1396.12,CAD,posted,credit
L00006894,T00006894,A000507,2025-04-06T09:20:10+00:00,2043.52,EUR,posted,credit
L00006895,T00006895,A000265,2026-08-09T17:40:56+00:00,4730.90,INR,posted,credit
L00006896,T00006896,A000960,2025-02-02T10:40:51+00:00,425.68,USD,posted,credit
L00006897,T00006897,A000274,2025-07-06T02:01:38+00:00,3635.44,INR,posted,credit
L00006898,T00006898,A000909,2025-06-09T19:34:44+00:00,3756.16,USD,posted,credit
L00006899,T00006899,A000348,2025-04-27T14:18:46+00:00,954.97,CAD,posted,credit
L00006900,T00006900,A000901,2025-01-08T05:19:17+00:00,3666.41,GBP,posted,credit
L00006901,T00006901,A000157,2025-08-09T03:57:49+00:00,3680.88,USD,posted,credit
L00006902,T00006902,A000370,2026-03-06T02:03:57+00:00,231.84,GBP,posted,credit
L00006903,T00006903,A000435,2026-01-07T20:34:24+00:00,1387.66,EUR,posted,credit
L00006904,T00006904,A000696,2025-08-23T15:28:09+00:00,1090.34,GBP,posted,credit
L00006905,T00006905,A001022,2026-01-15T13:50:33+00:00,182.71,EUR,posted,credit
L00006906,T00006906,A000302,2026-09-05T18:41:06+00:00,4911.64,USD,posted,credit
L00006907,T00006907,A001444,2026-07-11T17:59:55+00:00,2632.25,GBP,posted,credit
L00006908,T00006908,A000970,2026-05-08T01:41:28+00:00,4274.93,INR,posted,credit
L00006909,T00006909,A000424,2025-10-19T14:38:51+00:00,3435.75,GBP,posted,credit
L00006910,T00006910,A000894,2025-09-10T12:22:42+00:00,4161.50,INR,posted,credit
L00006911,T00006911,A000262,2026-03-12T07:11:45+00:00,2162.44,USD,posted,credit
L00006912,T00006912,A000244,2026-06-24T22:08:38+00:00,770.89,GBP,posted,credit
L00006913,T00006913,A000015,2025-08-23T06:41:34+00:00,2155.89,GBP,posted,credit
L00006914,T00006914,A000329,2026-06-29T01:54:52+00:00,2315.99,INR,posted,credit
L00006915,T00006915,A000556,2025-09-20T13:22:46+00:00,432.49,CAD,posted,credit
L00006916,T00006916,A000220,2025-01-01T09:06:40+00:00,2038.25,INR,posted,credit
L00006917,T00006917,A000342,2025-10-03T18:53:53+00:00,1161.01,CAD,posted,credit
L00006918,T00006918,A000915,2026-03-30T23:45:11+00:00,2103.37,GBP,posted,credit
L00006919,T00006919,A000850,2025-04-11T20:16:23+00:00,4636.58,GBP,posted,credit
L00006920,T00006920,A000230,2025-09-09T14:05:40+00:00,97.61,EUR,posted,credit
L00006921,T00006921,A000038,2026-01-29T06:55:07+00:00,1129.39,USD,posted,credit
L00006922,T00006922,A000670,2025-01-31T08:35:56+00:00,3705.42,GBP,posted,credit
L00006923,T00006923,A000428,2026-07-09T11:41:41+00:00,1890.19,INR,posted,credit
L00006924,T00006924,A000209,2025-04-30T00:12:18+00:00,2959.04,GBP,posted,credit
L00006925,T00006925,A001421,2025-06-17T02:10:56+00:00,3499.35,CAD,posted,credit
L00006926,T00006926,A000767,2025-04-09T18:32:17+00:00,3784.21,USD,posted,credit
L00006927,T00006927,A000464,2026-08-08T05:54:37+00:00,723.92,CAD,posted,credit
L00006928,T00006928,A000592,2025-07-08T01:34:40+00:00,4676.04,EUR,posted,credit
L00006929,T00006929,A000986,2026-04-21T20:52:42+00:00,754.84,CAD,posted,credit
L00006930,T00006930,A001480,2025-09-01T06:09:59+00:00,4420.31,EUR,posted,credit
L00006931,T00006931,A000488,2026-02-18T02:28:37+00:00,1159.63,GBP,posted,credit
L00006932,T00006932,A001104,2026-07-26T06:02:10+00:00,4946.88,USD,posted,credit
L00006933,T00006933,A000398,2026-03-04T22:07:17+00:00,3055.85,INR,posted,credit
L00006934,T00006934,A001164,2025-02-08T13:19:57+00:00,2454.78,USD,posted,credit
L00006935,T00006935,A000503,2025-09-26T17:42:27+00:00,3662.21,USD,posted,credit
L00006936,T00006936,A000798,2026-07-01T03:01:39+00:00,4427.36,INR,posted,credit
L00006937,T00006937,A001475,2026-07-05T04:27:59+00:00,2147.07,USD,posted,credit
L00006938,T00006938,A001290,2025-08-10T06:10:04+00:00,986.57,CAD,posted,credit
L00006939,T00006939,A000143,2025-01-09T08:09:00+00:00,572.06,CAD,posted,credit
L00006940,T00006940,A000388,2026-05-16T16:16:13+00:00,1424.63,INR,posted,credit
L00006941,T00006941,A001031,2026-04-11T02:19:48+00:00,4199.76,EUR,posted,credit
L00006942,T00006942,A000698,2025-01-20T09:49:56+00:00,2975.04,CAD,posted,credit
L00006943,T00006943,A001360,2026-05-13T03:07:26+00:00,1762.80,USD,posted,credit
L00006944,T00006944,A000404,2025-02-01T23:45:00+00:00,222.09,INR,posted,credit
L00006945,T00006945,A000770,2025-05-02T14:11:24+00:00,702.84,GBP,posted,credit
L00006946,T00006946,A001270,2026-07-23T21:47:41+00:00,2848.92,GBP,posted,credit
L00006947,T00006947,A000376,2025-08-30T11:06:38+00:00,4216.47,GBP,posted,credit
L00006948,T00006948,A000146,2025-01-08T00:27:09+00:00,4664.59,INR,posted,credit
L00006949,T00006949,A000586,2025-12-20T01:26:21+00:00,4127.40,CAD,posted,credit
L00006950,T00006950,A000098,2026-04-27T01:03:24+00:00,400.80,CAD,posted,credit
L00006951,T00006951,A000541,2025-12-13T21:39:38+00:00,4531.00,EUR,posted,credit
L00006952,T00006952,A000037,2026-05-29T00:41:46+00:00,1028.78,INR,posted,credit
L00006953,T00006953,A000924,2025-01-22T02:13:50+00:00,781.67,INR,posted,credit
L00006954,T00006954,A000021,2026-07-14T09:15:26+00:00,887.07,GBP,posted,credit
L00006955,T00006955,A000362,2026-08-11T11:48:49+00:00,3204.32,INR,posted,credit
L00006956,T00006956,A000259,2025-08-19T10:08:39+00:00,1036.23,USD,posted,credit
L00006957,T00006957,A000874,2026-08-19T08:26:01+00:00,3931.11,USD,posted,credit
L00006958,T00006958,A000773,2025-08-20T19:05:41+00:00,2874.38,USD,posted,credit
L00006959,T00006959,A000660,2025-12-29T04:56:00+00:00,4853.48,USD,posted,credit
L00006960,T00006960,A001373,2025-07-06T13:16:41+00:00,2182.94,INR,posted,credit
L00006961,T00006961,A001143,2025-10-04T09:08:05+00:00,2390.62,GBP,posted,credit
L00006962,T00006962,A001262,2025-06-06T00:39:16+00:00,227.11,INR,posted,credit
L00006963,T00006963,A000668,2026-02-11T01:23:55+00:00,2336.27,GBP,posted,credit
L00006964,T00006964,A001134,2026-01-27T22:44:12+00:00,2034.35,USD,posted,credit
L00006965,T00006965,A000889,2026-08-17T05:55:52+00:00,464.59,EUR,posted,credit
L00006966,T00006966,A001132,2026-06-19T15:48:16+00:00,2383.13,EUR,posted,credit
L00006967,T00006967,A000223,2025-02-25T17:33:54+00:00,1839.24,INR,posted,credit
L00006968,T00006968,A001317,2026-07-28T02:08:25+00:00,3135.21,CAD,posted,credit
L00006969,T00006969,A001176,2025-04-23T06:07:03+00:00,1568.90,CAD,posted,credit
L00006970,T00006970,A000808,2025-11-01T09:26:21+00:00,1850.02,INR,posted,credit
L00006971,T00006971,A000801,2026-01-18T09:32:38+00:00,4463.58,CAD,posted,credit
L00006972,T00006972,A001015,2025-07-19T08:37:34+00:00,294.98,EUR,posted,credit
L00006973,T00006973,A001171,2025-06-20T14:15:47+00:00,3439.30,GBP,posted,credit
L00006974,T00006974,A000458,2026-05-22T07:09:14+00:00,2899.48,USD,posted,credit
L00006975,T00006975,A000818,2026-07-29T03:14:25+00:00,2601.87,USD,posted,credit
L00006976,T00006976,A000340,2025-03-20T02:41:37+00:00,4130.54,GBP,posted,credit
L00006977,T00006977,A000911,2025-02-11T08:00:03+00:00,168.91,GBP,posted,credit
L00006978,T00006978,A000307,2025-05-29T19:11:41+00:00,4162.11,USD,posted,credit
L00006979,T00006979,A000875,2026-02-22T01:09:31+00:00,4034.17,GBP,posted,credit
L00006980,T00006980,A000202,2026-06-30T20:46:11+00:00,802.72,CAD,posted,credit
L00006981,T00006981,A001465,2025-04-05T06:47:45+00:00,3281.59,USD,posted,credit
L00006982,T00006982,A000963,2025-05-20T23:40:41+00:00,268.43,CAD,posted,credit
L00006983,T00006983,A001478,2025-08-10T13:14:32+00:00,1661.24,EUR,posted,credit
L00006984,T00006984,A001284,2025-05-04T01:03:26+00:00,895.07,INR,posted,credit
L00006985,T00006985,A001304,2025-02-07T20:24:55+00:00,975.68,GBP,posted,credit
L00006986,T00006986,A001353,2025-02-16T06:05:06+00:00,2028.35,GBP,posted,credit
L00006987,T00006987,A000465,2025-10-22T05:54:35+00:00,2999.99,EUR,posted,credit
L00006988,T00006988,A001347,2026-09-07T10:04:10+00:00,3161.80,INR,posted,credit
L00006989,T00006989,A000659,2026-06-13T19:28:53+00:00,1442.97,USD,posted,credit
L00006990,T00006990,A000719,2025-10-06T05:40:16+00:00,4376.44,USD,posted,credit
L00006991,T00006991,A000438,2025-05-25T06:24:20+00:00,4922.74,USD,posted,credit
L00006992,T00006992,A001409,2026-01-14T05:36:13+00:00,152.17,USD,posted,credit
L00006993,T00006993,A000037,2025-04-09T23:52:21+00:00,4823.75,INR,posted,credit
L00006994,T00006994,A001376,2026-02-10T01:51:40+00:00,1523.98,USD,posted,credit
L00006995,T00006995,A001023,2026-05-04T15:51:04+00:00,588.97,USD,posted,credit
L00006996,T00006996,A000978,2025-06-30T23:56:25+00:00,3174.40,GBP,posted,credit
L00006997,T00006997,A000007,2026-05-30T17:33:31+00:00,1134.64,CAD,posted,credit
L00006998,T00006998,A001204,2025-12-13T16:47:12+00:00,3079.72,INR,posted,credit
L00006999,T00006999,A001031,2025-08-28T23:45:24+00:00,4805.55,EUR,posted,credit
L00007000,T00007000,A000713,2026-05-03T09:57:39+00:00,4596.90,EUR,posted,credit
L00007001,T00007001,A000019,2025-05-15T04:38:52+00:00,79.70,CAD,posted,credit
L00007002,T00007002,A001200,2026-04-28T13:13:19+00:00,4997.90,INR,posted,credit
L00007003,T00007003,A000196,2025-09-25T22:43:59+00:00,1178.17,INR,posted,credit
L00007004,T00007004,A000148,2026-05-13T10:48:45+00:00,2137.06,INR,posted,credit
L00007005,T00007005,A001256,2025-11-20T12:51:31+00:00,1467.49,INR,posted,credit
L00007006,T00007006,A000014,2025-08-06T02:32:55+00:00,2266.79,USD,posted,credit
L00007007,T00007007,A001104,2025-02-15T19:52:11+00:00,2166.22,USD,posted,credit
L00007008,T00007008,A001456,2025-09-16T04:50:17+00:00,186.50,GBP,posted,credit
L00007009,T00007009,A000449,2025-09-16T07:12:01+00:00,2280.49,INR,posted,credit
L00007010,T00007010,A000225,2026-06-01T04:09:06+00:00,3880.51,CAD,posted,credit
L00007011,T00007011,A000902,2026-07-10T05:11:04+00:00,3037.04,EUR,posted,credit
L00007012,T00007012,A000620,2026-01-02T04:24:48+00:00,3068.08,USD,posted,credit
L00007013,T00007013,A001070,2025-05-19T10:43:20+00:00,4467.85,INR,posted,credit
L00007014,T00007014,A001398,2025-01-24T22:27:13+00:00,417.94,INR,posted,credit
L00007015,T00007015,A001281,2025-09-12T05:46:24+00:00,1783.50,EUR,posted,credit
L00007016,T00007016,A001441,2025-06-08T05:25:21+00:00,1623.00,EUR,posted,credit
L00007017,T00007017,A000006,2025-01-08T16:17:17+00:00,3101.60,CAD,posted,credit
L00007018,T00007018,A000511,2025-05-05T18:05:43+00:00,1931.72,INR,posted,credit
L00007019,T00007019,A000052,2026-04-25T15:31:05+00:00,2161.11,GBP,posted,credit
L00007020,T00007020,A000152,2026-05-31T12:48:21+00:00,3306.70,GBP,posted,credit
L00007021,T00007021,A001088,2026-03-10T19:12:44+00:00,1324.77,INR,posted,credit
L00007022,T00007022,A001315,2025-09-28T17:49:57+00:00,2407.62,USD,posted,credit
L00007023,T00007023,A000391,2026-01-26T09:38:12+00:00,2621.30,EUR,posted,credit
L00007024,T00007024,A000584,2025-08-06T02:24:32+00:00,1522.32,GBP,posted,credit
L00007025,T00007025,A000597,2025-09-07T16:48:38+00:00,3704.34,GBP,posted,credit
L00007026,T00007026,A001253,2026-03-23T20:23:46+00:00,1432.96,GBP,posted,credit
L00007027,T00007027,A001281,2025-08-25T22:16:49+00:00,3639.96,EUR,posted,credit
L00007028,T00007028,A000908,2026-03-23T08:11:29+00:00,3451.76,USD,posted,credit
L00007029,T00007029,A000029,2025-11-14T21:37:15+00:00,1282.05,INR,posted,credit
L00007030,T00007030,A000719,2025-02-06T09:29:04+00:00,79.72,USD,posted,credit
L00007031,T00007031,A000389,2026-01-17T06:31:44+00:00,4573.30,INR,posted,credit
L00007032,T00007032,A001367,2026-05-23T19:24:54+00:00,1527.12,EUR,posted,credit
L00007033,T00007033,A000290,2026-02-16T08:30:32+00:00,3805.40,USD,posted,credit
L00007034,T00007034,A000355,2025-03-13T01:42:56+00:00,3989.25,USD,posted,credit
L00007035,T00007035,A001250,2026-07-12T17:48:09+00:00,1545.58,GBP,posted,credit
L00007036,T00007036,A000058,2025-03-29T01:08:37+00:00,508.33,GBP,posted,credit
L00007037,T00007037,A001057,2026-06-28T12:15:15+00:00,3547.25,USD,posted,credit
L00007038,T00007038,A001317,2026-06-15T16:52:43+00:00,4898.81,CAD,posted,credit
L00007039,T00007039,A000033,2026-04-27T22:28:15+00:00,2511.90,EUR,posted,credit
L00007040,T00007040,A001146,2026-07-12T07:13:30+00:00,2594.70,EUR,posted,credit
L00007041,T00007041,A001254,2026-01-11T17:51:22+00:00,1675.67,USD,posted,credit
L00007042,T00007042,A001214,2025-09-25T06:59:55+00:00,3620.31,EUR,posted,credit
L00007043,T00007043,A001178,2026-01-02T17:44:17+00:00,4088.53,INR,posted,credit
L00007044,T00007044,A001289,2026-05-05T08:58:31+00:00,1610.35,CAD,posted,credit
L00007045,T00007045,A000750,2025-09-15T22:50:42+00:00,4330.51,CAD,posted,credit
L00007046,T00007046,A000460,2025-11-09T05:39:13+00:00,981.41,CAD,posted,credit
L00007047,T00007047,A001050,2025-09-07T06:25:30+00:00,3725.75,INR,posted,credit
L00007048,T00007048,A000736,2025-09-15T07:15:51+00:00,1095.29,INR,posted,credit
L00007049,T00007049,A001321,2025-09-12T01:30:37+00:00,3702.33,CAD,posted,credit
L00007050,T00007050,A000055,2025-05-14T00:35:35+00:00,3204.15,GBP,posted,credit
L00007051,T00007051,A000475,2025-01-18T13:22:12+00:00,2243.44,CAD,posted,credit
L00007052,T00007052,A000484,2026-01-07T13:22:10+00:00,3939.70,CAD,posted,credit
L00007053,T00007053,A000784,2026-01-01T13:15:36+00:00,4388.12,GBP,posted,credit
L00007054,T00007054,A001201,2025-01-04T06:13:40+00:00,4038.56,CAD,posted,credit
L00007055,T00007055,A001110,2025-10-04T02:17:38+00:00,1083.05,CAD,posted,credit
L00007056,T00007056,A000433,2026-04-18T08:58:36+00:00,3241.38,INR,posted,credit
L00007057,T00007057,A001261,2025-08-17T09:22:23+00:00,142.12,GBP,posted,credit
L00007058,T00007058,A001436,2026-03-20T14:53:58+00:00,3048.83,CAD,posted,credit
L00007059,T00007059,A001032,2025-02-18T20:14:07+00:00,1423.36,GBP,posted,credit
L00007060,T00007060,A001235,2026-02-11T10:00:03+00:00,1388.97,CAD,posted,credit
L00007061,T00007061,A001381,2025-04-24T22:53:30+00:00,4782.83,GBP,posted,credit
L00007062,T00007062,A000898,2026-01-29T23:27:51+00:00,290.94,INR,posted,credit
L00007063,T00007063,A001420,2025-12-16T15:56:05+00:00,3004.42,CAD,posted,credit
L00007064,T00007064,A000506,2026-05-01T21:10:11+00:00,3348.04,INR,posted,credit
L00007065,T00007065,A001165,2025-01-11T08:01:52+00:00,1186.09,INR,posted,credit
L00007066,T00007066,A000305,2026-07-13T07:59:18+00:00,818.78,CAD,posted,credit
L00007067,T00007067,A000450,2025-05-02T11:28:26+00:00,2601.07,INR,posted,credit
L00007068,T00007068,A000176,2026-01-03T07:57:51+00:00,474.93,EUR,posted,credit
L00007069,T00007069,A001407,2026-01-14T19:57:16+00:00,2959.48,CAD,posted,credit
L00007070,T00007070,A000318,2026-05-29T22:17:01+00:00,4674.12,EUR,posted,credit
L00007071,T00007071,A000397,2026-09-01T05:54:50+00:00,2746.04,GBP,posted,credit
L00007072,T00007072,A001292,2026-02-02T22:28:49+00:00,2511.46,CAD,posted,credit
L00007073,T00007073,A000167,2026-04-08T23:28:09+00:00,2126.81,GBP,posted,credit
L00007074,T00007074,A000148,2025-01-22T05:56:33+00:00,1699.28,INR,posted,credit
L00007075,T00007075,A000388,2025-02-19T15:54:28+00:00,4025.89,INR,posted,credit
L00007076,T00007076,A000004,2026-03-11T18:54:49+00:00,3682.62,GBP,posted,credit
L00007077,T00007077,A000530,2026-04-16T02:28:30+00:00,4018.93,INR,posted,credit
L00007078,T00007078,A000167,2026-01-05T23:29:49+00:00,1847.23,GBP,posted,credit
L00007079,T00007079,A000411,2025-11-22T10:39:22+00:00,4598.78,GBP,posted,credit
L00007080,T00007080,A001012,2025-11-30T14:56:57+00:00,2212.79,CAD,posted,credit
L00007081,T00007081,A000931,2026-07-04T13:09:46+00:00,1549.28,INR,posted,credit
L00007082,T00007082,A000823,2025-03-31T11:16:24+00:00,3933.20,INR,posted,credit
L00007083,T00007083,A001224,2026-05-05T22:35:28+00:00,3106.15,INR,posted,credit
L00007084,T00007084,A001376,2025-10-25T01:52:27+00:00,1038.15,USD,posted,credit
L00007085,T00007085,A000247,2025-01-08T07:20:50+00:00,2859.51,INR,posted,credit
L00007086,T00007086,A000256,2025-10-20T11:20:46+00:00,1541.47,CAD,posted,credit
L00007087,T00007087,A000849,2025-10-24T12:10:01+00:00,1190.33,USD,posted,credit
L00007088,T00007088,A000955,2025-08-10T15:12:21+00:00,572.15,CAD,posted,credit
L00007089,T00007089,A001015,2025-08-26T12:08:52+00:00,1879.37,EUR,posted,credit
L00007090,T00007090,A000661,2026-06-11T16:12:38+00:00,4816.18,GBP,posted,credit
L00007091,T00007091,A000514,2025-05-03T06:11:43+00:00,969.04,GBP,posted,credit
L00007092,T00007092,A000112,2026-03-26T15:07:58+00:00,2949.90,GBP,posted,credit
L00007093,T00007093,A001297,2025-09-17T11:36:35+00:00,2932.14,INR,posted,credit
L00007094,T00007094,A001292,2025-12-28T13:56:42+00:00,567.93,CAD,posted,credit
L00007095,T00007095,A001391,2025-09-02T04:30:41+00:00,2865.70,CAD,posted,credit
L00007096,T00007096,A000505,2026-03-31T22:15:57+00:00,801.33,INR,posted,credit
L00007097,T00007097,A000512,2025-02-20T11:12:22+00:00,1763.10,GBP,posted,credit
L00007098,T00007098,A000769,2026-07-14T23:18:03+00:00,1979.96,CAD,posted,credit
L00007099,T00007099,A001323,2025-06-18T13:51:46+00:00,3896.06,EUR,posted,credit
L00007100,T00007100,A001436,2026-09-05T00:02:18+00:00,4568.89,CAD,posted,credit
L00007101,T00007101,A001418,2025-04-07T07:34:54+00:00,1753.77,INR,posted,credit
L00007102,T00007102,A000183,2025-10-05T03:23:09+00:00,3228.07,INR,posted,credit
L00007103,T00007103,A001130,2025-07-27T08:57:51+00:00,1626.07,CAD,posted,credit
L00007104,T00007104,A000421,2025-09-16T13:15:22+00:00,2574.20,GBP,posted,credit
L00007105,T00007105,A001483,2026-05-01T04:23:52+00:00,3146.54,GBP,posted,credit
L00007106,T00007106,A001025,2025-12-09T15:00:22+00:00,4366.32,EUR,posted,credit
L00007107,T00007107,A000425,2025-08-02T19:16:41+00:00,4233.40,CAD,posted,credit
L00007108,T00007108,A000845,2026-08-14T17:17:44+00:00,1316.17,CAD,posted,credit
L00007109,T00007109,A000167,2025-09-14T02:05:07+00:00,3457.99,GBP,posted,credit
L00007110,T00007110,A000446,2026-03-23T20:31:37+00:00,1963.03,USD,posted,credit
L00007111,T00007111,A001424,2025-03-19T11:46:33+00:00,333.31,EUR,posted,credit
L00007112,T00007112,A000152,2026-05-30T11:55:42+00:00,3105.84,GBP,posted,credit
L00007113,T00007113,A000732,2025-12-09T22:47:03+00:00,4280.48,GBP,posted,credit
L00007114,T00007114,A001204,2025-09-02T02:52:53+00:00,4811.54,INR,posted,credit
L00007115,T00007115,A000660,2026-06-19T05:43:50+00:00,1482.03,USD,posted,credit
L00007116,T00007116,A000117,2025-06-26T15:37:13+00:00,3308.17,INR,posted,credit
L00007117,T00007117,A001356,2026-09-11T22:44:16+00:00,3923.28,INR,posted,credit
L00007118,T00007118,A000978,2025-06-08T08:16:37+00:00,3184.93,GBP,posted,credit
L00007119,T00007119,A001418,2025-06-15T09:41:31+00:00,4584.35,INR,posted,credit
L00007120,T00007120,A000356,2026-03-14T18:35:55+00:00,1009.29,EUR,posted,credit
L00007121,T00007121,A000505,2025-07-14T00:45:54+00:00,3380.86,INR,posted,credit
L00007122,T00007122,A000293,2025-09-06T14:17:26+00:00,3689.68,GBP,posted,credit
L00007123,T00007123,A001082,2025-11-13T11:41:54+00:00,2795.82,INR,posted,credit
L00007124,T00007124,A001479,2025-01-08T05:54:55+00:00,1136.19,EUR,posted,credit
L00007125,T00007125,A000913,2025-02-10T07:28:37+00:00,4810.17,EUR,posted,credit
L00007126,T00007126,A001288,2025-10-11T02:39:39+00:00,2688.47,INR,posted,credit
L00007127,T00007127,A000831,2026-03-29T02:01:10+00:00,4936.26,USD,posted,credit
L00007128,T00007128,A000329,2026-05-14T22:13:56+00:00,1716.80,INR,posted,credit
L00007129,T00007129,A000556,2025-01-15T07:54:31+00:00,891.60,CAD,posted,credit
L00007130,T00007130,A000012,2025-01-06T03:38:20+00:00,796.17,CAD,posted,credit
L00007131,T00007131,A001299,2026-06-20T04:30:59+00:00,3556.54,EUR,posted,credit
L00007132,T00007132,A000461,2026-04-22T10:22:39+00:00,3281.92,INR,posted,credit
L00007133,T00007133,A001328,2025-06-15T13:01:38+00:00,4845.86,CAD,posted,credit
L00007134,T00007134,A000763,2026-01-28T06:53:06+00:00,2610.87,CAD,posted,credit
L00007135,T00007135,A000676,2026-06-29T13:40:44+00:00,2158.76,USD,posted,credit
L00007136,T00007136,A000524,2025-09-15T01:36:13+00:00,673.30,USD,posted,credit
L00007137,T00007137,A000898,2026-09-02T21:36:37+00:00,627.18,INR,posted,credit
L00007138,T00007138,A000324,2026-09-12T18:05:07+00:00,3289.36,INR,posted,credit
L00007139,T00007139,A000975,2025-04-25T03:52:17+00:00,4136.23,USD,posted,credit
L00007140,T00007140,A000066,2025-11-13T15:10:32+00:00,3686.91,CAD,posted,credit
L00007141,T00007141,A001147,2026-01-11T15:09:43+00:00,2175.95,GBP,posted,credit
L00007142,T00007142,A000416,2025-04-29T15:45:29+00:00,825.02,EUR,posted,credit
L00007143,T00007143,A000119,2025-01-25T12:14:15+00:00,2417.94,INR,posted,credit
L00007144,T00007144,A000723,2025-02-23T16:33:44+00:00,1209.46,CAD,posted,credit
L00007145,T00007145,A000147,2025-02-12T12:36:29+00:00,3731.33,CAD,posted,credit
L00007146,T00007146,A001440,2026-07-03T23:40:22+00:00,108.30,EUR,posted,credit
L00007147,T00007147,A001482,2025-01-11T06:11:36+00:00,2417.46,EUR,posted,credit
L00007148,T00007148,A001220,2026-07-08T12:34:29+00:00,2102.42,CAD,posted,credit
L00007149,T00007149,A000294,2026-04-30T05:00:26+00:00,616.04,USD,posted,credit
L00007150,T00007150,A000662,2026-02-11T18:53:46+00:00,3352.58,USD,posted,credit
L00007151,T00007151,A001257,2025-07-10T13:58:54+00:00,4284.93,CAD,posted,credit
L00007152,T00007152,A000520,2025-07-11T16:31:57+00:00,3344.93,USD,posted,credit
L00007153,T00007153,A000789,2025-03-09T18:31:34+00:00,4454.10,USD,posted,credit
L00007154,T00007154,A000684,2025-04-12T10:10:50+00:00,3446.07,CAD,posted,credit
L00007155,T00007155,A000283,2025-06-13T09:16:07+00:00,2513.11,USD,posted,credit
L00007156,T00007156,A001224,2025-02-12T19:33:40+00:00,1533.68,INR,posted,credit
L00007157,T00007157,A000229,2025-03-31T17:15:47+00:00,1952.50,USD,posted,credit
L00007158,T00007158,A000557,2025-02-18T14:26:05+00:00,2656.46,GBP,posted,credit
L00007159,T00007159,A001223,2026-07-17T14:16:23+00:00,4672.26,GBP,posted,credit
L00007160,T00007160,A001130,2025-04-10T03:06:40+00:00,4598.18,CAD,posted,credit
L00007161,T00007161,A000424,2026-02-04T05:59:54+00:00,3253.66,GBP,posted,credit
L00007162,T00007162,A000700,2026-05-01T00:49:51+00:00,64.04,CAD,posted,credit
L00007163,T00007163,A000596,2025-09-24T02:30:48+00:00,3771.99,GBP,posted,credit
L00007164,T00007164,A001334,2026-02-03T17:14:00+00:00,3360.18,CAD,posted,credit
L00007165,T00007165,A000099,2026-01-31T03:26:31+00:00,4681.32,USD,posted,credit
L00007166,T00007166,A000125,2025-09-17T11:00:15+00:00,4267.88,USD,posted,credit
L00007167,T00007167,A000923,2026-05-31T11:52:08+00:00,1788.97,INR,posted,credit
L00007168,T00007168,A001409,2025-04-06T19:33:52+00:00,1343.17,USD,posted,credit
L00007169,T00007169,A000737,2025-09-26T09:39:45+00:00,2427.29,GBP,posted,credit
L00007170,T00007170,A000800,2025-07-26T08:44:14+00:00,4550.41,USD,posted,credit
L00007171,T00007171,A000336,2025-03-18T19:13:21+00:00,602.04,EUR,posted,credit
L00007172,T00007172,A000987,2026-05-09T12:52:32+00:00,398.50,EUR,posted,credit
L00007173,T00007173,A001350,2026-01-19T18:37:23+00:00,810.75,CAD,posted,credit
L00007174,T00007174,A001228,2026-08-29T13:42:37+00:00,4191.29,EUR,posted,credit
L00007175,T00007175,A001288,2025-02-27T00:06:38+00:00,2028.09,INR,posted,credit
L00007176,T00007176,A000794,2025-03-15T23:43:27+00:00,944.99,INR,posted,credit
L00007177,T00007177,A000174,2025-04-29T02:47:47+00:00,280.00,EUR,posted,credit
L00007178,T00007178,A000749,2026-03-05T18:32:22+00:00,1373.84,GBP,posted,credit
L00007179,T00007179,A000625,2026-05-22T14:39:14+00:00,1544.78,USD,posted,credit
L00007180,T00007180,A000124,2025-07-03T21:00:19+00:00,1021.77,GBP,posted,credit
L00007181,T00007181,A000669,2026-07-17T02:58:12+00:00,1454.88,GBP,posted,credit
L00007182,T00007182,A001317,2026-01-29T02:25:24+00:00,3217.19,CAD,posted,credit
L00007183,T00007183,A000787,2025-04-23T10:00:58+00:00,4636.87,EUR,posted,credit
L00007184,T00007184,A000846,2025-10-23T22:49:24+00:00,2544.61,EUR,posted,credit
L00007185,T00007185,A000921,2026-03-13T02:09:06+00:00,1314.12,CAD,posted,credit
L00007186,T00007186,A001110,2026-04-12T21:32:31+00:00,2532.76,CAD,posted,credit
L00007187,T00007187,A001124,2025-08-01T21:41:36+00:00,4740.80,EUR,posted,credit
L00007188,T00007188,A000424,2025-06-19T06:41:23+00:00,1730.13,GBP,posted,credit
L00007189,T00007189,A000587,2025-12-23T15:57:48+00:00,2675.93,USD,posted,credit
L00007190,T00007190,A000598,2026-01-07T06:35:08+00:00,3625.04,EUR,posted,credit
L00007191,T00007191,A000754,2026-04-22T14:09:01+00:00,4909.28,INR,posted,credit
L00007192,T00007192,A001490,2025-12-06T01:55:33+00:00,4382.51,INR,posted,credit
L00007193,T00007193,A000542,2026-05-06T00:26:47+00:00,83.53,USD,posted,credit
L00007194,T00007194,A000287,2026-02-19T08:39:44+00:00,1409.81,INR,posted,credit
L00007195,T00007195,A000286,2025-03-05T14:21:12+00:00,3625.65,USD,posted,credit
L00007196,T00007196,A000775,2025-12-09T03:18:43+00:00,4399.16,GBP,posted,credit
L00007197,T00007197,A000319,2025-06-06T20:01:39+00:00,237.22,GBP,posted,credit
L00007198,T00007198,A001361,2025-01-14T14:48:54+00:00,3683.39,EUR,posted,credit
L00007199,T00007199,A000668,2026-04-28T07:55:37+00:00,4661.56,GBP,posted,credit
L00007200,T00007200,A000707,2026-04-03T10:20:57+00:00,1328.80,CAD,posted,credit
L00007201,T00007201,A000984,2025-04-18T00:16:17+00:00,2892.21,INR,posted,credit
L00007202,T00007202,A001006,2026-05-08T04:06:18+00:00,957.06,USD,posted,credit
L00007203,T00007203,A001335,2026-07-13T11:28:41+00:00,1221.67,USD,posted,credit
L00007204,T00007204,A000139,2025-06-22T07:22:38+00:00,3459.54,CAD,posted,credit
L00007205,T00007205,A001143,2026-04-12T22:10:10+00:00,841.62,GBP,posted,credit
L00007206,T00007206,A001441,2026-08-12T20:36:00+00:00,3869.53,EUR,posted,credit
L00007207,T00007207,A000469,2026-06-17T03:14:07+00:00,4072.96,INR,posted,credit
L00007208,T00007208,A001095,2026-08-14T01:26:15+00:00,1465.90,INR,posted,credit
L00007209,T00007209,A001306,2025-08-30T20:57:37+00:00,3954.79,EUR,posted,credit
L00007210,T00007210,A000584,2025-10-05T02:34:25+00:00,3882.63,GBP,posted,credit
L00007211,T00007211,A000903,2026-03-14T06:50:57+00:00,585.72,CAD,posted,credit
L00007212,T00007212,A001258,2026-07-14T07:41:55+00:00,4967.82,CAD,posted,credit
L00007213,T00007213,A000582,2026-06-30T08:34:51+00:00,2837.10,EUR,posted,credit
L00007214,T00007214,A000106,2025-06-06T03:46:35+00:00,1628.20,INR,posted,credit
L00007215,T00007215,A001015,2025-01-11T11:13:18+00:00,3322.52,EUR,posted,credit
L00007216,T00007216,A001003,2025-06-20T21:47:03+00:00,2172.49,EUR,posted,credit
L00007217,T00007217,A001225,2025-06-29T13:25:38+00:00,2155.77,CAD,posted,credit
L00007218,T00007218,A000908,2025-04-08T06:54:29+00:00,1063.67,USD,posted,credit
L00007219,T00007219,A000506,2025-11-09T08:21:18+00:00,117.25,INR,posted,credit
L00007220,T00007220,A001184,2026-07-07T14:22:50+00:00,1386.48,EUR,posted,credit
L00007221,T00007221,A000769,2026-07-08T11:28:02+00:00,1175.96,CAD,posted,credit
L00007222,T00007222,A001151,2025-12-20T00:03:41+00:00,2391.16,EUR,posted,credit
L00007223,T00007223,A000120,2025-09-12T14:44:22+00:00,4005.31,INR,posted,credit
L00007224,T00007224,A000040,2025-05-20T08:46:33+00:00,303.91,GBP,posted,credit
L00007225,T00007225,A001349,2025-11-27T06:02:25+00:00,3564.20,EUR,posted,credit
L00007226,T00007226,A001422,2025-11-07T20:29:16+00:00,4521.70,CAD,posted,credit
L00007227,T00007227,A001251,2026-06-12T15:45:39+00:00,1120.24,CAD,posted,credit
L00007228,T00007228,A000088,2025-04-06T12:42:16+00:00,114.77,CAD,posted,credit
L00007229,T00007229,A000487,2025-07-30T03:16:59+00:00,4743.47,INR,posted,credit
L00007230,T00007230,A000717,2025-04-18T16:50:18+00:00,4576.61,EUR,posted,credit
L00007231,T00007231,A000406,2025-10-05T04:17:54+00:00,565.41,EUR,posted,credit
L00007232,T00007232,A000046,2026-04-17T08:39:29+00:00,452.52,USD,posted,credit
L00007233,T00007233,A001179,2026-07-08T07:35:35+00:00,559.55,INR,posted,credit
L00007234,T00007234,A001309,2026-05-13T10:19:16+00:00,131.99,EUR,posted,credit
L00007235,T00007235,A000956,2025-01-30T07:09:06+00:00,3845.77,INR,posted,credit
L00007236,T00007236,A000607,2026-08-16T07:00:52+00:00,3544.35,CAD,posted,credit
L00007237,T00007237,A001152,2025-08-02T14:25:27+00:00,1414.68,USD,posted,credit
L00007238,T00007238,A000281,2026-05-04T09:43:17+00:00,4815.79,EUR,posted,credit
L00007239,T00007239,A000919,2025-07-11T04:41:46+00:00,796.92,USD,posted,credit
L00007240,T00007240,A001205,2025-06-21T13:06:38+00:00,656.15,CAD,posted,credit
L00007241,T00007241,A000691,2025-12-31T14:49:26+00:00,374.28,GBP,posted,credit
L00007242,T00007242,A000576,2025-07-28T23:10:00+00:00,1471.64,GBP,posted,credit
L00007243,T00007243,A000887,2025-06-21T07:40:00+00:00,1433.33,EUR,posted,credit
L00007244,T00007244,A001272,2025-06-25T23:05:49+00:00,2182.35,GBP,posted,credit
L00007245,T00007245,A000455,2025-12-08T23:38:16+00:00,915.04,CAD,posted,credit
L00007246,T00007246,A000196,2025-01-08T13:43:35+00:00,4858.03,INR,posted,credit
L00007247,T00007247,A001071,2025-01-22T02:50:59+00:00,4930.42,EUR,posted,credit
L00007248,T00007248,A001350,2025-04-09T10:20:21+00:00,4168.43,CAD,posted,credit
L00007249,T00007249,A000027,2025-02-25T07:52:43+00:00,1345.17,CAD,posted,credit
L00007250,T00007250,A001408,2025-10-24T00:33:43+00:00,2290.66,CAD,posted,credit
L00007251,T00007251,A000336,2025-12-08T17:19:02+00:00,4473.02,EUR,posted,credit
L00007252,T00007252,A000130,2025-11-29T07:15:25+00:00,2119.62,EUR,posted,credit
L00007253,T00007253,A000117,2025-05-03T11:40:11+00:00,4823.32,INR,posted,credit
L00007254,T00007254,A001384,2025-07-15T16:27:59+00:00,4561.59,EUR,posted,credit
L00007255,T00007255,A000149,2025-06-23T14:47:10+00:00,1784.68,GBP,posted,credit
L00007256,T00007256,A001419,2026-04-21T13:10:42+00:00,201.22,CAD,posted,credit
L00007257,T00007257,A000130,2025-08-26T18:45:49+00:00,768.29,EUR,posted,credit
L00007258,T00007258,A000912,2025-10-17T14:44:48+00:00,2900.43,EUR,posted,credit
L00007259,T00007259,A000322,2026-05-06T06:49:02+00:00,269.77,INR,posted,credit
L00007260,T00007260,A000599,2025-06-22T12:58:28+00:00,1316.64,CAD,posted,credit
L00007261,T00007261,A000695,2026-06-30T00:29:25+00:00,2574.16,CAD,posted,credit
L00007262,T00007262,A000942,2026-06-16T16:53:46+00:00,1816.32,CAD,posted,credit
L00007263,T00007263,A001032,2025-07-11T07:20:59+00:00,537.80,GBP,posted,credit
L00007264,T00007264,A000642,2025-01-09T13:05:01+00:00,76.12,INR,posted,credit
L00007265,T00007265,A001469,2026-04-11T22:17:21+00:00,1937.22,INR,posted,credit
L00007266,T00007266,A001471,2025-04-11T09:49:52+00:00,1049.34,GBP,posted,credit
L00007267,T00007267,A000355,2025-11-10T11:37:40+00:00,4129.52,USD,posted,credit
L00007268,T00007268,A000605,2026-05-31T18:00:42+00:00,1656.89,INR,posted,credit
L00007269,T00007269,A000632,2025-12-08T15:24:12+00:00,910.28,GBP,posted,credit
L00007270,T00007270,A001174,2025-12-09T08:34:02+00:00,1684.14,CAD,posted,credit
L00007271,T00007271,A000973,2026-04-19T00:52:46+00:00,4068.74,CAD,posted,credit
L00007272,T00007272,A000200,2025-10-20T13:04:10+00:00,3328.36,EUR,posted,credit
L00007273,T00007273,A001049,2025-05-30T11:07:23+00:00,1963.80,USD,posted,credit
L00007274,T00007274,A000662,2025-04-23T05:58:12+00:00,502.38,USD,posted,credit
L00007275,T00007275,A001103,2025-09-04T14:28:57+00:00,313.39,GBP,posted,credit
L00007276,T00007276,A000738,2026-04-25T14:20:50+00:00,1545.52,USD,posted,credit
L00007277,T00007277,A001391,2025-10-27T07:36:25+00:00,4763.66,CAD,posted,credit
L00007278,T00007278,A000261,2026-06-16T23:44:10+00:00,4243.59,USD,posted,credit
L00007279,T00007279,A000824,2026-01-14T23:16:03+00:00,1607.56,EUR,posted,credit
L00007280,T00007280,A000398,2025-03-25T04:32:00+00:00,1425.08,INR,posted,credit
L00007281,T00007281,A000713,2026-01-12T14:47:33+00:00,3170.19,EUR,posted,credit
L00007282,T00007282,A000607,2025-10-15T07:06:52+00:00,1883.59,CAD,posted,credit
L00007283,T00007283,A000871,2025-10-10T04:22:39+00:00,1752.04,USD,posted,credit
L00007284,T00007284,A001280,2026-05-04T17:14:14+00:00,4557.31,EUR,posted,credit
L00007285,T00007285,A000247,2026-09-03T22:41:03+00:00,1070.40,INR,posted,credit
L00007286,T00007286,A001468,2025-01-04T06:01:50+00:00,4380.37,EUR,posted,credit
L00007287,T00007287,A001104,2026-04-18T18:44:47+00:00,1016.52,USD,posted,credit
L00007288,T00007288,A001283,2025-03-30T17:12:34+00:00,3419.50,EUR,posted,credit
L00007289,T00007289,A000092,2025-06-29T19:33:57+00:00,4446.05,USD,posted,credit
L00007290,T00007290,A000516,2025-06-14T04:21:54+00:00,1334.82,GBP,posted,credit
L00007291,T00007291,A000230,2025-08-03T18:35:14+00:00,136.29,EUR,posted,credit
L00007292,T00007292,A000493,2025-11-19T01:15:41+00:00,4333.38,USD,posted,credit
L00007293,T00007293,A000542,2026-01-24T22:43:56+00:00,805.35,USD,posted,credit
L00007294,T00007294,A000581,2025-02-14T12:53:10+00:00,3058.28,INR,posted,credit
L00007295,T00007295,A001159,2025-05-07T08:21:56+00:00,3094.30,INR,posted,credit
L00007296,T00007296,A000639,2025-07-26T13:25:31+00:00,1845.80,CAD,posted,credit
L00007297,T00007297,A000518,2025-12-16T23:32:56+00:00,3650.98,USD,posted,credit
L00007298,T00007298,A000867,2025-05-15T13:13:45+00:00,2019.03,INR,posted,credit
L00007299,T00007299,A000902,2025-09-13T17:24:11+00:00,15.88,EUR,posted,credit
L00007300,T00007300,A000651,2026-06-28T19:54:48+00:00,450.59,GBP,posted,credit
L00007301,T00007301,A000607,2025-06-11T12:01:31+00:00,2220.77,CAD,posted,credit
L00007302,T00007302,A001491,2025-03-19T12:58:43+00:00,2532.03,INR,posted,credit
L00007303,T00007303,A000042,2025-02-07T23:59:09+00:00,2127.46,EUR,posted,credit
L00007304,T00007304,A001429,2025-06-29T02:55:08+00:00,1184.34,GBP,posted,credit
L00007305,T00007305,A000571,2025-02-06T00:45:56+00:00,846.55,USD,posted,credit
L00007306,T00007306,A000830,2026-03-15T04:36:06+00:00,4000.65,CAD,posted,credit
L00007307,T00007307,A001375,2026-06-24T21:22:34+00:00,2923.60,USD,posted,credit
L00007308,T00007308,A000739,2026-08-24T08:07:27+00:00,4954.16,GBP,posted,credit
L00007309,T00007309,A000835,2026-07-20T04:46:06+00:00,2390.85,USD,posted,credit
L00007310,T00007310,A001001,2025-05-10T04:51:48+00:00,3589.62,CAD,posted,credit
L00007311,T00007311,A001465,2026-08-19T15:55:19+00:00,1130.83,USD,posted,credit
L00007312,T00007312,A000582,2025-11-19T20:21:21+00:00,3043.37,EUR,posted,credit
L00007313,T00007313,A000414,2025-07-26T03:14:21+00:00,4799.02,EUR,posted,credit
L00007314,T00007314,A000753,2026-05-05T05:13:32+00:00,401.23,INR,posted,credit
L00007315,T00007315,A000552,2025-07-02T05:05:10+00:00,1334.01,CAD,posted,credit
L00007316,T00007316,A000016,2026-08-20T05:20:23+00:00,211.99,USD,posted,credit
L00007317,T00007317,A000075,2026-08-23T00:39:12+00:00,1622.40,USD,posted,credit
L00007318,T00007318,A000115,2026-01-19T06:19:44+00:00,1302.44,GBP,posted,credit
L00007319,T00007319,A000467,2026-05-30T07:42:33+00:00,3489.69,EUR,posted,credit
L00007320,T00007320,A001310,2025-03-06T02:57:48+00:00,2770.00,EUR,posted,credit
L00007321,T00007321,A000146,2025-11-15T12:52:45+00:00,550.81,INR,posted,credit
L00007322,T00007322,A001460,2025-10-01T00:16:34+00:00,2953.68,CAD,posted,credit
L00007323,T00007323,A000606,2025-06-09T11:33:00+00:00,4343.65,CAD,posted,credit
L00007324,T00007324,A001052,2025-06-07T17:14:57+00:00,2443.24,GBP,posted,credit
L00007325,T00007325,A000337,2025-04-12T09:34:11+00:00,4369.27,USD,posted,credit
L00007326,T00007326,A001447,2026-04-16T02:59:22+00:00,1012.00,GBP,posted,credit
L00007327,T00007327,A000774,2026-04-27T19:47:41+00:00,920.73,INR,posted,credit
L00007328,T00007328,A000619,2025-07-18T18:22:35+00:00,1843.25,INR,posted,credit
L00007329,T00007329,A001451,2026-04-03T00:10:18+00:00,3673.35,EUR,posted,credit
L00007330,T00007330,A000271,2025-08-22T01:37:08+00:00,1410.75,GBP,posted,credit
L00007331,T00007331,A000863,2025-06-16T14:34:53+00:00,4321.09,EUR,posted,credit
L00007332,T00007332,A000118,2026-05-08T08:05:46+00:00,770.44,CAD,posted,credit
L00007333,T00007333,A001003,2026-08-09T10:10:51+00:00,1997.22,EUR,posted,credit
L00007334,T00007334,A001378,2025-07-08T00:38:41+00:00,443.12,CAD,posted,credit
L00007335,T00007335,A000351,2026-08-31T03:55:07+00:00,2304.19,INR,posted,credit
L00007336,T00007336,A000042,2025-06-23T00:16:57+00:00,2803.80,EUR,posted,credit
L00007337,T00007337,A001333,2026-08-25T03:04:19+00:00,3254.54,EUR,posted,credit
L00007338,T00007338,A000787,2025-05-30T23:33:02+00:00,2949.31,EUR,posted,credit
L00007339,T00007339,A000542,2025-01-31T01:59:24+00:00,541.74,USD,posted,credit
L00007340,T00007340,A000762,2026-08-24T15:22:18+00:00,4469.92,INR,posted,credit
L00007341,T00007341,A001031,2026-03-11T03:57:27+00:00,3662.88,EUR,posted,credit
L00007342,T00007342,A000279,2026-04-09T07:12:54+00:00,2774.64,GBP,posted,credit
L00007343,T00007343,A001099,2025-03-17T01:37:16+00:00,112.60,GBP,posted,credit
L00007344,T00007344,A000497,2025-03-14T01:39:23+00:00,1185.30,INR,posted,credit
L00007345,T00007345,A000639,2026-02-25T22:30:14+00:00,4923.43,CAD,posted,credit
L00007346,T00007346,A000040,2025-11-27T16:35:50+00:00,3046.01,GBP,posted,credit
L00007347,T00007347,A001369,2026-01-29T18:21:16+00:00,3698.95,USD,posted,credit
L00007348,T00007348,A000871,2025-12-10T04:36:14+00:00,981.17,USD,posted,credit
L00007349,T00007349,A000376,2026-05-20T15:34:38+00:00,4184.90,GBP,posted,credit
L00007350,T00007350,A000128,2025-10-25T17:05:35+00:00,4193.45,CAD,posted,credit
L00007351,T00007351,A000451,2025-01-13T16:31:42+00:00,3038.12,USD,posted,credit
L00007352,T00007352,A000248,2025-04-04T22:14:30+00:00,3857.29,GBP,posted,credit
L00007353,T00007353,A001411,2025-10-21T13:55:49+00:00,1650.45,EUR,posted,credit
L00007354,T00007354,A000102,2025-06-22T10:25:01+00:00,2130.67,INR,posted,credit
L00007355,T00007355,A001065,2025-05-11T22:07:04+00:00,4090.68,CAD,posted,credit
L00007356,T00007356,A000065,2026-03-10T22:25:06+00:00,2108.14,EUR,posted,credit
L00007357,T00007357,A000138,2026-07-25T03:54:59+00:00,1648.10,CAD,posted,credit
L00007358,T00007358,A000839,2025-07-01T00:14:38+00:00,3724.27,GBP,posted,credit
L00007359,T00007359,A000843,2025-07-12T19:34:14+00:00,4323.10,GBP,posted,credit
L00007360,T00007360,A000407,2025-10-25T21:21:24+00:00,1518.99,CAD,posted,credit
L00007361,T00007361,A000715,2025-09-07T23:54:39+00:00,412.12,USD,posted,credit
L00007362,T00007362,A001472,2026-02-09T01:56:36+00:00,4845.09,CAD,posted,credit
L00007363,T00007363,A001043,2025-10-02T17:00:12+00:00,1820.47,USD,posted,credit
L00007364,T00007364,A001355,2026-06-26T12:11:23+00:00,658.75,USD,posted,credit
L00007365,T00007365,A001035,2026-01-23T01:01:29+00:00,1359.22,INR,posted,credit
L00007366,T00007366,A000230,2025-09-03T03:10:26+00:00,2038.36,EUR,posted,credit
L00007367,T00007367,A000613,2025-05-22T15:05:38+00:00,2853.95,INR,posted,credit
L00007368,T00007368,A001093,2026-04-23T19:31:09+00:00,741.29,INR,posted,credit
L00007369,T00007369,A000974,2025-06-25T03:52:49+00:00,1936.29,GBP,posted,credit
L00007370,T00007370,A000445,2026-03-25T12:21:20+00:00,2868.73,INR,posted,credit
L00007371,T00007371,A000296,2026-01-01T05:25:49+00:00,1647.54,GBP,posted,credit
L00007372,T00007372,A001489,2025-10-08T09:04:27+00:00,1609.15,CAD,posted,credit
L00007373,T00007373,A000121,2025-06-01T19:37:24+00:00,1041.31,EUR,posted,credit
L00007374,T00007374,A000038,2026-03-18T07:03:42+00:00,158.19,USD,posted,credit
L00007375,T00007375,A000212,2025-11-02T23:37:40+00:00,4017.49,CAD,posted,credit
L00007376,T00007376,A000892,2025-10-09T12:00:46+00:00,4650.88,USD,posted,credit
L00007377,T00007377,A000534,2026-06-18T08:30:05+00:00,4739.22,USD,posted,credit
L00007378,T00007378,A001438,2026-09-02T18:47:46+00:00,1909.43,GBP,posted,credit
L00007379,T00007379,A001096,2025-11-13T11:12:58+00:00,2442.03,USD,posted,credit
L00007380,T00007380,A001150,2026-03-28T16:55:09+00:00,3978.40,USD,posted,credit
L00007381,T00007381,A000192,2026-07-01T13:22:06+00:00,4709.27,INR,posted,credit
L00007382,T00007382,A000036,2026-03-15T08:58:07+00:00,501.02,INR,posted,credit
L00007383,T00007383,A001413,2025-10-11T11:54:15+00:00,1821.74,INR,posted,credit
L00007384,T00007384,A000085,2025-07-21T12:31:33+00:00,3661.21,GBP,posted,credit
L00007385,T00007385,A000124,2026-08-10T10:37:20+00:00,22.30,GBP,posted,credit
L00007386,T00007386,A000562,2025-02-08T10:51:48+00:00,4190.51,CAD,posted,credit
L00007387,T00007387,A001325,2026-08-14T21:53:19+00:00,4412.42,INR,posted,credit
L00007388,T00007388,A000455,2025-11-20T04:31:27+00:00,420.79,CAD,posted,credit
L00007389,T00007389,A000171,2025-03-27T13:28:33+00:00,1824.43,USD,posted,credit
L00007390,T00007390,A000280,2026-03-20T08:09:16+00:00,3097.47,GBP,posted,credit
L00007391,T00007391,A000158,2025-12-13T05:57:37+00:00,474.96,EUR,posted,credit
L00007392,T00007392,A000532,2025-08-23T18:21:06+00:00,911.08,EUR,posted,credit
L00007393,T00007393,A000435,2025-04-29T12:28:18+00:00,4930.89,EUR,posted,credit
L00007394,T00007394,A001469,2025-11-15T05:14:33+00:00,954.53,INR,posted,credit
L00007395,T00007395,A000727,2025-09-12T08:36:11+00:00,2222.95,CAD,posted,credit
L00007396,T00007396,A000229,2025-08-25T00:02:53+00:00,2933.57,USD,posted,credit
L00007397,T00007397,A000697,2025-03-27T05:41:50+00:00,240.75,EUR,posted,credit
L00007398,T00007398,A001293,2025-02-03T01:35:47+00:00,529.01,GBP,posted,credit
L00007399,T00007399,A000810,2025-02-02T01:36:34+00:00,2149.63,INR,posted,credit
L00007400,T00007400,A000474,2025-04-15T05:21:50+00:00,749.42,INR,posted,credit
L00007401,T00007401,A001473,2025-02-25T21:19:54+00:00,4023.76,GBP,posted,credit
L00007402,T00007402,A000689,2025-04-26T07:26:29+00:00,43.21,INR,posted,credit
L00007403,T00007403,A000935,2026-08-27T23:54:47+00:00,3332.45,EUR,posted,credit
L00007404,T00007404,A000038,2026-06-13T07:41:10+00:00,65.31,USD,posted,credit
L00007405,T00007405,A000497,2025-08-28T12:28:28+00:00,1598.71,INR,posted,credit
L00007406,T00007406,A000920,2025-02-22T04:47:26+00:00,310.84,GBP,posted,credit
L00007407,T00007407,A001396,2025-01-16T20:40:26+00:00,4102.20,GBP,posted,credit
L00007408,T00007408,A000499,2025-02-15T04:43:12+00:00,2886.38,USD,posted,credit
L00007409,T00007409,A000553,2025-10-13T17:19:30+00:00,1536.33,INR,posted,credit
L00007410,T00007410,A001309,2026-04-03T01:56:50+00:00,4256.32,EUR,posted,credit
L00007411,T00007411,A000294,2025-05-07T10:56:40+00:00,2958.76,USD,posted,credit
L00007412,T00007412,A000928,2025-09-25T23:35:34+00:00,4813.49,EUR,posted,credit
L00007413,T00007413,A001178,2025-02-28T14:15:21+00:00,1916.13,INR,posted,credit
L00007414,T00007414,A001093,2025-02-13T07:57:02+00:00,2929.84,INR,posted,credit
L00007415,T00007415,A000174,2025-08-28T05:06:15+00:00,888.99,EUR,posted,credit
L00007416,T00007416,A000089,2025-04-01T19:32:09+00:00,4511.16,EUR,posted,credit
L00007417,T00007417,A000212,2025-02-26T01:09:50+00:00,2037.04,CAD,posted,credit
L00007418,T00007418,A000123,2025-07-21T01:47:04+00:00,1973.95,GBP,posted,credit
L00007419,T00007419,A001095,2025-06-12T05:20:08+00:00,1371.02,INR,posted,credit
L00007420,T00007420,A000577,2025-08-27T00:24:08+00:00,3793.11,GBP,posted,credit
L00007421,T00007421,A000396,2026-04-06T22:18:47+00:00,2763.28,USD,posted,credit
L00007422,T00007422,A000525,2026-08-09T15:04:28+00:00,282.51,USD,posted,credit
L00007423,T00007423,A001476,2026-07-23T14:45:43+00:00,512.20,INR,posted,credit
L00007424,T00007424,A000636,2025-04-01T14:50:17+00:00,815.55,INR,posted,credit
L00007425,T00007425,A000711,2025-07-29T09:17:55+00:00,4129.35,GBP,posted,credit
L00007426,T00007426,A000283,2025-09-24T00:39:06+00:00,2698.56,USD,posted,credit
L00007427,T00007427,A001458,2025-10-24T18:05:02+00:00,1938.38,INR,posted,credit
L00007428,T00007428,A000409,2026-07-04T20:46:18+00:00,4325.43,CAD,posted,credit
L00007429,T00007429,A001074,2026-07-08T07:41:02+00:00,1588.38,USD,posted,credit
L00007430,T00007430,A000999,2026-06-11T04:21:27+00:00,3220.58,USD,posted,credit
L00007431,T00007431,A000250,2025-01-24T05:31:00+00:00,2970.38,EUR,posted,credit
L00007432,T00007432,A000562,2025-04-17T06:32:06+00:00,1542.87,CAD,posted,credit
L00007433,T00007433,A000180,2026-03-20T02:12:21+00:00,4064.65,CAD,posted,credit
L00007434,T00007434,A001223,2026-05-08T21:03:09+00:00,4644.56,GBP,posted,credit
L00007435,T00007435,A001289,2026-03-24T01:43:36+00:00,2529.69,CAD,posted,credit
L00007436,T00007436,A001104,2026-07-28T12:00:42+00:00,3957.01,USD,posted,credit
L00007437,T00007437,A000125,2025-05-24T22:01:00+00:00,3745.70,USD,posted,credit
L00007438,T00007438,A000513,2026-09-08T12:44:34+00:00,3580.50,INR,posted,credit
L00007439,T00007439,A000154,2025-12-29T13:42:15+00:00,754.34,USD,posted,credit
L00007440,T00007440,A001045,2025-08-20T13:31:26+00:00,2796.46,CAD,posted,credit
L00007441,T00007441,A000748,2025-11-13T21:19:04+00:00,2603.41,INR,posted,credit
L00007442,T00007442,A000303,2025-01-27T20:33:25+00:00,4920.13,GBP,posted,credit
L00007443,T00007443,A001210,2025-01-12T04:38:33+00:00,3395.91,USD,posted,credit
L00007444,T00007444,A000844,2025-10-24T20:22:36+00:00,3087.40,USD,posted,credit
L00007445,T00007445,A000585,2025-08-05T10:15:06+00:00,2324.14,EUR,posted,credit
L00007446,T00007446,A001348,2025-01-30T11:17:52+00:00,230.88,GBP,posted,credit
L00007447,T00007447,A000169,2025-07-10T05:08:06+00:00,4400.82,GBP,posted,credit
L00007448,T00007448,A000301,2025-03-04T13:17:21+00:00,4011.81,USD,posted,credit
L00007449,T00007449,A000844,2026-07-26T19:03:07+00:00,3088.06,USD,posted,credit
L00007450,T00007450,A000126,2026-06-18T04:25:53+00:00,2528.54,EUR,posted,credit
L00007451,T00007451,A001344,2026-09-02T04:38:22+00:00,632.68,INR,posted,credit
L00007452,T00007452,A001095,2025-05-06T00:24:35+00:00,2528.66,INR,posted,credit
L00007453,T00007453,A001464,2026-06-14T03:52:56+00:00,2014.76,GBP,posted,credit
L00007454,T00007454,A001393,2026-06-20T13:24:43+00:00,890.02,INR,posted,credit
L00007455,T00007455,A000938,2026-06-22T07:16:58+00:00,1340.84,GBP,posted,credit
L00007456,T00007456,A001328,2026-07-20T10:24:03+00:00,3021.74,CAD,posted,credit
L00007457,T00007457,A000799,2026-02-20T04:12:48+00:00,223.75,INR,posted,credit
L00007458,T00007458,A001306,2025-03-07T03:53:26+00:00,3853.16,EUR,posted,credit
L00007459,T00007459,A001313,2025-10-02T01:00:00+00:00,4882.44,EUR,posted,credit
L00007460,T00007460,A000426,2025-02-13T01:43:45+00:00,2123.64,CAD,posted,credit
L00007461,T00007461,A001452,2025-12-12T18:32:30+00:00,2443.27,GBP,posted,credit
L00007462,T00007462,A000824,2025-01-21T13:49:57+00:00,1181.18,EUR,posted,credit
L00007463,T00007463,A001075,2025-01-15T04:04:34+00:00,2192.52,INR,posted,credit
L00007464,T00007464,A001229,2026-05-14T09:09:50+00:00,1329.23,EUR,posted,credit
L00007465,T00007465,A000215,2025-01-03T11:41:20+00:00,994.26,CAD,posted,credit
L00007466,T00007466,A001114,2025-06-17T19:27:41+00:00,1760.59,USD,posted,credit
L00007467,T00007467,A000300,2025-07-20T15:22:04+00:00,323.39,CAD,posted,credit
L00007468,T00007468,A001461,2026-04-14T01:07:43+00:00,2893.62,EUR,posted,credit
L00007469,T00007469,A000542,2026-03-20T16:22:09+00:00,3945.93,USD,posted,credit
L00007470,T00007470,A001442,2025-07-19T21:31:16+00:00,2271.72,INR,posted,credit
L00007471,T00007471,A000688,2026-05-09T06:58:31+00:00,4138.19,GBP,posted,credit
L00007472,T00007472,A001446,2025-10-12T09:12:05+00:00,34.15,CAD,posted,credit
L00007473,T00007473,A000157,2026-06-07T22:03:23+00:00,4314.09,USD,posted,credit
L00007474,T00007474,A000349,2025-03-30T04:20:38+00:00,3475.50,USD,posted,credit
L00007475,T00007475,A000890,2026-04-05T13:50:17+00:00,1504.50,EUR,posted,credit
L00007476,T00007476,A000848,2026-03-21T23:28:32+00:00,830.06,GBP,posted,credit
L00007477,T00007477,A001267,2025-05-06T06:34:53+00:00,588.00,EUR,posted,credit
L00007478,T00007478,A000978,2026-01-02T12:28:43+00:00,1979.53,GBP,posted,credit
L00007479,T00007479,A000254,2025-03-09T03:39:52+00:00,984.07,CAD,posted,credit
L00007480,T00007480,A001392,2026-04-03T06:28:50+00:00,3082.20,CAD,posted,credit
L00007481,T00007481,A000452,2026-07-29T12:45:50+00:00,4694.24,INR,posted,credit
L00007482,T00007482,A000409,2025-12-06T22:35:58+00:00,714.24,CAD,posted,credit
L00007483,T00007483,A001013,2025-05-14T19:52:53+00:00,3808.01,USD,posted,credit
L00007484,T00007484,A001500,2025-07-11T01:59:24+00:00,4444.75,INR,posted,credit
L00007485,T00007485,A000895,2025-12-04T04:23:06+00:00,4334.17,INR,posted,credit
L00007486,T00007486,A001394,2025-07-04T16:00:20+00:00,2307.50,INR,posted,credit
L00007487,T00007487,A001194,2026-06-03T02:53:10+00:00,3907.73,USD,posted,credit
L00007488,T00007488,A000335,2026-06-23T11:52:03+00:00,4941.04,CAD,posted,credit
L00007489,T00007489,A001327,2026-06-06T05:29:34+00:00,671.22,GBP,posted,credit
L00007490,T00007490,A001233,2025-02-24T13:41:12+00:00,4290.91,GBP,posted,credit
L00007491,T00007491,A000216,2025-08-24T07:58:27+00:00,1270.14,USD,posted,credit
L00007492,T00007492,A000834,2025-09-21T17:10:24+00:00,2236.34,USD,posted,credit
L00007493,T00007493,A001132,2026-07-20T08:43:28+00:00,2285.05,EUR,posted,credit
L00007494,T00007494,A001196,2025-10-22T05:05:30+00:00,4772.67,USD,posted,credit
L00007495,T00007495,A000514,2025-08-21T16:30:32+00:00,4141.00,GBP,posted,credit
L00007496,T00007496,A001264,2025-08-12T13:00:13+00:00,2453.18,EUR,posted,credit
L00007497,T00007497,A000182,2025-09-29T20:32:20+00:00,2545.91,USD,posted,credit
L00007498,T00007498,A000002,2026-04-08T15:10:18+00:00,160.37,USD,posted,credit
L00007499,T00007499,A000893,2025-04-05T18:45:33+00:00,476.93,USD,posted,credit
L00007500,T00007500,A001122,2025-09-08T16:42:31+00:00,3279.68,INR,posted,credit
L00007501,T00007501,A000396,2026-03-23T21:03:34+00:00,1359.58,USD,posted,credit
L00007502,T00007502,A000365,2025-01-06T18:23:51+00:00,4110.30,EUR,posted,credit
L00007503,T00007503,A000669,2025-12-19T18:29:21+00:00,546.05,GBP,posted,credit
L00007504,T00007504,A001294,2025-08-13T13:00:04+00:00,919.23,USD,posted,credit
L00007505,T00007505,A001286,2026-03-03T09:14:43+00:00,4170.69,INR,posted,credit
L00007506,T00007506,A001468,2026-08-28T14:05:18+00:00,4717.49,EUR,posted,credit
L00007507,T00007507,A001459,2026-07-10T11:06:44+00:00,1882.50,CAD,posted,credit
L00007508,T00007508,A000247,2025-02-25T05:58:51+00:00,1604.85,INR,posted,credit
L00007509,T00007509,A000484,2025-12-08T11:51:30+00:00,3283.94,CAD,posted,credit
L00007510,T00007510,A000819,2026-07-21T01:55:29+00:00,3961.43,CAD,posted,credit
L00007511,T00007511,A000283,2025-09-08T07:25:51+00:00,819.46,USD,posted,credit
L00007512,T00007512,A000220,2026-01-31T13:39:43+00:00,157.73,INR,posted,credit
L00007513,T00007513,A000089,2025-08-10T13:10:19+00:00,1965.63,EUR,posted,credit
L00007514,T00007514,A000099,2025-08-30T11:46:58+00:00,3827.56,USD,posted,credit
L00007515,T00007515,A001152,2025-09-15T04:03:35+00:00,3721.23,USD,posted,credit
L00007516,T00007516,A000376,2025-08-06T11:02:15+00:00,3590.81,GBP,posted,credit
L00007517,T00007517,A001239,2026-04-10T23:23:54+00:00,1953.81,INR,posted,credit
L00007518,T00007518,A000011,2026-03-24T08:03:00+00:00,2439.38,CAD,posted,credit
L00007519,T00007519,A000215,2026-08-28T15:26:06+00:00,2400.18,CAD,posted,credit
L00007520,T00007520,A001257,2025-05-09T10:38:54+00:00,2156.47,CAD,posted,credit
L00007521,T00007521,A000714,2025-05-21T14:15:14+00:00,4552.28,USD,posted,credit
L00007522,T00007522,A001404,2025-12-17T18:19:56+00:00,735.54,CAD,posted,credit
L00007523,T00007523,A000790,2026-03-14T11:45:56+00:00,616.42,CAD,posted,credit
L00007524,T00007524,A001120,2026-03-01T12:26:16+00:00,3306.57,GBP,posted,credit
L00007525,T00007525,A000375,2025-05-18T17:15:17+00:00,2700.84,CAD,posted,credit
L00007526,T00007526,A001204,2025-03-18T12:27:46+00:00,4434.93,INR,posted,credit
L00007527,T00007527,A001205,2025-11-03T09:15:07+00:00,2723.65,CAD,posted,credit
L00007528,T00007528,A000553,2026-03-26T18:58:09+00:00,1643.77,INR,posted,credit
L00007529,T00007529,A000786,2025-09-22T11:32:02+00:00,1171.51,USD,posted,credit
L00007530,T00007530,A000169,2025-10-25T23:09:48+00:00,3918.91,GBP,posted,credit
L00007531,T00007531,A000399,2026-06-13T02:15:15+00:00,4148.55,USD,posted,credit
L00007532,T00007532,A001466,2026-05-07T08:25:58+00:00,4862.34,USD,posted,credit
L00007533,T00007533,A000736,2026-06-11T18:50:01+00:00,2554.66,INR,posted,credit
L00007534,T00007534,A000983,2025-09-30T09:05:17+00:00,3639.83,GBP,posted,credit
L00007535,T00007535,A000564,2026-08-14T04:37:28+00:00,1996.92,EUR,posted,credit
L00007536,T00007536,A001335,2025-08-25T15:27:15+00:00,2925.71,USD,posted,credit
L00007537,T00007537,A000383,2025-08-23T10:43:58+00:00,2783.04,CAD,posted,credit
L00007538,T00007538,A000635,2026-04-30T11:57:29+00:00,78.90,GBP,posted,credit
L00007539,T00007539,A000093,2025-12-12T00:30:48+00:00,419.40,EUR,posted,credit
L00007540,T00007540,A000332,2026-05-10T19:34:22+00:00,4510.52,CAD,posted,credit
L00007541,T00007541,A000418,2025-07-20T07:24:39+00:00,3993.09,EUR,posted,credit
L00007542,T00007542,A001023,2025-02-09T03:06:12+00:00,2068.05,USD,posted,credit
L00007543,T00007543,A000985,2025-09-17T01:06:41+00:00,3829.51,CAD,posted,credit
L00007544,T00007544,A000376,2025-04-14T18:37:52+00:00,4799.86,GBP,posted,credit
L00007545,T00007545,A000909,2026-09-05T23:52:22+00:00,667.55,USD,posted,credit
L00007546,T00007546,A001050,2026-05-14T09:47:26+00:00,1975.83,INR,posted,credit
L00007547,T00007547,A000521,2026-06-11T03:37:04+00:00,2344.65,CAD,posted,credit
L00007548,T00007548,A000229,2026-02-20T08:38:37+00:00,3319.90,USD,posted,credit
L00007549,T00007549,A001077,2026-04-02T01:17:43+00:00,226.26,INR,posted,credit
L00007550,T00007550,A000059,2025-05-16T12:43:20+00:00,2781.06,GBP,posted,credit
L00007551,T00007551,A000420,2026-06-17T12:14:03+00:00,235.59,CAD,posted,credit
L00007552,T00007552,A000978,2026-05-22T07:23:21+00:00,744.51,GBP,posted,credit
L00007553,T00007553,A001469,2026-07-31T17:45:43+00:00,3076.23,INR,posted,credit
L00007554,T00007554,A001079,2026-04-25T01:42:51+00:00,1480.50,INR,posted,credit
L00007555,T00007555,A000802,2025-03-14T14:46:24+00:00,1995.12,INR,posted,credit
L00007556,T00007556,A000041,2025-07-03T10:52:39+00:00,1506.68,CAD,posted,credit
L00007557,T00007557,A001118,2026-03-09T17:32:59+00:00,1801.67,INR,posted,credit
L00007558,T00007558,A000153,2025-10-06T21:18:07+00:00,2099.96,CAD,posted,credit
L00007559,T00007559,A000203,2025-02-25T04:41:56+00:00,2673.20,USD,posted,credit
L00007560,T00007560,A000207,2026-09-06T19:04:39+00:00,2286.73,GBP,posted,credit
L00007561,T00007561,A000809,2026-06-28T18:58:58+00:00,2559.27,GBP,posted,credit
L00007562,T00007562,A001499,2026-08-11T21:20:18+00:00,3356.24,EUR,posted,credit
L00007563,T00007563,A000558,2025-02-02T13:54:24+00:00,3461.32,CAD,posted,credit
L00007564,T00007564,A000748,2025-03-20T13:30:42+00:00,3182.18,INR,posted,credit
L00007565,T00007565,A000850,2025-03-13T15:46:48+00:00,1787.70,GBP,posted,credit
L00007566,T00007566,A001496,2025-05-20T22:11:22+00:00,3721.64,CAD,posted,credit
L00007567,T00007567,A000616,2026-06-22T14:33:57+00:00,4420.57,INR,posted,credit
L00007568,T00007568,A001460,2025-01-27T08:21:49+00:00,2028.81,CAD,posted,credit
L00007569,T00007569,A001155,2025-09-12T12:00:07+00:00,2271.85,USD,posted,credit
L00007570,T00007570,A000169,2025-02-13T03:03:24+00:00,3753.82,GBP,posted,credit
L00007571,T00007571,A000144,2025-02-27T11:05:01+00:00,2320.52,CAD,posted,credit
L00007572,T00007572,A000930,2026-09-05T09:18:34+00:00,46.13,USD,posted,credit
L00007573,T00007573,A000571,2026-01-01T14:00:23+00:00,40.33,USD,posted,credit
L00007574,T00007574,A000957,2026-03-30T07:09:14+00:00,3192.74,GBP,posted,credit
L00007575,T00007575,A000628,2026-02-01T19:43:00+00:00,3926.78,GBP,posted,credit
L00007576,T00007576,A001383,2025-07-02T07:31:11+00:00,4683.99,INR,posted,credit
L00007577,T00007577,A000112,2025-07-10T20:38:47+00:00,1673.03,GBP,posted,credit
L00007578,T00007578,A000662,2026-01-16T01:27:03+00:00,2242.30,USD,posted,credit
L00007579,T00007579,A000747,2026-05-30T08:56:20+00:00,4785.73,CAD,posted,credit
L00007580,T00007580,A000593,2025-12-01T10:45:02+00:00,1350.81,INR,posted,credit
L00007581,T00007581,A000462,2025-03-15T03:45:50+00:00,4514.24,GBP,posted,credit
L00007582,T00007582,A000225,2025-10-15T13:06:29+00:00,4566.97,CAD,posted,credit
L00007583,T00007583,A000240,2026-01-24T08:24:06+00:00,4080.36,GBP,posted,credit
L00007584,T00007584,A001174,2025-05-19T01:40:16+00:00,4320.40,CAD,posted,credit
L00007585,T00007585,A001302,2026-04-21T14:09:28+00:00,1251.90,EUR,posted,credit
L00007586,T00007586,A000437,2026-02-27T14:46:58+00:00,4638.12,CAD,posted,credit
L00007587,T00007587,A001216,2025-03-18T05:26:19+00:00,1534.82,INR,posted,credit
L00007588,T00007588,A001199,2025-10-10T15:22:43+00:00,409.13,EUR,posted,credit
L00007589,T00007589,A001471,2026-04-22T16:43:59+00:00,2527.81,GBP,posted,credit
L00007590,T00007590,A000902,2025-03-31T20:58:02+00:00,1296.50,EUR,posted,credit
L00007591,T00007591,A000557,2025-12-31T04:49:14+00:00,3301.12,GBP,posted,credit
L00007592,T00007592,A001461,2026-08-31T20:08:36+00:00,1263.69,EUR,posted,credit
L00007593,T00007593,A001100,2025-07-19T08:01:28+00:00,4077.61,INR,posted,credit
L00007594,T00007594,A000854,2025-08-24T11:13:34+00:00,1320.45,USD,posted,credit
L00007595,T00007595,A000487,2025-12-19T02:17:17+00:00,2862.17,INR,posted,credit
L00007596,T00007596,A001347,2026-02-27T06:02:21+00:00,176.52,INR,posted,credit
L00007597,T00007597,A001344,2025-04-20T09:13:59+00:00,280.41,INR,posted,credit
L00007598,T00007598,A000807,2025-03-23T16:00:12+00:00,3295.39,INR,posted,credit
L00007599,T00007599,A000871,2025-05-30T11:44:30+00:00,1302.09,USD,posted,credit
L00007600,T00007600,A001416,2025-03-07T12:52:37+00:00,2449.30,INR,posted,credit
L00007601,T00007601,A000082,2025-03-05T09:54:26+00:00,1389.31,INR,posted,credit
L00007602,T00007602,A000654,2025-08-28T21:51:52+00:00,2687.53,GBP,posted,credit
L00007603,T00007603,A000992,2026-01-10T15:20:57+00:00,2191.29,CAD,posted,credit
L00007604,T00007604,A001007,2025-04-18T12:01:40+00:00,4852.85,EUR,posted,credit
L00007605,T00007605,A001296,2026-07-31T20:59:20+00:00,3191.91,USD,posted,credit
L00007606,T00007606,A001426,2025-03-16T07:31:23+00:00,4588.70,CAD,posted,credit
L00007607,T00007607,A000615,2025-04-12T09:09:14+00:00,132.64,EUR,posted,credit
L00007608,T00007608,A001212,2025-08-09T23:03:03+00:00,3374.62,GBP,posted,credit
L00007609,T00007609,A000413,2025-04-21T02:26:26+00:00,1667.96,USD,posted,credit
L00007610,T00007610,A001395,2025-04-24T01:54:31+00:00,4058.65,INR,posted,credit
L00007611,T00007611,A001033,2025-08-25T07:22:06+00:00,2267.55,GBP,posted,credit
L00007612,T00007612,A000616,2025-04-21T16:54:36+00:00,2933.34,INR,posted,credit
L00007613,T00007613,A001404,2026-03-25T05:37:34+00:00,4956.46,CAD,posted,credit
L00007614,T00007614,A000711,2026-01-19T01:19:53+00:00,1943.81,GBP,posted,credit
L00007615,T00007615,A001380,2025-04-01T02:12:49+00:00,4780.19,CAD,posted,credit
L00007616,T00007616,A000837,2026-05-21T19:26:17+00:00,3877.67,EUR,posted,credit
L00007617,T00007617,A000650,2025-02-25T12:52:42+00:00,992.05,CAD,posted,credit
L00007618,T00007618,A000583,2026-08-14T21:02:44+00:00,493.28,GBP,posted,credit
L00007619,T00007619,A000820,2025-06-11T07:50:54+00:00,2275.91,USD,posted,credit
L00007620,T00007620,A000401,2025-07-18T07:34:27+00:00,371.71,USD,posted,credit
L00007621,T00007621,A000188,2026-02-06T02:45:20+00:00,2898.39,INR,posted,credit
L00007622,T00007622,A000370,2026-03-04T06:59:37+00:00,4743.90,GBP,posted,credit
L00007623,T00007623,A001353,2026-05-11T15:06:48+00:00,269.21,GBP,posted,credit
L00007624,T00007624,A000258,2025-08-24T02:38:56+00:00,3407.73,GBP,posted,credit
L00007625,T00007625,A000109,2026-03-26T14:13:00+00:00,193.92,CAD,posted,credit
L00007626,T00007626,A000882,2025-07-09T10:12:33+00:00,4038.99,USD,posted,credit
L00007627,T00007627,A001149,2025-05-04T14:21:40+00:00,1272.16,GBP,posted,credit
L00007628,T00007628,A000779,2025-07-23T11:36:37+00:00,518.64,GBP,posted,credit
L00007629,T00007629,A000434,2025-05-15T13:48:20+00:00,895.63,GBP,posted,credit
L00007630,T00007630,A000072,2026-03-19T21:18:02+00:00,694.32,INR,posted,credit
L00007631,T00007631,A000622,2025-06-30T05:32:57+00:00,4388.56,GBP,posted,credit
L00007632,T00007632,A001124,2026-09-09T02:18:05+00:00,1183.47,EUR,posted,credit
L00007633,T00007633,A001245,2025-06-19T07:21:28+00:00,166.69,CAD,posted,credit
L00007634,T00007634,A000567,2026-08-22T12:52:41+00:00,4197.84,CAD,posted,credit
L00007635,T00007635,A000369,2025-01-13T01:10:15+00:00,1855.18,USD,posted,credit
L00007636,T00007636,A000470,2025-10-26T00:39:27+00:00,1278.85,USD,posted,credit
L00007637,T00007637,A000723,2025-11-20T13:39:33+00:00,1068.40,CAD,posted,credit
L00007638,T00007638,A000495,2026-08-07T10:18:26+00:00,1781.32,INR,posted,credit
L00007639,T00007639,A001034,2025-06-05T02:11:01+00:00,3863.63,INR,posted,credit
L00007640,T00007640,A000386,2025-12-26T03:27:47+00:00,2618.93,GBP,posted,credit
L00007641,T00007641,A000621,2026-08-22T22:55:18+00:00,4628.37,INR,posted,credit
L00007642,T00007642,A000428,2025-11-23T08:01:29+00:00,3191.27,INR,posted,credit
L00007643,T00007643,A001060,2026-01-11T22:26:21+00:00,1238.40,CAD,posted,credit
L00007644,T00007644,A000676,2025-12-26T11:21:41+00:00,1525.19,USD,posted,credit
L00007645,T00007645,A000816,2025-04-04T01:35:37+00:00,4981.12,INR,posted,credit
L00007646,T00007646,A001327,2026-05-24T00:29:35+00:00,2992.41,GBP,posted,credit
L00007647,T00007647,A001066,2026-01-09T22:32:47+00:00,2442.67,USD,posted,credit
L00007648,T00007648,A000720,2025-09-27T00:36:57+00:00,4648.24,GBP,posted,credit
L00007649,T00007649,A000586,2025-04-11T10:54:13+00:00,3985.68,CAD,posted,credit
L00007650,T00007650,A001335,2026-03-11T23:45:03+00:00,4152.79,USD,posted,credit
L00007651,T00007651,A000758,2025-11-13T00:36:52+00:00,3381.25,CAD,posted,credit
L00007652,T00007652,A000635,2026-09-06T23:19:32+00:00,2890.24,GBP,posted,credit
L00007653,T00007653,A001382,2025-05-12T11:38:46+00:00,1934.45,USD,posted,credit
L00007654,T00007654,A000751,2026-01-09T01:50:09+00:00,2077.92,CAD,posted,credit
L00007655,T00007655,A001295,2025-03-10T03:30:38+00:00,4787.39,USD,posted,credit
L00007656,T00007656,A001243,2025-05-30T03:55:10+00:00,4184.90,CAD,posted,credit
L00007657,T00007657,A000408,2026-02-14T19:20:17+00:00,2305.34,EUR,posted,credit
L00007658,T00007658,A001303,2025-06-20T14:41:54+00:00,943.93,EUR,posted,credit
L00007659,T00007659,A000813,2025-08-04T05:34:53+00:00,4576.66,INR,posted,credit
L00007660,T00007660,A000693,2025-02-27T17:35:30+00:00,1731.03,CAD,posted,credit
L00007661,T00007661,A000722,2025-12-09T14:25:10+00:00,2843.03,EUR,posted,credit
L00007662,T00007662,A001242,2026-03-09T10:07:21+00:00,3018.38,INR,posted,credit
L00007663,T00007663,A000393,2026-02-23T14:20:59+00:00,1441.44,CAD,posted,credit
L00007664,T00007664,A000218,2026-05-26T21:33:07+00:00,3257.55,EUR,posted,credit
L00007665,T00007665,A001445,2025-07-13T12:24:21+00:00,2004.71,EUR,posted,credit
L00007666,T00007666,A001393,2025-10-28T01:07:49+00:00,2301.97,INR,posted,credit
L00007667,T00007667,A000535,2025-12-25T09:24:03+00:00,3179.43,INR,posted,credit
L00007668,T00007668,A000810,2025-07-15T04:00:06+00:00,1110.10,INR,posted,credit
L00007669,T00007669,A000289,2025-02-03T07:21:41+00:00,4549.09,EUR,posted,credit
L00007670,T00007670,A000467,2025-09-05T16:33:29+00:00,4120.66,EUR,posted,credit
L00007671,T00007671,A000234,2026-01-05T06:43:11+00:00,1169.38,GBP,posted,credit
L00007672,T00007672,A001074,2025-03-02T16:48:18+00:00,166.96,USD,posted,credit
L00007673,T00007673,A000207,2025-03-04T18:20:06+00:00,4219.22,GBP,posted,credit
L00007674,T00007674,A000517,2025-03-30T05:19:25+00:00,1247.55,GBP,posted,credit
L00007675,T00007675,A001123,2025-09-01T11:09:28+00:00,4422.75,INR,posted,credit
L00007676,T00007676,A000009,2025-11-07T04:57:26+00:00,3755.06,CAD,posted,credit
L00007677,T00007677,A000407,2025-12-08T02:29:36+00:00,1639.09,CAD,posted,credit
L00007678,T00007678,A000795,2026-07-12T17:43:27+00:00,1455.42,GBP,posted,credit
L00007679,T00007679,A001358,2025-08-13T01:48:03+00:00,3133.75,USD,posted,credit
L00007680,T00007680,A001374,2025-03-18T12:38:02+00:00,2022.90,USD,posted,credit
L00007681,T00007681,A000857,2025-12-26T09:39:20+00:00,2702.74,INR,posted,credit
L00007682,T00007682,A000127,2025-11-26T12:20:52+00:00,4833.93,INR,posted,credit
L00007683,T00007683,A000014,2025-02-18T23:40:24+00:00,3861.65,USD,posted,credit
L00007684,T00007684,A001102,2025-11-01T19:25:17+00:00,1550.28,EUR,posted,credit
L00007685,T00007685,A001288,2026-01-15T03:18:56+00:00,4417.76,INR,posted,credit
L00007686,T00007686,A001365,2026-06-22T08:14:20+00:00,666.79,INR,posted,credit
L00007687,T00007687,A000014,2025-03-17T05:06:08+00:00,1102.25,USD,posted,credit
L00007688,T00007688,A000373,2026-06-02T09:28:11+00:00,918.37,INR,posted,credit
L00007689,T00007689,A000266,2025-05-18T12:52:36+00:00,644.53,USD,posted,credit
L00007690,T00007690,A000179,2025-07-17T01:56:25+00:00,4045.93,EUR,posted,credit
L00007691,T00007691,A001007,2025-01-06T18:53:09+00:00,4229.12,EUR,posted,credit
L00007692,T00007692,A000517,2026-08-15T17:57:07+00:00,4480.89,GBP,posted,credit
L00007693,T00007693,A001398,2026-07-10T09:19:28+00:00,539.90,INR,posted,credit
L00007694,T00007694,A000032,2025-06-14T22:30:55+00:00,3118.84,GBP,posted,credit
L00007695,T00007695,A001254,2025-04-27T19:23:15+00:00,3710.03,USD,posted,credit
L00007696,T00007696,A000718,2026-04-21T09:13:06+00:00,3999.62,INR,posted,credit
L00007697,T00007697,A000598,2026-02-01T21:52:43+00:00,1364.39,EUR,posted,credit
L00007698,T00007698,A001294,2025-07-22T14:54:15+00:00,3310.21,USD,posted,credit
L00007699,T00007699,A000685,2026-04-26T18:47:52+00:00,113.91,EUR,posted,credit
L00007700,T00007700,A000015,2025-11-29T05:51:25+00:00,1552.12,GBP,posted,credit
L00007701,T00007701,A000564,2026-04-16T19:46:20+00:00,1263.09,EUR,posted,credit
L00007702,T00007702,A000679,2025-05-08T23:32:02+00:00,2968.22,INR,posted,credit
L00007703,T00007703,A000664,2025-07-09T10:44:16+00:00,1741.98,GBP,posted,credit
L00007704,T00007704,A000191,2025-03-06T20:26:57+00:00,1964.25,INR,posted,credit
L00007705,T00007705,A000154,2025-12-14T22:01:30+00:00,1113.30,USD,posted,credit
L00007706,T00007706,A000028,2025-05-16T18:48:37+00:00,3515.52,GBP,posted,credit
L00007707,T00007707,A001046,2025-05-31T03:26:45+00:00,313.89,INR,posted,credit
L00007708,T00007708,A001488,2025-02-13T09:45:45+00:00,3373.23,INR,posted,credit
L00007709,T00007709,A000014,2026-03-13T13:45:03+00:00,2877.92,USD,posted,credit
L00007710,T00007710,A000744,2025-10-17T15:16:06+00:00,4420.00,EUR,posted,credit
L00007711,T00007711,A000082,2025-12-17T01:06:47+00:00,1064.11,INR,posted,credit
L00007712,T00007712,A000207,2025-08-20T10:18:25+00:00,2342.36,GBP,posted,credit
L00007713,T00007713,A001233,2026-05-27T00:24:52+00:00,742.02,GBP,posted,credit
L00007714,T00007714,A001299,2026-08-01T21:19:14+00:00,2326.28,EUR,posted,credit
L00007715,T00007715,A001319,2025-11-08T19:20:46+00:00,3257.71,EUR,posted,credit
L00007716,T00007716,A000714,2026-08-30T17:50:21+00:00,3710.30,USD,posted,credit
L00007717,T00007717,A000941,2025-07-21T02:26:19+00:00,2627.62,EUR,posted,credit
L00007718,T00007718,A001151,2025-12-17T08:21:24+00:00,336.37,EUR,posted,credit
L00007719,T00007719,A000562,2025-07-11T05:16:31+00:00,2701.30,CAD,posted,credit
L00007720,T00007720,A001338,2025-05-10T21:43:56+00:00,3237.30,EUR,posted,credit
L00007721,T00007721,A000616,2025-08-01T16:52:04+00:00,4102.94,INR,posted,credit
L00007722,T00007722,A000107,2025-02-03T11:56:19+00:00,4358.80,USD,posted,credit
L00007723,T00007723,A000211,2026-06-17T19:39:32+00:00,3139.65,USD,posted,credit
L00007724,T00007724,A001170,2025-07-15T22:11:12+00:00,4305.52,USD,posted,credit
L00007725,T00007725,A000261,2025-10-27T08:34:24+00:00,3649.24,USD,posted,credit
L00007726,T00007726,A000460,2026-05-15T01:02:49+00:00,299.53,CAD,posted,credit
L00007727,T00007727,A000704,2026-01-03T06:07:57+00:00,2437.20,GBP,posted,credit
L00007728,T00007728,A000176,2025-12-07T04:36:57+00:00,4279.90,EUR,posted,credit
L00007729,T00007729,A000299,2025-01-25T18:23:46+00:00,2038.89,EUR,posted,credit
L00007730,T00007730,A000742,2026-03-17T03:39:28+00:00,1681.27,CAD,posted,credit
L00007731,T00007731,A000839,2025-08-19T01:44:13+00:00,4046.18,GBP,posted,credit
L00007732,T00007732,A000049,2025-02-21T01:59:34+00:00,3974.20,INR,posted,credit
L00007733,T00007733,A000658,2025-06-18T06:49:23+00:00,3051.30,USD,posted,credit
L00007734,T00007734,A000943,2025-10-16T06:06:31+00:00,1151.30,USD,posted,credit
L00007735,T00007735,A001356,2026-02-26T02:59:19+00:00,1072.49,INR,posted,credit
L00007736,T00007736,A000474,2025-06-15T03:15:13+00:00,3822.91,INR,posted,credit
L00007737,T00007737,A000194,2025-05-31T00:14:38+00:00,8.61,USD,posted,credit
L00007738,T00007738,A000540,2025-10-08T03:23:04+00:00,967.93,EUR,posted,credit
L00007739,T00007739,A000435,2026-08-15T17:53:43+00:00,1765.76,EUR,posted,credit
L00007740,T00007740,A000548,2026-07-17T03:02:30+00:00,3198.51,CAD,posted,credit
L00007741,T00007741,A000460,2025-07-29T05:50:30+00:00,941.68,CAD,posted,credit
L00007742,T00007742,A001429,2026-07-23T21:31:11+00:00,794.09,GBP,posted,credit
L00007743,T00007743,A001049,2025-03-30T06:50:07+00:00,4265.14,USD,posted,credit
L00007744,T00007744,A000602,2025-05-08T04:52:12+00:00,1192.11,INR,posted,credit
L00007745,T00007745,A001294,2025-10-11T22:58:11+00:00,484.89,USD,posted,credit
L00007746,T00007746,A001272,2026-02-13T07:10:49+00:00,2428.68,GBP,posted,credit
L00007747,T00007747,A001476,2025-12-18T16:31:18+00:00,1368.81,INR,posted,credit
L00007748,T00007748,A000338,2025-12-07T06:12:25+00:00,1385.39,GBP,posted,credit
L00007749,T00007749,A001124,2026-04-30T16:19:33+00:00,4748.32,EUR,posted,credit
L00007750,T00007750,A000897,2025-04-01T17:16:01+00:00,1676.93,GBP,posted,credit
L00007751,T00007751,A001427,2026-06-05T04:15:27+00:00,1246.07,USD,posted,credit
L00007752,T00007752,A000941,2026-08-17T02:42:37+00:00,2366.23,EUR,posted,credit
L00007753,T00007753,A001035,2026-04-17T10:48:32+00:00,2256.06,INR,posted,credit
L00007754,T00007754,A000085,2025-05-05T03:33:23+00:00,825.60,GBP,posted,credit
L00007755,T00007755,A000080,2026-06-14T08:27:10+00:00,3653.66,USD,posted,credit
L00007756,T00007756,A001372,2025-11-04T05:11:59+00:00,160.33,EUR,posted,credit
L00007757,T00007757,A001311,2026-07-29T05:07:24+00:00,4658.02,USD,posted,credit
L00007758,T00007758,A000295,2025-10-26T12:47:19+00:00,2715.51,GBP,posted,credit
L00007759,T00007759,A000917,2025-05-09T02:01:50+00:00,2608.96,EUR,posted,credit
L00007760,T00007760,A001106,2025-10-16T06:27:47+00:00,258.97,GBP,posted,credit
L00007761,T00007761,A000057,2025-03-28T11:49:08+00:00,4194.96,INR,posted,credit
L00007762,T00007762,A000962,2025-01-20T02:47:49+00:00,1560.31,USD,posted,credit
L00007763,T00007763,A001274,2025-07-23T05:46:50+00:00,1425.01,USD,posted,credit
L00007764,T00007764,A000049,2025-09-05T00:06:34+00:00,2106.79,INR,posted,credit
L00007765,T00007765,A000519,2025-08-24T00:09:27+00:00,81.98,USD,posted,credit
L00007766,T00007766,A000242,2025-02-08T17:41:55+00:00,219.25,GBP,posted,credit
L00007767,T00007767,A000147,2025-07-21T07:53:53+00:00,1293.49,CAD,posted,credit
L00007768,T00007768,A001077,2025-05-21T19:31:08+00:00,4593.23,INR,posted,credit
L00007769,T00007769,A001168,2025-06-27T15:17:14+00:00,2811.53,EUR,posted,credit
L00007770,T00007770,A000562,2025-10-31T05:05:32+00:00,1919.05,CAD,posted,credit
L00007771,T00007771,A001230,2025-09-24T23:07:51+00:00,1776.07,EUR,posted,credit
L00007772,T00007772,A000540,2026-08-22T16:06:08+00:00,3315.15,EUR,posted,credit
L00007773,T00007773,A001160,2025-03-31T00:03:28+00:00,2269.63,EUR,posted,credit
L00007774,T00007774,A000728,2025-06-11T01:19:28+00:00,2674.97,GBP,posted,credit
L00007775,T00007775,A001485,2025-01-30T07:36:11+00:00,4929.83,INR,posted,credit
L00007776,T00007776,A001358,2026-07-17T20:59:58+00:00,3702.76,USD,posted,credit
L00007777,T00007777,A001168,2026-08-05T20:19:23+00:00,1552.46,EUR,posted,credit
L00007778,T00007778,A000477,2026-05-20T08:12:51+00:00,3790.35,USD,posted,credit
L00007779,T00007779,A000541,2025-01-03T04:28:20+00:00,1309.98,EUR,posted,credit
L00007780,T00007780,A000483,2025-05-09T06:11:39+00:00,4008.66,USD,posted,credit
L00007781,T00007781,A001396,2026-05-21T00:55:53+00:00,2365.60,GBP,posted,credit
L00007782,T00007782,A000948,2025-11-15T08:28:37+00:00,3939.32,CAD,posted,credit
L00007783,T00007783,A000111,2025-08-03T05:16:13+00:00,3466.50,CAD,posted,credit
L00007784,T00007784,A000666,2025-04-28T20:34:17+00:00,1212.49,CAD,posted,credit
L00007785,T00007785,A000610,2026-05-26T23:15:32+00:00,301.01,GBP,posted,credit
L00007786,T00007786,A000991,2025-03-28T14:42:02+00:00,882.67,CAD,posted,credit
L00007787,T00007787,A000076,2025-10-31T20:04:47+00:00,305.74,CAD,posted,credit
L00007788,T00007788,A000927,2026-06-30T10:08:26+00:00,2679.29,EUR,posted,credit
L00007789,T00007789,A000535,2026-07-04T03:26:04+00:00,3443.32,INR,posted,credit
L00007790,T00007790,A000477,2026-05-07T23:39:22+00:00,2443.27,USD,posted,credit
L00007791,T00007791,A001332,2025-04-06T18:11:11+00:00,2000.69,GBP,posted,credit
L00007792,T00007792,A000302,2025-04-28T18:03:20+00:00,4945.48,USD,posted,credit
L00007793,T00007793,A001403,2026-03-25T14:21:37+00:00,3074.31,CAD,posted,credit
L00007794,T00007794,A000296,2025-12-19T19:49:17+00:00,2697.00,GBP,posted,credit
L00007795,T00007795,A001386,2026-07-18T15:21:26+00:00,101.33,INR,posted,credit
L00007796,T00007796,A000764,2026-08-22T16:13:35+00:00,1952.40,EUR,posted,credit
L00007797,T00007797,A000274,2026-01-11T07:28:48+00:00,4387.49,INR,posted,credit
L00007798,T00007798,A000324,2025-04-17T04:19:20+00:00,3613.86,INR,posted,credit
L00007799,T00007799,A000887,2026-06-28T11:31:48+00:00,1369.30,EUR,posted,credit
L00007800,T00007800,A000341,2025-09-08T04:23:47+00:00,657.76,USD,posted,credit
L00007801,T00007801,A000462,2025-11-07T05:04:37+00:00,312.83,GBP,posted,credit
L00007802,T00007802,A000895,2025-07-31T19:17:58+00:00,4115.55,INR,posted,credit
L00007803,T00007803,A000703,2026-08-23T03:35:36+00:00,1512.14,INR,posted,credit
L00007804,T00007804,A001111,2025-07-03T01:46:25+00:00,327.68,USD,posted,credit
L00007805,T00007805,A000871,2026-08-02T17:16:15+00:00,149.84,USD,posted,credit
L00007806,T00007806,A000728,2026-06-16T20:50:57+00:00,959.72,GBP,posted,credit
L00007807,T00007807,A000426,2025-04-19T04:41:58+00:00,359.25,CAD,posted,credit
L00007808,T00007808,A000211,2025-08-21T14:48:40+00:00,4187.48,USD,posted,credit
L00007809,T00007809,A000631,2026-04-20T19:52:07+00:00,2626.51,CAD,posted,credit
L00007810,T00007810,A001373,2026-03-06T11:13:02+00:00,1385.03,INR,posted,credit
L00007811,T00007811,A000096,2025-01-26T12:59:41+00:00,2251.69,GBP,posted,credit
L00007812,T00007812,A000137,2026-09-12T08:26:06+00:00,2371.75,USD,posted,credit
L00007813,T00007813,A000902,2025-04-09T05:53:27+00:00,2473.99,EUR,posted,credit
L00007814,T00007814,A001439,2026-06-12T18:30:21+00:00,43.67,GBP,posted,credit
L00007815,T00007815,A000129,2026-01-18T23:04:10+00:00,3228.61,USD,posted,credit
L00007816,T00007816,A000358,2026-05-26T01:15:49+00:00,1476.54,INR,posted,credit
L00007817,T00007817,A001478,2026-04-21T05:53:58+00:00,3647.80,EUR,posted,credit
L00007818,T00007818,A001354,2025-09-30T18:35:35+00:00,4278.38,CAD,posted,credit
L00007819,T00007819,A000061,2026-05-25T09:12:53+00:00,2852.23,EUR,posted,credit
L00007820,T00007820,A000464,2026-05-21T16:19:11+00:00,4498.09,CAD,posted,credit
L00007821,T00007821,A001159,2025-11-06T03:16:13+00:00,541.68,INR,posted,credit
L00007822,T00007822,A000069,2025-11-25T22:22:37+00:00,3557.03,CAD,posted,credit
L00007823,T00007823,A000482,2026-01-07T07:21:21+00:00,1355.99,GBP,posted,credit
L00007824,T00007824,A000244,2026-04-21T18:00:03+00:00,378.00,GBP,posted,credit
L00007825,T00007825,A001039,2026-03-09T02:11:35+00:00,989.32,INR,posted,credit
L00007826,T00007826,A001499,2025-06-25T17:58:34+00:00,4291.24,EUR,posted,credit
L00007827,T00007827,A000481,2026-08-03T09:42:48+00:00,1759.99,EUR,posted,credit
L00007828,T00007828,A001261,2026-08-26T09:58:42+00:00,2373.21,GBP,posted,credit
L00007829,T00007829,A000429,2025-05-17T11:37:32+00:00,3107.87,INR,posted,credit
L00007830,T00007830,A001245,2025-12-30T13:55:20+00:00,3857.81,CAD,posted,credit
L00007831,T00007831,A000081,2025-12-11T20:26:30+00:00,3676.18,GBP,posted,credit
L00007832,T00007832,A000158,2026-08-07T00:02:53+00:00,89.32,EUR,posted,credit
L00007833,T00007833,A000638,2026-06-30T11:47:29+00:00,1888.44,EUR,posted,credit
L00007834,T00007834,A000438,2025-01-21T05:32:43+00:00,992.95,USD,posted,credit
L00007835,T00007835,A000769,2025-04-05T15:30:57+00:00,590.47,CAD,posted,credit
L00007836,T00007836,A001390,2025-10-07T12:59:58+00:00,598.28,INR,posted,credit
L00007837,T00007837,A000914,2025-05-16T03:57:40+00:00,1322.11,INR,posted,credit
L00007838,T00007838,A000312,2025-11-16T03:57:16+00:00,2101.84,EUR,posted,credit
L00007839,T00007839,A000329,2025-10-27T21:45:01+00:00,4944.69,INR,posted,credit
L00007840,T00007840,A001216,2026-04-30T15:22:31+00:00,2346.04,INR,posted,credit
L00007841,T00007841,A001139,2026-02-14T09:07:01+00:00,2357.95,CAD,posted,credit
L00007842,T00007842,A000200,2026-07-27T00:37:26+00:00,534.72,EUR,posted,credit
L00007843,T00007843,A000072,2026-02-22T11:14:42+00:00,1997.06,INR,posted,credit
L00007844,T00007844,A001067,2025-11-08T08:47:05+00:00,2978.39,CAD,posted,credit
L00007845,T00007845,A000022,2025-02-03T19:04:09+00:00,800.40,CAD,posted,credit
L00007846,T00007846,A000349,2026-02-09T02:27:59+00:00,4307.18,USD,posted,credit
L00007847,T00007847,A001168,2025-12-10T06:49:15+00:00,1542.54,EUR,posted,credit
L00007848,T00007848,A000213,2025-10-14T11:19:57+00:00,3241.20,INR,posted,credit
L00007849,T00007849,A000557,2025-01-10T13:26:42+00:00,1067.86,GBP,posted,credit
L00007850,T00007850,A001439,2025-10-25T22:40:15+00:00,1608.43,GBP,posted,credit
L00007851,T00007851,A001276,2025-05-31T12:08:23+00:00,2248.91,CAD,posted,credit
L00007852,T00007852,A000624,2026-06-19T10:07:55+00:00,3620.46,GBP,posted,credit
L00007853,T00007853,A000820,2026-09-02T22:36:07+00:00,858.37,USD,posted,credit
L00007854,T00007854,A000648,2026-03-13T09:29:12+00:00,535.72,USD,posted,credit
L00007855,T00007855,A000461,2025-12-31T04:03:27+00:00,1369.27,INR,posted,credit
L00007856,T00007856,A001308,2025-01-03T13:25:41+00:00,4165.84,EUR,posted,credit
L00007857,T00007857,A000383,2025-07-13T22:13:20+00:00,4167.28,CAD,posted,credit
L00007858,T00007858,A001071,2026-06-21T17:59:36+00:00,3376.89,EUR,posted,credit
L00007859,T00007859,A001449,2025-07-03T22:42:48+00:00,2132.88,EUR,posted,credit
L00007860,T00007860,A001319,2025-03-20T02:51:43+00:00,2040.15,EUR,posted,credit
L00007861,T00007861,A001413,2026-05-11T08:34:36+00:00,1934.45,INR,posted,credit
L00007862,T00007862,A001402,2025-08-14T20:06:42+00:00,4185.08,INR,posted,credit
L00007863,T00007863,A000055,2025-06-23T09:38:49+00:00,1386.79,GBP,posted,credit
L00007864,T00007864,A000134,2026-06-04T12:40:25+00:00,3174.61,GBP,posted,credit
L00007865,T00007865,A001010,2025-03-29T12:50:34+00:00,4207.30,INR,posted,credit
L00007866,T00007866,A001257,2026-04-23T21:09:54+00:00,1382.84,CAD,posted,credit
L00007867,T00007867,A000545,2025-03-14T20:54:26+00:00,642.20,USD,posted,credit
L00007868,T00007868,A001039,2026-06-23T11:59:10+00:00,2602.22,INR,posted,credit
L00007869,T00007869,A001312,2025-04-30T12:11:47+00:00,213.43,CAD,posted,credit
L00007870,T00007870,A000795,2026-07-22T20:37:40+00:00,1915.65,GBP,posted,credit
L00007871,T00007871,A000724,2026-04-17T19:42:54+00:00,487.89,EUR,posted,credit
L00007872,T00007872,A001438,2025-03-08T08:23:53+00:00,3038.98,GBP,posted,credit
L00007873,T00007873,A000756,2026-07-24T23:23:09+00:00,2159.74,USD,posted,credit
L00007874,T00007874,A000139,2025-12-06T16:35:45+00:00,2579.12,CAD,posted,credit
L00007875,T00007875,A001015,2025-02-22T04:26:53+00:00,2235.92,EUR,posted,credit
L00007876,T00007876,A000041,2026-05-08T06:23:51+00:00,2942.20,CAD,posted,credit
L00007877,T00007877,A000816,2025-10-19T22:15:42+00:00,3120.59,INR,posted,credit
L00007878,T00007878,A000981,2026-05-12T12:31:00+00:00,3096.89,EUR,posted,credit
L00007879,T00007879,A000904,2026-01-13T07:39:15+00:00,172.16,USD,posted,credit
L00007880,T00007880,A001036,2026-03-14T16:13:36+00:00,4635.89,INR,posted,credit
L00007881,T00007881,A000705,2025-10-20T23:56:30+00:00,3311.67,GBP,posted,credit
L00007882,T00007882,A000595,2026-06-14T19:17:34+00:00,4796.06,EUR,posted,credit
L00007883,T00007883,A000180,2026-02-26T14:15:34+00:00,1326.62,CAD,posted,credit
L00007884,T00007884,A000413,2025-10-29T16:20:42+00:00,357.66,USD,posted,credit
L00007885,T00007885,A000716,2025-12-18T21:47:54+00:00,3178.64,INR,posted,credit
L00007886,T00007886,A000336,2025-11-14T01:44:37+00:00,3138.79,EUR,posted,credit
L00007887,T00007887,A000515,2026-01-11T20:32:28+00:00,4610.51,GBP,posted,credit
L00007888,T00007888,A000438,2025-01-23T06:08:05+00:00,2923.42,USD,posted,credit
L00007889,T00007889,A001091,2025-07-13T04:47:52+00:00,4192.95,INR,posted,credit
L00007890,T00007890,A000154,2026-08-29T23:10:27+00:00,2151.45,USD,posted,credit
L00007891,T00007891,A001256,2026-01-07T19:14:22+00:00,1075.06,INR,posted,credit
L00007892,T00007892,A000016,2026-01-01T00:06:17+00:00,30.05,USD,posted,credit
L00007893,T00007893,A000347,2025-06-13T12:47:54+00:00,2209.63,CAD,posted,credit
L00007894,T00007894,A000907,2025-05-05T00:22:11+00:00,1594.73,USD,posted,credit
L00007895,T00007895,A001153,2025-11-05T06:08:54+00:00,1029.61,GBP,posted,credit
L00007896,T00007896,A000180,2026-01-17T09:58:36+00:00,793.44,CAD,posted,credit
L00007897,T00007897,A000316,2025-12-31T15:34:49+00:00,3531.52,INR,posted,credit
L00007898,T00007898,A001089,2025-11-11T18:34:43+00:00,2340.04,INR,posted,credit
L00007899,T00007899,A000011,2026-05-16T06:32:15+00:00,132.32,CAD,posted,credit
L00007900,T00007900,A001214,2025-07-29T22:25:13+00:00,1164.95,EUR,posted,credit
L00007901,T00007901,A000610,2026-07-29T13:30:45+00:00,3614.89,GBP,posted,credit
L00007902,T00007902,A000056,2026-05-11T23:16:29+00:00,699.07,EUR,posted,credit
L00007903,T00007903,A001421,2026-03-30T03:44:10+00:00,1823.89,CAD,posted,credit
L00007904,T00007904,A001014,2026-05-06T16:34:40+00:00,3058.06,INR,posted,credit
L00007905,T00007905,A000784,2026-03-18T10:47:41+00:00,3941.30,GBP,posted,credit
L00007906,T00007906,A000435,2026-09-05T07:10:17+00:00,3166.69,EUR,posted,credit
L00007907,T00007907,A000132,2026-06-08T04:25:42+00:00,119.44,CAD,posted,credit
L00007908,T00007908,A000847,2025-09-05T08:47:25+00:00,4271.40,CAD,posted,credit
L00007909,T00007909,A001369,2025-03-06T13:19:44+00:00,163.12,USD,posted,credit
L00007910,T00007910,A000507,2026-07-29T04:21:48+00:00,4052.33,EUR,posted,credit
L00007911,T00007911,A000647,2025-01-13T18:15:29+00:00,3884.60,USD,posted,credit
L00007912,T00007912,A001084,2025-11-10T23:16:05+00:00,808.84,INR,posted,credit
L00007913,T00007913,A000540,2026-03-11T07:10:39+00:00,4219.14,EUR,posted,credit
L00007914,T00007914,A001365,2026-01-08T05:01:28+00:00,1620.12,INR,posted,credit
L00007915,T00007915,A000585,2025-05-13T11:21:37+00:00,3616.10,EUR,posted,credit
L00007916,T00007916,A001069,2026-04-26T03:00:50+00:00,2462.24,EUR,posted,credit
L00007917,T00007917,A001241,2026-07-29T07:13:16+00:00,401.66,GBP,posted,credit
L00007918,T00007918,A000164,2025-01-05T15:47:08+00:00,3626.63,USD,posted,credit
L00007919,T00007919,A001301,2026-07-12T03:13:54+00:00,54.48,GBP,posted,credit
L00007920,T00007920,A000769,2026-02-18T09:22:58+00:00,552.13,CAD,posted,credit
L00007921,T00007921,A000388,2025-02-28T02:01:54+00:00,1735.32,INR,posted,credit
L00007922,T00007922,A000251,2026-06-24T11:20:46+00:00,2955.05,EUR,posted,credit
L00007923,T00007923,A000874,2026-07-21T09:52:12+00:00,1969.43,USD,posted,credit
L00007924,T00007924,A000649,2026-03-20T01:05:33+00:00,2084.21,INR,posted,credit
L00007925,T00007925,A000157,2026-02-28T17:02:39+00:00,1666.79,USD,posted,credit
L00007926,T00007926,A001139,2026-06-11T18:43:15+00:00,4632.79,CAD,posted,credit
L00007927,T00007927,A000712,2026-06-09T11:45:39+00:00,329.63,INR,posted,credit
L00007928,T00007928,A001459,2025-06-10T14:19:22+00:00,1688.24,CAD,posted,credit
L00007929,T00007929,A001278,2025-01-25T00:31:55+00:00,3270.87,EUR,posted,credit
L00007930,T00007930,A000384,2025-02-28T09:40:05+00:00,3209.08,CAD,posted,credit
L00007931,T00007931,A000908,2025-03-25T09:09:55+00:00,1762.24,USD,posted,credit
L00007932,T00007932,A000989,2025-04-17T17:46:32+00:00,1374.86,INR,posted,credit
L00007933,T00007933,A001027,2026-05-12T20:54:14+00:00,4398.90,GBP,posted,credit
L00007934,T00007934,A001443,2026-07-02T04:47:19+00:00,2404.12,USD,posted,credit
L00007935,T00007935,A000750,2025-03-23T21:21:36+00:00,3784.10,CAD,posted,credit
L00007936,T00007936,A000297,2026-08-08T11:54:08+00:00,727.82,EUR,posted,credit
L00007937,T00007937,A000453,2025-12-23T23:36:52+00:00,387.03,CAD,posted,credit
L00007938,T00007938,A000054,2025-01-08T10:25:58+00:00,4223.60,EUR,posted,credit
L00007939,T00007939,A001317,2025-01-23T23:05:43+00:00,2881.67,CAD,posted,credit
L00007940,T00007940,A000198,2026-06-25T01:30:21+00:00,551.06,EUR,posted,credit
L00007941,T00007941,A001462,2025-10-06T06:40:19+00:00,1237.94,EUR,posted,credit
L00007942,T00007942,A001394,2025-05-03T00:57:08+00:00,4200.78,INR,posted,credit
L00007943,T00007943,A000160,2026-02-25T13:13:14+00:00,872.24,CAD,posted,credit
L00007944,T00007944,A000695,2026-08-29T03:53:29+00:00,2559.46,CAD,posted,credit
L00007945,T00007945,A001253,2025-07-02T02:45:50+00:00,1048.18,GBP,posted,credit
L00007946,T00007946,A001051,2025-03-15T08:06:56+00:00,3144.46,EUR,posted,credit
L00007947,T00007947,A001498,2026-08-13T05:33:15+00:00,572.99,CAD,posted,credit
L00007948,T00007948,A000920,2025-02-09T08:31:31+00:00,3095.41,GBP,posted,credit
L00007949,T00007949,A001016,2025-04-07T05:08:21+00:00,4467.02,INR,posted,credit
L00007950,T00007950,A000380,2025-09-14T12:43:42+00:00,3159.93,EUR,posted,credit
L00007951,T00007951,A000505,2026-08-25T08:25:51+00:00,4925.53,INR,posted,credit
L00007952,T00007952,A001099,2025-07-05T15:37:30+00:00,547.73,GBP,posted,credit
L00007953,T00007953,A000072,2025-03-23T07:00:07+00:00,2793.14,INR,posted,credit
L00007954,T00007954,A001296,2026-02-10T15:22:31+00:00,2530.55,USD,posted,credit
L00007955,T00007955,A000579,2026-01-01T15:18:07+00:00,2417.55,USD,posted,credit
L00007956,T00007956,A001316,2026-01-22T03:44:51+00:00,3530.25,EUR,posted,credit
L00007957,T00007957,A000106,2025-08-20T09:09:47+00:00,2698.55,INR,posted,credit
L00007958,T00007958,A001027,2026-06-10T04:05:48+00:00,490.60,GBP,posted,credit
L00007959,T00007959,A001022,2025-04-20T12:49:12+00:00,2556.35,EUR,posted,credit
L00007960,T00007960,A000891,2026-07-16T06:33:48+00:00,4938.39,CAD,posted,credit
L00007961,T00007961,A001430,2026-04-18T20:35:38+00:00,2179.13,CAD,posted,credit
L00007962,T00007962,A000154,2025-03-11T05:31:40+00:00,1683.38,USD,posted,credit
L00007963,T00007963,A001441,2026-05-19T00:58:49+00:00,2878.12,EUR,posted,credit
L00007964,T00007964,A000460,2025-07-10T06:50:49+00:00,2038.67,CAD,posted,credit
L00007965,T00007965,A001139,2026-02-16T23:14:52+00:00,4805.10,CAD,posted,credit
L00007966,T00007966,A000356,2026-05-14T12:39:14+00:00,4358.39,EUR,posted,credit
L00007967,T00007967,A000694,2026-01-14T11:39:30+00:00,2010.62,GBP,posted,credit
L00007968,T00007968,A000466,2025-09-14T15:08:24+00:00,3891.76,CAD,posted,credit
L00007969,T00007969,A001165,2026-06-03T07:45:28+00:00,962.20,INR,posted,credit
L00007970,T00007970,A000461,2025-01-17T22:42:04+00:00,4892.33,INR,posted,credit
L00007971,T00007971,A001449,2026-07-31T05:47:13+00:00,461.45,EUR,posted,credit
L00007972,T00007972,A000736,2026-02-09T05:25:36+00:00,3538.95,INR,posted,credit
L00007973,T00007973,A000912,2026-03-01T17:36:17+00:00,2141.52,EUR,posted,credit
L00007974,T00007974,A001006,2025-09-22T16:31:02+00:00,4713.96,USD,posted,credit
L00007975,T00007975,A000990,2026-07-08T20:08:11+00:00,1495.76,USD,posted,credit
L00007976,T00007976,A000122,2026-05-10T16:32:46+00:00,2726.15,INR,posted,credit
L00007977,T00007977,A000491,2026-02-16T17:43:40+00:00,3401.84,INR,posted,credit
L00007978,T00007978,A000854,2026-02-25T18:46:37+00:00,585.80,USD,posted,credit
L00007979,T00007979,A000358,2025-01-21T18:35:20+00:00,3431.53,INR,posted,credit
L00007980,T00007980,A000240,2025-12-31T10:49:09+00:00,4990.50,GBP,posted,credit
L00007981,T00007981,A001432,2025-04-02T11:48:00+00:00,2115.34,USD,posted,credit
L00007982,T00007982,A000900,2026-08-14T18:09:19+00:00,3684.84,USD,posted,credit
L00007983,T00007983,A000685,2025-06-25T06:13:03+00:00,4821.79,EUR,posted,credit
L00007984,T00007984,A000668,2026-03-25T13:34:16+00:00,1937.03,GBP,posted,credit
L00007985,T00007985,A000804,2025-09-25T18:23:10+00:00,2698.71,CAD,posted,credit
L00007986,T00007986,A000818,2026-05-26T04:31:14+00:00,869.72,USD,posted,credit
L00007987,T00007987,A000278,2025-08-04T06:18:43+00:00,4176.88,INR,posted,credit
L00007988,T00007988,A000223,2025-08-16T03:28:55+00:00,4482.07,INR,posted,credit
L00007989,T00007989,A000268,2026-07-13T23:35:48+00:00,1705.11,INR,posted,credit
L00007990,T00007990,A000398,2025-11-18T12:04:55+00:00,4422.59,INR,posted,credit
L00007991,T00007991,A000589,2025-03-01T08:21:52+00:00,4253.43,INR,posted,credit
L00007992,T00007992,A001361,2026-01-22T12:49:02+00:00,4778.06,EUR,posted,credit
L00007993,T00007993,A001142,2026-04-11T20:46:07+00:00,2595.44,CAD,posted,credit
L00007994,T00007994,A001150,2025-04-18T09:12:49+00:00,71.44,USD,posted,credit
L00007995,T00007995,A000882,2025-08-20T00:02:41+00:00,526.89,USD,posted,credit
L00007996,T00007996,A001388,2025-07-28T15:48:24+00:00,689.15,GBP,posted,credit
L00007997,T00007997,A000312,2026-03-30T07:28:36+00:00,2158.35,EUR,posted,credit
L00007998,T00007998,A001371,2025-07-17T18:03:13+00:00,3245.44,CAD,posted,credit
L00007999,T00007999,A000850,2025-07-09T14:59:46+00:00,3320.09,GBP,posted,credit
L00008000,T00008000,A001238,2026-07-21T21:50:49+00:00,3165.77,USD,posted,credit
L00008001,T00008001,A000186,2025-03-07T06:20:18+00:00,2581.03,EUR,posted,credit
L00008002,T00008002,A000799,2025-02-07T03:13:52+00:00,4560.31,INR,posted,credit
L00008003,T00008003,A000483,2026-06-28T02:23:09+00:00,3539.24,USD,posted,credit
L00008004,T00008004,A000294,2026-02-05T17:43:08+00:00,1641.94,USD,posted,credit
L00008005,T00008005,A001026,2026-06-20T15:39:42+00:00,2987.61,EUR,posted,credit
L00008006,T00008006,A001164,2026-09-12T04:46:00+00:00,426.53,USD,posted,credit
L00008007,T00008007,A001015,2025-09-26T20:37:39+00:00,3610.14,EUR,posted,credit
L00008008,T00008008,A001021,2025-12-13T12:16:57+00:00,707.04,EUR,posted,credit
L00008009,T00008009,A000641,2025-09-23T10:45:13+00:00,1101.48,EUR,posted,credit
L00008010,T00008010,A000419,2026-02-04T19:47:05+00:00,3219.57,USD,posted,credit
L00008011,T00008011,A000240,2025-04-13T08:09:30+00:00,1430.86,GBP,posted,credit
L00008012,T00008012,A001037,2025-10-23T04:11:01+00:00,1266.21,EUR,posted,credit
L00008013,T00008013,A000416,2025-12-06T00:08:36+00:00,3892.75,EUR,posted,credit
L00008014,T00008014,A000143,2025-08-05T19:26:15+00:00,1096.40,CAD,posted,credit
L00008015,T00008015,A001252,2025-06-12T10:25:26+00:00,2302.03,CAD,posted,credit
L00008016,T00008016,A000672,2026-01-18T22:11:39+00:00,1121.60,EUR,posted,credit
L00008017,T00008017,A000245,2026-04-15T19:00:00+00:00,1339.95,INR,posted,credit
L00008018,T00008018,A000766,2025-01-20T11:27:44+00:00,2036.43,GBP,posted,credit
L00008019,T00008019,A001037,2026-01-10T00:09:03+00:00,1739.41,EUR,posted,credit
L00008020,T00008020,A000841,2026-07-29T20:36:22+00:00,2976.93,GBP,posted,credit
L00008021,T00008021,A000155,2025-05-06T05:45:47+00:00,1016.53,GBP,posted,credit
L00008022,T00008022,A001299,2026-01-16T16:58:46+00:00,578.92,EUR,posted,credit
L00008023,T00008023,A000742,2025-06-26T21:00:11+00:00,836.71,CAD,posted,credit
L00008024,T00008024,A001224,2026-01-24T19:48:56+00:00,3384.72,INR,posted,credit
L00008025,T00008025,A000657,2025-02-10T03:38:01+00:00,44.55,INR,posted,credit
L00008026,T00008026,A000546,2026-04-03T15:50:30+00:00,3884.93,INR,posted,credit
L00008027,T00008027,A000926,2026-07-15T07:24:12+00:00,2554.54,USD,posted,credit
L00008028,T00008028,A001176,2025-06-13T00:21:05+00:00,504.22,CAD,posted,credit
L00008029,T00008029,A001238,2025-08-23T19:48:44+00:00,4884.60,USD,posted,credit
L00008030,T00008030,A000520,2025-08-04T02:07:10+00:00,2043.73,USD,posted,credit
L00008031,T00008031,A000433,2025-09-25T14:27:02+00:00,4517.61,INR,posted,credit
L00008032,T00008032,A000541,2025-01-17T09:34:17+00:00,3845.76,EUR,posted,credit
L00008033,T00008033,A000804,2026-01-07T01:49:41+00:00,1913.62,CAD,posted,credit
L00008034,T00008034,A000100,2025-08-10T07:12:06+00:00,496.08,USD,posted,credit
L00008035,T00008035,A001041,2026-06-03T20:45:27+00:00,3785.42,EUR,posted,credit
L00008036,T00008036,A000976,2026-07-29T16:38:52+00:00,4279.23,EUR,posted,credit
L00008037,T00008037,A000507,2026-03-23T01:53:10+00:00,1945.29,EUR,posted,credit
L00008038,T00008038,A000739,2026-04-06T15:56:36+00:00,1715.36,GBP,posted,credit
L00008039,T00008039,A001174,2026-01-25T15:31:04+00:00,2526.93,CAD,posted,credit
L00008040,T00008040,A001150,2026-07-25T03:52:14+00:00,1870.66,USD,posted,credit
L00008041,T00008041,A000393,2026-09-03T17:32:31+00:00,1880.44,CAD,posted,credit
L00008042,T00008042,A000475,2026-03-27T05:46:43+00:00,1578.66,CAD,posted,credit
L00008043,T00008043,A000134,2026-04-18T17:14:59+00:00,236.29,GBP,posted,credit
L00008044,T00008044,A000738,2026-01-27T15:00:49+00:00,831.40,USD,posted,credit
L00008045,T00008045,A001492,2025-03-29T20:42:23+00:00,3870.39,GBP,posted,credit
L00008046,T00008046,A000468,2025-06-13T02:14:27+00:00,3876.76,EUR,posted,credit
L00008047,T00008047,A001184,2025-04-24T12:15:56+00:00,3690.81,EUR,posted,credit
L00008048,T00008048,A000468,2025-04-08T17:42:43+00:00,2370.94,EUR,posted,credit
L00008049,T00008049,A001005,2026-05-13T11:35:46+00:00,4259.22,GBP,posted,credit
L00008050,T00008050,A000026,2025-05-03T16:34:40+00:00,573.92,CAD,posted,credit
L00008051,T00008051,A000693,2025-06-05T21:13:13+00:00,1929.82,CAD,posted,credit
L00008052,T00008052,A000820,2026-08-07T14:16:17+00:00,161.80,USD,posted,credit
L00008053,T00008053,A000676,2026-04-25T20:37:27+00:00,2405.29,USD,posted,credit
L00008054,T00008054,A000906,2026-03-21T10:50:00+00:00,1268.17,GBP,posted,credit
L00008055,T00008055,A000733,2025-07-21T14:51:16+00:00,89.58,INR,posted,credit
L00008056,T00008056,A000929,2025-04-06T07:17:45+00:00,4580.15,INR,posted,credit
L00008057,T00008057,A001143,2026-08-02T06:31:04+00:00,1799.59,GBP,posted,credit
L00008058,T00008058,A000504,2025-10-15T23:21:12+00:00,3943.71,CAD,posted,credit
L00008059,T00008059,A001088,2026-05-21T13:52:12+00:00,3876.42,INR,posted,credit
L00008060,T00008060,A000665,2025-04-07T16:56:50+00:00,3488.70,GBP,posted,credit
L00008061,T00008061,A000095,2026-09-09T20:28:31+00:00,2251.79,USD,posted,credit
L00008062,T00008062,A000824,2026-02-09T13:12:05+00:00,1856.18,EUR,posted,credit
L00008063,T00008063,A000005,2026-07-19T08:37:32+00:00,810.30,INR,posted,credit
L00008064,T00008064,A000942,2026-08-20T04:47:22+00:00,4398.77,CAD,posted,credit
L00008065,T00008065,A000270,2025-12-16T16:50:17+00:00,1284.35,INR,posted,credit
L00008066,T00008066,A000116,2026-06-02T00:15:12+00:00,3295.84,CAD,posted,credit
L00008067,T00008067,A001332,2026-01-31T23:41:20+00:00,1936.03,GBP,posted,credit
L00008068,T00008068,A000398,2026-08-18T09:13:57+00:00,4374.48,INR,posted,credit
L00008069,T00008069,A000367,2026-03-19T01:20:53+00:00,469.21,GBP,posted,credit
L00008070,T00008070,A000701,2025-03-16T05:45:54+00:00,2815.50,USD,posted,credit
L00008071,T00008071,A001127,2026-05-17T13:53:21+00:00,389.17,USD,posted,credit
L00008072,T00008072,A000093,2026-04-09T15:46:44+00:00,1874.26,EUR,posted,credit
L00008073,T00008073,A001362,2026-05-11T20:20:32+00:00,1408.57,USD,posted,credit
L00008074,T00008074,A000443,2025-06-14T02:23:50+00:00,2911.07,CAD,posted,credit
L00008075,T00008075,A000631,2025-10-10T16:17:46+00:00,4712.87,CAD,posted,credit
L00008076,T00008076,A000428,2025-07-30T04:26:15+00:00,3830.07,INR,posted,credit
L00008077,T00008077,A000199,2025-05-31T22:00:25+00:00,1975.13,EUR,posted,credit
L00008078,T00008078,A001157,2025-09-11T19:33:24+00:00,3124.51,EUR,posted,credit
L00008079,T00008079,A000214,2025-08-07T01:06:08+00:00,1511.96,CAD,posted,credit
L00008080,T00008080,A001258,2025-04-13T11:16:45+00:00,4401.56,CAD,posted,credit
L00008081,T00008081,A000467,2025-04-17T20:05:31+00:00,4537.09,EUR,posted,credit
L00008082,T00008082,A001490,2025-12-30T03:56:59+00:00,677.21,INR,posted,credit
L00008083,T00008083,A001448,2025-08-09T13:00:25+00:00,247.49,EUR,posted,credit
L00008084,T00008084,A001271,2026-06-15T06:40:00+00:00,797.78,CAD,posted,credit
L00008085,T00008085,A000326,2025-02-13T05:16:13+00:00,653.30,CAD,posted,credit
L00008086,T00008086,A001126,2026-06-28T22:29:44+00:00,3625.74,EUR,posted,credit
L00008087,T00008087,A000273,2025-03-10T07:55:35+00:00,1794.51,INR,posted,credit
L00008088,T00008088,A001218,2025-07-18T18:17:49+00:00,4107.32,INR,posted,credit
L00008089,T00008089,A001205,2026-05-07T00:41:49+00:00,3997.56,CAD,posted,credit
L00008090,T00008090,A000973,2025-03-05T23:02:23+00:00,746.25,CAD,posted,credit
L00008091,T00008091,A001270,2025-02-03T00:59:10+00:00,467.62,GBP,posted,credit
L00008092,T00008092,A001420,2025-01-04T06:33:45+00:00,1408.62,CAD,posted,credit
L00008093,T00008093,A001280,2025-08-29T01:52:16+00:00,2312.59,EUR,posted,credit
L00008094,T00008094,A000584,2026-06-09T18:02:48+00:00,2374.53,GBP,posted,credit
L00008095,T00008095,A001485,2025-03-26T04:12:55+00:00,1651.10,INR,posted,credit
L00008096,T00008096,A000289,2025-12-08T02:50:14+00:00,1578.89,EUR,posted,credit
L00008097,T00008097,A001104,2025-10-26T15:22:14+00:00,4518.68,USD,posted,credit
L00008098,T00008098,A001161,2026-07-27T19:30:33+00:00,1192.78,USD,posted,credit
L00008099,T00008099,A001106,2025-07-13T12:53:54+00:00,186.72,GBP,posted,credit
L00008100,T00008100,A000350,2026-06-19T06:47:43+00:00,4707.02,INR,posted,credit
L00008101,T00008101,A000370,2026-03-21T00:46:06+00:00,2216.01,GBP,posted,credit
L00008102,T00008102,A000943,2025-02-27T09:24:45+00:00,3990.73,USD,posted,credit
L00008103,T00008103,A000253,2025-07-01T01:13:30+00:00,2385.09,EUR,posted,credit
L00008104,T00008104,A001219,2025-11-23T07:31:05+00:00,2304.74,GBP,posted,credit
L00008105,T00008105,A000005,2025-05-23T00:36:17+00:00,4592.08,INR,posted,credit
L00008106,T00008106,A001019,2025-09-19T08:22:23+00:00,4443.70,USD,posted,credit
L00008107,T00008107,A000497,2025-08-04T19:24:09+00:00,2541.77,INR,posted,credit
L00008108,T00008108,A000688,2026-06-21T23:04:35+00:00,1597.23,GBP,posted,credit
L00008109,T00008109,A001394,2026-08-07T03:40:56+00:00,3785.01,INR,posted,credit
L00008110,T00008110,A000153,2025-07-21T23:20:42+00:00,1422.43,CAD,posted,credit
L00008111,T00008111,A001451,2026-01-31T11:53:39+00:00,2981.55,EUR,posted,credit
L00008112,T00008112,A000650,2026-04-20T05:16:44+00:00,494.48,CAD,posted,credit
L00008113,T00008113,A001050,2026-07-26T05:44:56+00:00,4536.76,INR,posted,credit
L00008114,T00008114,A001346,2026-07-13T23:51:12+00:00,4963.91,USD,posted,credit
L00008115,T00008115,A000069,2025-11-20T16:29:16+00:00,2427.59,CAD,posted,credit
L00008116,T00008116,A001442,2025-09-14T07:58:00+00:00,3455.11,INR,posted,credit
L00008117,T00008117,A000877,2025-03-18T09:41:45+00:00,3933.50,USD,posted,credit
L00008118,T00008118,A000793,2025-04-26T07:02:12+00:00,89.62,USD,posted,credit
L00008119,T00008119,A000440,2025-05-23T08:54:26+00:00,3463.15,CAD,posted,credit
L00008120,T00008120,A001246,2026-01-23T07:49:17+00:00,3398.94,USD,posted,credit
L00008121,T00008121,A000654,2025-08-25T22:39:38+00:00,635.18,GBP,posted,credit
L00008122,T00008122,A001491,2026-06-21T00:32:19+00:00,3230.26,INR,posted,credit
L00008123,T00008123,A000566,2025-11-24T19:28:53+00:00,1419.37,GBP,posted,credit
L00008124,T00008124,A000996,2025-12-31T07:55:38+00:00,4667.72,CAD,posted,credit
L00008125,T00008125,A000964,2026-02-24T09:10:30+00:00,35.50,EUR,posted,credit
L00008126,T00008126,A001163,2025-04-20T03:20:58+00:00,4900.54,GBP,posted,credit
L00008127,T00008127,A000631,2026-02-01T05:44:20+00:00,3704.65,CAD,posted,credit
L00008128,T00008128,A001165,2025-10-10T01:12:31+00:00,589.84,INR,posted,credit
L00008129,T00008129,A000040,2025-11-08T10:30:42+00:00,4078.09,GBP,posted,credit
L00008130,T00008130,A000214,2026-08-03T17:57:34+00:00,2843.45,CAD,posted,credit
L00008131,T00008131,A000637,2026-08-09T18:43:13+00:00,273.95,INR,posted,credit
L00008132,T00008132,A000011,2025-11-08T22:11:03+00:00,1033.63,CAD,posted,credit
L00008133,T00008133,A001323,2026-06-04T08:40:00+00:00,3761.77,EUR,posted,credit
L00008134,T00008134,A000235,2025-02-23T07:37:46+00:00,4587.21,CAD,posted,credit
L00008135,T00008135,A000248,2025-07-15T11:22:08+00:00,2044.66,GBP,posted,credit
L00008136,T00008136,A001379,2025-07-10T17:31:11+00:00,2983.53,CAD,posted,credit
L00008137,T00008137,A001051,2025-08-26T21:40:01+00:00,1091.12,EUR,posted,credit
L00008138,T00008138,A000902,2026-01-19T05:33:20+00:00,3475.12,EUR,posted,credit
L00008139,T00008139,A000111,2025-08-13T19:36:16+00:00,1160.45,CAD,posted,credit
L00008140,T00008140,A000569,2025-08-17T12:35:29+00:00,4050.88,CAD,posted,credit
L00008141,T00008141,A000482,2026-01-03T14:13:10+00:00,84.36,GBP,posted,credit
L00008142,T00008142,A000325,2025-02-07T05:17:48+00:00,4554.43,USD,posted,credit
L00008143,T00008143,A000712,2026-08-16T00:13:18+00:00,4538.78,INR,posted,credit
L00008144,T00008144,A001466,2025-12-19T23:50:56+00:00,3383.66,USD,posted,credit
L00008145,T00008145,A000183,2025-11-10T19:08:49+00:00,4093.84,INR,posted,credit
L00008146,T00008146,A000235,2025-10-30T21:26:20+00:00,1726.96,CAD,posted,credit
L00008147,T00008147,A001216,2025-01-28T15:14:37+00:00,107.98,INR,posted,credit
L00008148,T00008148,A000569,2025-07-31T11:44:09+00:00,2971.82,CAD,posted,credit
L00008149,T00008149,A000002,2026-05-01T14:35:28+00:00,647.84,USD,posted,credit
L00008150,T00008150,A001323,2025-08-06T06:35:00+00:00,1684.28,EUR,posted,credit
L00008151,T00008151,A001045,2025-12-24T00:29:32+00:00,1185.69,CAD,posted,credit
L00008152,T00008152,A000499,2025-04-15T06:43:16+00:00,4034.79,USD,posted,credit
L00008153,T00008153,A001423,2025-10-01T23:42:17+00:00,2921.83,EUR,posted,credit
L00008154,T00008154,A000989,2026-02-20T03:34:34+00:00,4792.33,INR,posted,credit
L00008155,T00008155,A000343,2026-03-07T08:25:59+00:00,3480.03,GBP,posted,credit
L00008156,T00008156,A000408,2026-07-08T21:09:22+00:00,2820.00,EUR,posted,credit
L00008157,T00008157,A001355,2026-01-10T04:40:16+00:00,4486.58,USD,posted,credit
L00008158,T00008158,A000939,2026-01-31T03:17:50+00:00,4245.39,USD,posted,credit
L00008159,T00008159,A000901,2026-07-31T00:10:54+00:00,4744.46,GBP,posted,credit
L00008160,T00008160,A000588,2025-07-02T13:59:55+00:00,544.27,EUR,posted,credit
L00008161,T00008161,A001489,2025-03-27T08:14:46+00:00,4147.14,CAD,posted,credit
L00008162,T00008162,A000838,2026-05-30T08:36:55+00:00,2858.69,CAD,posted,credit
L00008163,T00008163,A000436,2026-02-14T08:00:06+00:00,3893.25,USD,posted,credit
L00008164,T00008164,A001214,2026-01-03T19:56:19+00:00,283.26,EUR,posted,credit
L00008165,T00008165,A001115,2026-03-13T17:10:18+00:00,4066.15,GBP,posted,credit
L00008166,T00008166,A000844,2026-08-18T08:40:25+00:00,1975.80,USD,posted,credit
L00008167,T00008167,A001189,2025-12-20T03:30:01+00:00,4964.31,GBP,posted,credit
L00008168,T00008168,A001097,2026-03-18T01:45:53+00:00,1157.78,INR,posted,credit
L00008169,T00008169,A001229,2026-07-12T09:11:59+00:00,4369.28,EUR,posted,credit
L00008170,T00008170,A000142,2025-05-02T06:18:11+00:00,2164.45,USD,posted,credit
L00008171,T00008171,A001293,2025-03-11T12:45:49+00:00,4995.83,GBP,posted,credit
L00008172,T00008172,A000723,2026-04-21T20:09:38+00:00,3412.94,CAD,posted,credit
L00008173,T00008173,A001228,2025-01-08T21:02:30+00:00,2809.23,EUR,posted,credit
L00008174,T00008174,A001218,2025-03-17T02:04:30+00:00,4645.70,INR,posted,credit
L00008175,T00008175,A000367,2026-06-08T11:27:14+00:00,3259.80,GBP,posted,credit
L00008176,T00008176,A001019,2026-03-31T20:36:30+00:00,4441.58,USD,posted,credit
L00008177,T00008177,A001004,2025-02-17T12:26:07+00:00,2708.84,EUR,posted,credit
L00008178,T00008178,A000314,2026-03-13T05:25:56+00:00,1964.02,GBP,posted,credit
L00008179,T00008179,A000779,2026-02-28T02:28:05+00:00,1412.08,GBP,posted,credit
L00008180,T00008180,A000476,2025-07-02T00:08:41+00:00,991.01,CAD,posted,credit
L00008181,T00008181,A000252,2025-09-06T10:32:54+00:00,4247.66,CAD,posted,credit
L00008182,T00008182,A000108,2025-03-24T00:10:29+00:00,1640.85,USD,posted,credit
L00008183,T00008183,A000654,2025-04-18T15:20:37+00:00,1323.84,GBP,posted,credit
L00008184,T00008184,A001083,2026-06-28T00:49:05+00:00,2670.88,CAD,posted,credit
L00008185,T00008185,A001375,2025-09-28T15:42:32+00:00,4966.34,USD,posted,credit
L00008186,T00008186,A000144,2025-09-21T00:47:43+00:00,4534.73,CAD,posted,credit
L00008187,T00008187,A000039,2026-06-14T22:18:34+00:00,4208.27,USD,posted,credit
L00008188,T00008188,A001480,2025-08-22T16:48:11+00:00,852.31,EUR,posted,credit
L00008189,T00008189,A001412,2025-03-17T07:44:35+00:00,2335.87,EUR,posted,credit
L00008190,T00008190,A000401,2025-01-26T00:18:20+00:00,83.60,USD,posted,credit
L00008191,T00008191,A001495,2026-07-14T17:54:32+00:00,3763.78,INR,posted,credit
L00008192,T00008192,A001329,2026-06-14T23:23:09+00:00,268.62,USD,posted,credit
L00008193,T00008193,A000632,2026-08-17T05:56:55+00:00,810.80,GBP,posted,credit
L00008194,T00008194,A001458,2025-11-18T00:02:22+00:00,4360.10,INR,posted,credit
L00008195,T00008195,A000716,2025-05-29T22:05:56+00:00,1012.73,INR,posted,credit
L00008196,T00008196,A000098,2026-05-06T16:52:40+00:00,4235.73,CAD,posted,credit
L00008197,T00008197,A000336,2026-03-31T05:34:00+00:00,3581.73,EUR,posted,credit
L00008198,T00008198,A001140,2026-02-04T00:22:26+00:00,3866.80,USD,posted,credit
L00008199,T00008199,A001042,2026-04-16T13:20:30+00:00,4048.29,USD,posted,credit
L00008200,T00008200,A001101,2025-06-18T11:54:55+00:00,2968.61,USD,posted,credit
L00008201,T00008201,A000180,2026-05-19T03:00:04+00:00,1742.13,CAD,posted,credit
L00008202,T00008202,A000934,2025-06-19T07:03:02+00:00,3709.77,EUR,posted,credit
L00008203,T00008203,A000987,2026-06-21T21:46:56+00:00,3740.09,EUR,posted,credit
L00008204,T00008204,A000994,2025-11-30T23:30:14+00:00,2243.41,INR,posted,credit
L00008205,T00008205,A001325,2025-06-20T18:14:13+00:00,308.56,INR,posted,credit
L00008206,T00008206,A000335,2025-03-05T10:41:18+00:00,2388.34,CAD,posted,credit
L00008207,T00008207,A000916,2026-03-10T07:15:15+00:00,2034.71,USD,posted,credit
L00008208,T00008208,A001026,2025-01-14T22:50:43+00:00,4830.04,EUR,posted,credit
L00008209,T00008209,A001108,2025-08-04T04:31:03+00:00,1421.17,CAD,posted,credit
L00008210,T00008210,A000062,2025-01-07T03:02:10+00:00,3805.72,GBP,posted,credit
L00008211,T00008211,A000667,2026-07-24T23:24:05+00:00,4921.02,INR,posted,credit
L00008212,T00008212,A000637,2026-01-16T12:24:28+00:00,305.44,INR,posted,credit
L00008213,T00008213,A000442,2025-04-19T23:15:56+00:00,2649.42,CAD,posted,credit
L00008214,T00008214,A000352,2025-06-05T02:55:04+00:00,1449.61,GBP,posted,credit
L00008215,T00008215,A000798,2026-02-22T04:25:11+00:00,785.43,INR,posted,credit
L00008216,T00008216,A001432,2025-04-29T18:22:21+00:00,2292.46,USD,posted,credit
L00008217,T00008217,A000531,2026-07-19T03:47:03+00:00,4392.00,EUR,posted,credit
L00008218,T00008218,A001411,2025-02-02T09:56:00+00:00,1821.39,EUR,posted,credit
L00008219,T00008219,A000417,2025-06-13T07:03:23+00:00,4238.07,USD,posted,credit
L00008220,T00008220,A001200,2025-09-17T17:11:36+00:00,1184.76,INR,posted,credit
L00008221,T00008221,A001176,2025-11-15T14:37:22+00:00,2919.75,CAD,posted,credit
L00008222,T00008222,A000620,2025-12-05T23:08:01+00:00,2899.47,USD,posted,credit
L00008223,T00008223,A001445,2026-04-05T20:27:45+00:00,3516.01,EUR,posted,credit
L00008224,T00008224,A000077,2026-08-12T04:02:09+00:00,2123.76,CAD,posted,credit
L00008225,T00008225,A000459,2026-02-11T09:32:05+00:00,2901.51,GBP,posted,credit
L00008226,T00008226,A000451,2025-10-20T00:50:39+00:00,4981.01,USD,posted,credit
L00008227,T00008227,A000986,2026-07-24T14:45:05+00:00,1010.34,CAD,posted,credit
L00008228,T00008228,A001117,2025-10-22T05:35:22+00:00,1349.49,USD,posted,credit
L00008229,T00008229,A000673,2026-01-20T10:55:13+00:00,2056.76,GBP,posted,credit
L00008230,T00008230,A000043,2025-08-01T17:29:33+00:00,1943.65,INR,posted,credit
L00008231,T00008231,A000859,2026-04-04T21:40:18+00:00,3298.76,INR,posted,credit
L00008232,T00008232,A001087,2026-07-22T06:51:00+00:00,3349.20,USD,posted,credit
L00008233,T00008233,A000674,2025-08-31T12:33:40+00:00,318.83,USD,posted,credit
L00008234,T00008234,A001036,2025-05-07T05:18:29+00:00,881.65,INR,posted,credit
L00008235,T00008235,A001323,2025-09-12T02:39:26+00:00,2006.80,EUR,posted,credit
L00008236,T00008236,A000001,2025-10-03T17:57:31+00:00,1766.92,USD,posted,credit
L00008237,T00008237,A001142,2025-07-03T07:00:58+00:00,3589.38,CAD,posted,credit
L00008238,T00008238,A001118,2025-03-14T23:05:14+00:00,4143.38,INR,posted,credit
L00008239,T00008239,A000014,2025-01-18T05:55:00+00:00,1818.30,USD,posted,credit
L00008240,T00008240,A000624,2026-06-04T00:18:41+00:00,1699.65,GBP,posted,credit
L00008241,T00008241,A001474,2026-06-21T22:45:45+00:00,855.84,USD,posted,credit
L00008242,T00008242,A000363,2025-04-30T18:26:49+00:00,2305.55,CAD,posted,credit
L00008243,T00008243,A000986,2026-08-20T11:16:23+00:00,609.43,CAD,posted,credit
L00008244,T00008244,A000717,2026-03-22T20:43:16+00:00,2922.00,EUR,posted,credit
L00008245,T00008245,A000834,2026-09-06T13:15:59+00:00,2899.06,USD,posted,credit
L00008246,T00008246,A000093,2025-04-26T04:42:02+00:00,1076.42,EUR,posted,credit
L00008247,T00008247,A000938,2026-01-28T06:07:42+00:00,1572.14,GBP,posted,credit
L00008248,T00008248,A000685,2025-07-31T10:23:23+00:00,1927.06,EUR,posted,credit
L00008249,T00008249,A000708,2025-11-20T11:15:47+00:00,2355.95,GBP,posted,credit
L00008250,T00008250,A000962,2025-08-17T11:21:08+00:00,550.75,USD,posted,credit
L00008251,T00008251,A000953,2026-08-13T23:22:12+00:00,4366.21,USD,posted,credit
L00008252,T00008252,A000193,2026-06-16T06:04:00+00:00,4070.00,USD,posted,credit
L00008253,T00008253,A000620,2026-02-23T08:55:35+00:00,1804.47,USD,posted,credit
L00008254,T00008254,A001449,2026-02-24T11:19:23+00:00,541.65,EUR,posted,credit
L00008255,T00008255,A000476,2026-03-25T06:08:58+00:00,526.27,CAD,posted,credit
L00008256,T00008256,A000296,2025-05-25T04:35:30+00:00,4559.96,GBP,posted,credit
L00008257,T00008257,A000504,2025-05-25T07:34:59+00:00,1318.04,CAD,posted,credit
L00008258,T00008258,A001463,2025-10-18T06:52:40+00:00,2069.80,GBP,posted,credit
L00008259,T00008259,A000227,2025-09-12T02:06:17+00:00,407.67,EUR,posted,credit
L00008260,T00008260,A001467,2025-03-31T13:56:15+00:00,3665.08,EUR,posted,credit
L00008261,T00008261,A001155,2025-07-09T21:18:45+00:00,2702.84,USD,posted,credit
L00008262,T00008262,A001283,2026-02-17T02:08:38+00:00,3917.31,EUR,posted,credit
L00008263,T00008263,A000179,2025-09-25T21:34:22+00:00,3020.70,EUR,posted,credit
L00008264,T00008264,A000455,2026-04-17T22:44:45+00:00,2724.79,CAD,posted,credit
L00008265,T00008265,A000912,2025-02-23T10:20:12+00:00,4048.91,EUR,posted,credit
L00008266,T00008266,A001177,2026-08-20T23:34:25+00:00,1410.23,CAD,posted,credit
L00008267,T00008267,A001364,2025-01-07T00:01:38+00:00,2942.27,GBP,posted,credit
L00008268,T00008268,A000119,2025-09-11T14:30:14+00:00,2182.13,INR,posted,credit
L00008269,T00008269,A000020,2026-02-20T16:54:01+00:00,3806.78,CAD,posted,credit
L00008270,T00008270,A001218,2025-03-21T05:36:46+00:00,2910.77,INR,posted,credit
L00008271,T00008271,A001353,2026-08-13T00:57:14+00:00,1088.74,GBP,posted,credit
L00008272,T00008272,A000161,2025-01-29T06:19:40+00:00,2540.00,INR,posted,credit
L00008273,T00008273,A000142,2025-10-02T14:04:36+00:00,2973.16,USD,posted,credit
L00008274,T00008274,A001001,2025-03-05T00:32:44+00:00,1779.17,CAD,posted,credit
L00008275,T00008275,A000859,2025-11-11T21:00:00+00:00,4623.08,INR,posted,credit
L00008276,T00008276,A000172,2026-03-25T14:14:19+00:00,3509.79,INR,posted,credit
L00008277,T00008277,A001044,2025-01-08T13:24:50+00:00,3227.27,EUR,posted,credit
L00008278,T00008278,A000845,2025-09-08T10:37:03+00:00,3837.01,CAD,posted,credit
L00008279,T00008279,A001229,2025-10-09T18:47:10+00:00,3939.52,EUR,posted,credit
L00008280,T00008280,A001205,2025-03-30T02:22:31+00:00,2793.68,CAD,posted,credit
L00008281,T00008281,A000419,2025-11-15T15:40:49+00:00,4867.48,USD,posted,credit
L00008282,T00008282,A000495,2025-06-05T23:27:59+00:00,3309.94,INR,posted,credit
L00008283,T00008283,A000624,2026-06-06T08:28:42+00:00,2133.41,GBP,posted,credit
L00008284,T00008284,A000272,2026-02-12T17:24:48+00:00,4637.62,USD,posted,credit
L00008285,T00008285,A000659,2025-06-07T23:14:03+00:00,677.33,USD,posted,credit
L00008286,T00008286,A000413,2026-08-09T09:06:18+00:00,2369.71,USD,posted,credit
L00008287,T00008287,A001336,2025-12-19T09:13:09+00:00,4605.84,CAD,posted,credit
L00008288,T00008288,A001314,2025-03-14T14:31:33+00:00,4712.25,EUR,posted,credit
L00008289,T00008289,A001014,2025-04-07T05:23:25+00:00,4115.41,INR,posted,credit
L00008290,T00008290,A000349,2025-02-14T02:06:57+00:00,1457.97,USD,posted,credit
L00008291,T00008291,A000302,2025-11-23T12:59:09+00:00,4108.52,USD,posted,credit
L00008292,T00008292,A001421,2025-01-26T10:55:40+00:00,4379.68,CAD,posted,credit
L00008293,T00008293,A001120,2025-05-23T21:34:21+00:00,4083.91,GBP,posted,credit
L00008294,T00008294,A000019,2026-03-13T17:37:47+00:00,2782.42,CAD,posted,credit
L00008295,T00008295,A000038,2025-03-05T06:09:00+00:00,3663.82,USD,posted,credit
L00008296,T00008296,A000899,2025-11-17T17:14:45+00:00,1841.62,USD,posted,credit
L00008297,T00008297,A000057,2025-01-22T01:04:18+00:00,2672.54,INR,posted,credit
L00008298,T00008298,A000642,2026-03-25T20:02:31+00:00,4913.05,INR,posted,credit
L00008299,T00008299,A001191,2025-12-30T22:19:03+00:00,1615.24,INR,posted,credit
L00008300,T00008300,A001405,2025-07-13T05:04:56+00:00,1815.90,GBP,posted,credit
L00008301,T00008301,A000735,2025-04-23T08:22:45+00:00,1112.69,USD,posted,credit
L00008302,T00008302,A001197,2025-06-24T18:33:24+00:00,2039.84,EUR,posted,credit
L00008303,T00008303,A000726,2026-07-21T05:27:34+00:00,2757.37,EUR,posted,credit
L00008304,T00008304,A000221,2026-03-20T04:31:07+00:00,4156.83,USD,posted,credit
L00008305,T00008305,A001054,2025-07-27T22:07:30+00:00,410.49,GBP,posted,credit
L00008306,T00008306,A000409,2026-03-08T12:46:49+00:00,2079.71,CAD,posted,credit
L00008307,T00008307,A001342,2025-07-10T14:09:40+00:00,40.40,USD,posted,credit
L00008308,T00008308,A000966,2026-02-08T20:12:14+00:00,2882.96,GBP,posted,credit
L00008309,T00008309,A001132,2025-05-06T16:16:56+00:00,1396.99,EUR,posted,credit
L00008310,T00008310,A000163,2025-03-18T17:49:29+00:00,4214.26,EUR,posted,credit
L00008311,T00008311,A001371,2025-09-15T23:05:29+00:00,4312.17,CAD,posted,credit
L00008312,T00008312,A000405,2026-08-11T09:45:36+00:00,1371.04,INR,posted,credit
L00008313,T00008313,A001054,2026-03-19T03:48:29+00:00,4503.73,GBP,posted,credit
L00008314,T00008314,A000289,2026-05-10T15:06:37+00:00,2065.60,EUR,posted,credit
L00008315,T00008315,A000828,2025-08-01T03:05:46+00:00,3924.64,INR,posted,credit
L00008316,T00008316,A000488,2026-04-02T16:22:08+00:00,1041.74,GBP,posted,credit
L00008317,T00008317,A000863,2026-06-08T05:36:59+00:00,4300.34,EUR,posted,credit
L00008318,T00008318,A001147,2026-05-11T02:49:14+00:00,1985.42,GBP,posted,credit
L00008319,T00008319,A000621,2025-11-22T03:58:30+00:00,3873.55,INR,posted,credit
L00008320,T00008320,A000716,2025-04-16T13:05:10+00:00,2542.06,INR,posted,credit
L00008321,T00008321,A000330,2026-01-16T16:25:32+00:00,2730.34,GBP,posted,credit
L00008322,T00008322,A000445,2025-05-01T16:38:43+00:00,322.88,INR,posted,credit
L00008323,T00008323,A001149,2025-05-16T09:53:32+00:00,2136.50,GBP,posted,credit
L00008324,T00008324,A001425,2025-04-21T18:06:39+00:00,3495.39,USD,posted,credit
L00008325,T00008325,A000093,2026-03-11T08:04:07+00:00,4555.76,EUR,posted,credit
L00008326,T00008326,A000019,2026-02-05T04:28:23+00:00,6.19,CAD,posted,credit
L00008327,T00008327,A001250,2025-10-14T11:11:57+00:00,4547.16,GBP,posted,credit
L00008328,T00008328,A000302,2025-01-06T12:48:32+00:00,4959.43,USD,posted,credit
L00008329,T00008329,A001231,2025-08-10T15:06:43+00:00,2730.16,INR,posted,credit
L00008330,T00008330,A001372,2026-06-07T15:19:38+00:00,3486.03,EUR,posted,credit
L00008331,T00008331,A000337,2025-11-19T05:44:02+00:00,2343.05,USD,posted,credit
L00008332,T00008332,A001326,2025-05-20T15:05:19+00:00,101.54,INR,posted,credit
L00008333,T00008333,A000042,2025-10-10T00:24:33+00:00,4701.68,EUR,posted,credit
L00008334,T00008334,A000538,2025-07-11T09:08:03+00:00,4678.40,CAD,posted,credit
L00008335,T00008335,A000341,2026-05-25T06:10:39+00:00,1401.56,USD,posted,credit
L00008336,T00008336,A000897,2025-04-30T18:13:58+00:00,2209.68,GBP,posted,credit
L00008337,T00008337,A000888,2025-02-15T02:24:32+00:00,2063.33,CAD,posted,credit
L00008338,T00008338,A000965,2025-05-25T21:18:27+00:00,1681.64,GBP,posted,credit
L00008339,T00008339,A000155,2025-06-26T10:06:38+00:00,449.11,GBP,posted,credit
L00008340,T00008340,A001368,2025-03-15T16:07:15+00:00,1976.31,EUR,posted,credit
L00008341,T00008341,A000362,2026-05-03T00:51:38+00:00,4322.89,INR,posted,credit
L00008342,T00008342,A000716,2025-01-07T10:27:51+00:00,3767.46,INR,posted,credit
L00008343,T00008343,A001052,2026-08-27T21:53:22+00:00,1202.01,GBP,posted,credit
L00008344,T00008344,A000424,2026-03-03T02:38:35+00:00,364.41,GBP,posted,credit
L00008345,T00008345,A001065,2026-08-28T20:22:16+00:00,3634.11,CAD,posted,credit
L00008346,T00008346,A001440,2025-12-07T18:10:57+00:00,4116.12,EUR,posted,credit
L00008347,T00008347,A000124,2025-06-18T01:16:04+00:00,4119.54,GBP,posted,credit
L00008348,T00008348,A000974,2025-09-18T23:20:47+00:00,163.88,GBP,posted,credit
L00008349,T00008349,A001058,2026-07-06T04:49:38+00:00,1981.72,GBP,posted,credit
L00008350,T00008350,A000701,2025-06-14T22:35:55+00:00,4794.05,USD,posted,credit
L00008351,T00008351,A000595,2026-05-01T03:03:09+00:00,317.11,EUR,posted,credit
L00008352,T00008352,A001028,2025-12-26T01:16:26+00:00,231.48,GBP,posted,credit
L00008353,T00008353,A000260,2026-03-26T17:42:13+00:00,4940.06,USD,posted,credit
L00008354,T00008354,A000124,2026-05-03T22:09:05+00:00,3217.43,GBP,posted,credit
L00008355,T00008355,A000499,2025-09-22T07:45:34+00:00,3190.79,USD,posted,credit
L00008356,T00008356,A000738,2025-05-09T10:44:20+00:00,3720.00,USD,posted,credit
L00008357,T00008357,A000732,2026-09-01T10:54:12+00:00,2030.05,GBP,posted,credit
L00008358,T00008358,A001211,2026-01-30T14:34:58+00:00,2477.02,CAD,posted,credit
L00008359,T00008359,A001210,2025-07-01T12:08:22+00:00,124.97,USD,posted,credit
L00008360,T00008360,A000612,2026-02-08T06:27:50+00:00,4992.75,INR,posted,credit
L00008361,T00008361,A000110,2025-11-29T17:28:29+00:00,4912.15,INR,posted,credit
L00008362,T00008362,A000267,2025-08-12T15:52:21+00:00,1219.88,EUR,posted,credit
L00008363,T00008363,A000965,2025-11-08T21:16:49+00:00,3395.86,GBP,posted,credit
L00008364,T00008364,A000795,2025-12-05T01:27:25+00:00,3521.90,GBP,posted,credit
L00008365,T00008365,A001176,2025-07-09T02:55:08+00:00,2862.50,CAD,posted,credit
L00008366,T00008366,A000724,2026-06-21T05:20:55+00:00,4061.84,EUR,posted,credit
L00008367,T00008367,A001305,2025-08-31T20:23:02+00:00,4512.27,CAD,posted,credit
L00008368,T00008368,A000816,2025-04-09T14:18:32+00:00,2625.51,INR,posted,credit
L00008369,T00008369,A001112,2026-07-01T19:18:30+00:00,2984.67,CAD,posted,credit
L00008370,T00008370,A000196,2026-04-24T16:55:25+00:00,2825.86,INR,posted,credit
L00008371,T00008371,A000883,2025-05-03T22:14:13+00:00,4627.48,CAD,posted,credit
L00008372,T00008372,A000049,2026-03-17T22:56:55+00:00,3164.95,INR,posted,credit
L00008373,T00008373,A000144,2025-11-16T03:10:17+00:00,3307.13,CAD,posted,credit
L00008374,T00008374,A001317,2025-11-25T04:37:01+00:00,290.69,CAD,posted,credit
L00008375,T00008375,A000263,2026-01-18T15:38:07+00:00,4211.61,CAD,posted,credit
L00008376,T00008376,A001455,2025-06-09T18:25:10+00:00,2461.19,INR,posted,credit
L00008377,T00008377,A000584,2026-05-22T01:17:27+00:00,4898.42,GBP,posted,credit
L00008378,T00008378,A000755,2026-09-07T02:50:29+00:00,327.58,GBP,posted,credit
L00008379,T00008379,A000926,2025-07-04T12:33:56+00:00,2072.96,USD,posted,credit
L00008380,T00008380,A001062,2025-11-12T00:57:23+00:00,148.79,USD,posted,credit
L00008381,T00008381,A000728,2025-10-03T23:19:12+00:00,3674.51,GBP,posted,credit
L00008382,T00008382,A000570,2025-04-09T22:34:32+00:00,479.76,CAD,posted,credit
L00008383,T00008383,A000880,2025-11-07T18:51:00+00:00,1647.45,CAD,posted,credit
L00008384,T00008384,A001068,2025-09-06T23:01:41+00:00,659.07,INR,posted,credit
L00008385,T00008385,A000109,2026-07-23T21:27:10+00:00,3410.25,CAD,posted,credit
L00008386,T00008386,A001066,2025-06-12T07:33:26+00:00,2952.07,USD,posted,credit
L00008387,T00008387,A000095,2025-03-08T04:48:32+00:00,3565.64,USD,posted,credit
L00008388,T00008388,A000860,2026-02-15T01:00:26+00:00,4468.60,USD,posted,credit
L00008389,T00008389,A000765,2026-01-14T06:45:13+00:00,349.84,INR,posted,credit
L00008390,T00008390,A000786,2026-04-22T06:06:10+00:00,2065.37,USD,posted,credit
L00008391,T00008391,A000096,2025-08-31T11:58:30+00:00,3852.04,GBP,posted,credit
L00008392,T00008392,A000782,2026-02-19T03:22:12+00:00,3309.50,GBP,posted,credit
L00008393,T00008393,A000897,2025-12-03T02:01:22+00:00,2122.44,GBP,posted,credit
L00008394,T00008394,A001388,2026-07-02T20:07:34+00:00,3087.92,GBP,posted,credit
L00008395,T00008395,A001487,2025-11-03T08:41:31+00:00,1950.53,EUR,posted,credit
L00008396,T00008396,A000280,2025-01-06T23:12:49+00:00,651.66,GBP,posted,credit
L00008397,T00008397,A000468,2025-12-11T00:03:00+00:00,3646.35,EUR,posted,credit
L00008398,T00008398,A000197,2026-08-09T20:35:55+00:00,4177.42,CAD,posted,credit
L00008399,T00008399,A000242,2026-07-28T05:27:27+00:00,208.99,GBP,posted,credit
L00008400,T00008400,A000284,2026-02-01T17:14:54+00:00,2837.01,GBP,posted,credit
L00008401,T00008401,A000706,2025-04-22T01:50:25+00:00,4649.00,INR,posted,credit
L00008402,T00008402,A001435,2025-10-30T08:57:21+00:00,2773.75,INR,posted,credit
L00008403,T00008403,A001156,2025-03-22T05:54:49+00:00,306.53,USD,posted,credit
L00008404,T00008404,A001002,2025-08-11T03:25:56+00:00,2648.08,INR,posted,credit
L00008405,T00008405,A000874,2025-06-13T15:16:52+00:00,4257.10,USD,posted,credit
L00008406,T00008406,A000408,2026-07-18T06:40:21+00:00,2056.92,EUR,posted,credit
L00008407,T00008407,A001461,2026-08-10T12:24:58+00:00,1283.30,EUR,posted,credit
L00008408,T00008408,A001338,2026-07-21T15:59:49+00:00,642.39,EUR,posted,credit
L00008409,T00008409,A001378,2026-05-17T09:51:45+00:00,4450.42,CAD,posted,credit
L00008410,T00008410,A001014,2025-02-04T13:08:25+00:00,1078.69,INR,posted,credit
L00008411,T00008411,A000213,2025-12-26T06:40:37+00:00,4574.78,INR,posted,credit
L00008412,T00008412,A000759,2025-12-26T10:26:01+00:00,3268.14,GBP,posted,credit
L00008413,T00008413,A000693,2025-06-05T02:31:22+00:00,2590.04,CAD,posted,credit
L00008414,T00008414,A001464,2026-05-27T05:23:49+00:00,483.06,GBP,posted,credit
L00008415,T00008415,A000520,2025-04-16T11:47:03+00:00,1325.26,USD,posted,credit
L00008416,T00008416,A000695,2025-04-26T08:58:03+00:00,3302.68,CAD,posted,credit
L00008417,T00008417,A001343,2025-06-22T12:23:03+00:00,919.86,INR,posted,credit
L00008418,T00008418,A001211,2025-09-20T03:06:53+00:00,3517.72,CAD,posted,credit
L00008419,T00008419,A000592,2025-03-20T18:29:38+00:00,595.04,EUR,posted,credit
L00008420,T00008420,A000286,2025-06-27T16:21:30+00:00,4812.78,USD,posted,credit
L00008421,T00008421,A000921,2026-03-17T19:40:46+00:00,887.54,CAD,posted,credit
L00008422,T00008422,A001132,2026-01-07T23:19:03+00:00,4781.63,EUR,posted,credit
L00008423,T00008423,A000756,2025-11-16T04:37:33+00:00,2942.98,USD,posted,credit
L00008424,T00008424,A000384,2026-01-08T02:11:06+00:00,4623.43,CAD,posted,credit
L00008425,T00008425,A000130,2025-05-14T22:36:11+00:00,4534.04,EUR,posted,credit
L00008426,T00008426,A000656,2025-02-06T02:19:19+00:00,3687.09,EUR,posted,credit
L00008427,T00008427,A001023,2025-09-27T13:21:36+00:00,4112.18,USD,posted,credit
L00008428,T00008428,A001226,2025-10-22T20:10:37+00:00,2902.02,USD,posted,credit
L00008429,T00008429,A001141,2025-08-03T14:05:43+00:00,1627.98,USD,posted,credit
L00008430,T00008430,A000541,2026-07-09T10:37:45+00:00,3948.65,EUR,posted,credit
L00008431,T00008431,A001105,2025-01-05T12:09:00+00:00,2061.80,EUR,posted,credit
L00008432,T00008432,A000836,2025-05-27T21:06:07+00:00,286.48,USD,posted,credit
L00008433,T00008433,A000349,2026-02-19T13:13:15+00:00,3104.60,USD,posted,credit
L00008434,T00008434,A000243,2025-07-20T07:39:13+00:00,1511.06,CAD,posted,credit
L00008435,T00008435,A000544,2026-08-12T02:35:41+00:00,4643.53,USD,posted,credit
L00008436,T00008436,A000055,2025-05-18T08:44:42+00:00,2743.96,GBP,posted,credit
L00008437,T00008437,A000445,2026-08-05T02:32:53+00:00,3663.37,INR,posted,credit
L00008438,T00008438,A001076,2025-10-21T15:19:05+00:00,2754.46,EUR,posted,credit
L00008439,T00008439,A000085,2026-05-21T16:55:20+00:00,2220.80,GBP,posted,credit
L00008440,T00008440,A001102,2025-05-30T18:22:37+00:00,1564.49,EUR,posted,credit
L00008441,T00008441,A001400,2025-06-08T10:28:26+00:00,1928.15,EUR,posted,credit
L00008442,T00008442,A000733,2025-03-31T10:02:34+00:00,3485.73,INR,posted,credit
L00008443,T00008443,A000481,2025-05-17T21:47:59+00:00,780.66,EUR,posted,credit
L00008444,T00008444,A000364,2026-08-02T23:45:53+00:00,2037.82,GBP,posted,credit
L00008445,T00008445,A000141,2026-04-13T07:00:58+00:00,3739.43,USD,posted,credit
L00008446,T00008446,A001140,2026-05-22T08:56:50+00:00,2743.70,USD,posted,credit
L00008447,T00008447,A000314,2026-04-25T02:06:26+00:00,1525.24,GBP,posted,credit
L00008448,T00008448,A001160,2025-09-10T23:04:07+00:00,1639.22,EUR,posted,credit
L00008449,T00008449,A001017,2026-08-11T03:12:33+00:00,1326.88,EUR,posted,credit
L00008450,T00008450,A000239,2025-01-12T23:24:04+00:00,2429.60,EUR,posted,credit
L00008451,T00008451,A000454,2025-08-26T04:10:26+00:00,3255.99,EUR,posted,credit
L00008452,T00008452,A000454,2026-07-06T13:04:51+00:00,4565.06,EUR,posted,credit
L00008453,T00008453,A001458,2025-03-18T02:10:28+00:00,1504.25,INR,posted,credit
L00008454,T00008454,A000330,2025-06-15T18:20:50+00:00,27.97,GBP,posted,credit
L00008455,T00008455,A000485,2026-06-05T22:04:53+00:00,1732.05,EUR,posted,credit
L00008456,T00008456,A000355,2026-04-04T16:56:58+00:00,2452.35,USD,posted,credit
L00008457,T00008457,A001237,2025-03-25T04:03:54+00:00,4752.34,EUR,posted,credit
L00008458,T00008458,A000836,2025-07-07T13:40:48+00:00,4447.70,USD,posted,credit
L00008459,T00008459,A001153,2025-03-30T14:58:09+00:00,1881.93,GBP,posted,credit
L00008460,T00008460,A001348,2025-06-15T04:05:49+00:00,1195.25,GBP,posted,credit
L00008461,T00008461,A000562,2025-07-16T07:43:13+00:00,4409.56,CAD,posted,credit
L00008462,T00008462,A000032,2026-05-26T20:27:12+00:00,3818.14,GBP,posted,credit
L00008463,T00008463,A000192,2025-08-06T05:27:19+00:00,1367.20,INR,posted,credit
L00008464,T00008464,A001005,2025-08-05T20:38:55+00:00,4739.65,GBP,posted,credit
L00008465,T00008465,A001148,2025-07-16T23:46:34+00:00,4804.63,GBP,posted,credit
L00008466,T00008466,A000399,2025-06-18T14:36:46+00:00,1779.63,USD,posted,credit
L00008467,T00008467,A001185,2026-08-25T21:43:13+00:00,1623.26,INR,posted,credit
L00008468,T00008468,A000509,2026-01-30T22:21:59+00:00,3816.66,INR,posted,credit
L00008469,T00008469,A000346,2026-03-07T19:30:23+00:00,4445.98,INR,posted,credit
L00008470,T00008470,A000451,2025-03-20T16:29:39+00:00,3950.92,USD,posted,credit
L00008471,T00008471,A001293,2025-07-28T18:14:46+00:00,2736.69,GBP,posted,credit
L00008472,T00008472,A000792,2025-09-26T19:07:30+00:00,1748.49,INR,posted,credit
L00008473,T00008473,A000953,2025-09-18T00:30:04+00:00,4943.38,USD,posted,credit
L00008474,T00008474,A000724,2025-04-24T17:58:27+00:00,1648.36,EUR,posted,credit
L00008475,T00008475,A000866,2025-12-01T14:30:42+00:00,731.89,GBP,posted,credit
L00008476,T00008476,A000392,2026-03-18T19:54:48+00:00,2718.92,INR,posted,credit
L00008477,T00008477,A000839,2025-11-01T21:10:14+00:00,1902.74,GBP,posted,credit
L00008478,T00008478,A000584,2026-07-14T03:44:37+00:00,10.32,GBP,posted,credit
L00008479,T00008479,A000262,2026-05-30T06:44:15+00:00,189.82,USD,posted,credit
L00008480,T00008480,A000870,2025-06-26T14:12:13+00:00,3402.76,GBP,posted,credit
L00008481,T00008481,A000204,2025-11-13T09:11:35+00:00,2734.70,CAD,posted,credit
L00008482,T00008482,A001169,2025-01-09T01:02:14+00:00,3736.40,USD,posted,credit
L00008483,T00008483,A000096,2025-02-19T00:30:50+00:00,1957.18,GBP,posted,credit
L00008484,T00008484,A000311,2025-09-23T15:29:21+00:00,1516.51,GBP,posted,credit
L00008485,T00008485,A000392,2025-10-15T16:16:08+00:00,4099.39,INR,posted,credit
L00008486,T00008486,A001128,2025-07-16T16:54:09+00:00,1991.89,GBP,posted,credit
L00008487,T00008487,A000283,2025-12-10T00:51:26+00:00,1797.45,USD,posted,credit
L00008488,T00008488,A000244,2025-06-20T17:34:42+00:00,3282.72,GBP,posted,credit
L00008489,T00008489,A001414,2025-01-09T08:51:45+00:00,2471.08,EUR,posted,credit
L00008490,T00008490,A000254,2025-02-23T19:40:19+00:00,2052.58,CAD,posted,credit
L00008491,T00008491,A001150,2025-11-24T09:11:55+00:00,4937.96,USD,posted,credit
L00008492,T00008492,A001156,2026-08-03T19:50:39+00:00,112.91,USD,posted,credit
L00008493,T00008493,A001138,2026-04-02T09:53:40+00:00,2443.21,GBP,posted,credit
L00008494,T00008494,A000141,2025-10-05T20:28:39+00:00,555.35,USD,posted,credit
L00008495,T00008495,A000217,2026-05-19T19:30:44+00:00,4194.64,CAD,posted,credit
L00008496,T00008496,A001009,2026-02-03T14:05:57+00:00,1871.80,GBP,posted,credit
L00008497,T00008497,A001110,2026-05-22T22:57:46+00:00,3961.86,CAD,posted,credit
L00008498,T00008498,A001458,2025-10-01T19:42:35+00:00,2288.23,INR,posted,credit
L00008499,T00008499,A001131,2025-07-25T15:24:59+00:00,2882.68,GBP,posted,credit
L00008500,T00008500,A001262,2026-08-17T04:12:23+00:00,4023.99,INR,posted,credit
L00008501,T00008501,A000404,2025-05-31T17:24:32+00:00,3839.09,INR,posted,credit
L00008502,T00008502,A000349,2025-08-10T05:50:40+00:00,4318.05,USD,posted,credit
L00008503,T00008503,A001385,2026-05-17T17:31:15+00:00,4837.53,EUR,posted,credit
L00008504,T00008504,A000616,2026-02-05T19:25:24+00:00,803.85,INR,posted,credit
L00008505,T00008505,A000264,2025-03-25T09:39:54+00:00,1756.14,GBP,posted,credit
L00008506,T00008506,A000246,2025-12-11T16:17:59+00:00,2678.22,EUR,posted,credit
L00008507,T00008507,A000250,2026-03-08T09:58:09+00:00,4390.32,EUR,posted,credit
L00008508,T00008508,A000079,2026-02-24T12:51:29+00:00,216.67,CAD,posted,credit
L00008509,T00008509,A000220,2026-06-25T10:59:07+00:00,1875.50,INR,posted,credit
L00008510,T00008510,A000398,2025-07-04T00:22:20+00:00,1656.92,INR,posted,credit
L00008511,T00008511,A001274,2025-06-29T02:36:44+00:00,4916.94,USD,posted,credit
L00008512,T00008512,A000706,2026-01-16T22:55:32+00:00,4694.39,INR,posted,credit
L00008513,T00008513,A000246,2025-10-24T11:33:58+00:00,1353.04,EUR,posted,credit
L00008514,T00008514,A000106,2025-04-20T23:40:14+00:00,1768.08,INR,posted,credit
L00008515,T00008515,A000350,2026-01-25T11:54:30+00:00,4668.84,INR,posted,credit
L00008516,T00008516,A001291,2026-05-08T10:45:07+00:00,2377.15,CAD,posted,credit
L00008517,T00008517,A001332,2025-08-29T07:34:04+00:00,1682.51,GBP,posted,credit
L00008518,T00008518,A001244,2025-09-15T17:12:07+00:00,1115.00,CAD,posted,credit
L00008519,T00008519,A000355,2026-05-27T10:08:15+00:00,970.65,USD,posted,credit
L00008520,T00008520,A001197,2025-09-29T15:41:56+00:00,2568.47,EUR,posted,credit
L00008521,T00008521,A000077,2025-06-30T07:42:11+00:00,4261.91,CAD,posted,credit
L00008522,T00008522,A000838,2026-07-17T21:28:58+00:00,471.22,CAD,posted,credit
L00008523,T00008523,A000289,2026-01-03T16:23:49+00:00,2145.96,EUR,posted,credit
L00008524,T00008524,A000688,2026-06-14T01:24:22+00:00,4823.44,GBP,posted,credit
L00008525,T00008525,A000500,2026-07-31T18:18:07+00:00,2778.20,INR,posted,credit
L00008526,T00008526,A000248,2025-08-15T09:56:14+00:00,3981.37,GBP,posted,credit
L00008527,T00008527,A000542,2025-08-02T01:28:31+00:00,2642.06,USD,posted,credit
L00008528,T00008528,A000535,2025-04-17T08:09:29+00:00,1423.06,INR,posted,credit
L00008529,T00008529,A000429,2025-11-05T02:41:03+00:00,2726.61,INR,posted,credit
L00008530,T00008530,A000722,2026-01-15T06:04:15+00:00,1156.05,EUR,posted,credit
L00008531,T00008531,A000494,2025-05-23T07:04:53+00:00,3556.46,INR,posted,credit
L00008532,T00008532,A001187,2025-07-30T10:29:24+00:00,708.66,USD,posted,credit
L00008533,T00008533,A000190,2026-04-30T00:49:50+00:00,3607.61,EUR,posted,credit
L00008534,T00008534,A001264,2026-06-13T14:28:27+00:00,3691.29,EUR,posted,credit
L00008535,T00008535,A001064,2025-12-10T15:33:55+00:00,475.52,USD,posted,credit
L00008536,T00008536,A001474,2026-07-16T00:27:02+00:00,3273.74,USD,posted,credit
L00008537,T00008537,A000392,2025-09-12T16:32:35+00:00,4708.82,INR,posted,credit
L00008538,T00008538,A001230,2025-02-04T20:21:32+00:00,2596.31,EUR,posted,credit
L00008539,T00008539,A000946,2025-11-17T13:35:35+00:00,3463.38,USD,posted,credit
L00008540,T00008540,A000712,2025-07-31T00:44:46+00:00,3133.48,INR,posted,credit
L00008541,T00008541,A000434,2025-03-09T23:57:45+00:00,3076.34,GBP,posted,credit
L00008542,T00008542,A000033,2026-04-08T11:15:00+00:00,1636.64,EUR,posted,credit
L00008543,T00008543,A001237,2026-05-20T08:34:53+00:00,126.64,EUR,posted,credit
L00008544,T00008544,A000315,2025-12-19T06:27:07+00:00,4173.87,CAD,posted,credit
L00008545,T00008545,A000035,2026-09-05T14:16:17+00:00,841.54,INR,posted,credit
L00008546,T00008546,A001106,2025-04-16T21:20:13+00:00,412.19,GBP,posted,credit
L00008547,T00008547,A001126,2026-01-11T05:17:11+00:00,453.14,EUR,posted,credit
L00008548,T00008548,A000041,2025-09-18T10:42:51+00:00,2676.20,CAD,posted,credit
L00008549,T00008549,A000075,2025-08-08T12:53:11+00:00,96.60,USD,posted,credit
L00008550,T00008550,A000853,2025-04-12T19:03:02+00:00,1968.47,CAD,posted,credit
L00008551,T00008551,A000585,2026-04-30T14:30:08+00:00,3632.41,EUR,posted,credit
L00008552,T00008552,A001220,2026-09-10T02:41:50+00:00,2272.24,CAD,posted,credit
L00008553,T00008553,A001350,2025-08-29T02:28:50+00:00,396.76,CAD,posted,credit
L00008554,T00008554,A000482,2025-10-14T22:43:53+00:00,2978.07,GBP,posted,credit
L00008555,T00008555,A000686,2025-05-18T01:50:46+00:00,1605.84,GBP,posted,credit
L00008556,T00008556,A000249,2026-08-30T02:41:37+00:00,1394.46,GBP,posted,credit
L00008557,T00008557,A000019,2026-03-01T17:22:51+00:00,1019.91,CAD,posted,credit
L00008558,T00008558,A000821,2026-07-06T00:08:25+00:00,4084.85,EUR,posted,credit
L00008559,T00008559,A000715,2026-07-08T20:56:56+00:00,1862.64,USD,posted,credit
L00008560,T00008560,A000038,2025-08-07T23:03:25+00:00,3889.90,USD,posted,credit
L00008561,T00008561,A000180,2025-11-09T15:55:35+00:00,4634.93,CAD,posted,credit
L00008562,T00008562,A000017,2025-01-07T04:04:48+00:00,763.12,USD,posted,credit
L00008563,T00008563,A000171,2026-04-07T10:40:02+00:00,725.92,USD,posted,credit
L00008564,T00008564,A000178,2025-10-15T16:15:43+00:00,1698.35,CAD,posted,credit
L00008565,T00008565,A000355,2026-01-01T02:20:28+00:00,996.82,USD,posted,credit
L00008566,T00008566,A001100,2025-08-02T18:17:53+00:00,4810.91,INR,posted,credit
L00008567,T00008567,A001292,2026-08-18T17:19:59+00:00,2624.10,CAD,posted,credit
L00008568,T00008568,A000880,2025-02-26T02:28:38+00:00,4040.72,CAD,posted,credit
L00008569,T00008569,A001013,2026-07-26T05:45:11+00:00,882.39,USD,posted,credit
L00008570,T00008570,A001364,2025-07-05T15:28:07+00:00,1912.18,GBP,posted,credit
L00008571,T00008571,A000117,2025-02-01T00:12:53+00:00,3372.57,INR,posted,credit
L00008572,T00008572,A000242,2026-08-08T11:27:11+00:00,4525.77,GBP,posted,credit
L00008573,T00008573,A000084,2025-03-04T06:32:23+00:00,274.29,GBP,posted,credit
L00008574,T00008574,A001039,2025-12-15T16:42:45+00:00,1763.58,INR,posted,credit
L00008575,T00008575,A000066,2026-03-04T17:48:08+00:00,84.55,CAD,posted,credit
L00008576,T00008576,A000579,2025-11-24T19:11:50+00:00,2429.09,USD,posted,credit
L00008577,T00008577,A001341,2025-06-21T14:29:43+00:00,1896.73,CAD,posted,credit
L00008578,T00008578,A001350,2025-03-06T04:43:18+00:00,733.71,CAD,posted,credit
L00008579,T00008579,A000938,2025-10-23T06:10:29+00:00,3405.48,GBP,posted,credit
L00008580,T00008580,A000683,2026-04-14T08:05:47+00:00,4553.78,INR,posted,credit
L00008581,T00008581,A000555,2025-03-04T05:00:27+00:00,4749.74,USD,posted,credit
L00008582,T00008582,A001021,2025-06-29T00:17:02+00:00,407.05,EUR,posted,credit
L00008583,T00008583,A000921,2025-09-02T18:20:36+00:00,263.08,CAD,posted,credit
L00008584,T00008584,A001059,2025-11-04T22:25:55+00:00,1284.87,INR,posted,credit
L00008585,T00008585,A001351,2026-07-05T01:07:18+00:00,2740.03,CAD,posted,credit
L00008586,T00008586,A001054,2025-03-19T23:19:44+00:00,566.52,GBP,posted,credit
L00008587,T00008587,A000571,2025-11-14T01:26:54+00:00,4180.53,USD,posted,credit
L00008588,T00008588,A001361,2025-12-01T07:43:55+00:00,4383.76,EUR,posted,credit
L00008589,T00008589,A000187,2025-07-24T08:54:19+00:00,2263.60,GBP,posted,credit
L00008590,T00008590,A000081,2025-04-25T11:22:11+00:00,2490.74,GBP,posted,credit
L00008591,T00008591,A000368,2026-03-04T12:53:49+00:00,4594.21,EUR,posted,credit
L00008592,T00008592,A001028,2025-04-20T17:48:10+00:00,4121.93,GBP,posted,credit
L00008593,T00008593,A001159,2025-02-09T00:57:17+00:00,3802.90,INR,posted,credit
L00008594,T00008594,A000015,2025-01-29T00:09:41+00:00,789.94,GBP,posted,credit
L00008595,T00008595,A001307,2026-08-19T03:37:34+00:00,3420.04,CAD,posted,credit
L00008596,T00008596,A000483,2025-04-03T16:56:13+00:00,1774.07,USD,posted,credit
L00008597,T00008597,A000194,2026-06-13T00:16:24+00:00,2094.40,USD,posted,credit
L00008598,T00008598,A000184,2026-05-27T11:18:38+00:00,2044.05,USD,posted,credit
L00008599,T00008599,A001031,2026-09-04T11:55:05+00:00,1536.03,EUR,posted,credit
L00008600,T00008600,A000808,2026-05-26T19:26:24+00:00,551.43,INR,posted,credit
L00008601,T00008601,A001484,2025-05-19T05:45:48+00:00,4793.64,USD,posted,credit
L00008602,T00008602,A000328,2025-09-29T05:03:45+00:00,165.76,INR,posted,credit
L00008603,T00008603,A000756,2025-03-21T06:28:55+00:00,1565.88,USD,posted,credit
L00008604,T00008604,A000068,2025-11-29T17:16:12+00:00,4169.90,EUR,posted,credit
L00008605,T00008605,A000235,2025-03-13T01:15:47+00:00,514.14,CAD,posted,credit
L00008606,T00008606,A000022,2026-09-10T11:51:40+00:00,743.14,CAD,posted,credit
L00008607,T00008607,A000452,2025-08-12T06:49:31+00:00,3247.33,INR,posted,credit
L00008608,T00008608,A000744,2025-09-12T07:56:46+00:00,1459.52,EUR,posted,credit
L00008609,T00008609,A000658,2025-12-22T08:09:15+00:00,2237.51,USD,posted,credit
L00008610,T00008610,A001310,2026-06-16T08:04:34+00:00,4397.04,EUR,posted,credit
L00008611,T00008611,A001104,2026-06-25T15:21:21+00:00,3773.26,USD,posted,credit
L00008612,T00008612,A000526,2025-06-25T11:25:56+00:00,1283.68,CAD,posted,credit
L00008613,T00008613,A000714,2025-04-19T12:29:37+00:00,2467.07,USD,posted,credit
L00008614,T00008614,A001360,2025-03-28T09:57:22+00:00,3527.00,USD,posted,credit
L00008615,T00008615,A000286,2025-07-20T02:24:17+00:00,2058.99,USD,posted,credit
L00008616,T00008616,A000563,2025-11-08T06:44:24+00:00,4415.98,CAD,posted,credit
L00008617,T00008617,A000820,2025-01-29T07:26:56+00:00,4842.03,USD,posted,credit
L00008618,T00008618,A000563,2025-09-05T18:54:27+00:00,898.70,CAD,posted,credit
L00008619,T00008619,A000094,2025-12-26T00:55:03+00:00,2467.20,INR,posted,credit
L00008620,T00008620,A000017,2026-08-22T20:29:21+00:00,2437.68,USD,posted,credit
L00008621,T00008621,A000184,2025-08-30T12:00:35+00:00,1984.82,USD,posted,credit
L00008622,T00008622,A000487,2025-12-03T15:42:37+00:00,1214.40,INR,posted,credit
L00008623,T00008623,A001267,2026-04-27T08:42:25+00:00,1917.05,EUR,posted,credit
L00008624,T00008624,A000418,2025-11-10T19:57:24+00:00,4472.13,EUR,posted,credit
L00008625,T00008625,A001105,2026-03-27T19:55:24+00:00,1243.22,EUR,posted,credit
L00008626,T00008626,A000887,2025-10-25T02:20:49+00:00,702.90,EUR,posted,credit
L00008627,T00008627,A001281,2025-06-10T02:09:08+00:00,1758.17,EUR,posted,credit
L00008628,T00008628,A001333,2026-07-11T04:31:08+00:00,2691.44,EUR,posted,credit
L00008629,T00008629,A000607,2025-07-07T23:22:06+00:00,1674.15,CAD,posted,credit
L00008630,T00008630,A001345,2026-01-09T01:22:17+00:00,3602.76,CAD,posted,credit
L00008631,T00008631,A000026,2025-09-16T18:22:18+00:00,2788.96,CAD,posted,credit
L00008632,T00008632,A000134,2025-07-24T11:12:28+00:00,4983.96,GBP,posted,credit
L00008633,T00008633,A000881,2026-06-07T03:33:46+00:00,624.84,EUR,posted,credit
L00008634,T00008634,A000615,2025-06-21T03:54:34+00:00,2873.89,EUR,posted,credit
L00008635,T00008635,A001221,2026-08-18T18:29:27+00:00,2370.01,USD,posted,credit
L00008636,T00008636,A000450,2025-04-26T23:10:01+00:00,4292.23,INR,posted,credit
L00008637,T00008637,A001412,2026-07-15T11:41:51+00:00,4316.10,EUR,posted,credit
L00008638,T00008638,A001194,2025-10-01T11:55:25+00:00,820.74,USD,posted,credit
L00008639,T00008639,A000240,2026-05-31T06:52:14+00:00,1270.09,GBP,posted,credit
L00008640,T00008640,A000347,2025-09-21T22:26:21+00:00,4493.00,CAD,posted,credit
L00008641,T00008641,A000494,2025-12-21T13:10:34+00:00,2834.92,INR,posted,credit
L00008642,T00008642,A001485,2025-09-01T01:19:13+00:00,488.35,INR,posted,credit
L00008643,T00008643,A000577,2026-03-11T01:31:31+00:00,2256.20,GBP,posted,credit
L00008644,T00008644,A001197,2025-01-15T02:27:19+00:00,2525.60,EUR,posted,credit
L00008645,T00008645,A000418,2026-08-12T05:17:32+00:00,3708.29,EUR,posted,credit
L00008646,T00008646,A000846,2026-06-12T23:05:47+00:00,4113.58,EUR,posted,credit
L00008647,T00008647,A000765,2026-06-14T14:39:59+00:00,1859.52,INR,posted,credit
L00008648,T00008648,A001069,2026-05-05T11:01:20+00:00,3808.73,EUR,posted,credit
L00008649,T00008649,A001402,2026-03-07T01:06:12+00:00,4117.64,INR,posted,credit
L00008650,T00008650,A000224,2026-06-22T18:27:48+00:00,253.81,INR,posted,credit
L00008651,T00008651,A000522,2025-07-01T17:02:02+00:00,999.86,USD,posted,credit
L00008652,T00008652,A000077,2026-09-06T13:32:05+00:00,1077.83,CAD,posted,credit
L00008653,T00008653,A000169,2025-10-18T20:18:17+00:00,3597.95,GBP,posted,credit
L00008654,T00008654,A000601,2026-02-22T12:53:27+00:00,4694.04,GBP,posted,credit
L00008655,T00008655,A000701,2025-03-28T02:16:16+00:00,4797.56,USD,posted,credit
L00008656,T00008656,A001055,2025-03-01T21:06:56+00:00,3385.02,CAD,posted,credit
L00008657,T00008657,A000048,2026-04-22T22:27:51+00:00,1590.75,INR,posted,credit
L00008658,T00008658,A000526,2026-05-12T17:35:46+00:00,2693.11,CAD,posted,credit
L00008659,T00008659,A000420,2026-02-28T10:20:52+00:00,3270.71,CAD,posted,credit
L00008660,T00008660,A000706,2025-01-10T12:22:01+00:00,3536.39,INR,posted,credit
L00008661,T00008661,A000845,2026-07-30T12:13:23+00:00,3673.07,CAD,posted,credit
L00008662,T00008662,A000437,2025-04-11T07:41:50+00:00,1318.48,CAD,posted,credit
L00008663,T00008663,A001373,2026-01-07T07:24:56+00:00,1912.06,INR,posted,credit
L00008664,T00008664,A000997,2026-08-04T22:17:53+00:00,965.49,USD,posted,credit
L00008665,T00008665,A001183,2025-09-14T18:13:34+00:00,2110.37,EUR,posted,credit
L00008666,T00008666,A000318,2026-01-08T17:32:45+00:00,4133.44,EUR,posted,credit
L00008667,T00008667,A000267,2026-03-06T02:09:22+00:00,2682.30,EUR,posted,credit
L00008668,T00008668,A000552,2026-08-16T12:36:22+00:00,4407.62,CAD,posted,credit
L00008669,T00008669,A000650,2026-05-20T04:38:44+00:00,4729.42,CAD,posted,credit
L00008670,T00008670,A000511,2026-07-05T01:41:03+00:00,1834.73,INR,posted,credit
L00008671,T00008671,A000614,2026-08-15T17:26:07+00:00,2372.42,INR,posted,credit
L00008672,T00008672,A000862,2025-12-28T19:23:05+00:00,3545.19,GBP,posted,credit
L00008673,T00008673,A000141,2025-05-22T01:35:19+00:00,3437.41,USD,posted,credit
L00008674,T00008674,A000737,2026-07-10T03:12:48+00:00,2845.71,GBP,posted,credit
L00008675,T00008675,A000664,2026-03-08T01:44:41+00:00,1965.60,GBP,posted,credit
L00008676,T00008676,A000312,2026-05-28T06:47:58+00:00,3576.79,EUR,posted,credit
L00008677,T00008677,A000653,2026-02-11T12:03:26+00:00,3690.59,INR,posted,credit
L00008678,T00008678,A001120,2026-04-04T03:56:12+00:00,1851.77,GBP,posted,credit
L00008679,T00008679,A000732,2026-03-04T06:11:59+00:00,2550.33,GBP,posted,credit
L00008680,T00008680,A000107,2026-06-11T15:44:30+00:00,2977.65,USD,posted,credit
L00008681,T00008681,A001086,2025-07-28T10:21:04+00:00,1010.70,GBP,posted,credit
L00008682,T00008682,A001292,2025-06-03T20:48:51+00:00,3523.06,CAD,posted,credit
L00008683,T00008683,A001304,2025-05-18T07:05:24+00:00,2473.66,GBP,posted,credit
L00008684,T00008684,A000346,2026-02-15T21:26:17+00:00,2034.61,INR,posted,credit
L00008685,T00008685,A000711,2025-12-07T18:53:29+00:00,634.75,GBP,posted,credit
L00008686,T00008686,A000202,2026-03-15T17:34:15+00:00,4643.74,CAD,posted,credit
L00008687,T00008687,A000889,2025-09-05T04:20:54+00:00,1344.18,EUR,posted,credit
L00008688,T00008688,A001361,2025-09-29T20:14:41+00:00,956.44,EUR,posted,credit
L00008689,T00008689,A001403,2026-04-18T15:04:20+00:00,4249.35,CAD,posted,credit
L00008690,T00008690,A001218,2026-08-26T21:46:13+00:00,2343.97,INR,posted,credit
L00008691,T00008691,A000169,2026-03-04T14:28:26+00:00,3999.39,GBP,posted,credit
L00008692,T00008692,A000028,2025-11-07T20:56:45+00:00,2148.65,GBP,posted,credit
L00008693,T00008693,A000854,2025-11-17T03:29:14+00:00,1677.15,USD,posted,credit
L00008694,T00008694,A000582,2026-05-26T11:48:44+00:00,4590.00,EUR,posted,credit
L00008695,T00008695,A001452,2026-07-29T16:41:12+00:00,1420.94,GBP,posted,credit
L00008696,T00008696,A000599,2025-02-15T12:23:30+00:00,2479.00,CAD,posted,credit
L00008697,T00008697,A000303,2025-05-09T14:31:40+00:00,3070.19,GBP,posted,credit
L00008698,T00008698,A000695,2025-06-15T22:23:06+00:00,2252.40,CAD,posted,credit
L00008699,T00008699,A001179,2025-08-09T03:47:17+00:00,188.90,INR,posted,credit
L00008700,T00008700,A000243,2025-03-25T11:21:00+00:00,4259.54,CAD,posted,credit
L00008701,T00008701,A000505,2025-02-21T07:37:19+00:00,110.88,INR,posted,credit
L00008702,T00008702,A000946,2025-12-10T09:14:59+00:00,2572.43,USD,posted,credit
L00008703,T00008703,A001388,2025-07-06T09:02:16+00:00,694.92,GBP,posted,credit
L00008704,T00008704,A000018,2025-02-11T10:46:56+00:00,4746.41,USD,posted,credit
L00008705,T00008705,A001138,2025-07-16T22:13:57+00:00,3156.35,GBP,posted,credit
L00008706,T00008706,A000796,2026-08-14T09:57:04+00:00,1403.42,GBP,posted,credit
L00008707,T00008707,A001327,2026-01-26T22:35:03+00:00,19.41,GBP,posted,credit
L00008708,T00008708,A001269,2026-02-20T00:15:50+00:00,559.38,EUR,posted,credit
L00008709,T00008709,A001278,2025-10-16T17:21:47+00:00,937.37,EUR,posted,credit
L00008710,T00008710,A001312,2025-10-18T12:12:32+00:00,1577.80,CAD,posted,credit
L00008711,T00008711,A000926,2025-11-24T11:04:57+00:00,2708.20,USD,posted,credit
L00008712,T00008712,A000971,2026-04-15T19:32:54+00:00,3387.48,INR,posted,credit
L00008713,T00008713,A000969,2026-05-24T23:42:34+00:00,3363.53,CAD,posted,credit
L00008714,T00008714,A000297,2026-01-30T20:57:32+00:00,2854.57,EUR,posted,credit
L00008715,T00008715,A000076,2025-07-31T17:02:53+00:00,3087.34,CAD,posted,credit
L00008716,T00008716,A000109,2025-09-14T10:07:18+00:00,4505.24,CAD,posted,credit
L00008717,T00008717,A000367,2026-01-23T05:12:13+00:00,3035.31,GBP,posted,credit
L00008718,T00008718,A001057,2026-05-23T15:19:15+00:00,2288.81,USD,posted,credit
L00008719,T00008719,A001134,2025-07-03T22:07:57+00:00,296.01,USD,posted,credit
L00008720,T00008720,A000551,2026-04-06T21:27:12+00:00,3087.40,GBP,posted,credit
L00008721,T00008721,A000298,2026-01-21T14:06:10+00:00,2702.62,INR,posted,credit
L00008722,T00008722,A000828,2025-10-21T02:42:47+00:00,145.94,INR,posted,credit
L00008723,T00008723,A000219,2025-05-17T15:57:29+00:00,1057.30,INR,posted,credit
L00008724,T00008724,A001004,2026-07-26T10:43:10+00:00,1859.40,EUR,posted,credit
L00008725,T00008725,A000040,2026-06-30T16:44:17+00:00,603.72,GBP,posted,credit
L00008726,T00008726,A001106,2026-05-08T20:49:25+00:00,1177.24,GBP,posted,credit
L00008727,T00008727,A000648,2026-06-07T14:55:24+00:00,2704.05,USD,posted,credit
L00008728,T00008728,A001398,2026-04-30T09:17:22+00:00,3667.11,INR,posted,credit
L00008729,T00008729,A001004,2025-10-02T02:12:09+00:00,1145.06,EUR,posted,credit
L00008730,T00008730,A000165,2025-08-19T11:12:33+00:00,3255.87,GBP,posted,credit
L00008731,T00008731,A000388,2025-12-29T04:16:57+00:00,451.94,INR,posted,credit
L00008732,T00008732,A001063,2026-08-23T15:57:04+00:00,2440.22,EUR,posted,credit
L00008733,T00008733,A001304,2025-07-04T11:47:18+00:00,376.20,GBP,posted,credit
L00008734,T00008734,A000095,2025-09-25T12:24:35+00:00,302.55,USD,posted,credit
L00008735,T00008735,A001439,2025-05-22T18:37:23+00:00,2771.55,GBP,posted,credit
L00008736,T00008736,A000650,2026-05-21T20:18:03+00:00,609.35,CAD,posted,credit
L00008737,T00008737,A001211,2026-06-16T23:10:13+00:00,4022.73,CAD,posted,credit
L00008738,T00008738,A001075,2026-01-19T22:59:09+00:00,811.75,INR,posted,credit
L00008739,T00008739,A001226,2026-09-11T13:12:38+00:00,3128.07,USD,posted,credit
L00008740,T00008740,A001021,2025-01-15T02:56:14+00:00,2063.68,EUR,posted,credit
L00008741,T00008741,A000262,2026-08-25T13:03:46+00:00,2439.08,USD,posted,credit
L00008742,T00008742,A001349,2025-03-30T20:44:31+00:00,1904.66,EUR,posted,credit
L00008743,T00008743,A000383,2025-04-20T13:17:14+00:00,2906.23,CAD,posted,credit
L00008744,T00008744,A001497,2026-05-31T04:47:11+00:00,3425.45,EUR,posted,credit
L00008745,T00008745,A001418,2026-08-12T18:36:47+00:00,3269.07,INR,posted,credit
L00008746,T00008746,A000290,2026-06-15T08:09:22+00:00,1285.00,USD,posted,credit
L00008747,T00008747,A000119,2025-01-29T12:18:02+00:00,2506.15,INR,posted,credit
L00008748,T00008748,A001045,2025-12-01T03:34:00+00:00,2374.43,CAD,posted,credit
L00008749,T00008749,A000029,2026-04-07T18:50:05+00:00,3845.39,INR,posted,credit
L00008750,T00008750,A000332,2025-03-17T01:36:39+00:00,403.51,CAD,posted,credit
L00008751,T00008751,A001226,2025-04-19T14:10:31+00:00,274.67,USD,posted,credit
L00008752,T00008752,A000331,2026-01-11T09:21:20+00:00,797.13,EUR,posted,credit
L00008753,T00008753,A001493,2025-08-12T01:44:48+00:00,3153.84,USD,posted,credit
L00008754,T00008754,A001425,2025-04-09T01:45:38+00:00,3612.91,USD,posted,credit
L00008755,T00008755,A001283,2025-01-04T12:54:44+00:00,3173.80,EUR,posted,credit
L00008756,T00008756,A000966,2025-09-02T09:50:07+00:00,681.45,GBP,posted,credit
L00008757,T00008757,A001357,2025-03-04T16:28:19+00:00,2997.28,USD,posted,credit
L00008758,T00008758,A000448,2025-04-27T12:17:26+00:00,1565.27,GBP,posted,credit
L00008759,T00008759,A000235,2025-11-12T05:28:10+00:00,2003.59,CAD,posted,credit
L00008760,T00008760,A000468,2025-08-10T16:57:21+00:00,680.08,EUR,posted,credit
L00008761,T00008761,A001240,2026-06-16T15:36:43+00:00,2111.63,USD,posted,credit
L00008762,T00008762,A001171,2025-02-03T13:31:20+00:00,4334.62,GBP,posted,credit
L00008763,T00008763,A000660,2026-05-21T02:52:23+00:00,508.75,USD,posted,credit
L00008764,T00008764,A000513,2026-07-02T00:30:44+00:00,1412.68,INR,posted,credit
L00008765,T00008765,A000039,2026-01-28T14:42:28+00:00,4609.64,USD,posted,credit
L00008766,T00008766,A001437,2025-06-02T09:20:51+00:00,313.51,EUR,posted,credit
L00008767,T00008767,A001421,2026-03-29T13:39:14+00:00,62.16,CAD,posted,credit
L00008768,T00008768,A001104,2025-03-05T18:09:06+00:00,2327.66,USD,posted,credit
L00008769,T00008769,A001079,2025-09-07T11:03:37+00:00,935.18,INR,posted,credit
L00008770,T00008770,A000077,2025-07-20T21:52:50+00:00,4610.15,CAD,posted,credit
L00008771,T00008771,A000241,2025-03-11T08:55:41+00:00,3057.55,USD,posted,credit
L00008772,T00008772,A000608,2025-07-09T11:58:35+00:00,1911.99,USD,posted,credit
L00008773,T00008773,A000767,2025-06-19T15:25:02+00:00,381.90,USD,posted,credit
L00008774,T00008774,A000977,2025-01-28T07:44:14+00:00,2765.41,CAD,posted,credit
L00008775,T00008775,A000671,2025-10-25T15:45:58+00:00,4790.54,CAD,posted,credit
L00008776,T00008776,A001347,2026-05-11T14:27:09+00:00,2094.42,INR,posted,credit
L00008777,T00008777,A001208,2025-01-06T04:49:41+00:00,1169.22,EUR,posted,credit
L00008778,T00008778,A000684,2025-10-28T10:32:43+00:00,116.59,CAD,posted,credit
L00008779,T00008779,A001100,2025-08-04T13:15:21+00:00,4535.31,INR,posted,credit
L00008780,T00008780,A000751,2025-07-02T06:37:54+00:00,2915.33,CAD,posted,credit
L00008781,T00008781,A000509,2025-12-02T08:42:48+00:00,3268.63,INR,posted,credit
L00008782,T00008782,A000080,2025-10-03T21:55:12+00:00,3145.49,USD,posted,credit
L00008783,T00008783,A001282,2025-12-03T03:32:21+00:00,4748.01,INR,posted,credit
L00008784,T00008784,A001297,2026-07-01T18:13:24+00:00,882.67,INR,posted,credit
L00008785,T00008785,A000860,2026-03-24T23:44:32+00:00,1618.50,USD,posted,credit
L00008786,T00008786,A001277,2026-08-22T02:26:12+00:00,3825.64,USD,posted,credit
L00008787,T00008787,A001074,2025-02-09T21:29:59+00:00,2665.21,USD,posted,credit
L00008788,T00008788,A001012,2026-01-17T00:55:51+00:00,4639.16,CAD,posted,credit
L00008789,T00008789,A000727,2025-04-01T00:50:23+00:00,4484.25,CAD,posted,credit
L00008790,T00008790,A001373,2025-03-22T08:04:13+00:00,2759.01,INR,posted,credit
L00008791,T00008791,A000970,2025-10-17T17:22:42+00:00,3243.16,INR,posted,credit
L00008792,T00008792,A000555,2025-05-06T23:58:12+00:00,4712.54,USD,posted,credit
L00008793,T00008793,A000153,2026-04-22T04:17:37+00:00,2431.19,CAD,posted,credit
L00008794,T00008794,A001376,2025-05-21T03:15:12+00:00,3519.20,USD,posted,credit
L00008795,T00008795,A000847,2025-05-27T10:33:21+00:00,4993.97,CAD,posted,credit
L00008796,T00008796,A001373,2026-05-12T13:54:32+00:00,3501.00,INR,posted,credit
L00008797,T00008797,A001255,2025-11-19T03:59:12+00:00,1690.32,GBP,posted,credit
L00008798,T00008798,A000101,2026-05-10T07:29:36+00:00,3871.99,GBP,posted,credit
L00008799,T00008799,A000485,2026-08-12T02:55:53+00:00,1755.21,EUR,posted,credit
L00008800,T00008800,A000751,2026-06-14T08:35:59+00:00,180.09,CAD,posted,credit
L00008801,T00008801,A001099,2026-03-12T01:25:40+00:00,1045.44,GBP,posted,credit
L00008802,T00008802,A000904,2025-01-20T17:16:51+00:00,566.40,USD,posted,credit
L00008803,T00008803,A000806,2025-09-20T05:56:58+00:00,4943.99,GBP,posted,credit
L00008804,T00008804,A001397,2025-04-21T09:05:52+00:00,4782.36,USD,posted,credit
L00008805,T00008805,A000685,2025-10-02T10:11:44+00:00,4233.40,EUR,posted,credit
L00008806,T00008806,A001297,2025-04-08T04:46:26+00:00,1482.91,INR,posted,credit
L00008807,T00008807,A000513,2026-02-27T07:47:40+00:00,4895.10,INR,posted,credit
L00008808,T00008808,A000418,2026-03-06T03:22:47+00:00,1296.47,EUR,posted,credit
L00008809,T00008809,A000839,2026-06-10T23:26:48+00:00,1277.93,GBP,posted,credit
L00008810,T00008810,A001410,2026-01-04T21:06:03+00:00,265.71,INR,posted,credit
L00008811,T00008811,A001214,2026-07-02T12:39:39+00:00,3753.92,EUR,posted,credit
L00008812,T00008812,A001055,2025-07-21T22:45:29+00:00,662.24,CAD,posted,credit
L00008813,T00008813,A000392,2026-07-24T04:51:21+00:00,720.40,INR,posted,credit
L00008814,T00008814,A000588,2025-08-22T09:59:32+00:00,1630.24,EUR,posted,credit
L00008815,T00008815,A000746,2026-08-15T17:08:49+00:00,4889.24,GBP,posted,credit
L00008816,T00008816,A000769,2026-06-17T03:24:11+00:00,2610.06,CAD,posted,credit
L00008817,T00008817,A000491,2025-01-26T01:54:59+00:00,2472.77,INR,posted,credit
L00008818,T00008818,A001193,2026-01-29T17:16:29+00:00,4073.09,CAD,posted,credit
L00008819,T00008819,A001289,2025-01-19T12:02:42+00:00,2877.08,CAD,posted,credit
L00008820,T00008820,A000007,2026-07-11T09:26:43+00:00,3508.61,CAD,posted,credit
L00008821,T00008821,A000825,2025-09-05T06:08:38+00:00,4559.45,CAD,posted,credit
L00008822,T00008822,A000968,2026-05-14T22:13:12+00:00,1173.48,GBP,posted,credit
L00008823,T00008823,A000849,2025-03-17T23:46:36+00:00,2703.90,USD,posted,credit
L00008824,T00008824,A000632,2025-11-19T14:28:56+00:00,2539.65,GBP,posted,credit
L00008825,T00008825,A000661,2025-08-30T01:09:15+00:00,1238.11,GBP,posted,credit
L00008826,T00008826,A000446,2025-07-11T05:03:22+00:00,4726.62,USD,posted,credit
L00008827,T00008827,A001342,2025-03-17T00:23:28+00:00,1389.73,USD,posted,credit
L00008828,T00008828,A001409,2026-05-07T11:04:55+00:00,385.99,USD,posted,credit
L00008829,T00008829,A001059,2026-09-05T02:28:17+00:00,557.89,INR,posted,credit
L00008830,T00008830,A001259,2025-08-13T08:58:11+00:00,2351.51,INR,posted,credit
L00008831,T00008831,A001009,2025-07-29T18:37:45+00:00,96.77,GBP,posted,credit
L00008832,T00008832,A000261,2025-12-04T14:58:28+00:00,4267.07,USD,posted,credit
L00008833,T00008833,A000983,2025-02-13T07:40:34+00:00,3182.80,GBP,posted,credit
L00008834,T00008834,A000519,2026-02-14T23:20:56+00:00,1360.05,USD,posted,credit
L00008835,T00008835,A001371,2026-03-07T05:07:49+00:00,2067.88,CAD,posted,credit
L00008836,T00008836,A001277,2026-02-12T15:48:32+00:00,3855.88,USD,posted,credit
L00008837,T00008837,A001497,2026-05-09T19:31:23+00:00,2117.68,EUR,posted,credit
L00008838,T00008838,A001062,2026-04-15T16:41:54+00:00,1371.97,USD,posted,credit
L00008839,T00008839,A001478,2026-04-11T09:47:07+00:00,1364.10,EUR,posted,credit
L00008840,T00008840,A000369,2026-08-07T06:12:20+00:00,1545.37,USD,posted,credit
L00008841,T00008841,A000670,2025-02-24T00:57:36+00:00,661.06,GBP,posted,credit
L00008842,T00008842,A000757,2026-07-08T17:36:30+00:00,573.71,CAD,posted,credit
L00008843,T00008843,A000569,2025-02-21T00:40:20+00:00,3285.53,CAD,posted,credit
L00008844,T00008844,A000277,2026-02-07T04:38:40+00:00,2870.58,GBP,posted,credit
L00008845,T00008845,A000275,2025-10-06T09:56:30+00:00,4272.17,INR,posted,credit
L00008846,T00008846,A001073,2025-02-10T02:23:58+00:00,4549.53,GBP,posted,credit
L00008847,T00008847,A001353,2025-01-28T14:49:47+00:00,4644.94,GBP,posted,credit
L00008848,T00008848,A000025,2025-08-15T13:59:42+00:00,4193.32,USD,posted,credit
L00008849,T00008849,A000426,2025-07-27T22:45:31+00:00,3095.91,CAD,posted,credit
L00008850,T00008850,A000556,2025-08-22T02:30:30+00:00,1402.73,CAD,posted,credit
L00008851,T00008851,A000628,2026-05-20T08:40:12+00:00,3857.52,GBP,posted,credit
L00008852,T00008852,A001347,2025-02-22T19:53:33+00:00,1806.65,INR,posted,credit
L00008853,T00008853,A001172,2025-08-10T04:29:00+00:00,4655.61,EUR,posted,credit
L00008854,T00008854,A000173,2025-07-27T18:53:38+00:00,4614.21,USD,posted,credit
L00008855,T00008855,A001388,2025-10-13T03:27:38+00:00,756.51,GBP,posted,credit
L00008856,T00008856,A000982,2025-08-09T03:06:06+00:00,668.08,USD,posted,credit
L00008857,T00008857,A001349,2026-02-11T10:41:15+00:00,3500.31,EUR,posted,credit
L00008858,T00008858,A001367,2025-12-22T14:28:55+00:00,1555.91,EUR,posted,credit
L00008859,T00008859,A000383,2025-09-05T08:55:02+00:00,3499.81,CAD,posted,credit
L00008860,T00008860,A001312,2026-08-19T05:35:46+00:00,2675.48,CAD,posted,credit
L00008861,T00008861,A000625,2026-02-20T04:07:22+00:00,2910.50,USD,posted,credit
L00008862,T00008862,A000333,2025-02-20T23:06:04+00:00,1963.77,INR,posted,credit
L00008863,T00008863,A000571,2026-04-26T23:07:11+00:00,280.45,USD,posted,credit
L00008864,T00008864,A001215,2025-08-19T14:50:05+00:00,4399.31,USD,posted,credit
L00008865,T00008865,A000254,2025-05-08T07:48:30+00:00,1383.17,CAD,posted,credit
L00008866,T00008866,A000719,2026-03-01T19:38:24+00:00,3894.39,USD,posted,credit
L00008867,T00008867,A000409,2026-07-04T10:51:10+00:00,3105.38,CAD,posted,credit
L00008868,T00008868,A001491,2026-08-23T14:05:24+00:00,1106.60,INR,posted,credit
L00008869,T00008869,A001003,2025-11-26T21:48:49+00:00,1101.89,EUR,posted,credit
L00008870,T00008870,A001322,2025-03-29T05:43:40+00:00,766.86,INR,posted,credit
L00008871,T00008871,A000551,2026-01-10T00:26:32+00:00,4348.08,GBP,posted,credit
L00008872,T00008872,A000155,2026-06-06T23:47:30+00:00,2279.73,GBP,posted,credit
L00008873,T00008873,A000090,2025-01-19T19:29:03+00:00,4511.15,USD,posted,credit
L00008874,T00008874,A000210,2026-08-16T12:57:36+00:00,3309.11,EUR,posted,credit
L00008875,T00008875,A000642,2026-03-19T23:31:12+00:00,1196.89,INR,posted,credit
L00008876,T00008876,A000401,2026-05-07T09:42:18+00:00,3684.60,USD,posted,credit
L00008877,T00008877,A001253,2025-01-26T11:01:40+00:00,2299.58,GBP,posted,credit
L00008878,T00008878,A001410,2025-11-14T22:22:08+00:00,42.10,INR,posted,credit
L00008879,T00008879,A000637,2025-04-01T06:38:32+00:00,79.21,INR,posted,credit
L00008880,T00008880,A000338,2025-02-14T14:01:07+00:00,3314.94,GBP,posted,credit
L00008881,T00008881,A001043,2025-06-12T19:29:15+00:00,3936.56,USD,posted,credit
L00008882,T00008882,A000954,2026-06-29T15:04:28+00:00,2700.39,EUR,posted,credit
L00008883,T00008883,A000553,2026-03-30T07:53:06+00:00,2101.65,INR,posted,credit
L00008884,T00008884,A000848,2026-06-19T02:47:08+00:00,1429.57,GBP,posted,credit
L00008885,T00008885,A000298,2025-12-01T07:21:13+00:00,1820.21,INR,posted,credit
L00008886,T00008886,A000710,2025-06-24T14:36:10+00:00,2317.66,GBP,posted,credit
L00008887,T00008887,A000253,2025-06-17T00:48:26+00:00,2300.06,EUR,posted,credit
L00008888,T00008888,A000210,2025-01-04T14:58:23+00:00,2524.12,EUR,posted,credit
L00008889,T00008889,A000512,2026-03-02T22:34:23+00:00,1123.32,GBP,posted,credit
L00008890,T00008890,A001188,2026-05-17T09:37:18+00:00,4669.81,CAD,posted,credit
L00008891,T00008891,A000192,2026-04-10T10:12:35+00:00,4430.01,INR,posted,credit
L00008892,T00008892,A000951,2026-04-07T03:19:01+00:00,99.12,GBP,posted,credit
L00008893,T00008893,A000338,2026-08-22T00:10:19+00:00,415.47,GBP,posted,credit
L00008894,T00008894,A000070,2026-08-08T00:17:24+00:00,2150.89,INR,posted,credit
L00008895,T00008895,A001276,2025-11-20T10:09:21+00:00,2383.37,CAD,posted,credit
L00008896,T00008896,A000006,2026-03-05T17:28:52+00:00,825.11,CAD,posted,credit
L00008897,T00008897,A000475,2026-08-10T16:17:42+00:00,902.44,CAD,posted,credit
L00008898,T00008898,A000421,2025-04-01T23:43:51+00:00,3856.59,GBP,posted,credit
L00008899,T00008899,A000714,2025-06-03T05:12:47+00:00,2353.81,USD,posted,credit
L00008900,T00008900,A001193,2025-03-14T20:45:28+00:00,717.90,CAD,posted,credit
L00008901,T00008901,A001348,2026-09-03T08:25:57+00:00,3789.54,GBP,posted,credit
L00008902,T00008902,A000588,2025-01-21T16:47:50+00:00,1782.28,EUR,posted,credit
L00008903,T00008903,A000561,2025-03-28T02:14:35+00:00,459.82,GBP,posted,credit
L00008904,T00008904,A000228,2025-06-06T18:14:37+00:00,1028.38,EUR,posted,credit
L00008905,T00008905,A000124,2026-02-04T18:59:08+00:00,191.28,GBP,posted,credit
L00008906,T00008906,A000672,2026-07-09T10:47:00+00:00,4383.06,EUR,posted,credit
L00008907,T00008907,A000421,2026-04-07T17:07:37+00:00,2408.10,GBP,posted,credit
L00008908,T00008908,A000801,2026-06-18T10:34:48+00:00,70.69,CAD,posted,credit
L00008909,T00008909,A001175,2025-07-08T03:05:14+00:00,2700.05,USD,posted,credit
L00008910,T00008910,A000040,2026-05-08T01:18:43+00:00,264.16,GBP,posted,credit
L00008911,T00008911,A000621,2025-07-27T22:57:22+00:00,3394.29,INR,posted,credit
L00008912,T00008912,A001067,2025-01-27T10:50:24+00:00,4726.64,CAD,posted,credit
L00008913,T00008913,A001492,2025-01-16T13:51:05+00:00,1262.22,GBP,posted,credit
L00008914,T00008914,A000571,2025-09-05T01:19:08+00:00,1847.53,USD,posted,credit
L00008915,T00008915,A001207,2025-07-10T19:54:59+00:00,3943.09,GBP,posted,credit
L00008916,T00008916,A000651,2026-08-07T18:33:03+00:00,19.07,GBP,posted,credit
L00008917,T00008917,A000077,2026-09-06T14:18:13+00:00,769.87,CAD,posted,credit
L00008918,T00008918,A000034,2025-07-31T02:53:04+00:00,3103.45,USD,posted,credit
L00008919,T00008919,A001142,2025-01-26T14:09:36+00:00,601.55,CAD,posted,credit
L00008920,T00008920,A000384,2025-12-07T01:16:33+00:00,1098.78,CAD,posted,credit
L00008921,T00008921,A000531,2025-02-07T21:05:31+00:00,3551.62,EUR,posted,credit
L00008922,T00008922,A000528,2025-09-05T17:20:10+00:00,988.51,INR,posted,credit
L00008923,T00008923,A001099,2025-01-18T04:06:41+00:00,752.62,GBP,posted,credit
L00008924,T00008924,A001195,2026-03-25T19:46:42+00:00,2257.19,CAD,posted,credit
L00008925,T00008925,A001136,2026-02-01T11:46:34+00:00,3672.87,GBP,posted,credit
L00008926,T00008926,A000609,2026-01-23T06:31:09+00:00,1941.63,GBP,posted,credit
L00008927,T00008927,A000062,2025-05-16T03:51:28+00:00,2104.90,GBP,posted,credit
L00008928,T00008928,A000275,2026-03-22T01:40:05+00:00,3093.01,INR,posted,credit
L00008929,T00008929,A000957,2025-07-27T07:51:46+00:00,348.23,GBP,posted,credit
L00008930,T00008930,A000375,2026-03-06T12:44:49+00:00,2954.35,CAD,posted,credit
L00008931,T00008931,A000096,2025-06-05T10:23:12+00:00,2740.31,GBP,posted,credit
L00008932,T00008932,A000074,2025-06-12T07:38:02+00:00,3877.51,INR,posted,credit
L00008933,T00008933,A000044,2025-04-28T08:08:05+00:00,4112.17,USD,posted,credit
L00008934,T00008934,A000311,2025-03-14T14:47:10+00:00,1974.84,GBP,posted,credit
L00008935,T00008935,A000753,2026-08-18T05:04:12+00:00,4519.75,INR,posted,credit
L00008936,T00008936,A000107,2025-06-14T06:31:59+00:00,4666.37,USD,posted,credit
L00008937,T00008937,A000002,2025-08-03T12:06:04+00:00,235.55,USD,posted,credit
L00008938,T00008938,A000798,2025-12-03T17:44:14+00:00,904.11,INR,posted,credit
L00008939,T00008939,A000198,2025-10-09T08:05:17+00:00,3928.32,EUR,posted,credit
L00008940,T00008940,A000297,2025-07-25T07:21:20+00:00,1296.52,EUR,posted,credit
L00008941,T00008941,A000208,2025-11-02T02:27:51+00:00,3991.44,GBP,posted,credit
L00008942,T00008942,A000696,2026-02-28T21:55:15+00:00,1003.07,GBP,posted,credit
L00008943,T00008943,A000679,2026-03-15T04:22:14+00:00,2535.35,INR,posted,credit
L00008944,T00008944,A000173,2025-08-13T22:49:42+00:00,216.46,USD,posted,credit
L00008945,T00008945,A001391,2026-04-10T02:52:49+00:00,4822.88,CAD,posted,credit
L00008946,T00008946,A000831,2026-06-27T21:27:06+00:00,3657.60,USD,posted,credit
L00008947,T00008947,A000559,2025-07-07T19:53:19+00:00,3197.64,GBP,posted,credit
L00008948,T00008948,A000864,2026-01-01T19:01:17+00:00,1471.86,CAD,posted,credit
L00008949,T00008949,A001367,2025-03-04T02:11:10+00:00,3063.37,EUR,posted,credit
L00008950,T00008950,A000438,2026-06-06T16:04:29+00:00,3896.57,USD,posted,credit
L00008951,T00008951,A001390,2025-09-20T09:25:31+00:00,3062.37,INR,posted,credit
L00008952,T00008952,A000939,2025-08-05T10:21:48+00:00,3207.62,USD,posted,credit
L00008953,T00008953,A000302,2025-09-22T09:52:42+00:00,4284.34,USD,posted,credit
L00008954,T00008954,A000322,2025-04-23T19:59:46+00:00,3590.00,INR,posted,credit
L00008955,T00008955,A000658,2025-12-04T01:21:22+00:00,2563.26,USD,posted,credit
L00008956,T00008956,A000551,2026-02-08T13:19:54+00:00,1839.39,GBP,posted,credit
L00008957,T00008957,A000734,2025-05-03T01:41:09+00:00,3609.87,INR,posted,credit
L00008958,T00008958,A000048,2025-05-05T06:53:39+00:00,1721.67,INR,posted,credit
L00008959,T00008959,A000312,2025-12-24T03:50:16+00:00,2039.70,EUR,posted,credit
L00008960,T00008960,A000489,2025-01-28T08:03:40+00:00,2040.26,EUR,posted,credit
L00008961,T00008961,A000312,2026-03-13T11:50:12+00:00,3486.94,EUR,posted,credit
L00008962,T00008962,A001279,2025-10-27T11:25:26+00:00,4815.23,CAD,posted,credit
L00008963,T00008963,A000286,2025-09-10T04:28:56+00:00,4204.05,USD,posted,credit
L00008964,T00008964,A001366,2025-07-18T01:31:54+00:00,1780.33,CAD,posted,credit
L00008965,T00008965,A000046,2025-01-11T06:10:39+00:00,3387.09,USD,posted,credit
L00008966,T00008966,A000490,2026-06-29T18:03:42+00:00,4583.95,USD,posted,credit
L00008967,T00008967,A000831,2025-06-29T15:11:05+00:00,503.71,USD,posted,credit
L00008968,T00008968,A000582,2026-02-04T17:22:38+00:00,3236.25,EUR,posted,credit
L00008969,T00008969,A001393,2025-11-15T23:49:29+00:00,2832.40,INR,posted,credit
L00008970,T00008970,A000927,2025-07-05T14:57:48+00:00,331.84,EUR,posted,credit
L00008971,T00008971,A001121,2025-10-03T02:19:32+00:00,3506.20,EUR,posted,credit
L00008972,T00008972,A000753,2025-03-07T04:39:46+00:00,2551.08,INR,posted,credit
L00008973,T00008973,A000513,2026-02-04T15:07:40+00:00,190.80,INR,posted,credit
L00008974,T00008974,A000849,2025-01-19T11:41:07+00:00,4080.28,USD,posted,credit
L00008975,T00008975,A001178,2025-07-08T19:33:06+00:00,127.79,INR,posted,credit
L00008976,T00008976,A000922,2025-11-15T09:58:42+00:00,482.20,EUR,posted,credit
L00008977,T00008977,A001046,2025-09-05T14:28:43+00:00,4184.65,INR,posted,credit
L00008978,T00008978,A000580,2025-11-26T08:38:10+00:00,1970.70,INR,posted,credit
L00008979,T00008979,A000090,2026-02-03T18:20:02+00:00,2358.46,USD,posted,credit
L00008980,T00008980,A000101,2026-02-20T21:44:19+00:00,1329.93,GBP,posted,credit
L00008981,T00008981,A000727,2025-07-03T03:17:11+00:00,3123.41,CAD,posted,credit
L00008982,T00008982,A000198,2025-04-18T17:37:50+00:00,362.18,EUR,posted,credit
L00008983,T00008983,A000692,2025-07-25T13:38:29+00:00,852.61,CAD,posted,credit
L00008984,T00008984,A000687,2025-03-24T07:13:47+00:00,2912.25,INR,posted,credit
L00008985,T00008985,A000218,2026-04-04T02:06:09+00:00,1880.01,EUR,posted,credit
L00008986,T00008986,A000368,2025-05-09T14:20:12+00:00,1920.45,EUR,posted,credit
L00008987,T00008987,A001290,2026-08-31T07:54:41+00:00,1946.43,CAD,posted,credit
L00008988,T00008988,A000935,2026-05-24T06:47:38+00:00,1485.62,EUR,posted,credit
L00008989,T00008989,A001438,2025-07-25T03:24:49+00:00,3326.46,GBP,posted,credit
L00008990,T00008990,A001247,2026-06-01T02:49:36+00:00,2096.71,EUR,posted,credit
L00008991,T00008991,A000933,2026-06-08T08:18:10+00:00,2482.84,CAD,posted,credit
L00008992,T00008992,A000942,2026-08-20T19:26:08+00:00,858.64,CAD,posted,credit
L00008993,T00008993,A000190,2026-04-04T20:34:20+00:00,4985.66,EUR,posted,credit
L00008994,T00008994,A000864,2026-04-27T05:23:00+00:00,2670.19,CAD,posted,credit
L00008995,T00008995,A000031,2025-04-02T13:46:41+00:00,350.44,CAD,posted,credit
L00008996,T00008996,A000049,2025-02-23T01:28:42+00:00,4891.10,INR,posted,credit
L00008997,T00008997,A000575,2026-01-17T12:09:25+00:00,831.55,GBP,posted,credit
L00008998,T00008998,A000613,2026-04-18T08:14:59+00:00,4734.55,INR,posted,credit
L00008999,T00008999,A000481,2025-02-04T22:47:31+00:00,606.50,EUR,posted,credit
L00009000,T00009000,A001018,2026-08-30T14:30:44+00:00,1313.39,USD,posted,credit
L00009001,T00009001,A001445,2026-08-25T14:26:26+00:00,4140.22,EUR,posted,credit
L00009002,T00009002,A000054,2025-12-02T13:12:31+00:00,1739.63,EUR,posted,credit
L00009003,T00009003,A001206,2025-08-18T06:56:02+00:00,1816.74,INR,posted,credit
L00009004,T00009004,A001497,2026-01-21T02:18:14+00:00,1004.61,EUR,posted,credit
L00009005,T00009005,A001478,2025-06-03T11:07:03+00:00,1991.40,EUR,posted,credit
L00009006,T00009006,A000622,2026-08-28T17:01:14+00:00,727.54,GBP,posted,credit
L00009007,T00009007,A001073,2026-04-02T10:29:36+00:00,3028.21,GBP,posted,credit
L00009008,T00009008,A001089,2026-04-27T22:38:11+00:00,3411.25,INR,posted,credit
L00009009,T00009009,A000696,2026-08-26T00:54:08+00:00,4035.85,GBP,posted,credit
L00009010,T00009010,A001364,2026-03-12T22:27:45+00:00,844.76,GBP,posted,credit
L00009011,T00009011,A001413,2025-04-18T04:13:54+00:00,545.03,INR,posted,credit
L00009012,T00009012,A000393,2026-06-03T19:04:32+00:00,4012.95,CAD,posted,credit
L00009013,T00009013,A000825,2025-04-03T18:51:41+00:00,4352.06,CAD,posted,credit
L00009014,T00009014,A001379,2026-01-29T21:29:47+00:00,2740.69,CAD,posted,credit
L00009015,T00009015,A001428,2025-08-23T22:48:08+00:00,2675.02,INR,posted,credit
L00009016,T00009016,A000114,2026-04-13T17:18:55+00:00,3304.52,CAD,posted,credit
L00009017,T00009017,A001364,2026-09-03T13:51:46+00:00,210.56,GBP,posted,credit
L00009018,T00009018,A000405,2026-07-31T19:12:00+00:00,2130.00,INR,posted,credit
L00009019,T00009019,A000559,2025-09-30T23:32:28+00:00,3139.41,GBP,posted,credit
L00009020,T00009020,A000799,2026-03-03T05:00:34+00:00,1858.76,INR,posted,credit
L00009021,T00009021,A001288,2026-02-05T04:50:20+00:00,2785.07,INR,posted,credit
L00009022,T00009022,A000229,2025-05-05T00:11:55+00:00,1813.25,USD,posted,credit
L00009023,T00009023,A000315,2026-03-20T17:15:03+00:00,3693.45,CAD,posted,credit
L00009024,T00009024,A000578,2025-06-24T18:04:12+00:00,4493.16,USD,posted,credit
L00009025,T00009025,A000549,2025-12-26T12:17:01+00:00,653.56,INR,posted,credit
L00009026,T00009026,A000237,2025-07-03T19:29:49+00:00,1795.99,CAD,posted,credit
L00009027,T00009027,A000586,2025-08-06T10:50:02+00:00,3532.73,CAD,posted,credit
L00009028,T00009028,A001187,2025-05-06T17:35:22+00:00,2877.90,USD,posted,credit
L00009029,T00009029,A001465,2025-09-26T12:24:34+00:00,2364.46,USD,posted,credit
L00009030,T00009030,A001280,2025-08-11T21:07:24+00:00,498.38,EUR,posted,credit
L00009031,T00009031,A000794,2025-01-27T14:39:37+00:00,3569.72,INR,posted,credit
L00009032,T00009032,A000011,2025-09-13T16:29:11+00:00,761.48,CAD,posted,credit
L00009033,T00009033,A000487,2026-04-23T08:14:12+00:00,1954.80,INR,posted,credit
L00009034,T00009034,A001479,2025-04-17T11:03:15+00:00,238.07,EUR,posted,credit
L00009035,T00009035,A000868,2026-05-15T15:57:52+00:00,1192.36,EUR,posted,credit
L00009036,T00009036,A000797,2025-09-14T21:20:09+00:00,152.92,GBP,posted,credit
L00009037,T00009037,A001048,2026-06-22T07:31:06+00:00,2584.12,INR,posted,credit
L00009038,T00009038,A000433,2025-08-02T18:20:08+00:00,4478.70,INR,posted,credit
L00009039,T00009039,A000229,2025-10-28T09:34:34+00:00,2350.08,USD,posted,credit
L00009040,T00009040,A000600,2026-08-19T18:18:32+00:00,3651.66,USD,posted,credit
L00009041,T00009041,A000878,2025-07-12T09:43:45+00:00,3414.43,EUR,posted,credit
L00009042,T00009042,A001036,2025-06-25T03:11:49+00:00,145.82,INR,posted,credit
L00009043,T00009043,A000151,2025-01-03T02:30:19+00:00,4891.25,GBP,posted,credit
L00009044,T00009044,A000016,2025-03-12T17:08:54+00:00,3896.15,USD,posted,credit
L00009045,T00009045,A001320,2025-07-27T05:32:31+00:00,1978.13,INR,posted,credit
L00009046,T00009046,A000714,2026-07-01T08:26:35+00:00,2752.76,USD,posted,credit
L00009047,T00009047,A000198,2026-06-27T00:46:06+00:00,540.82,EUR,posted,credit
L00009048,T00009048,A000904,2025-03-28T04:46:14+00:00,3879.56,USD,posted,credit
L00009049,T00009049,A000292,2026-07-14T23:04:44+00:00,3512.96,CAD,posted,credit
L00009050,T00009050,A001371,2026-07-02T06:29:01+00:00,1896.17,CAD,posted,credit
L00009051,T00009051,A000198,2025-07-01T10:39:09+00:00,2011.28,EUR,posted,credit
L00009052,T00009052,A001291,2025-01-07T04:43:18+00:00,795.28,CAD,posted,credit
L00009053,T00009053,A001431,2026-01-11T21:12:05+00:00,2660.23,USD,posted,credit
L00009054,T00009054,A001264,2025-10-11T02:15:22+00:00,1638.81,EUR,posted,credit
L00009055,T00009055,A000438,2025-08-11T01:16:59+00:00,1856.77,USD,posted,credit
L00009056,T00009056,A000492,2026-02-28T05:09:47+00:00,1081.88,INR,posted,credit
L00009057,T00009057,A001157,2025-11-23T14:26:23+00:00,798.83,EUR,posted,credit
L00009058,T00009058,A000976,2025-03-31T10:51:15+00:00,2350.69,EUR,posted,credit
L00009059,T00009059,A000751,2025-08-12T00:10:29+00:00,4974.58,CAD,posted,credit
L00009060,T00009060,A001115,2026-02-01T08:00:07+00:00,2065.22,GBP,posted,credit
L00009061,T00009061,A000399,2025-07-22T23:52:17+00:00,2666.51,USD,posted,credit
L00009062,T00009062,A000275,2026-01-02T05:48:56+00:00,3675.98,INR,posted,credit
L00009063,T00009063,A001421,2025-06-30T16:25:37+00:00,3665.45,CAD,posted,credit
L00009064,T00009064,A001346,2025-07-05T06:29:25+00:00,764.24,USD,posted,credit
L00009065,T00009065,A000668,2026-01-04T19:59:09+00:00,1917.59,GBP,posted,credit
L00009066,T00009066,A000624,2025-06-10T12:04:53+00:00,1878.66,GBP,posted,credit
L00009067,T00009067,A000304,2026-02-01T18:46:58+00:00,2142.39,EUR,posted,credit
L00009068,T00009068,A000123,2025-07-29T12:42:25+00:00,4070.90,GBP,posted,credit
L00009069,T00009069,A000329,2025-03-30T16:02:40+00:00,3394.31,INR,posted,credit
L00009070,T00009070,A001009,2025-04-03T01:57:54+00:00,2793.42,GBP,posted,credit
L00009071,T00009071,A000607,2025-12-28T23:54:56+00:00,2578.77,CAD,posted,credit
L00009072,T00009072,A000877,2026-08-17T18:15:15+00:00,4751.86,USD,posted,credit
L00009073,T00009073,A000272,2026-08-18T04:21:12+00:00,710.96,USD,posted,credit
L00009074,T00009074,A001017,2026-06-29T11:47:25+00:00,3869.12,EUR,posted,credit
L00009075,T00009075,A001422,2026-03-25T12:12:48+00:00,4785.66,CAD,posted,credit
L00009076,T00009076,A000272,2026-06-14T22:34:03+00:00,4711.12,USD,posted,credit
L00009077,T00009077,A000033,2026-07-03T17:24:25+00:00,1161.23,EUR,posted,credit
L00009078,T00009078,A000914,2026-04-03T22:47:40+00:00,3768.11,INR,posted,credit
L00009079,T00009079,A000083,2026-06-08T22:03:25+00:00,2561.94,USD,posted,credit
L00009080,T00009080,A001362,2026-06-09T14:54:08+00:00,4548.26,USD,posted,credit
L00009081,T00009081,A001119,2026-08-11T02:12:32+00:00,3897.08,EUR,posted,credit
L00009082,T00009082,A001252,2026-07-14T00:45:03+00:00,480.89,CAD,posted,credit
L00009083,T00009083,A000415,2025-04-12T15:35:43+00:00,4926.66,GBP,posted,credit
L00009084,T00009084,A000895,2025-04-28T08:22:18+00:00,4006.46,INR,posted,credit
L00009085,T00009085,A000018,2026-08-03T00:25:59+00:00,3069.42,USD,posted,credit
L00009086,T00009086,A000471,2026-07-08T06:57:28+00:00,466.63,CAD,posted,credit
L00009087,T00009087,A001059,2025-08-31T15:29:31+00:00,2730.96,INR,posted,credit
L00009088,T00009088,A000869,2025-01-17T19:51:21+00:00,3979.12,INR,posted,credit
L00009089,T00009089,A001136,2026-03-14T01:28:40+00:00,2939.74,GBP,posted,credit
L00009090,T00009090,A001445,2025-02-28T12:00:55+00:00,2427.15,EUR,posted,credit
L00009091,T00009091,A001133,2026-01-03T09:45:32+00:00,3308.99,GBP,posted,credit
L00009092,T00009092,A000446,2025-12-29T02:29:49+00:00,4694.19,USD,posted,credit
L00009093,T00009093,A000918,2025-03-28T00:36:58+00:00,1211.25,USD,posted,credit
L00009094,T00009094,A001211,2025-07-14T16:59:26+00:00,1748.23,CAD,posted,credit
L00009095,T00009095,A001344,2026-01-15T10:29:47+00:00,3521.63,INR,posted,credit
L00009096,T00009096,A001398,2026-09-04T12:16:39+00:00,800.84,INR,posted,credit
L00009097,T00009097,A000119,2026-02-14T07:19:15+00:00,2754.58,INR,posted,credit
L00009098,T00009098,A001229,2025-01-11T10:14:58+00:00,1616.97,EUR,posted,credit
L00009099,T00009099,A000659,2025-08-04T04:37:54+00:00,2608.34,USD,posted,credit
L00009100,T00009100,A000242,2026-08-02T15:28:21+00:00,808.40,GBP,posted,credit
L00009101,T00009101,A000139,2025-03-08T13:51:21+00:00,1598.91,CAD,posted,credit
L00009102,T00009102,A001333,2026-04-25T09:32:19+00:00,1797.98,EUR,posted,credit
L00009103,T00009103,A000541,2026-06-25T15:33:06+00:00,3491.26,EUR,posted,credit
L00009104,T00009104,A000142,2025-07-27T14:43:14+00:00,838.46,USD,posted,credit
L00009105,T00009105,A000811,2025-09-25T18:05:48+00:00,1841.84,USD,posted,credit
L00009106,T00009106,A000355,2025-11-03T03:10:52+00:00,1748.67,USD,posted,credit
L00009107,T00009107,A000490,2026-01-24T04:58:06+00:00,879.05,USD,posted,credit
L00009108,T00009108,A001248,2026-05-26T11:06:20+00:00,4244.48,INR,posted,credit
L00009109,T00009109,A001439,2026-03-15T12:12:47+00:00,2065.38,GBP,posted,credit
L00009110,T00009110,A001045,2025-10-23T07:50:53+00:00,4259.40,CAD,posted,credit
L00009111,T00009111,A001253,2025-05-23T05:06:00+00:00,2008.03,GBP,posted,credit
L00009112,T00009112,A000190,2025-02-26T14:44:11+00:00,4716.30,EUR,posted,credit
L00009113,T00009113,A001017,2025-02-02T02:00:16+00:00,933.48,EUR,posted,credit
L00009114,T00009114,A000866,2026-03-21T18:21:54+00:00,323.01,GBP,posted,credit
L00009115,T00009115,A000239,2026-06-21T03:20:19+00:00,3925.14,EUR,posted,credit
L00009116,T00009116,A001200,2026-03-19T00:23:40+00:00,1641.33,INR,posted,credit
L00009117,T00009117,A000697,2025-05-24T21:40:20+00:00,2492.83,EUR,posted,credit
L00009118,T00009118,A000097,2025-06-13T00:33:45+00:00,274.02,INR,posted,credit
L00009119,T00009119,A000773,2025-09-09T23:59:32+00:00,19.24,USD,posted,credit
L00009120,T00009120,A001130,2025-04-04T19:48:19+00:00,3823.91,CAD,posted,credit
L00009121,T00009121,A000208,2025-11-19T02:08:29+00:00,370.83,GBP,posted,credit
L00009122,T00009122,A001027,2026-08-22T01:38:39+00:00,3412.83,GBP,posted,credit
L00009123,T00009123,A000001,2025-07-22T03:35:56+00:00,1925.48,USD,posted,credit
L00009124,T00009124,A001006,2026-07-08T14:22:56+00:00,841.63,USD,posted,credit
L00009125,T00009125,A000183,2026-06-28T05:09:26+00:00,1826.61,INR,posted,credit
L00009126,T00009126,A001130,2026-02-10T03:17:36+00:00,4202.05,CAD,posted,credit
L00009127,T00009127,A000785,2026-09-04T00:34:29+00:00,2950.26,GBP,posted,credit
L00009128,T00009128,A000754,2025-04-26T23:34:24+00:00,423.59,INR,posted,credit
L00009129,T00009129,A000291,2026-08-31T08:14:53+00:00,846.74,CAD,posted,credit
L00009130,T00009130,A001496,2025-10-15T15:21:24+00:00,3475.02,CAD,posted,credit
L00009131,T00009131,A000232,2025-07-08T20:23:04+00:00,2086.23,INR,posted,credit
L00009132,T00009132,A001301,2025-01-17T17:49:54+00:00,2141.16,GBP,posted,credit
L00009133,T00009133,A000079,2025-12-14T18:26:29+00:00,261.84,CAD,posted,credit
L00009134,T00009134,A000218,2026-07-15T23:43:30+00:00,3544.29,EUR,posted,credit
L00009135,T00009135,A001472,2025-11-12T06:18:56+00:00,577.33,CAD,posted,credit
L00009136,T00009136,A000428,2025-07-02T03:43:27+00:00,1160.29,INR,posted,credit
L00009137,T00009137,A001376,2026-07-20T00:56:53+00:00,1350.77,USD,posted,credit
L00009138,T00009138,A001237,2025-04-07T05:28:49+00:00,3945.74,EUR,posted,credit
L00009139,T00009139,A000847,2025-08-29T23:41:28+00:00,3032.45,CAD,posted,credit
L00009140,T00009140,A000595,2026-07-15T03:25:11+00:00,3569.13,EUR,posted,credit
L00009141,T00009141,A000848,2025-10-13T00:45:27+00:00,3620.97,GBP,posted,credit
L00009142,T00009142,A001279,2026-05-03T17:21:32+00:00,4095.78,CAD,posted,credit
L00009143,T00009143,A001276,2025-06-28T02:28:33+00:00,655.76,CAD,posted,credit
L00009144,T00009144,A001266,2026-07-31T10:01:10+00:00,893.79,INR,posted,credit
L00009145,T00009145,A000895,2026-04-08T21:13:18+00:00,2069.48,INR,posted,credit
L00009146,T00009146,A000668,2025-02-22T05:19:12+00:00,2309.21,GBP,posted,credit
L00009147,T00009147,A000077,2025-04-11T02:31:05+00:00,3394.64,CAD,posted,credit
L00009148,T00009148,A001495,2026-08-22T10:52:16+00:00,449.22,INR,posted,credit
L00009149,T00009149,A000160,2026-08-07T07:09:51+00:00,2550.38,CAD,posted,credit
L00009150,T00009150,A001072,2026-05-02T03:32:10+00:00,4713.74,USD,posted,credit
L00009151,T00009151,A000069,2025-11-24T01:29:07+00:00,2385.24,CAD,posted,credit
L00009152,T00009152,A000209,2026-09-10T00:17:32+00:00,1333.15,GBP,posted,credit
L00009153,T00009153,A001086,2025-12-01T13:00:18+00:00,789.86,GBP,posted,credit
L00009154,T00009154,A000335,2025-10-18T04:58:33+00:00,4692.89,CAD,posted,credit
L00009155,T00009155,A000931,2025-10-24T16:37:59+00:00,4741.01,INR,posted,credit
L00009156,T00009156,A000561,2026-08-16T11:54:29+00:00,3457.33,GBP,posted,credit
L00009157,T00009157,A000436,2026-05-25T11:23:26+00:00,4432.75,USD,posted,credit
L00009158,T00009158,A000388,2025-06-19T06:05:45+00:00,3587.32,INR,posted,credit
L00009159,T00009159,A001492,2025-12-12T02:52:39+00:00,4440.49,GBP,posted,credit
L00009160,T00009160,A001172,2025-05-04T21:20:15+00:00,2209.45,EUR,posted,credit
L00009161,T00009161,A001202,2026-08-15T12:26:07+00:00,2720.10,CAD,posted,credit
L00009162,T00009162,A000192,2025-03-26T17:40:52+00:00,818.67,INR,posted,credit
L00009163,T00009163,A000880,2026-09-01T10:28:41+00:00,123.02,CAD,posted,credit
L00009164,T00009164,A000572,2025-06-22T20:42:04+00:00,1198.33,GBP,posted,credit
L00009165,T00009165,A001350,2025-08-08T17:59:53+00:00,672.00,CAD,posted,credit
L00009166,T00009166,A000553,2025-09-04T03:15:43+00:00,3793.18,INR,posted,credit
L00009167,T00009167,A001175,2026-03-21T20:08:06+00:00,3809.68,USD,posted,credit
L00009168,T00009168,A000204,2026-01-31T00:33:13+00:00,2273.61,CAD,posted,credit
L00009169,T00009169,A001213,2025-08-09T22:42:52+00:00,3486.20,USD,posted,credit
L00009170,T00009170,A000722,2026-05-01T03:12:00+00:00,2876.97,EUR,posted,credit
L00009171,T00009171,A000487,2025-07-27T10:21:17+00:00,1099.33,INR,posted,credit
L00009172,T00009172,A000575,2026-09-12T13:24:21+00:00,488.55,GBP,posted,credit
L00009173,T00009173,A000670,2025-09-16T09:03:03+00:00,1577.76,GBP,posted,credit
L00009174,T00009174,A000500,2025-02-23T07:55:54+00:00,4063.22,INR,posted,credit
L00009175,T00009175,A000085,2025-11-28T12:45:29+00:00,2545.20,GBP,posted,credit
L00009176,T00009176,A001152,2025-01-06T10:47:41+00:00,3475.66,USD,posted,credit
L00009177,T00009177,A001180,2026-09-06T16:13:41+00:00,876.53,CAD,posted,credit
L00009178,T00009178,A001433,2025-03-28T16:47:40+00:00,3277.18,EUR,posted,credit
L00009179,T00009179,A000247,2026-04-11T10:43:03+00:00,1493.09,INR,posted,credit
L00009180,T00009180,A000745,2025-01-18T15:57:00+00:00,4100.22,GBP,posted,credit
L00009181,T00009181,A000245,2025-03-20T01:46:30+00:00,2469.90,INR,posted,credit
L00009182,T00009182,A000733,2025-02-28T05:44:21+00:00,1497.81,INR,posted,credit
L00009183,T00009183,A000159,2026-05-15T23:25:44+00:00,3157.48,CAD,posted,credit
L00009184,T00009184,A000357,2025-09-17T17:31:16+00:00,4843.03,INR,posted,credit
L00009185,T00009185,A000997,2026-04-15T12:47:56+00:00,1712.45,USD,posted,credit
L00009186,T00009186,A000584,2025-02-06T07:45:34+00:00,337.83,GBP,posted,credit
L00009187,T00009187,A000187,2025-12-23T04:58:47+00:00,4982.49,GBP,posted,credit
L00009188,T00009188,A000513,2025-02-28T03:30:16+00:00,2233.28,INR,posted,credit
L00009189,T00009189,A001392,2026-01-21T00:37:56+00:00,2271.97,CAD,posted,credit
L00009190,T00009190,A000189,2026-03-16T16:18:50+00:00,862.32,INR,posted,credit
L00009191,T00009191,A001207,2025-02-24T08:44:55+00:00,4617.34,GBP,posted,credit
L00009192,T00009192,A000027,2025-07-24T01:10:02+00:00,701.86,CAD,posted,credit
L00009193,T00009193,A000100,2025-08-21T04:50:27+00:00,996.72,USD,posted,credit
L00009194,T00009194,A000205,2025-12-13T02:36:08+00:00,2804.11,EUR,posted,credit
L00009195,T00009195,A000534,2025-08-18T10:44:16+00:00,3598.87,USD,posted,credit
L00009196,T00009196,A000624,2025-06-22T09:52:11+00:00,212.27,GBP,posted,credit
L00009197,T00009197,A001285,2026-04-19T15:11:16+00:00,1233.24,INR,posted,credit
L00009198,T00009198,A001250,2026-06-02T12:10:46+00:00,2740.05,GBP,posted,credit
L00009199,T00009199,A000291,2026-01-06T20:14:27+00:00,3592.92,CAD,posted,credit
L00009200,T00009200,A001440,2025-03-05T05:13:10+00:00,4994.36,EUR,posted,credit
L00009201,T00009201,A001379,2025-02-24T00:43:42+00:00,464.92,CAD,posted,credit
L00009202,T00009202,A000882,2026-05-28T12:37:12+00:00,955.72,USD,posted,credit
L00009203,T00009203,A000278,2025-09-20T06:30:16+00:00,1209.81,INR,posted,credit
L00009204,T00009204,A000631,2025-03-02T19:33:58+00:00,4606.82,CAD,posted,credit
L00009205,T00009205,A001153,2025-04-09T23:49:39+00:00,3119.28,GBP,posted,credit
L00009206,T00009206,A000911,2025-09-20T18:30:54+00:00,2475.75,GBP,posted,credit
L00009207,T00009207,A000111,2025-02-20T07:36:19+00:00,2218.17,CAD,posted,credit
L00009208,T00009208,A001257,2026-03-26T00:54:04+00:00,2872.41,CAD,posted,credit
L00009209,T00009209,A000854,2026-08-19T05:59:43+00:00,2756.62,USD,posted,credit
L00009210,T00009210,A001163,2025-06-21T00:37:30+00:00,1247.49,GBP,posted,credit
L00009211,T00009211,A000890,2025-02-03T13:45:27+00:00,921.75,EUR,posted,credit
L00009212,T00009212,A000633,2026-08-28T22:45:39+00:00,2778.61,CAD,posted,credit
L00009213,T00009213,A000631,2025-10-16T12:57:59+00:00,3274.94,CAD,posted,credit
L00009214,T00009214,A001474,2025-09-30T13:08:45+00:00,764.03,USD,posted,credit
L00009215,T00009215,A000746,2025-09-11T08:57:40+00:00,4187.43,GBP,posted,credit
L00009216,T00009216,A000406,2025-09-02T06:58:48+00:00,1505.34,EUR,posted,credit
L00009217,T00009217,A000423,2025-07-07T10:58:02+00:00,2516.73,USD,posted,credit
L00009218,T00009218,A000835,2025-02-05T03:02:44+00:00,1585.74,USD,posted,credit
L00009219,T00009219,A001319,2025-05-05T09:47:55+00:00,2343.05,EUR,posted,credit
L00009220,T00009220,A001327,2026-08-03T06:31:45+00:00,2571.66,GBP,posted,credit
L00009221,T00009221,A000674,2026-04-09T04:29:28+00:00,2324.22,USD,posted,credit
L00009222,T00009222,A000979,2025-06-03T20:43:27+00:00,2197.81,CAD,posted,credit
L00009223,T00009223,A001430,2025-05-28T09:16:50+00:00,270.58,CAD,posted,credit
L00009224,T00009224,A000799,2025-03-06T20:50:31+00:00,4954.26,INR,posted,credit
L00009225,T00009225,A001118,2026-01-24T11:14:32+00:00,1269.67,INR,posted,credit
L00009226,T00009226,A000706,2026-01-29T15:28:03+00:00,748.03,INR,posted,credit
L00009227,T00009227,A000044,2026-08-19T08:58:08+00:00,4157.25,USD,posted,credit
L00009228,T00009228,A000958,2026-05-13T13:05:10+00:00,4024.30,EUR,posted,credit
L00009229,T00009229,A000882,2026-03-07T06:24:52+00:00,4272.95,USD,posted,credit
L00009230,T00009230,A001050,2025-09-08T08:10:47+00:00,3725.00,INR,posted,credit
L00009231,T00009231,A000548,2025-08-20T19:04:08+00:00,1899.21,CAD,posted,credit
L00009232,T00009232,A000811,2026-03-13T04:56:55+00:00,3705.36,USD,posted,credit
L00009233,T00009233,A001164,2026-05-12T22:03:56+00:00,72.17,USD,posted,credit
L00009234,T00009234,A000127,2026-03-14T12:54:31+00:00,4262.65,INR,posted,credit
L00009235,T00009235,A001129,2026-03-08T18:49:20+00:00,4296.49,CAD,posted,credit
L00009236,T00009236,A000321,2025-05-21T02:07:19+00:00,3583.56,CAD,posted,credit
L00009237,T00009237,A000831,2026-08-13T20:13:01+00:00,4605.75,USD,posted,credit
L00009238,T00009238,A001477,2026-02-16T12:57:07+00:00,2100.43,CAD,posted,credit
L00009239,T00009239,A000955,2026-01-02T12:41:04+00:00,449.44,CAD,posted,credit
L00009240,T00009240,A001015,2025-04-14T08:03:05+00:00,4740.39,EUR,posted,credit
L00009241,T00009241,A001498,2026-02-19T18:27:26+00:00,2123.84,CAD,posted,credit
L00009242,T00009242,A000003,2025-12-26T02:42:49+00:00,1420.27,EUR,posted,credit
L00009243,T00009243,A000940,2026-05-21T13:22:31+00:00,1868.52,GBP,posted,credit
L00009244,T00009244,A000177,2025-11-21T04:04:41+00:00,696.94,USD,posted,credit
L00009245,T00009245,A000109,2025-05-08T15:22:25+00:00,1654.33,CAD,posted,credit
L00009246,T00009246,A000288,2026-05-18T14:03:55+00:00,3682.28,USD,posted,credit
L00009247,T00009247,A000645,2025-08-27T18:47:50+00:00,1865.04,INR,posted,credit
L00009248,T00009248,A000777,2026-03-21T02:32:47+00:00,1519.62,CAD,posted,credit
L00009249,T00009249,A000024,2026-06-16T16:29:30+00:00,829.94,USD,posted,credit
L00009250,T00009250,A001233,2025-03-07T11:40:35+00:00,1478.38,GBP,posted,credit
L00009251,T00009251,A000536,2026-06-01T02:59:38+00:00,763.87,USD,posted,credit
L00009252,T00009252,A000972,2025-10-09T08:49:41+00:00,4838.35,INR,posted,credit
L00009253,T00009253,A000790,2026-07-03T07:46:25+00:00,4440.02,CAD,posted,credit
L00009254,T00009254,A001185,2026-03-10T23:05:31+00:00,3018.68,INR,posted,credit
L00009255,T00009255,A001405,2025-08-19T17:15:51+00:00,2556.34,GBP,posted,credit
L00009256,T00009256,A000255,2025-05-02T03:15:04+00:00,1455.42,EUR,posted,credit
L00009257,T00009257,A001104,2025-05-19T10:41:56+00:00,476.85,USD,posted,credit
L00009258,T00009258,A000457,2025-01-12T11:41:43+00:00,930.70,GBP,posted,credit
L00009259,T00009259,A001370,2025-01-24T04:31:11+00:00,4934.53,CAD,posted,credit
L00009260,T00009260,A001183,2025-07-27T13:06:56+00:00,4731.71,EUR,posted,credit
L00009261,T00009261,A001368,2026-01-04T10:11:53+00:00,2292.36,EUR,posted,credit
L00009262,T00009262,A000319,2025-12-05T21:17:46+00:00,1255.42,GBP,posted,credit
L00009263,T00009263,A000993,2026-03-04T17:09:03+00:00,3656.51,INR,posted,credit
L00009264,T00009264,A001290,2026-08-05T10:06:46+00:00,2247.97,CAD,posted,credit
L00009265,T00009265,A000337,2025-08-16T08:30:26+00:00,218.19,USD,posted,credit
L00009266,T00009266,A001048,2025-10-01T02:12:24+00:00,3445.54,INR,posted,credit
L00009267,T00009267,A001429,2025-02-10T16:48:21+00:00,678.47,GBP,posted,credit
L00009268,T00009268,A000722,2025-02-18T06:43:42+00:00,2867.81,EUR,posted,credit
L00009269,T00009269,A001309,2025-06-12T02:30:57+00:00,3916.19,EUR,posted,credit
L00009270,T00009270,A001267,2026-09-09T10:03:06+00:00,841.50,EUR,posted,credit
L00009271,T00009271,A000860,2025-06-29T12:28:24+00:00,1317.68,USD,posted,credit
L00009272,T00009272,A000430,2025-10-26T10:40:50+00:00,1382.47,EUR,posted,credit
L00009273,T00009273,A000462,2026-07-11T17:39:26+00:00,3634.74,GBP,posted,credit
L00009274,T00009274,A000704,2025-02-18T04:42:38+00:00,2925.52,GBP,posted,credit
L00009275,T00009275,A001373,2025-10-15T02:28:46+00:00,3042.85,INR,posted,credit
L00009276,T00009276,A000666,2025-08-18T22:39:31+00:00,1773.64,CAD,posted,credit
L00009277,T00009277,A000411,2026-03-03T06:05:48+00:00,4661.46,GBP,posted,credit
L00009278,T00009278,A000582,2025-08-18T02:52:40+00:00,1295.28,EUR,posted,credit
L00009279,T00009279,A000291,2025-06-03T06:27:30+00:00,2683.56,CAD,posted,credit
L00009280,T00009280,A000464,2026-04-12T19:21:19+00:00,350.65,CAD,posted,credit
L00009281,T00009281,A001040,2025-05-28T09:46:15+00:00,2093.31,INR,posted,credit
L00009282,T00009282,A001193,2025-02-28T07:13:54+00:00,344.24,CAD,posted,credit
L00009283,T00009283,A000621,2026-02-10T15:15:43+00:00,3054.78,INR,posted,credit
L00009284,T00009284,A001178,2025-03-12T03:00:14+00:00,1742.65,INR,posted,credit
L00009285,T00009285,A000228,2026-03-26T13:57:39+00:00,2434.40,EUR,posted,credit
L00009286,T00009286,A000871,2026-02-01T12:50:29+00:00,2818.25,USD,posted,credit
L00009287,T00009287,A000657,2026-08-07T05:47:57+00:00,3264.01,INR,posted,credit
L00009288,T00009288,A001172,2026-02-11T17:12:55+00:00,1491.84,EUR,posted,credit
L00009289,T00009289,A000360,2025-01-09T19:58:59+00:00,1250.10,CAD,posted,credit
L00009290,T00009290,A001386,2025-02-21T15:09:50+00:00,185.22,INR,posted,credit
L00009291,T00009291,A000705,2025-09-08T23:01:11+00:00,453.42,GBP,posted,credit
L00009292,T00009292,A001087,2025-10-03T22:17:34+00:00,4816.66,USD,posted,credit
L00009293,T00009293,A000845,2026-02-13T04:28:20+00:00,3447.50,CAD,posted,credit
L00009294,T00009294,A001081,2025-06-16T14:45:08+00:00,4984.37,INR,posted,credit
L00009295,T00009295,A000494,2025-11-18T11:39:24+00:00,547.58,INR,posted,credit
L00009296,T00009296,A001302,2025-05-13T20:56:15+00:00,4112.83,EUR,posted,credit
L00009297,T00009297,A000913,2026-03-01T03:43:03+00:00,1933.34,EUR,posted,credit
L00009298,T00009298,A001151,2025-07-15T11:46:16+00:00,2110.23,EUR,posted,credit
L00009299,T00009299,A001486,2025-01-13T06:53:06+00:00,1806.81,CAD,posted,credit
L00009300,T00009300,A000169,2025-10-07T00:07:14+00:00,4596.71,GBP,posted,credit
L00009301,T00009301,A000542,2025-06-20T20:51:27+00:00,1116.84,USD,posted,credit
L00009302,T00009302,A001121,2026-03-24T19:18:34+00:00,1897.81,EUR,posted,credit
L00009303,T00009303,A000256,2026-03-25T01:56:53+00:00,638.64,CAD,posted,credit
L00009304,T00009304,A001186,2025-11-24T14:12:09+00:00,3216.15,EUR,posted,credit
L00009305,T00009305,A000576,2025-08-26T08:22:10+00:00,4282.99,GBP,posted,credit
L00009306,T00009306,A001264,2025-01-06T11:40:51+00:00,848.07,EUR,posted,credit
L00009307,T00009307,A000302,2025-07-16T17:26:12+00:00,3162.14,USD,posted,credit
L00009308,T00009308,A000812,2025-09-27T11:48:28+00:00,2311.29,EUR,posted,credit
L00009309,T00009309,A001172,2025-10-16T13:23:44+00:00,2358.87,EUR,posted,credit
L00009310,T00009310,A000033,2026-01-14T05:41:14+00:00,71.01,EUR,posted,credit
L00009311,T00009311,A000357,2025-05-08T14:23:36+00:00,3030.83,INR,posted,credit
L00009312,T00009312,A000936,2026-01-13T07:33:06+00:00,3473.44,USD,posted,credit
L00009313,T00009313,A000718,2025-09-11T23:14:52+00:00,1330.42,INR,posted,credit
L00009314,T00009314,A000553,2026-03-24T02:20:07+00:00,2991.73,INR,posted,credit
L00009315,T00009315,A000582,2025-03-23T01:58:09+00:00,2339.51,EUR,posted,credit
L00009316,T00009316,A000664,2025-12-28T00:56:20+00:00,1979.82,GBP,posted,credit
L00009317,T00009317,A000973,2025-04-26T11:54:41+00:00,4945.66,CAD,posted,credit
L00009318,T00009318,A000650,2025-07-25T08:36:48+00:00,2386.45,CAD,posted,credit
L00009319,T00009319,A000538,2026-07-19T05:36:27+00:00,24.72,CAD,posted,credit
L00009320,T00009320,A000719,2025-05-06T06:17:50+00:00,1392.02,USD,posted,credit
L00009321,T00009321,A001184,2025-06-16T02:15:31+00:00,2653.38,EUR,posted,credit
L00009322,T00009322,A000940,2026-01-04T20:12:15+00:00,2710.01,GBP,posted,credit
L00009323,T00009323,A000902,2025-10-30T05:49:29+00:00,3532.77,EUR,posted,credit
L00009324,T00009324,A000807,2026-02-18T14:45:27+00:00,3065.97,INR,posted,credit
L00009325,T00009325,A001217,2025-01-11T07:29:35+00:00,343.91,CAD,posted,credit
L00009326,T00009326,A000955,2025-06-07T21:32:46+00:00,1610.44,CAD,posted,credit
L00009327,T00009327,A000800,2025-10-01T14:52:48+00:00,4277.97,USD,posted,credit
L00009328,T00009328,A000456,2026-08-07T23:09:29+00:00,2184.68,USD,posted,credit
L00009329,T00009329,A001471,2026-08-22T03:07:42+00:00,1627.93,GBP,posted,credit
L00009330,T00009330,A000637,2026-06-06T12:41:31+00:00,2045.80,INR,posted,credit
L00009331,T00009331,A000593,2025-06-28T07:26:44+00:00,2893.93,INR,posted,credit
L00009332,T00009332,A000088,2025-04-02T06:11:11+00:00,3185.06,CAD,posted,credit
L00009333,T00009333,A000002,2025-03-28T19:15:48+00:00,565.09,USD,posted,credit
L00009334,T00009334,A000584,2026-07-04T01:09:46+00:00,3974.86,GBP,posted,credit
L00009335,T00009335,A000417,2026-04-18T04:58:41+00:00,4629.59,USD,posted,credit
L00009336,T00009336,A001132,2025-12-05T08:01:28+00:00,3638.74,EUR,posted,credit
L00009337,T00009337,A000206,2026-03-03T19:08:03+00:00,287.91,CAD,posted,credit
L00009338,T00009338,A000283,2025-05-13T12:33:46+00:00,2738.13,USD,posted,credit
L00009339,T00009339,A000575,2026-04-05T05:28:03+00:00,1955.97,GBP,posted,credit
L00009340,T00009340,A000905,2025-06-11T05:59:52+00:00,4562.27,EUR,posted,credit
L00009341,T00009341,A000284,2026-02-01T02:34:12+00:00,1370.94,GBP,posted,credit
L00009342,T00009342,A001357,2026-07-27T09:38:46+00:00,2917.62,USD,posted,credit
L00009343,T00009343,A000552,2026-03-30T04:49:52+00:00,3087.74,CAD,posted,credit
L00009344,T00009344,A000903,2025-07-26T04:11:46+00:00,2904.00,CAD,posted,credit
L00009345,T00009345,A000500,2025-08-26T04:34:27+00:00,4177.46,INR,posted,credit
L00009346,T00009346,A000235,2026-01-22T18:54:39+00:00,684.81,CAD,posted,credit
L00009347,T00009347,A000591,2025-04-13T19:53:42+00:00,375.58,EUR,posted,credit
L00009348,T00009348,A001325,2026-05-30T06:51:39+00:00,2294.73,INR,posted,credit
L00009349,T00009349,A000827,2026-04-29T02:22:00+00:00,1150.82,INR,posted,credit
L00009350,T00009350,A000215,2025-07-30T03:36:33+00:00,4255.77,CAD,posted,credit
L00009351,T00009351,A000715,2025-05-23T23:52:06+00:00,2792.04,USD,posted,credit
L00009352,T00009352,A001212,2025-07-20T12:18:33+00:00,2770.95,GBP,posted,credit
L00009353,T00009353,A001291,2025-11-16T15:18:24+00:00,1457.21,CAD,posted,credit
L00009354,T00009354,A000366,2026-02-16T19:57:52+00:00,2226.37,EUR,posted,credit
L00009355,T00009355,A001136,2026-07-24T23:11:59+00:00,2495.46,GBP,posted,credit
L00009356,T00009356,A000409,2026-03-22T14:11:13+00:00,2463.55,CAD,posted,credit
L00009357,T00009357,A001046,2025-04-06T23:31:11+00:00,3089.54,INR,posted,credit
L00009358,T00009358,A000144,2025-12-20T18:46:16+00:00,2907.96,CAD,posted,credit
L00009359,T00009359,A000581,2026-03-14T16:37:52+00:00,328.46,INR,posted,credit
L00009360,T00009360,A001085,2025-08-15T06:11:52+00:00,1809.15,USD,posted,credit
L00009361,T00009361,A000697,2025-10-15T22:46:30+00:00,1889.94,EUR,posted,credit
L00009362,T00009362,A001366,2025-09-16T16:16:25+00:00,1706.53,CAD,posted,credit
L00009363,T00009363,A000788,2026-06-27T23:25:13+00:00,3270.19,USD,posted,credit
L00009364,T00009364,A000877,2025-11-17T13:47:06+00:00,2909.29,USD,posted,credit
L00009365,T00009365,A001398,2025-10-23T17:54:05+00:00,3266.35,INR,posted,credit
L00009366,T00009366,A001037,2026-01-25T04:35:49+00:00,2230.70,EUR,posted,credit
L00009367,T00009367,A000803,2026-05-29T02:03:42+00:00,4919.63,GBP,posted,credit
L00009368,T00009368,A001347,2025-01-31T05:55:14+00:00,745.34,INR,posted,credit
L00009369,T00009369,A000021,2025-04-22T04:16:21+00:00,1605.02,GBP,posted,credit
L00009370,T00009370,A001024,2025-11-25T09:23:07+00:00,474.76,USD,posted,credit
L00009371,T00009371,A001253,2026-07-17T03:06:51+00:00,4637.94,GBP,posted,credit
L00009372,T00009372,A000269,2026-04-26T10:45:11+00:00,4801.47,EUR,posted,credit
L00009373,T00009373,A001357,2025-10-23T14:27:02+00:00,875.10,USD,posted,credit
L00009374,T00009374,A000964,2025-01-30T08:04:31+00:00,462.02,EUR,posted,credit
L00009375,T00009375,A000903,2025-12-14T17:36:51+00:00,2073.25,CAD,posted,credit
L00009376,T00009376,A000043,2025-01-17T07:27:59+00:00,881.44,INR,posted,credit
L00009377,T00009377,A001298,2026-02-09T14:05:24+00:00,1467.55,EUR,posted,credit
L00009378,T00009378,A001258,2026-08-14T20:20:54+00:00,404.74,CAD,posted,credit
L00009379,T00009379,A000239,2026-04-06T18:02:10+00:00,1344.36,EUR,posted,credit
L00009380,T00009380,A000114,2025-06-23T12:25:34+00:00,3898.14,CAD,posted,credit
L00009381,T00009381,A000113,2025-05-19T21:42:23+00:00,1130.31,CAD,posted,credit
L00009382,T00009382,A000789,2026-03-30T12:12:23+00:00,2558.08,USD,posted,credit
L00009383,T00009383,A001402,2025-11-25T10:36:36+00:00,4472.93,INR,posted,credit
L00009384,T00009384,A001194,2025-02-22T08:21:32+00:00,4119.25,USD,posted,credit
L00009385,T00009385,A000881,2025-11-01T22:39:06+00:00,3151.76,EUR,posted,credit
L00009386,T00009386,A001189,2026-04-22T03:31:56+00:00,158.73,GBP,posted,credit
L00009387,T00009387,A000018,2025-12-31T20:04:03+00:00,1375.02,USD,posted,credit
L00009388,T00009388,A001184,2026-01-25T06:36:12+00:00,2197.62,EUR,posted,credit
L00009389,T00009389,A000202,2026-05-29T02:06:15+00:00,1519.44,CAD,posted,credit
L00009390,T00009390,A000573,2026-04-14T15:01:46+00:00,1930.68,GBP,posted,credit
L00009391,T00009391,A000104,2025-01-20T12:19:45+00:00,4491.82,CAD,posted,credit
L00009392,T00009392,A000208,2026-03-16T16:30:24+00:00,1483.48,GBP,posted,credit
L00009393,T00009393,A000505,2026-05-18T06:36:15+00:00,3462.42,INR,posted,credit
L00009394,T00009394,A001104,2025-04-14T14:00:22+00:00,715.10,USD,posted,credit
L00009395,T00009395,A001239,2025-09-10T23:33:21+00:00,1266.24,INR,posted,credit
L00009396,T00009396,A001095,2025-09-09T22:27:42+00:00,4364.35,INR,posted,credit
L00009397,T00009397,A000474,2025-02-27T09:22:51+00:00,1299.40,INR,posted,credit
L00009398,T00009398,A000905,2025-01-27T12:22:14+00:00,4241.25,EUR,posted,credit
L00009399,T00009399,A001363,2025-10-19T09:08:08+00:00,50.11,INR,posted,credit
L00009400,T00009400,A001382,2026-04-05T22:29:17+00:00,1986.66,USD,posted,credit
L00009401,T00009401,A001383,2025-08-16T03:21:30+00:00,2828.63,INR,posted,credit
L00009402,T00009402,A000935,2026-01-04T06:55:53+00:00,3811.05,EUR,posted,credit
L00009403,T00009403,A000250,2026-04-28T20:48:43+00:00,2040.66,EUR,posted,credit
L00009404,T00009404,A001058,2026-05-15T22:40:47+00:00,2991.97,GBP,posted,credit
L00009405,T00009405,A000155,2026-07-31T06:36:03+00:00,543.39,GBP,posted,credit
L00009406,T00009406,A000895,2026-06-07T08:35:16+00:00,2626.75,INR,posted,credit
L00009407,T00009407,A000711,2026-02-24T14:47:24+00:00,4459.08,GBP,posted,credit
L00009408,T00009408,A000865,2025-06-05T22:08:43+00:00,1080.24,GBP,posted,credit
L00009409,T00009409,A001060,2025-01-28T06:37:10+00:00,1236.45,CAD,posted,credit
L00009410,T00009410,A001399,2025-07-02T06:19:27+00:00,3708.57,USD,posted,credit
L00009411,T00009411,A000991,2026-01-13T22:50:59+00:00,3152.07,CAD,posted,credit
L00009412,T00009412,A000767,2026-07-30T06:25:51+00:00,1700.89,USD,posted,credit
L00009413,T00009413,A000648,2026-01-23T05:50:18+00:00,1465.92,USD,posted,credit
L00009414,T00009414,A000574,2025-08-19T01:46:25+00:00,1171.10,GBP,posted,credit
L00009415,T00009415,A001426,2026-06-14T19:52:59+00:00,268.99,CAD,posted,credit
L00009416,T00009416,A001454,2025-09-26T15:31:34+00:00,3124.36,EUR,posted,credit
L00009417,T00009417,A000081,2025-02-05T01:14:45+00:00,1204.50,GBP,posted,credit
L00009418,T00009418,A001182,2025-01-14T03:30:00+00:00,1239.06,INR,posted,credit
L00009419,T00009419,A001208,2025-02-21T10:31:31+00:00,2851.97,EUR,posted,credit
L00009420,T00009420,A000181,2025-10-24T19:11:51+00:00,1202.25,CAD,posted,credit
L00009421,T00009421,A001303,2025-08-04T11:50:38+00:00,3383.64,EUR,posted,credit
L00009422,T00009422,A000074,2025-03-13T09:36:42+00:00,2980.40,INR,posted,credit
L00009423,T00009423,A000298,2025-02-21T16:46:48+00:00,2219.29,INR,posted,credit
L00009424,T00009424,A000994,2026-06-20T11:49:49+00:00,4002.58,INR,posted,credit
L00009425,T00009425,A001251,2025-12-30T14:00:03+00:00,642.27,CAD,posted,credit
L00009426,T00009426,A000183,2025-12-23T02:08:43+00:00,3036.30,INR,posted,credit
L00009427,T00009427,A000960,2025-04-27T19:10:48+00:00,2736.89,USD,posted,credit
L00009428,T00009428,A000667,2025-02-26T03:46:37+00:00,555.47,INR,posted,credit
L00009429,T00009429,A000452,2026-08-11T08:57:27+00:00,4388.74,INR,posted,credit
L00009430,T00009430,A001444,2026-05-25T01:28:21+00:00,3223.38,GBP,posted,credit
L00009431,T00009431,A000117,2026-07-18T18:26:02+00:00,1176.27,INR,posted,credit
L00009432,T00009432,A000885,2025-04-05T17:20:28+00:00,952.54,INR,posted,credit
L00009433,T00009433,A001483,2026-05-03T20:49:09+00:00,3153.09,GBP,posted,credit
L00009434,T00009434,A000779,2026-08-14T13:44:22+00:00,2309.41,GBP,posted,credit
L00009435,T00009435,A001017,2025-08-16T12:03:07+00:00,2928.12,EUR,posted,credit
L00009436,T00009436,A001325,2025-05-28T09:33:49+00:00,2389.04,INR,posted,credit
L00009437,T00009437,A001333,2025-10-30T05:57:27+00:00,291.35,EUR,posted,credit
L00009438,T00009438,A000461,2025-07-23T10:38:25+00:00,132.66,INR,posted,credit
L00009439,T00009439,A000576,2026-02-07T10:40:35+00:00,447.98,GBP,posted,credit
L00009440,T00009440,A000342,2025-10-20T12:59:28+00:00,3074.86,CAD,posted,credit
L00009441,T00009441,A000820,2025-07-19T21:58:39+00:00,1688.59,USD,posted,credit
L00009442,T00009442,A001464,2025-12-18T00:13:43+00:00,1238.46,GBP,posted,credit
L00009443,T00009443,A001236,2026-01-12T18:34:23+00:00,578.14,GBP,posted,credit
L00009444,T00009444,A000616,2025-12-12T15:37:45+00:00,1430.28,INR,posted,credit
L00009445,T00009445,A000999,2026-04-29T18:57:44+00:00,915.37,USD,posted,credit
L00009446,T00009446,A000884,2026-01-25T05:20:42+00:00,2057.85,GBP,posted,credit
L00009447,T00009447,A000149,2026-09-04T10:02:55+00:00,4923.79,GBP,posted,credit
L00009448,T00009448,A001494,2026-08-09T08:01:45+00:00,455.44,USD,posted,credit
L00009449,T00009449,A000587,2025-05-09T13:08:02+00:00,852.90,USD,posted,credit
L00009450,T00009450,A000296,2026-09-08T12:14:02+00:00,4972.25,GBP,posted,credit
L00009451,T00009451,A001197,2026-04-22T00:23:02+00:00,3022.13,EUR,posted,credit
L00009452,T00009452,A001176,2025-08-30T04:29:14+00:00,151.93,CAD,posted,credit
L00009453,T00009453,A000128,2026-02-18T06:47:35+00:00,2607.72,CAD,posted,credit
L00009454,T00009454,A001225,2025-02-02T18:34:53+00:00,165.04,CAD,posted,credit
L00009455,T00009455,A000766,2025-01-05T01:12:09+00:00,3232.07,GBP,posted,credit
L00009456,T00009456,A000689,2026-03-09T13:10:02+00:00,3239.38,INR,posted,credit
L00009457,T00009457,A000555,2025-09-06T11:33:31+00:00,1151.09,USD,posted,credit
L00009458,T00009458,A000585,2025-10-18T01:52:35+00:00,600.27,EUR,posted,credit
L00009459,T00009459,A000842,2026-07-26T14:19:52+00:00,1335.80,USD,posted,credit
L00009460,T00009460,A000052,2025-01-22T13:02:10+00:00,391.18,GBP,posted,credit
L00009461,T00009461,A000274,2026-04-27T23:02:54+00:00,6.81,INR,posted,credit
L00009462,T00009462,A001068,2026-01-04T13:33:44+00:00,3111.65,INR,posted,credit
L00009463,T00009463,A000128,2025-06-14T00:35:49+00:00,4290.07,CAD,posted,credit
L00009464,T00009464,A000756,2025-03-03T01:43:06+00:00,2242.09,USD,posted,credit
L00009465,T00009465,A000619,2025-11-10T22:57:16+00:00,2428.16,INR,posted,credit
L00009466,T00009466,A000674,2026-07-08T19:04:56+00:00,398.16,USD,posted,credit
L00009467,T00009467,A000457,2025-05-24T21:34:30+00:00,3334.81,GBP,posted,credit
L00009468,T00009468,A000059,2026-08-05T14:29:37+00:00,3288.16,GBP,posted,credit
L00009469,T00009469,A000325,2025-03-10T20:47:26+00:00,2061.16,USD,posted,credit
L00009470,T00009470,A000044,2026-06-28T06:07:01+00:00,2593.72,USD,posted,credit
L00009471,T00009471,A000857,2026-08-07T10:11:13+00:00,1140.83,INR,posted,credit
L00009472,T00009472,A000978,2025-08-19T17:13:16+00:00,191.20,GBP,posted,credit
L00009473,T00009473,A000998,2025-04-20T22:51:48+00:00,4746.57,USD,posted,credit
L00009474,T00009474,A000828,2025-04-23T01:04:33+00:00,2641.61,INR,posted,credit
L00009475,T00009475,A000107,2025-09-11T00:25:50+00:00,4583.49,USD,posted,credit
L00009476,T00009476,A000664,2025-05-09T18:59:59+00:00,2529.39,GBP,posted,credit
L00009477,T00009477,A000450,2025-01-28T13:37:14+00:00,1709.89,INR,posted,credit
L00009478,T00009478,A000171,2025-07-21T19:59:34+00:00,2318.62,USD,posted,credit
L00009479,T00009479,A001322,2026-02-09T11:34:46+00:00,2666.33,INR,posted,credit
L00009480,T00009480,A000566,2026-02-06T11:49:37+00:00,303.78,GBP,posted,credit
L00009481,T00009481,A001166,2025-03-03T06:27:40+00:00,4253.31,CAD,posted,credit
L00009482,T00009482,A000631,2025-12-27T03:32:04+00:00,3648.41,CAD,posted,credit
L00009483,T00009483,A000224,2025-01-20T18:36:53+00:00,3470.18,INR,posted,credit
L00009484,T00009484,A000493,2025-05-28T16:10:35+00:00,2034.09,USD,posted,credit
L00009485,T00009485,A001291,2026-01-16T19:24:47+00:00,4348.35,CAD,posted,credit
L00009486,T00009486,A001253,2025-09-09T19:55:35+00:00,1676.07,GBP,posted,credit
L00009487,T00009487,A000600,2026-04-23T03:17:57+00:00,3232.34,USD,posted,credit
L00009488,T00009488,A000322,2025-11-30T20:37:23+00:00,878.15,INR,posted,credit
L00009489,T00009489,A000690,2026-06-12T20:55:54+00:00,2239.97,EUR,posted,credit
L00009490,T00009490,A000233,2025-08-02T04:32:56+00:00,16.17,GBP,posted,credit
L00009491,T00009491,A001068,2026-08-01T08:56:04+00:00,98.59,INR,posted,credit
L00009492,T00009492,A000763,2025-12-13T01:09:23+00:00,2642.44,CAD,posted,credit
L00009493,T00009493,A000001,2025-06-09T06:39:58+00:00,1543.18,USD,posted,credit
L00009494,T00009494,A000105,2025-02-23T03:04:06+00:00,2596.67,EUR,posted,credit
L00009495,T00009495,A000970,2026-09-08T13:43:10+00:00,3762.61,INR,posted,credit
L00009496,T00009496,A001339,2026-06-20T23:25:25+00:00,943.03,CAD,posted,credit
L00009497,T00009497,A000653,2025-05-03T17:08:48+00:00,3505.11,INR,posted,credit
L00009498,T00009498,A000461,2025-06-22T02:15:38+00:00,2926.64,INR,posted,credit
L00009499,T00009499,A000668,2025-05-12T23:20:22+00:00,2708.76,GBP,posted,credit
L00009500,T00009500,A000328,2026-06-18T06:10:51+00:00,3421.16,INR,posted,credit
L00009501,T00009501,A001458,2025-03-22T15:03:19+00:00,2330.96,INR,posted,credit
L00009502,T00009502,A000741,2025-01-05T23:04:01+00:00,1094.59,EUR,posted,credit
L00009503,T00009503,A000405,2026-07-19T20:19:55+00:00,1600.85,INR,posted,credit
L00009504,T00009504,A001260,2025-11-25T17:24:18+00:00,2599.35,EUR,posted,credit
L00009505,T00009505,A000684,2025-04-22T05:25:29+00:00,806.92,CAD,posted,credit
L00009506,T00009506,A000846,2025-12-27T03:12:34+00:00,1815.52,EUR,posted,credit
L00009507,T00009507,A000133,2025-10-19T19:01:08+00:00,4935.29,EUR,posted,credit
L00009508,T00009508,A001387,2025-10-26T12:52:05+00:00,4752.62,INR,posted,credit
L00009509,T00009509,A000103,2026-01-06T00:22:53+00:00,2947.83,GBP,posted,credit
L00009510,T00009510,A001004,2026-01-11T14:22:02+00:00,353.58,EUR,posted,credit
L00009511,T00009511,A000857,2026-02-27T22:38:54+00:00,3525.57,INR,posted,credit
L00009512,T00009512,A001183,2026-02-23T08:23:57+00:00,1446.57,EUR,posted,credit
L00009513,T00009513,A000389,2025-11-22T17:55:39+00:00,4146.16,INR,posted,credit
L00009514,T00009514,A001218,2025-10-16T03:31:55+00:00,2789.20,INR,posted,credit
L00009515,T00009515,A000952,2026-03-27T21:38:30+00:00,3551.02,EUR,posted,credit
L00009516,T00009516,A000132,2026-07-07T18:46:00+00:00,2540.45,CAD,posted,credit
L00009517,T00009517,A000946,2026-01-22T14:09:07+00:00,3501.02,USD,posted,credit
L00009518,T00009518,A000006,2025-12-11T15:25:47+00:00,1662.97,CAD,posted,credit
L00009519,T00009519,A001026,2025-03-15T05:19:10+00:00,4919.54,EUR,posted,credit
L00009520,T00009520,A001119,2026-04-11T21:04:58+00:00,3090.90,EUR,posted,credit
L00009521,T00009521,A000990,2025-09-27T06:13:57+00:00,4317.01,USD,posted,credit
L00009522,T00009522,A000537,2025-08-17T15:48:19+00:00,4454.06,INR,posted,credit
L00009523,T00009523,A000122,2025-01-27T02:29:40+00:00,1865.02,INR,posted,credit
L00009524,T00009524,A000436,2026-08-17T19:21:57+00:00,4847.10,USD,posted,credit
L00009525,T00009525,A001231,2026-04-29T16:03:29+00:00,3671.50,INR,posted,credit
L00009526,T00009526,A001458,2025-09-06T14:36:50+00:00,1315.04,INR,posted,credit
L00009527,T00009527,A000616,2025-07-17T05:05:05+00:00,1844.15,INR,posted,credit
L00009528,T00009528,A000321,2025-01-05T13:07:36+00:00,4215.05,CAD,posted,credit
L00009529,T00009529,A000808,2025-05-02T19:35:15+00:00,3135.95,INR,posted,credit
L00009530,T00009530,A000300,2025-03-18T00:28:01+00:00,3472.87,CAD,posted,credit
L00009531,T00009531,A001275,2025-09-26T15:47:37+00:00,1570.57,CAD,posted,credit
L00009532,T00009532,A000124,2026-07-21T00:47:30+00:00,4945.64,GBP,posted,credit
L00009533,T00009533,A000073,2025-08-24T02:12:01+00:00,4336.19,USD,posted,credit
L00009534,T00009534,A000904,2025-10-27T21:06:21+00:00,2729.77,USD,posted,credit
L00009535,T00009535,A000063,2025-04-08T03:18:48+00:00,616.35,GBP,posted,credit
L00009536,T00009536,A001377,2025-04-03T06:36:21+00:00,1510.59,INR,posted,credit
L00009537,T00009537,A000697,2026-03-26T10:17:10+00:00,307.76,EUR,posted,credit
L00009538,T00009538,A000818,2025-02-23T17:05:10+00:00,4868.38,USD,posted,credit
L00009539,T00009539,A001368,2025-10-03T06:35:07+00:00,2879.70,EUR,posted,credit
L00009540,T00009540,A000376,2026-07-20T04:45:10+00:00,1625.94,GBP,posted,credit
L00009541,T00009541,A000064,2025-05-07T05:16:37+00:00,2025.53,GBP,posted,credit
L00009542,T00009542,A000677,2025-12-08T16:22:15+00:00,4476.31,EUR,posted,credit
L00009543,T00009543,A000198,2025-02-01T02:26:47+00:00,339.84,EUR,posted,credit
L00009544,T00009544,A000571,2025-05-19T04:51:32+00:00,608.73,USD,posted,credit
L00009545,T00009545,A000273,2025-08-14T12:41:58+00:00,493.97,INR,posted,credit
L00009546,T00009546,A000177,2025-10-23T08:28:11+00:00,3278.03,USD,posted,credit
L00009547,T00009547,A000706,2025-11-19T07:25:06+00:00,3287.39,INR,posted,credit
L00009548,T00009548,A001163,2025-01-26T18:30:46+00:00,2401.26,GBP,posted,credit
L00009549,T00009549,A000824,2025-07-11T11:33:41+00:00,4041.37,EUR,posted,credit
L00009550,T00009550,A000732,2025-10-21T04:29:57+00:00,1071.19,GBP,posted,credit
L00009551,T00009551,A000871,2025-10-26T11:09:35+00:00,3383.00,USD,posted,credit
L00009552,T00009552,A000415,2025-03-21T10:10:49+00:00,3451.37,GBP,posted,credit
L00009553,T00009553,A000413,2026-03-05T13:39:21+00:00,4248.11,USD,posted,credit
L00009554,T00009554,A000846,2025-06-21T04:24:21+00:00,3649.91,EUR,posted,credit
L00009555,T00009555,A001386,2026-02-10T00:22:30+00:00,2246.47,INR,posted,credit
L00009556,T00009556,A000305,2026-01-05T20:20:56+00:00,4402.32,CAD,posted,credit
L00009557,T00009557,A000163,2025-11-21T08:43:32+00:00,392.27,EUR,posted,credit
L00009558,T00009558,A000877,2026-08-30T01:03:15+00:00,4706.75,USD,posted,credit
L00009559,T00009559,A000492,2025-10-16T06:14:07+00:00,3352.71,INR,posted,credit
L00009560,T00009560,A000955,2025-11-23T15:38:07+00:00,3052.94,CAD,posted,credit
L00009561,T00009561,A001223,2026-03-06T19:59:37+00:00,4537.73,GBP,posted,credit
L00009562,T00009562,A000122,2025-02-12T11:47:44+00:00,2470.11,INR,posted,credit
L00009563,T00009563,A000270,2025-10-15T08:21:27+00:00,2163.57,INR,posted,credit
L00009564,T00009564,A000202,2026-03-21T21:41:13+00:00,4859.88,CAD,posted,credit
L00009565,T00009565,A000817,2025-04-07T04:57:16+00:00,4016.81,USD,posted,credit
L00009566,T00009566,A001350,2026-04-01T05:40:41+00:00,2125.49,CAD,posted,credit
L00009567,T00009567,A000466,2025-01-22T23:48:06+00:00,2147.97,CAD,posted,credit
L00009568,T00009568,A000323,2026-01-06T20:51:06+00:00,4093.63,USD,posted,credit
L00009569,T00009569,A000354,2026-04-04T02:48:05+00:00,48.80,CAD,posted,credit
L00009570,T00009570,A000960,2025-03-02T20:36:19+00:00,3817.52,USD,posted,credit
L00009571,T00009571,A000275,2025-04-24T21:57:23+00:00,4433.20,INR,posted,credit
L00009572,T00009572,A001054,2025-03-13T14:40:25+00:00,2514.64,GBP,posted,credit
L00009573,T00009573,A000234,2025-06-02T16:00:47+00:00,3436.70,GBP,posted,credit
L00009574,T00009574,A001279,2025-09-27T19:49:14+00:00,4235.13,CAD,posted,credit
L00009575,T00009575,A000933,2025-09-15T03:57:47+00:00,714.04,CAD,posted,credit
L00009576,T00009576,A000641,2025-09-10T13:17:20+00:00,3187.51,EUR,posted,credit
L00009577,T00009577,A000767,2025-02-14T18:10:03+00:00,36.23,USD,posted,credit
L00009578,T00009578,A000023,2025-05-31T13:33:40+00:00,2599.09,CAD,posted,credit
L00009579,T00009579,A001231,2026-01-20T14:16:26+00:00,4883.56,INR,posted,credit
L00009580,T00009580,A000808,2026-03-09T14:30:49+00:00,4048.33,INR,posted,credit
L00009581,T00009581,A000140,2025-11-18T05:34:27+00:00,1765.30,EUR,posted,credit
L00009582,T00009582,A000907,2025-10-07T13:40:11+00:00,2728.18,USD,posted,credit
L00009583,T00009583,A000194,2026-02-19T02:35:04+00:00,43.91,USD,posted,credit
L00009584,T00009584,A000190,2026-08-12T23:40:28+00:00,4210.42,EUR,posted,credit
L00009585,T00009585,A001059,2025-02-02T17:26:01+00:00,4143.33,INR,posted,credit
L00009586,T00009586,A001208,2026-04-18T14:27:21+00:00,409.57,EUR,posted,credit
L00009587,T00009587,A001449,2025-06-27T15:00:32+00:00,4158.73,EUR,posted,credit
L00009588,T00009588,A001461,2026-07-10T15:52:10+00:00,2482.71,EUR,posted,credit
L00009589,T00009589,A000453,2026-02-08T05:49:58+00:00,2310.85,CAD,posted,credit
L00009590,T00009590,A001377,2026-06-29T18:50:24+00:00,3292.87,INR,posted,credit
L00009591,T00009591,A000621,2025-02-12T07:30:49+00:00,2135.20,INR,posted,credit
L00009592,T00009592,A001191,2025-01-11T20:30:22+00:00,1429.05,INR,posted,credit
L00009593,T00009593,A000891,2025-09-11T21:08:55+00:00,844.57,CAD,posted,credit
L00009594,T00009594,A000141,2025-06-23T09:44:11+00:00,3147.63,USD,posted,credit
L00009595,T00009595,A000193,2025-02-08T11:06:55+00:00,2499.18,USD,posted,credit
L00009596,T00009596,A000943,2025-01-31T19:49:06+00:00,253.77,USD,posted,credit
L00009597,T00009597,A000707,2026-02-19T17:34:32+00:00,1348.92,CAD,posted,credit
L00009598,T00009598,A001482,2025-03-11T09:35:17+00:00,2640.61,EUR,posted,credit
L00009599,T00009599,A000773,2026-05-05T20:47:25+00:00,4514.70,USD,posted,credit
L00009600,T00009600,A000408,2025-04-04T03:08:04+00:00,2721.95,EUR,posted,credit
L00009601,T00009601,A000868,2025-04-10T05:02:06+00:00,1895.22,EUR,posted,credit
L00009602,T00009602,A001256,2026-01-27T19:09:56+00:00,4397.29,INR,posted,credit
L00009603,T00009603,A000454,2025-01-04T09:34:02+00:00,4160.93,EUR,posted,credit
L00009604,T00009604,A000771,2026-04-16T07:20:24+00:00,3620.08,EUR,posted,credit
L00009605,T00009605,A001283,2025-08-29T19:05:16+00:00,4127.45,EUR,posted,credit
L00009606,T00009606,A000887,2026-04-09T19:15:16+00:00,232.73,EUR,posted,credit
L00009607,T00009607,A000651,2025-06-26T07:56:13+00:00,1796.05,GBP,posted,credit
L00009608,T00009608,A000764,2025-01-31T12:25:19+00:00,1344.09,EUR,posted,credit
L00009609,T00009609,A000140,2025-01-06T15:30:32+00:00,3398.85,EUR,posted,credit
L00009610,T00009610,A000932,2026-01-07T21:43:12+00:00,262.05,CAD,posted,credit
L00009611,T00009611,A001170,2025-10-04T16:07:10+00:00,3257.69,USD,posted,credit
L00009612,T00009612,A000284,2026-08-11T12:48:02+00:00,4218.45,GBP,posted,credit
L00009613,T00009613,A001461,2025-03-23T20:23:32+00:00,4680.99,EUR,posted,credit
L00009614,T00009614,A000932,2026-05-19T03:36:23+00:00,407.78,CAD,posted,credit
L00009615,T00009615,A000258,2026-02-04T16:07:08+00:00,447.34,GBP,posted,credit
L00009616,T00009616,A000808,2026-07-03T02:15:45+00:00,3671.96,INR,posted,credit
L00009617,T00009617,A001484,2026-02-28T00:13:56+00:00,126.04,USD,posted,credit
L00009618,T00009618,A001391,2025-01-12T03:03:09+00:00,2058.75,CAD,posted,credit
L00009619,T00009619,A001159,2025-04-15T04:27:47+00:00,3553.95,INR,posted,credit
L00009620,T00009620,A000259,2025-06-15T22:02:10+00:00,2873.52,USD,posted,credit
L00009621,T00009621,A000279,2025-08-06T00:46:19+00:00,4362.18,GBP,posted,credit
L00009622,T00009622,A000756,2025-08-21T07:21:53+00:00,3320.56,USD,posted,credit
L00009623,T00009623,A000139,2026-05-07T17:30:25+00:00,3859.89,CAD,posted,credit
L00009624,T00009624,A000576,2025-04-14T00:26:46+00:00,2369.32,GBP,posted,credit
L00009625,T00009625,A000366,2025-01-03T12:55:22+00:00,1175.09,EUR,posted,credit
L00009626,T00009626,A000300,2025-05-04T14:28:01+00:00,4446.49,CAD,posted,credit
L00009627,T00009627,A000309,2026-03-15T21:29:58+00:00,2909.96,GBP,posted,credit
L00009628,T00009628,A000760,2026-08-07T21:55:40+00:00,946.27,USD,posted,credit
L00009629,T00009629,A001263,2025-07-26T09:47:47+00:00,4950.25,EUR,posted,credit
L00009630,T00009630,A000524,2025-09-17T21:10:42+00:00,2754.78,USD,posted,credit
L00009631,T00009631,A000766,2026-06-09T11:40:51+00:00,356.07,GBP,posted,credit
L00009632,T00009632,A000613,2025-06-05T01:27:40+00:00,844.29,INR,posted,credit
L00009633,T00009633,A000916,2026-03-22T08:18:25+00:00,1237.81,USD,posted,credit
L00009634,T00009634,A000214,2025-06-05T13:03:36+00:00,4773.57,CAD,posted,credit
L00009635,T00009635,A000036,2025-10-16T07:33:06+00:00,2101.00,INR,posted,credit
L00009636,T00009636,A000467,2026-01-24T03:57:52+00:00,2788.45,EUR,posted,credit
L00009637,T00009637,A000963,2026-09-03T13:31:26+00:00,715.75,CAD,posted,credit
L00009638,T00009638,A001117,2025-12-23T09:26:14+00:00,1311.49,USD,posted,credit
L00009639,T00009639,A000201,2025-07-13T11:49:53+00:00,1063.67,INR,posted,credit
L00009640,T00009640,A000863,2026-03-22T16:50:31+00:00,887.70,EUR,posted,credit
L00009641,T00009641,A001225,2025-04-28T07:49:03+00:00,3650.21,CAD,posted,credit
L00009642,T00009642,A000304,2025-10-20T12:05:46+00:00,3372.90,EUR,posted,credit
L00009643,T00009643,A001062,2026-05-29T03:42:28+00:00,1103.04,USD,posted,credit
L00009644,T00009644,A001362,2026-04-16T00:32:46+00:00,1627.00,USD,posted,credit
L00009645,T00009645,A000865,2026-03-17T23:37:09+00:00,2187.95,GBP,posted,credit
L00009646,T00009646,A000041,2026-07-23T20:21:47+00:00,3811.98,CAD,posted,credit
L00009647,T00009647,A000966,2025-09-12T00:20:43+00:00,4154.04,GBP,posted,credit
L00009648,T00009648,A000830,2026-01-30T21:08:55+00:00,179.71,CAD,posted,credit
L00009649,T00009649,A000342,2025-05-09T21:46:10+00:00,328.83,CAD,posted,credit
L00009650,T00009650,A000239,2026-03-01T08:08:02+00:00,179.61,EUR,posted,credit
L00009651,T00009651,A000490,2025-04-23T03:57:50+00:00,3373.85,USD,posted,credit
L00009652,T00009652,A000826,2026-03-24T18:34:24+00:00,3698.36,EUR,posted,credit
L00009653,T00009653,A000146,2025-12-13T09:39:58+00:00,1624.25,INR,posted,credit
L00009654,T00009654,A000273,2026-05-13T15:20:11+00:00,638.94,INR,posted,credit
L00009655,T00009655,A001163,2025-12-26T14:21:54+00:00,1093.00,GBP,posted,credit
L00009656,T00009656,A000293,2025-05-01T21:45:04+00:00,1595.18,GBP,posted,credit
L00009657,T00009657,A000083,2025-12-15T11:03:46+00:00,1484.52,USD,posted,credit
L00009658,T00009658,A000167,2026-04-22T07:04:10+00:00,1064.51,GBP,posted,credit
L00009659,T00009659,A000078,2026-05-05T11:40:29+00:00,780.67,CAD,posted,credit
L00009660,T00009660,A000110,2026-07-28T23:20:37+00:00,3288.11,INR,posted,credit
L00009661,T00009661,A000845,2026-03-16T18:01:38+00:00,644.45,CAD,posted,credit
L00009662,T00009662,A001475,2025-08-27T01:10:20+00:00,1095.65,USD,posted,credit
L00009663,T00009663,A000430,2025-07-30T03:11:22+00:00,4865.02,EUR,posted,credit
L00009664,T00009664,A000264,2025-06-24T17:09:22+00:00,496.27,GBP,posted,credit
L00009665,T00009665,A001015,2025-01-06T13:13:13+00:00,2635.30,EUR,posted,credit
L00009666,T00009666,A001421,2025-05-19T11:32:01+00:00,3654.33,CAD,posted,credit
L00009667,T00009667,A000853,2026-01-28T00:15:25+00:00,3524.40,CAD,posted,credit
L00009668,T00009668,A000512,2025-04-08T21:57:24+00:00,232.43,GBP,posted,credit
L00009669,T00009669,A000550,2025-12-06T09:16:08+00:00,2387.08,CAD,posted,credit
L00009670,T00009670,A000906,2025-09-12T13:27:30+00:00,16.18,GBP,posted,credit
L00009671,T00009671,A000180,2025-12-02T07:53:37+00:00,1880.28,CAD,posted,credit
L00009672,T00009672,A000032,2025-08-21T05:35:13+00:00,521.06,GBP,posted,credit
L00009673,T00009673,A000579,2026-06-12T03:00:28+00:00,2865.94,USD,posted,credit
L00009674,T00009674,A000746,2026-01-17T08:01:15+00:00,3090.71,GBP,posted,credit
L00009675,T00009675,A000271,2025-07-23T12:42:00+00:00,3973.30,GBP,posted,credit
L00009676,T00009676,A000636,2025-01-07T08:04:25+00:00,2149.69,INR,posted,credit
L00009677,T00009677,A000899,2026-03-15T14:38:18+00:00,3608.44,USD,posted,credit
L00009678,T00009678,A000325,2025-03-09T15:04:15+00:00,4059.79,USD,posted,credit
L00009679,T00009679,A000554,2025-07-28T01:52:14+00:00,1400.79,EUR,posted,credit
L00009680,T00009680,A001304,2026-01-30T10:12:49+00:00,1926.58,GBP,posted,credit
L00009681,T00009681,A001314,2026-07-19T21:42:53+00:00,4150.97,EUR,posted,credit
L00009682,T00009682,A000533,2026-01-12T07:40:50+00:00,2877.79,GBP,posted,credit
L00009683,T00009683,A000698,2025-11-19T14:44:20+00:00,248.79,CAD,posted,credit
L00009684,T00009684,A001188,2025-10-17T23:09:15+00:00,2441.15,CAD,posted,credit
L00009685,T00009685,A000874,2025-07-10T04:49:44+00:00,348.31,USD,posted,credit
L00009686,T00009686,A001121,2025-02-20T22:33:46+00:00,2688.80,EUR,posted,credit
L00009687,T00009687,A000709,2026-09-07T13:04:33+00:00,4349.04,INR,posted,credit
L00009688,T00009688,A000964,2025-09-02T06:29:25+00:00,648.19,EUR,posted,credit
L00009689,T00009689,A001176,2026-05-18T17:25:25+00:00,1824.95,CAD,posted,credit
L00009690,T00009690,A001130,2026-04-03T19:36:50+00:00,2931.83,CAD,posted,credit
L00009691,T00009691,A000763,2025-02-14T20:48:48+00:00,1938.65,CAD,posted,credit
L00009692,T00009692,A000242,2025-03-03T04:06:48+00:00,814.92,GBP,posted,credit
L00009693,T00009693,A000481,2026-06-28T16:39:29+00:00,4531.20,EUR,posted,credit
L00009694,T00009694,A001152,2026-03-06T12:58:20+00:00,3267.59,USD,posted,credit
L00009695,T00009695,A001016,2025-07-21T18:54:08+00:00,3412.20,INR,posted,credit
L00009696,T00009696,A000096,2026-02-23T23:56:54+00:00,4982.27,GBP,posted,credit
L00009697,T00009697,A000444,2025-05-05T15:20:54+00:00,4083.81,USD,posted,credit
L00009698,T00009698,A000685,2025-06-02T19:05:32+00:00,3554.35,EUR,posted,credit
L00009699,T00009699,A001003,2025-11-09T08:38:56+00:00,2484.67,EUR,posted,credit
L00009700,T00009700,A000480,2025-04-14T13:16:37+00:00,2455.20,CAD,posted,credit
L00009701,T00009701,A000991,2026-06-05T20:44:12+00:00,3501.59,CAD,posted,credit
L00009702,T00009702,A000388,2026-02-04T00:07:34+00:00,1851.56,INR,posted,credit
L00009703,T00009703,A001190,2026-02-20T04:28:34+00:00,2529.91,GBP,posted,credit
L00009704,T00009704,A000631,2025-04-25T04:37:04+00:00,3551.17,CAD,posted,credit
L00009705,T00009705,A001077,2026-05-27T00:06:46+00:00,1630.02,INR,posted,credit
L00009706,T00009706,A001420,2026-04-07T13:00:57+00:00,3676.54,CAD,posted,credit
L00009707,T00009707,A000488,2025-11-09T08:09:37+00:00,3912.53,GBP,posted,credit
L00009708,T00009708,A000672,2026-07-20T06:52:34+00:00,663.61,EUR,posted,credit
L00009709,T00009709,A001243,2026-04-27T04:04:20+00:00,3836.59,CAD,posted,credit
L00009710,T00009710,A001281,2025-09-05T13:02:17+00:00,2198.46,EUR,posted,credit
L00009711,T00009711,A001420,2025-01-01T19:16:14+00:00,4088.00,CAD,posted,credit
L00009712,T00009712,A001245,2025-11-01T09:30:28+00:00,3556.06,CAD,posted,credit
L00009713,T00009713,A000038,2025-12-25T02:55:50+00:00,1744.12,USD,posted,credit
L00009714,T00009714,A001397,2025-11-27T10:18:31+00:00,3922.63,USD,posted,credit
L00009715,T00009715,A001446,2025-03-21T05:37:01+00:00,1406.35,CAD,posted,credit
L00009716,T00009716,A000838,2025-10-14T08:31:08+00:00,110.37,CAD,posted,credit
L00009717,T00009717,A000549,2026-07-04T00:26:27+00:00,2590.99,INR,posted,credit
L00009718,T00009718,A001189,2025-01-13T01:09:10+00:00,155.62,GBP,posted,credit
L00009719,T00009719,A000008,2025-03-12T22:27:44+00:00,4063.76,USD,posted,credit
L00009720,T00009720,A000821,2025-06-10T11:38:14+00:00,2399.49,EUR,posted,credit
L00009721,T00009721,A000167,2025-07-25T12:50:44+00:00,270.67,GBP,posted,credit
L00009722,T00009722,A000067,2026-01-06T23:31:21+00:00,631.11,USD,posted,credit
L00009723,T00009723,A000249,2025-05-31T17:15:14+00:00,1446.96,GBP,posted,credit
L00009724,T00009724,A000887,2026-09-08T12:04:49+00:00,3881.73,EUR,posted,credit
L00009725,T00009725,A000935,2026-09-02T16:52:02+00:00,2161.31,EUR,posted,credit
L00009726,T00009726,A000387,2026-02-12T08:30:07+00:00,1273.04,EUR,posted,credit
L00009727,T00009727,A000233,2025-04-15T06:53:50+00:00,3347.08,GBP,posted,credit
L00009728,T00009728,A000715,2025-04-19T23:48:02+00:00,1657.13,USD,posted,credit
L00009729,T00009729,A000384,2025-07-22T12:14:25+00:00,651.65,CAD,posted,credit
L00009730,T00009730,A000123,2026-06-28T14:10:01+00:00,4404.17,GBP,posted,credit
L00009731,T00009731,A000803,2026-04-23T11:33:37+00:00,2572.29,GBP,posted,credit
L00009732,T00009732,A001028,2025-01-08T13:35:02+00:00,712.75,GBP,posted,credit
L00009733,T00009733,A001181,2026-08-01T12:13:52+00:00,273.96,GBP,posted,credit
L00009734,T00009734,A001154,2025-05-03T15:06:38+00:00,987.75,EUR,posted,credit
L00009735,T00009735,A000265,2025-02-27T21:29:28+00:00,460.34,INR,posted,credit
L00009736,T00009736,A000839,2026-05-06T05:43:19+00:00,3801.07,GBP,posted,credit
L00009737,T00009737,A000769,2026-01-20T10:46:37+00:00,455.80,CAD,posted,credit
L00009738,T00009738,A000776,2025-12-15T02:21:29+00:00,4562.98,INR,posted,credit
L00009739,T00009739,A000632,2025-11-17T21:54:07+00:00,4418.76,GBP,posted,credit
L00009740,T00009740,A000799,2026-08-06T05:59:22+00:00,1137.25,INR,posted,credit
L00009741,T00009741,A000702,2025-06-12T19:36:06+00:00,1065.88,GBP,posted,credit
L00009742,T00009742,A000336,2025-05-26T12:27:32+00:00,2147.15,EUR,posted,credit
L00009743,T00009743,A000251,2025-03-04T07:26:58+00:00,3316.23,EUR,posted,credit
L00009744,T00009744,A000717,2026-05-13T17:41:00+00:00,2445.61,EUR,posted,credit
L00009745,T00009745,A000672,2026-04-06T02:08:04+00:00,2870.15,EUR,posted,credit
L00009746,T00009746,A000627,2026-04-12T19:49:06+00:00,4963.22,CAD,posted,credit
L00009747,T00009747,A000965,2026-01-15T16:27:28+00:00,2798.76,GBP,posted,credit
L00009748,T00009748,A000372,2025-12-01T05:42:57+00:00,3083.83,INR,posted,credit
L00009749,T00009749,A000849,2025-04-25T02:45:52+00:00,4490.98,USD,posted,credit
L00009750,T00009750,A001077,2025-05-14T04:42:53+00:00,3991.94,INR,posted,credit
L00009751,T00009751,A001080,2025-10-31T10:55:57+00:00,3819.64,USD,posted,credit
L00009752,T00009752,A000904,2025-05-05T22:08:00+00:00,875.55,USD,posted,credit
L00009753,T00009753,A000435,2026-03-01T22:53:35+00:00,3345.12,EUR,posted,credit
L00009754,T00009754,A001487,2025-11-07T08:36:24+00:00,469.23,EUR,posted,credit
L00009755,T00009755,A000153,2025-07-09T23:03:15+00:00,305.21,CAD,posted,credit
L00009756,T00009756,A000607,2026-01-29T08:29:14+00:00,1463.03,CAD,posted,credit
L00009757,T00009757,A001311,2025-01-09T04:49:33+00:00,3375.67,USD,posted,credit
L00009758,T00009758,A001240,2025-07-11T21:48:47+00:00,4609.77,USD,posted,credit
L00009759,T00009759,A000462,2025-02-07T14:04:07+00:00,1429.97,GBP,posted,credit
L00009760,T00009760,A001048,2025-07-31T22:39:31+00:00,963.15,INR,posted,credit
L00009761,T00009761,A000423,2025-05-01T05:59:23+00:00,3126.65,USD,posted,credit
L00009762,T00009762,A001474,2025-01-14T13:57:12+00:00,866.02,USD,posted,credit
L00009763,T00009763,A000867,2026-02-14T15:42:56+00:00,1725.63,INR,posted,credit
L00009764,T00009764,A001111,2025-01-20T13:58:40+00:00,3412.86,USD,posted,credit
L00009765,T00009765,A000566,2026-02-03T01:03:15+00:00,2098.30,GBP,posted,credit
L00009766,T00009766,A000942,2026-06-01T02:48:45+00:00,826.83,CAD,posted,credit
L00009767,T00009767,A000178,2025-07-23T00:28:12+00:00,864.13,CAD,posted,credit
L00009768,T00009768,A001020,2025-04-22T01:18:26+00:00,3880.82,USD,posted,credit
L00009769,T00009769,A000970,2025-01-28T19:16:29+00:00,2911.49,INR,posted,credit
L00009770,T00009770,A001046,2025-06-02T03:37:11+00:00,2622.54,INR,posted,credit
L00009771,T00009771,A001275,2025-04-24T05:54:54+00:00,4031.91,CAD,posted,credit
L00009772,T00009772,A000767,2025-10-29T08:33:58+00:00,4087.27,USD,posted,credit
L00009773,T00009773,A001484,2026-07-30T19:17:32+00:00,4473.44,USD,posted,credit
L00009774,T00009774,A001286,2026-07-15T03:54:14+00:00,3938.74,INR,posted,credit
L00009775,T00009775,A000496,2025-09-08T23:57:58+00:00,4793.21,GBP,posted,credit
L00009776,T00009776,A000155,2026-05-26T10:02:22+00:00,4698.47,GBP,posted,credit
L00009777,T00009777,A000100,2026-06-29T15:58:37+00:00,2803.45,USD,posted,credit
L00009778,T00009778,A000478,2025-07-22T06:06:47+00:00,1552.49,USD,posted,credit
L00009779,T00009779,A000006,2025-08-03T12:29:47+00:00,2569.15,CAD,posted,credit
L00009780,T00009780,A000482,2026-08-08T05:49:34+00:00,3597.31,GBP,posted,credit
L00009781,T00009781,A000420,2026-02-27T10:12:51+00:00,3073.50,CAD,posted,credit
L00009782,T00009782,A000521,2026-01-25T13:37:04+00:00,1848.66,CAD,posted,credit
L00009783,T00009783,A000889,2026-08-10T10:32:01+00:00,1473.62,EUR,posted,credit
L00009784,T00009784,A000544,2026-01-03T02:16:49+00:00,4755.44,USD,posted,credit
L00009785,T00009785,A001210,2025-01-12T05:29:00+00:00,884.48,USD,posted,credit
L00009786,T00009786,A000978,2025-04-22T01:32:35+00:00,1575.68,GBP,posted,credit
L00009787,T00009787,A000621,2025-06-01T13:04:28+00:00,2867.40,INR,posted,credit
L00009788,T00009788,A000536,2026-07-26T06:26:18+00:00,4950.61,USD,posted,credit
L00009789,T00009789,A000086,2026-01-06T17:58:33+00:00,4370.53,GBP,posted,credit
L00009790,T00009790,A000014,2025-03-27T08:00:38+00:00,567.88,USD,posted,credit
L00009791,T00009791,A001314,2025-04-23T07:46:43+00:00,3148.66,EUR,posted,credit
L00009792,T00009792,A001159,2026-03-30T15:12:10+00:00,1493.08,INR,posted,credit
L00009793,T00009793,A001087,2026-09-07T23:17:44+00:00,2889.93,USD,posted,credit
L00009794,T00009794,A000684,2025-12-29T14:36:40+00:00,1881.89,CAD,posted,credit
L00009795,T00009795,A000778,2026-08-26T01:35:03+00:00,2424.25,USD,posted,credit
L00009796,T00009796,A000642,2026-01-01T16:23:58+00:00,1387.72,INR,posted,credit
L00009797,T00009797,A000609,2026-01-03T03:14:04+00:00,4473.82,GBP,posted,credit
L00009798,T00009798,A000650,2026-04-01T02:41:04+00:00,625.52,CAD,posted,credit
L00009799,T00009799,A000059,2026-02-11T14:45:23+00:00,1956.00,GBP,posted,credit
L00009800,T00009800,A000029,2025-10-15T19:07:19+00:00,1232.96,INR,posted,credit
L00009801,T00009801,A000711,2025-09-29T19:46:36+00:00,3468.46,GBP,posted,credit
L00009802,T00009802,A000725,2026-02-17T05:10:00+00:00,255.39,CAD,posted,credit
L00009803,T00009803,A000500,2025-12-24T07:11:23+00:00,1979.17,INR,posted,credit
L00009804,T00009804,A000097,2026-03-01T02:22:52+00:00,4290.64,INR,posted,credit
L00009805,T00009805,A001378,2025-06-21T11:18:56+00:00,3286.36,CAD,posted,credit
L00009806,T00009806,A001291,2025-06-07T13:26:25+00:00,3627.43,CAD,posted,credit
L00009807,T00009807,A000067,2025-06-01T04:01:03+00:00,4610.99,USD,posted,credit
L00009808,T00009808,A000448,2025-05-16T14:05:38+00:00,3610.98,GBP,posted,credit
L00009809,T00009809,A001008,2025-02-16T00:43:22+00:00,1890.77,CAD,posted,credit
L00009810,T00009810,A000260,2025-01-17T17:23:39+00:00,3546.15,USD,posted,credit
L00009811,T00009811,A000760,2026-02-25T03:36:04+00:00,1930.79,USD,posted,credit
L00009812,T00009812,A000998,2026-08-15T08:51:36+00:00,4937.99,USD,posted,credit
L00009813,T00009813,A001014,2025-11-08T13:06:53+00:00,4189.62,INR,posted,credit
L00009814,T00009814,A001325,2025-06-16T05:16:45+00:00,3819.39,INR,posted,credit
L00009815,T00009815,A001116,2025-05-09T02:59:50+00:00,1117.61,GBP,posted,credit
L00009816,T00009816,A001390,2026-06-21T12:50:08+00:00,2863.81,INR,posted,credit
L00009817,T00009817,A001466,2025-05-09T21:38:34+00:00,2503.15,USD,posted,credit
L00009818,T00009818,A001189,2026-01-06T15:51:56+00:00,3736.28,GBP,posted,credit
L00009819,T00009819,A001169,2025-09-03T21:46:26+00:00,2425.98,USD,posted,credit
L00009820,T00009820,A001389,2025-09-18T09:36:38+00:00,3511.76,INR,posted,credit
L00009821,T00009821,A001367,2025-10-24T22:15:19+00:00,2463.52,EUR,posted,credit
L00009822,T00009822,A000327,2025-09-12T17:25:06+00:00,965.80,EUR,posted,credit
L00009823,T00009823,A001411,2025-02-13T03:54:08+00:00,2148.17,EUR,posted,credit
L00009824,T00009824,A001423,2026-03-30T18:02:41+00:00,101.41,EUR,posted,credit
L00009825,T00009825,A000384,2025-03-01T19:09:46+00:00,2998.73,CAD,posted,credit
L00009826,T00009826,A000738,2025-06-20T00:15:59+00:00,1322.43,USD,posted,credit
L00009827,T00009827,A000810,2025-03-04T23:28:56+00:00,1229.83,INR,posted,credit
L00009828,T00009828,A001411,2025-12-24T16:10:38+00:00,3492.28,EUR,posted,credit
L00009829,T00009829,A001403,2025-01-02T00:23:16+00:00,3642.97,CAD,posted,credit
L00009830,T00009830,A001100,2026-01-06T19:06:39+00:00,4455.37,INR,posted,credit
L00009831,T00009831,A001373,2025-05-22T22:09:07+00:00,4263.81,INR,posted,credit
L00009832,T00009832,A000854,2026-06-12T11:56:49+00:00,2866.30,USD,posted,credit
L00009833,T00009833,A000299,2025-07-14T15:57:57+00:00,4670.92,EUR,posted,credit
L00009834,T00009834,A001466,2026-06-08T20:10:03+00:00,3719.68,USD,posted,credit
L00009835,T00009835,A000689,2026-03-16T19:09:06+00:00,3743.36,INR,posted,credit
L00009836,T00009836,A001398,2025-09-20T16:28:02+00:00,157.92,INR,posted,credit
L00009837,T00009837,A000210,2025-03-21T22:57:34+00:00,2797.93,EUR,posted,credit
L00009838,T00009838,A001144,2025-12-07T20:31:20+00:00,1796.23,GBP,posted,credit
L00009839,T00009839,A000909,2025-10-03T23:34:49+00:00,3724.28,USD,posted,credit
L00009840,T00009840,A000758,2026-08-05T01:01:15+00:00,2988.42,CAD,posted,credit
L00009841,T00009841,A000047,2025-06-08T19:45:12+00:00,2215.67,GBP,posted,credit
L00009842,T00009842,A001500,2026-01-02T07:31:18+00:00,2559.99,INR,posted,credit
L00009843,T00009843,A000747,2025-08-21T20:40:06+00:00,2514.15,CAD,posted,credit
L00009844,T00009844,A000782,2025-08-18T10:20:02+00:00,3465.76,GBP,posted,credit
L00009845,T00009845,A001172,2025-08-19T18:26:05+00:00,656.17,EUR,posted,credit
L00009846,T00009846,A001229,2025-12-17T12:38:20+00:00,728.15,EUR,posted,credit
L00009847,T00009847,A000286,2025-05-17T10:13:08+00:00,2191.53,USD,posted,credit
L00009848,T00009848,A001277,2026-02-15T20:45:58+00:00,4494.35,USD,posted,credit
L00009849,T00009849,A000688,2026-08-20T03:11:46+00:00,1953.35,GBP,posted,credit
L00009850,T00009850,A001477,2026-01-26T10:18:43+00:00,1738.14,CAD,posted,credit
L00009851,T00009851,A000550,2025-09-10T15:13:16+00:00,598.20,CAD,posted,credit
L00009852,T00009852,A000483,2025-08-24T19:08:35+00:00,2629.82,USD,posted,credit
L00009853,T00009853,A000005,2026-05-25T16:55:44+00:00,1962.46,INR,posted,credit
L00009854,T00009854,A000176,2026-02-27T04:17:10+00:00,4583.98,EUR,posted,credit
L00009855,T00009855,A000153,2025-09-16T15:52:29+00:00,1790.57,CAD,posted,credit
L00009856,T00009856,A000915,2025-08-31T15:59:44+00:00,528.11,GBP,posted,credit
L00009857,T00009857,A001442,2025-05-12T10:33:12+00:00,646.63,INR,posted,credit
L00009858,T00009858,A000784,2026-04-10T17:33:23+00:00,3207.92,GBP,posted,credit
L00009859,T00009859,A000354,2025-02-15T16:09:52+00:00,2461.61,CAD,posted,credit
L00009860,T00009860,A000627,2025-01-05T19:55:32+00:00,2083.68,CAD,posted,credit
L00009861,T00009861,A000878,2025-12-06T13:50:22+00:00,1145.21,EUR,posted,credit
L00009862,T00009862,A000399,2025-02-02T01:06:47+00:00,285.74,USD,posted,credit
L00009863,T00009863,A000308,2025-01-17T16:04:11+00:00,152.75,GBP,posted,credit
L00009864,T00009864,A000282,2025-11-23T19:42:35+00:00,464.95,USD,posted,credit
L00009865,T00009865,A001041,2025-01-18T05:50:06+00:00,4737.71,EUR,posted,credit
L00009866,T00009866,A000964,2026-06-06T22:34:45+00:00,4198.99,EUR,posted,credit
L00009867,T00009867,A001018,2025-10-31T01:36:48+00:00,342.30,USD,posted,credit
L00009868,T00009868,A001154,2026-03-01T04:36:49+00:00,2844.65,EUR,posted,credit
L00009869,T00009869,A001403,2025-10-13T20:31:10+00:00,2688.21,CAD,posted,credit
L00009870,T00009870,A000446,2026-03-14T06:08:48+00:00,730.78,USD,posted,credit
L00009871,T00009871,A001476,2026-08-01T22:40:18+00:00,2106.66,INR,posted,credit
L00009872,T00009872,A000277,2025-02-04T09:05:04+00:00,1330.00,GBP,posted,credit
L00009873,T00009873,A000892,2026-03-05T07:33:55+00:00,2974.01,USD,posted,credit
L00009874,T00009874,A001254,2025-03-16T00:06:32+00:00,2666.50,USD,posted,credit
L00009875,T00009875,A000390,2025-05-22T04:51:15+00:00,1400.05,CAD,posted,credit
L00009876,T00009876,A000005,2025-04-06T13:02:43+00:00,869.75,INR,posted,credit
L00009877,T00009877,A001072,2025-09-25T11:36:52+00:00,3673.80,USD,posted,credit
L00009878,T00009878,A001206,2025-01-15T00:20:43+00:00,1149.62,INR,posted,credit
L00009879,T00009879,A001258,2025-12-04T20:19:52+00:00,3883.95,CAD,posted,credit
L00009880,T00009880,A001044,2026-07-11T14:01:18+00:00,4302.71,EUR,posted,credit
L00009881,T00009881,A000153,2025-06-26T08:29:58+00:00,1341.27,CAD,posted,credit
L00009882,T00009882,A001071,2026-06-14T06:42:44+00:00,4807.24,EUR,posted,credit
L00009883,T00009883,A001403,2025-11-22T21:18:47+00:00,4906.72,CAD,posted,credit
L00009884,T00009884,A001310,2026-06-23T08:52:42+00:00,3390.86,EUR,posted,credit
L00009885,T00009885,A001474,2025-02-07T18:52:59+00:00,1844.37,USD,posted,credit
L00009886,T00009886,A000090,2025-09-26T07:38:55+00:00,2626.69,USD,posted,credit
L00009887,T00009887,A000195,2025-03-11T05:02:32+00:00,2688.18,USD,posted,credit
L00009888,T00009888,A001023,2025-10-19T15:15:08+00:00,689.40,USD,posted,credit
L00009889,T00009889,A000613,2025-09-25T14:50:56+00:00,766.68,INR,posted,credit
L00009890,T00009890,A001279,2026-04-30T04:17:04+00:00,626.23,CAD,posted,credit
L00009891,T00009891,A000194,2025-11-04T11:04:46+00:00,4185.39,USD,posted,credit
L00009892,T00009892,A001452,2025-03-10T11:37:43+00:00,434.75,GBP,posted,credit
L00009893,T00009893,A000217,2026-03-21T15:38:35+00:00,1824.85,CAD,posted,credit
L00009894,T00009894,A000916,2025-12-27T02:13:49+00:00,2817.85,USD,posted,credit
L00009895,T00009895,A000586,2025-12-16T14:45:21+00:00,2446.46,CAD,posted,credit
L00009896,T00009896,A000734,2025-04-19T20:39:13+00:00,525.72,INR,posted,credit
L00009897,T00009897,A001281,2025-10-19T21:41:00+00:00,3577.02,EUR,posted,credit
L00009898,T00009898,A000176,2026-02-04T23:04:27+00:00,3466.32,EUR,posted,credit
L00009899,T00009899,A000681,2026-05-08T04:21:21+00:00,4091.66,EUR,posted,credit
L00009900,T00009900,A001361,2025-08-09T12:27:54+00:00,4932.52,EUR,posted,credit
L00009901,T00009901,A000261,2026-01-23T23:34:19+00:00,4972.67,USD,posted,credit
L00009902,T00009902,A000403,2025-11-01T11:23:33+00:00,3743.88,GBP,posted,credit
L00009903,T00009903,A001323,2025-03-19T11:52:14+00:00,1369.54,EUR,posted,credit
L00009904,T00009904,A000079,2025-02-22T14:48:10+00:00,3209.72,CAD,posted,credit
L00009905,T00009905,A000398,2026-09-05T23:03:00+00:00,4298.65,INR,posted,credit
L00009906,T00009906,A000241,2026-02-05T23:53:27+00:00,1377.51,USD,posted,credit
L00009907,T00009907,A001022,2025-12-25T23:15:07+00:00,1704.37,EUR,posted,credit
L00009908,T00009908,A000918,2025-08-05T18:23:22+00:00,2022.97,USD,posted,credit
L00009909,T00009909,A001211,2026-01-21T13:49:51+00:00,2788.20,CAD,posted,credit
L00009910,T00009910,A000827,2025-11-29T20:55:22+00:00,2553.00,INR,posted,credit
L00009911,T00009911,A000443,2025-02-19T19:15:50+00:00,295.65,CAD,posted,credit
L00009912,T00009912,A001245,2026-02-12T12:21:24+00:00,3927.00,CAD,posted,credit
L00009913,T00009913,A000972,2025-03-22T05:32:28+00:00,4483.59,INR,posted,credit
L00009914,T00009914,A001151,2026-01-26T22:12:13+00:00,3485.94,EUR,posted,credit
L00009915,T00009915,A000239,2026-06-15T15:11:18+00:00,1377.74,EUR,posted,credit
L00009916,T00009916,A000434,2025-09-11T20:40:35+00:00,4553.09,GBP,posted,credit
L00009917,T00009917,A000436,2025-04-20T08:50:10+00:00,363.61,USD,posted,credit
L00009918,T00009918,A001181,2026-05-06T21:19:47+00:00,190.92,GBP,posted,credit
L00009919,T00009919,A000459,2025-10-23T06:34:08+00:00,4173.51,GBP,posted,credit
L00009920,T00009920,A000327,2026-06-20T16:52:57+00:00,1600.37,EUR,posted,credit
L00009921,T00009921,A000967,2025-05-30T22:32:52+00:00,4359.45,INR,posted,credit
L00009922,T00009922,A000959,2025-12-12T19:57:28+00:00,2733.87,CAD,posted,credit
L00009923,T00009923,A000558,2026-03-10T15:32:13+00:00,3817.67,CAD,posted,credit
L00009924,T00009924,A001480,2025-01-08T17:14:21+00:00,3933.04,EUR,posted,credit
L00009925,T00009925,A000948,2026-02-05T09:08:02+00:00,921.65,CAD,posted,credit
L00009926,T00009926,A001378,2025-02-04T04:42:43+00:00,3434.40,CAD,posted,credit
L00009927,T00009927,A001266,2025-06-25T18:10:20+00:00,1806.29,INR,posted,credit
L00009928,T00009928,A000401,2025-09-03T08:24:57+00:00,4329.09,USD,posted,credit
L00009929,T00009929,A000678,2026-01-31T20:57:19+00:00,1663.38,CAD,posted,credit
L00009930,T00009930,A000423,2026-05-16T11:57:18+00:00,3096.42,USD,posted,credit
L00009931,T00009931,A000703,2025-11-03T17:03:33+00:00,4001.38,INR,posted,credit
L00009932,T00009932,A000342,2026-01-19T22:05:20+00:00,2336.22,CAD,posted,credit
L00009933,T00009933,A000440,2025-10-31T21:02:37+00:00,2050.88,CAD,posted,credit
L00009934,T00009934,A000204,2025-01-03T08:44:40+00:00,3198.51,CAD,posted,credit
L00009935,T00009935,A000495,2025-01-22T10:14:41+00:00,2283.28,INR,posted,credit
L00009936,T00009936,A001020,2025-07-20T04:33:42+00:00,1296.72,USD,posted,credit
L00009937,T00009937,A001445,2026-05-05T15:58:01+00:00,4524.22,EUR,posted,credit
L00009938,T00009938,A000870,2026-03-19T13:29:19+00:00,766.55,GBP,posted,credit
L00009939,T00009939,A000379,2025-08-08T01:26:49+00:00,2906.63,GBP,posted,credit
L00009940,T00009940,A001038,2025-01-18T15:25:42+00:00,4012.12,USD,posted,credit
L00009941,T00009941,A000784,2026-02-02T11:27:44+00:00,3597.32,GBP,posted,credit
L00009942,T00009942,A001409,2025-05-25T20:21:34+00:00,719.39,USD,posted,credit
L00009943,T00009943,A001461,2026-05-01T09:17:08+00:00,3844.93,EUR,posted,credit
L00009944,T00009944,A000458,2025-04-25T21:34:37+00:00,1357.42,USD,posted,credit
L00009945,T00009945,A001370,2026-09-11T20:03:12+00:00,2315.99,CAD,posted,credit
L00009946,T00009946,A001205,2026-08-21T07:00:53+00:00,2366.43,CAD,posted,credit
L00009947,T00009947,A001269,2025-04-16T15:14:12+00:00,3131.92,EUR,posted,credit
L00009948,T00009948,A000661,2025-01-08T07:25:45+00:00,706.47,GBP,posted,credit
L00009949,T00009949,A001313,2025-06-13T17:18:20+00:00,1542.78,EUR,posted,credit
L00009950,T00009950,A000949,2025-11-29T13:53:45+00:00,2009.77,EUR,posted,credit
L00000001,T00000001,A000977,2025-09-03T08:18:22+00:00,646.19,CAD,posted,credit
L00000002,T00000002,A001289,2025-07-22T23:30:12+00:00,4016.76,CAD,posted,credit
L00000003,T00000003,A000008,2025-04-21T16:11:29+00:00,1889.93,USD,posted,credit
L00000004,T00000004,A001341,2025-03-01T12:07:28+00:00,4027.19,CAD,posted,credit
L00000005,T00000005,A001013,2026-08-20T08:55:36+00:00,3427.59,USD,posted,credit
L00000006,T00000006,A000290,2025-03-19T06:34:27+00:00,4656.50,USD,posted,credit
L00000007,T00000007,A000814,2026-02-23T00:37:38+00:00,1734.02,USD,posted,credit
L00000008,T00000008,A001190,2025-03-10T03:50:29+00:00,2037.39,GBP,posted,credit
L00000009,T00000009,A001109,2025-03-05T07:19:30+00:00,573.03,CAD,posted,credit
L00000010,T00000010,A000939,2025-05-26T21:56:23+00:00,4944.60,USD,posted,credit
