transaction_id,customer_id,account_id,transaction_date,amount,currency,status,transaction_type
T00000001,C000187,A000977,2025-09-03T08:18:22+00:00,646.19,CAD,settled,REFUND
T00000002,C000244,A001289,2025-07-22T23:30:12+00:00,4016.76,CAD,reversed,TRANSFER
T00000003,C000249,A000008,2025-04-21T16:11:29+00:00,1889.93,USD,reversed,TRANSFER
T00000004,C000656,A001341,2025-03-01T12:07:28+00:00,4027.19,CAD,pending,ADJUSTMENT
T00000005,C000572,A001013,2026-08-20T08:55:36+00:00,3427.59,USD,reversed,REFUND
T00000006,C000909,A000290,2025-03-19T06:34:27+00:00,4656.50,USD,failed,REFUND
T00000007,C000670,A000814,2026-02-23T00:37:38+00:00,1734.02,USD,reversed,TRANSFER
T00000008,C000068,A001190,2025-03-10T03:50:29+00:00,2037.39,GBP,failed,TRANSFER
T00000009,C000062,A001109,2025-03-05T07:19:30+00:00,573.03,CAD,reversed,REFUND
T00000010,C000798,A000939,2025-05-26T21:56:23+00:00,4944.60,USD,failed,ADJUSTMENT
T00000011,C000658,A001159,2025-02-28T06:34:03+00:00,219.24,INR,settled,TRANSFER
T00000012,C000580,A000655,2025-02-20T19:11:57+00:00,3117.93,USD,reversed,TRANSFER
T00000013,C000484,A000151,2026-03-25T03:44:53+00:00,4416.65,GBP,failed,TRANSFER
T00000014,C000822,A000052,2026-03-20T08:58:25+00:00,2101.66,GBP,pending,ADJUSTMENT
T00000015,C000359,A000373,2026-03-26T02:51:29+00:00,3971.84,INR,settled,REFUND
T00000016,C000109,A000793,2026-03-25T04:26:13+00:00,3896.85,USD,failed,REFUND
T00000017,C000554,A001244,2026-05-16T04:13:48+00:00,1882.20,CAD,pending,SALE
T00000018,C000835,A000672,2025-01-28T09:42:15+00:00,3807.61,EUR,pending,REFUND
T00000019,C000353,A000565,2025-04-26T09:45:40+00:00,92.25,GBP,reversed,ADJUSTMENT
T00000020,C000806,A000721,2025-03-26T00:16:55+00:00,3994.71,INR,pending,REFUND
T00000021,C000273,A001416,2025-03-08T02:22:28+00:00,206.42,INR,settled,ADJUSTMENT
T00000022,C000681,A000454,2026-02-03T04:03:30+00:00,3337.21,EUR,settled,REFUND
T00000023,C000777,A001017,2026-06-12T03:48:56+00:00,1042.05,EUR,failed,ADJUSTMENT
T00000024,C000189,A001270,2025-10-17T09:31:20+00:00,4612.05,GBP,pending,SALE
T00000025,C000959,A001283,2025-05-21T11:13:36+00:00,1978.68,EUR,reversed,ADJUSTMENT
T00000026,C000557,A000147,2026-08-02T03:13:39+00:00,4252.67,CAD,pending,REFUND
T00000027,C000488,A000046,2026-06-20T10:49:11+00:00,4115.44,USD,failed,SALE
T00000028,C000543,A000438,2026-03-14T14:23:30+00:00,2509.26,USD,settled,SALE
T00000029,C000432,A000183,2026-04-16T08:51:50+00:00,2449.05,INR,pending,SALE
T00000030,C000494,A000516,2025-04-09T11:02:35+00:00,4026.30,GBP,reversed,REFUND
T00000031,C000373,A000828,2026-09-03T19:20:32+00:00,2926.04,INR,reversed,TRANSFER
T00000032,C000753,A001082,2025-05-19T21:26:09+00:00,3696.83,INR,reversed,REFUND
T00000033,C000546,A001150,2025-10-05T23:18:55+00:00,2608.71,USD,settled,TRANSFER
T00000034,C000416,A000532,2026-01-17T04:23:17+00:00,2368.32,EUR,settled,SALE
T00000035,C000234,A001152,2026-08-18T18:33:11+00:00,2515.25,USD,settled,ADJUSTMENT
T00000036,C000988,A000280,2025-06-21T17:31:39+00:00,2353.42,GBP,settled,SALE
T00000037,C000868,A000463,2025-04-14T06:16:26+00:00,2789.29,GBP,pending,TRANSFER
T00000038,C000234,A001152,2026-04-15T02:19:08+00:00,3704.28,USD,failed,TRANSFER
T00000039,C000822,A001484,2026-09-06T09:43:21+00:00,2267.97,USD,settled,SALE
T00000040,C000782,A000124,2026-03-10T01:09:45+00:00,4906.26,GBP,pending,SALE
T00000041,C000266,A000014,2026-01-09T05:33:47+00:00,172.07,USD,reversed,TRANSFER
T00000042,C000068,A000231,2025-10-20T07:09:15+00:00,2052.67,INR,reversed,ADJUSTMENT
T00000043,C000828,A000708,2026-05-19T06:19:17+00:00,2763.86,GBP,pending,ADJUSTMENT
T00000044,C000192,A000678,2026-07-15T15:31:55+00:00,1259.64,CAD,settled,REFUND
T00000045,C000407,A001247,2026-04-22T05:26:36+00:00,2615.45,EUR,failed,SALE
T00000046,C000500,A001084,2025-12-24T10:30:05+00:00,1842.78,INR,settled,TRANSFER
T00000047,C000059,A001478,2026-03-22T14:26:47+00:00,2563.36,EUR,reversed,TRANSFER
T00000048,C000809,A001212,2025-11-03T22:26:20+00:00,209.99,GBP,settled,ADJUSTMENT
T00000049,C000227,A000103,2026-06-08T10:34:12+00:00,391.85,GBP,settled,REFUND
T00000050,C000441,A000433,2026-07-18T20:56:56+00:00,3347.78,INR,pending,REFUND
T00000051,C000882,A000960,2025-06-15T09:39:09+00:00,4319.70,USD,pending,TRANSFER
T00000052,C000886,A000762,2026-03-15T23:10:37+00:00,1453.56,INR,pending,SALE
T00000053,C000066,A000020,2025-11-11T19:05:13+00:00,362.70,CAD,settled,ADJUSTMENT
T00000054,C000104,A000011,2025-02-14T01:33:49+00:00,4802.34,CAD,failed,TRANSFER
T00000055,C000129,A000803,2026-07-05T17:14:26+00:00,4745.76,GBP,reversed,ADJUSTMENT
T00000056,C000399,A000150,2026-04-16T02:48:27+00:00,1209.06,EUR,settled,REFUND
T00000057,C000684,A001173,2026-04-30T18:16:09+00:00,3837.89,GBP,settled,TRANSFER
T00000058,C000554,A001244,2025-06-07T17:00:56+00:00,4450.55,CAD,settled,SALE
T00000059,C000335,A000397,2025-04-10T00:43:25+00:00,3298.73,GBP,pending,REFUND
T00000060,C000588,A001492,2026-06-01T12:38:31+00:00,4450.47,GBP,pending,ADJUSTMENT
T00000061,C000612,A001471,2025-01-30T03:50:11+00:00,4384.59,GBP,failed,ADJUSTMENT
T00000062,C000682,A001276,2026-07-04T03:07:25+00:00,528.94,CAD,settled,ADJUSTMENT
T00000063,C000865,A001320,2026-08-20T12:43:30+00:00,3962.70,INR,failed,ADJUSTMENT
T00000064,C000774,A001239,2025-02-12T07:05:43+00:00,342.54,INR,failed,SALE
T00000065,C000550,A000134,2026-08-16T08:49:02+00:00,1270.46,GBP,failed,SALE
T00000066,C000941,A000981,2025-09-19T18:03:52+00:00,1836.82,EUR,failed,TRANSFER
T00000067,C000461,A001489,2025-09-08T15:58:47+00:00,3499.00,CAD,reversed,SALE
T00000068,C000360,A000081,2026-08-05T03:35:37+00:00,4499.57,GBP,failed,SALE
T00000069,C000159,A000983,2026-03-21T14:44:28+00:00,175.62,GBP,reversed,ADJUSTMENT
T00000070,C000806,A000721,2025-09-08T17:15:46+00:00,987.28,INR,reversed,ADJUSTMENT
T00000071,C000097,A001453,2025-05-26T18:28:06+00:00,1020.03,EUR,pending,ADJUSTMENT
T00000072,C000562,A000783,2026-04-16T22:39:29+00:00,2053.25,CAD,pending,SALE
T00000073,C000823,A001265,2026-06-27T04:29:54+00:00,4380.41,EUR,reversed,ADJUSTMENT
T00000074,C000531,A001323,2025-07-30T13:01:16+00:00,3888.96,EUR,settled,TRANSFER
T00000075,C000896,A000620,2025-01-14T09:12:22+00:00,3811.99,USD,settled,TRANSFER
T00000076,C000258,A000256,2026-01-01T06:23:41+00:00,4097.41,CAD,failed,TRANSFER
T00000077,C000101,A001201,2025-08-28T02:57:25+00:00,1997.30,CAD,failed,ADJUSTMENT
T00000078,C000283,A000145,2025-09-04T14:47:21+00:00,2840.07,CAD,settled,TRANSFER
T00000079,C000105,A000744,2026-01-23T09:47:28+00:00,4911.36,EUR,pending,SALE
T00000080,C000833,A000806,2026-04-10T18:31:15+00:00,1997.01,GBP,reversed,SALE
T00000081,C000940,A000610,2025-06-30T15:01:54+00:00,3242.01,GBP,settled,REFUND
T00000082,C000178,A000445,2026-03-13T04:18:30+00:00,2357.51,INR,reversed,TRANSFER
T00000083,C000200,A001268,2026-03-20T09:16:36+00:00,1615.80,CAD,failed,TRANSFER
T00000084,C000615,A000267,2025-06-10T01:55:47+00:00,2980.76,EUR,pending,SALE
T00000085,C000231,A001351,2025-08-24T06:27:51+00:00,340.84,CAD,pending,REFUND
T00000086,C000833,A000806,2025-08-03T02:21:59+00:00,1302.77,GBP,failed,ADJUSTMENT
T00000087,C000985,A001223,2025-04-28T02:08:15+00:00,1739.07,GBP,reversed,TRANSFER
T00000088,C000498,A000268,2025-03-22T06:53:54+00:00,1520.53,INR,settled,ADJUSTMENT
T00000089,C000616,A001494,2026-03-20T23:44:55+00:00,2294.31,USD,failed,REFUND
T00000090,C000161,A000572,2026-06-20T08:04:55+00:00,1337.59,GBP,failed,SALE
T00000091,C000162,A000996,2026-02-22T06:36:34+00:00,218.60,CAD,failed,ADJUSTMENT
T00000092,C000833,A001197,2025-09-16T19:18:20+00:00,4641.28,EUR,failed,TRANSFER
T00000093,C000508,A001206,2025-03-21T02:09:53+00:00,2364.79,INR,reversed,REFUND
T00000094,C000531,A001323,2025-12-25T13:13:31+00:00,2847.85,EUR,settled,ADJUSTMENT
T00000095,C000706,A000169,2026-04-24T20:40:18+00:00,937.89,GBP,failed,TRANSFER
T00000096,C000969,A000091,2025-04-05T02:06:40+00:00,3988.50,CAD,failed,ADJUSTMENT
T00000097,C000314,A000856,2026-04-22T08:26:55+00:00,3288.08,EUR,reversed,REFUND
T00000098,C000886,A000762,2026-03-28T09:14:46+00:00,312.63,INR,pending,REFUND
T00000099,C000518,A000283,2025-06-27T11:02:21+00:00,2340.19,USD,settled,REFUND
T00000100,C000161,A000572,2025-02-14T09:21:20+00:00,3926.55,GBP,settled,REFUND
T00000101,C000557,A000147,2026-08-28T02:29:38+00:00,,CAD,reversed,TRANSFER
T00000102,C000786,A000026,2025-07-11T14:29:06+00:00,,CAD,failed,ADJUSTMENT
T00000103,C000434,A000826,2025-03-07T14:35:54+00:00,,EUR,settled,TRANSFER
T00000104,C000389,A001185,2025-02-03T16:57:11+00:00,,INR,reversed,ADJUSTMENT
T00000105,C000806,A000693,2026-03-31T23:17:58+00:00,,CAD,settled,ADJUSTMENT
T00000106,C000373,A000796,2025-12-29T05:28:05+00:00,,GBP,reversed,SALE
T00000107,C000533,A000312,2025-06-30T14:48:17+00:00,,EUR,pending,ADJUSTMENT
T00000108,C000592,A000782,2025-12-10T03:37:15+00:00,,GBP,failed,ADJUSTMENT
T00000109,C000007,A001480,2025-07-11T09:13:51+00:00,,EUR,pending,REFUND
T00000110,C000612,A001471,2025-04-28T12:37:22+00:00,,GBP,settled,TRANSFER
T00000111,C000826,A000566,not-a-date,1195.54,GBP,failed,ADJUSTMENT
T00000112,C000342,A000870,not-a-date,4540.76,GBP,reversed,TRANSFER
T00000113,C000013,A001148,not-a-date,2637.02,GBP,failed,ADJUSTMENT
T00000114,C000994,A001078,not-a-date,4956.44,USD,failed,REFUND
T00000115,C000969,A000051,not-a-date,3040.82,USD,settled,ADJUSTMENT
T00000116,C000495,A001490,2025-01-25T09:44:15+00:00,2530.60,ZZZ,settled,ADJUSTMENT
T00000117,C000892,A000950,2025-08-28T02:57:45+00:00,1740.04,ZZZ,reversed,TRANSFER
T00000118,C000522,A000998,2026-07-21T17:56:36+00:00,3415.44,ZZZ,reversed,REFUND
T00000119,C000058,A001104,2026-02-20T07:22:59+00:00,4499.81,ZZZ,pending,TRANSFER
T00000120,C000626,A001081,2026-02-12T01:03:23+00:00,1988.29,ZZZ,failed,ADJUSTMENT
T00000121,,A001196,2025-01-24T11:48:11+00:00,4803.02,USD,pending,TRANSFER
T00000122,,A000176,2025-09-15T22:08:42+00:00,3124.01,EUR,reversed,SALE
T00000123,,A000808,2025-03-19T11:10:13+00:00,4258.45,INR,settled,REFUND
T00000124,,A000022,2025-03-03T13:04:08+00:00,4617.15,CAD,failed,ADJUSTMENT
T00000125,,A000371,2026-06-14T21:32:56+00:00,4063.35,CAD,failed,ADJUSTMENT
T00000126,C000573,A999999,2025-10-02T11:45:37+00:00,279.47,GBP,settled,TRANSFER
T00000127,C000353,A999999,2025-10-21T20:45:09+00:00,2326.56,GBP,settled,REFUND
T00000128,C000476,A999999,2025-11-14T01:49:07+00:00,3245.16,CAD,pending,REFUND
T00000129,C000775,A999999,2026-05-31T14:45:57+00:00,1311.41,CAD,pending,SALE
T00000130,C000272,A999999,2025-01-24T10:23:30+00:00,3233.82,INR,reversed,SALE
T00000131,C000461,A001489,2026-03-20T04:26:03+00:00,324.74,CAD,unknown,ADJUSTMENT
T00000132,C000033,A001462,2026-04-29T20:24:02+00:00,1401.68,EUR,unknown,SALE
T00000133,C000925,A000914,2026-07-14T20:39:06+00:00,3266.17,INR,unknown,TRANSFER
T00000134,C000354,A000720,2025-09-25T08:32:54+00:00,2902.41,GBP,unknown,REFUND
T00000135,C000956,A000206,2025-08-17T20:48:58+00:00,341.21,CAD,unknown,ADJUSTMENT
T00000136,C000126,A001343,2025-09-18T11:07:11+00:00,2647.76,INR,settled,UNKNOWN_TYPE
T00000137,C000709,A000515,2026-07-08T23:15:19+00:00,2353.77,GBP,pending,UNKNOWN_TYPE
T00000138,C000691,A000182,2026-07-28T10:06:24+00:00,2487.60,USD,settled,UNKNOWN_TYPE
T00000139,C000256,A000745,2025-10-28T12:20:58+00:00,3080.54,GBP,settled,UNKNOWN_TYPE
T00000140,C000889,A001184,2026-04-28T01:39:23+00:00,3249.14,EUR,pending,UNKNOWN_TYPE
T00000141,C000658,A000094,2025-09-02T10:11:45+00:00,3802.41,INR,settled,ADJUSTMENT
T00000142,C000929,A000778,2025-10-25T23:39:02+00:00,2513.34,USD,failed,SALE
T00000143,C000727,A001345,2025-01-08T05:07:25+00:00,940.76,CAD,pending,ADJUSTMENT
T00000144,C000514,A001134,2025-10-18T20:53:02+00:00,1988.30,USD,pending,ADJUSTMENT
T00000145,C000001,A000284,2025-11-25T12:06:13+00:00,3251.81,GBP,pending,REFUND
T00000146,C000615,A001218,2025-03-30T12:42:46+00:00,597.19,INR,reversed,TRANSFER
T00000147,C000857,A000341,2026-05-24T01:48:38+00:00,2370.42,USD,reversed,TRANSFER
T00000148,C000231,A000769,2026-07-28T20:51:15+00:00,1275.79,CAD,settled,ADJUSTMENT
T00000149,C000153,A000156,2025-11-28T20:35:27+00:00,94.75,CAD,failed,REFUND
T00000150,C000075,A000462,2025-01-02T22:47:06+00:00,3082.13,GBP,failed,SALE
T00000151,C000173,A001311,2026-05-28T15:48:12+00:00,1434.29,USD,settled,TRANSFER
T00000152,C000200,A000104,2026-03-08T06:33:35+00:00,3806.56,CAD,reversed,TRANSFER
T00000153,C000200,A000104,2026-07-31T03:05:58+00:00,1111.70,CAD,settled,TRANSFER
T00000154,C000782,A001371,2025-03-31T21:44:15+00:00,3067.20,CAD,settled,ADJUSTMENT
T00000155,C000766,A000608,2026-07-16T04:08:22+00:00,22.42,USD,reversed,ADJUSTMENT
T00000156,C000397,A000247,2026-01-08T17:50:37+00:00,944.77,INR,failed,SALE
T00000157,C000113,A000975,2026-03-14T10:09:50+00:00,3548.10,USD,failed,REFUND
T00000158,C000622,A001450,2026-04-13T00:12:51+00:00,3752.66,EUR,settled,TRANSFER
T00000159,C000333,A001460,2025-04-12T07:29:48+00:00,1510.84,CAD,pending,TRANSFER
T00000160,C000056,A000303,2025-03-23T10:34:45+00:00,4566.51,GBP,pending,TRANSFER
T00000161,C000400,A000986,2025-07-11T16:00:12+00:00,1853.67,CAD,reversed,REFUND
T00000162,C000697,A000260,2026-06-18T05:34:31+00:00,2080.24,USD,reversed,SALE
T00000163,C000008,A000935,2025-05-07T21:08:28+00:00,4619.43,EUR,failed,ADJUSTMENT
T00000164,C000479,A000400,2025-10-15T04:25:28+00:00,3087.93,GBP,failed,ADJUSTMENT
T00000165,C000764,A001027,2026-04-03T23:07:16+00:00,3270.00,GBP,pending,SALE
T00000166,C000483,A001050,2026-01-28T23:24:44+00:00,4713.07,INR,pending,ADJUSTMENT
T00000167,C000969,A000051,2025-06-08T06:41:03+00:00,1460.36,USD,pending,SALE
T00000168,C000312,A000820,2026-03-15T15:57:36+00:00,3805.73,USD,reversed,SALE
T00000169,C000034,A000801,2026-04-17T15:31:44+00:00,1795.00,CAD,pending,ADJUSTMENT
T00000170,C000834,A001397,2026-05-31T00:37:36+00:00,4126.72,USD,reversed,SALE
T00000171,C000431,A001307,2025-11-04T18:22:02+00:00,417.21,CAD,failed,TRANSFER
T00000172,C000350,A001280,2025-10-31T22:02:30+00:00,1610.54,EUR,reversed,REFUND
T00000173,C000960,A000538,2025-01-19T20:54:52+00:00,1377.41,CAD,settled,TRANSFER
T00000174,C000049,A001156,2025-08-07T21:45:17+00:00,4518.77,USD,reversed,TRANSFER
T00000175,C000279,A000291,2025-01-08T09:05:40+00:00,746.32,CAD,settled,REFUND
T00000176,C000981,A001458,2025-12-04T20:52:08+00:00,939.13,INR,failed,ADJUSTMENT
T00000177,C000056,A000483,2025-01-29T06:02:10+00:00,819.81,USD,reversed,TRANSFER
T00000178,C000725,A000904,2026-02-20T21:27:33+00:00,492.00,USD,pending,REFUND
T00000179,C000930,A000379,2025-03-31T06:43:13+00:00,133.30,GBP,settled,REFUND
T00000180,C000168,A001337,2026-08-16T09:01:54+00:00,2635.73,USD,reversed,ADJUSTMENT
T00000181,C000670,A000814,2026-07-16T03:44:51+00:00,4097.48,USD,pending,REFUND
T00000182,C000279,A000291,2025-07-09T18:35:26+00:00,4780.11,CAD,failed,SALE
T00000183,C000909,A000997,2025-05-08T05:28:46+00:00,3668.01,USD,settled,ADJUSTMENT
T00000184,C000328,A000197,2026-03-31T03:26:04+00:00,4994.81,CAD,settled,TRANSFER
T00000185,C000644,A001020,2026-01-02T08:27:56+00:00,2574.28,USD,reversed,ADJUSTMENT
T00000186,C000466,A001304,2025-07-03T05:04:44+00:00,4467.71,GBP,failed,TRANSFER
T00000187,C000411,A000897,2025-12-12T03:04:07+00:00,2786.58,GBP,settled,TRANSFER
T00000188,C000494,A000248,2025-08-16T03:49:06+00:00,4641.34,GBP,reversed,ADJUSTMENT
T00000189,C000860,A000464,2025-02-08T06:35:41+00:00,1027.89,CAD,reversed,SALE
T00000190,C000003,A000499,2026-04-21T20:46:56+00:00,658.21,USD,settled,ADJUSTMENT
T00000191,C000058,A000074,2025-08-24T12:45:28+00:00,4631.12,INR,failed,ADJUSTMENT
T00000192,C000210,A001097,2025-03-25T23:00:17+00:00,2135.15,INR,reversed,TRANSFER
T00000193,C000721,A000212,2025-04-21T06:31:50+00:00,2290.29,CAD,settled,TRANSFER
T00000194,C000506,A001419,2026-04-16T15:02:46+00:00,2181.06,CAD,settled,SALE
T00000195,C000294,A001120,2025-12-20T07:19:44+00:00,4973.83,GBP,pending,SALE
T00000196,C000566,A000155,2025-12-20T15:30:44+00:00,3343.90,GBP,reversed,TRANSFER
T00000197,C000518,A001234,2026-04-28T09:56:53+00:00,2822.91,GBP,failed,SALE
T00000198,C000560,A000289,2026-03-23T14:36:12+00:00,882.48,EUR,failed,ADJUSTMENT
T00000199,C000458,A000429,2026-04-09T19:37:45+00:00,4223.96,INR,reversed,REFUND
T00000200,C000360,A000391,2025-04-04T18:08:53+00:00,968.44,EUR,failed,TRANSFER
T00000201,C000066,A000020,2025-08-14T02:48:04+00:00,3507.13,CAD,pending,TRANSFER
T00000202,C000035,A000426,2025-12-12T07:11:13+00:00,3533.45,CAD,pending,TRANSFER
T00000203,C000610,A000006,2025-10-18T18:30:50+00:00,4775.62,CAD,failed,SALE
T00000204,C000222,A001408,2025-01-18T23:44:39+00:00,1103.21,CAD,pending,SALE
T00000205,C000966,A000219,2025-05-21T20:38:26+00:00,4687.16,INR,settled,REFUND
T00000206,C000675,A000642,2026-02-10T02:00:32+00:00,114.91,INR,settled,ADJUSTMENT
T00000207,C000080,A000845,2025-11-15T13:49:41+00:00,3250.08,CAD,reversed,TRANSFER
T00000208,C000975,A000102,2025-02-14T08:23:07+00:00,1346.16,INR,settled,REFUND
T00000209,C000674,A000114,2026-08-16T00:13:05+00:00,4666.94,CAD,failed,TRANSFER
T00000210,C000143,A000988,2026-02-05T19:05:05+00:00,2075.28,EUR,pending,TRANSFER
T00000211,C000038,A000561,2025-12-27T01:28:52+00:00,2636.78,GBP,pending,TRANSFER
T00000212,C000380,A001269,2025-11-22T02:11:03+00:00,1938.17,EUR,failed,ADJUSTMENT
T00000213,C000402,A000297,2026-03-09T02:29:21+00:00,3644.22,EUR,pending,SALE
T00000214,C000321,A001372,2025-11-22T16:34:20+00:00,1612.57,EUR,reversed,ADJUSTMENT
T00000215,C000772,A001260,2026-06-16T02:46:05+00:00,3543.16,EUR,pending,ADJUSTMENT
T00000216,C000867,A001238,2025-02-23T08:24:53+00:00,4120.12,USD,pending,TRANSFER
T00000217,C000668,A000204,2025-10-24T08:20:43+00:00,640.87,CAD,settled,TRANSFER
T00000218,C000328,A000331,2025-07-15T09:04:39+00:00,2035.24,EUR,settled,ADJUSTMENT
T00000219,C000005,A001168,2025-09-19T03:18:27+00:00,1304.11,EUR,pending,REFUND
T00000220,C000183,A000644,2025-04-15T07:34:28+00:00,928.03,GBP,pending,REFUND
T00000221,C000302,A001386,2026-06-28T07:51:21+00:00,4226.09,INR,pending,SALE
T00000222,C000627,A001476,2026-08-08T04:02:39+00:00,3800.38,INR,settled,REFUND
T00000223,C000095,A000501,2026-02-08T02:46:43+00:00,2272.46,EUR,reversed,TRANSFER
T00000224,C000238,A000220,2025-01-12T05:25:11+00:00,4496.78,INR,failed,REFUND
T00000225,C000891,A001288,2026-08-28T01:47:18+00:00,3969.73,INR,reversed,TRANSFER
T00000226,C000167,A000252,2026-05-21T19:17:30+00:00,4382.36,CAD,reversed,SALE
T00000227,C000710,A001038,2026-07-02T07:31:19+00:00,2440.65,USD,reversed,TRANSFER
T00000228,C000912,A000573,2026-09-07T19:02:58+00:00,2075.00,GBP,failed,TRANSFER
T00000229,C000674,A000114,2026-06-11T00:56:39+00:00,587.18,CAD,settled,TRANSFER
T00000230,C000395,A000580,2026-08-29T15:38:13+00:00,3831.50,INR,pending,SALE
T00000231,C000222,A000175,2026-03-24T08:48:45+00:00,939.25,GBP,failed,ADJUSTMENT
T00000232,C000587,A001086,2025-02-15T21:32:16+00:00,2899.13,GBP,failed,ADJUSTMENT
T00000233,C000933,A000959,2025-05-17T23:25:44+00:00,1070.02,CAD,settled,REFUND
T00000234,C000193,A001198,2026-01-17T08:31:17+00:00,4416.66,EUR,reversed,ADJUSTMENT
T00000235,C000044,A001052,2025-02-10T03:03:40+00:00,3843.15,GBP,settled,ADJUSTMENT
T00000236,C000864,A000339,2025-09-28T05:33:11+00:00,4937.74,CAD,reversed,REFUND
T00000237,C000919,A000927,2025-02-21T06:43:32+00:00,2025.18,EUR,pending,ADJUSTMENT
T00000238,C000094,A001143,2025-08-24T15:12:21+00:00,254.75,GBP,settled,REFUND
T00000239,C000866,A000964,2026-03-18T18:40:29+00:00,3148.41,EUR,pending,ADJUSTMENT
T00000240,C000219,A000016,2026-02-07T00:54:12+00:00,2200.21,USD,reversed,REFUND
T00000241,C000471,A000946,2025-04-25T17:12:02+00:00,3230.27,USD,pending,SALE
T00000242,C000840,A001466,2025-08-10T18:12:06+00:00,2765.08,USD,reversed,TRANSFER
T00000243,C000029,A000727,2025-05-22T20:40:00+00:00,1289.57,CAD,pending,SALE
T00000244,C000734,A000899,2026-08-26T02:24:45+00:00,3500.07,USD,reversed,SALE
T00000245,C000514,A000564,2025-11-10T21:23:08+00:00,126.52,EUR,settled,TRANSFER
T00000246,C000949,A001395,2025-07-29T12:56:51+00:00,4060.75,INR,reversed,SALE
T00000247,C000069,A001448,2025-11-27T22:24:22+00:00,897.28,EUR,failed,REFUND
T00000248,C000862,A001207,2025-07-31T07:09:44+00:00,4361.09,GBP,failed,ADJUSTMENT
T00000249,C000713,A000038,2025-07-23T00:13:57+00:00,4934.44,USD,pending,ADJUSTMENT
T00000250,C000406,A000705,2026-01-23T06:11:41+00:00,1915.69,GBP,pending,TRANSFER
T00000251,C000131,A001445,2025-03-29T08:19:51+00:00,3930.04,EUR,pending,SALE
T00000252,C000222,A000175,2026-04-24T23:07:41+00:00,537.09,GBP,failed,ADJUSTMENT
T00000253,C000783,A000021,2025-08-17T20:45:22+00:00,2981.13,GBP,pending,ADJUSTMENT
T00000254,C000268,A001317,2025-04-27T08:15:20+00:00,3603.71,CAD,pending,TRANSFER
T00000255,C000786,A001350,2025-10-02T22:21:34+00:00,1555.33,CAD,pending,TRANSFER
T00000256,C000168,A000324,2025-06-26T21:16:48+00:00,1415.74,INR,pending,SALE
T00000257,C000034,A000801,2025-03-09T06:37:13+00:00,1931.93,CAD,settled,TRANSFER
T00000258,C000495,A001281,2025-02-26T05:59:07+00:00,1848.16,EUR,failed,ADJUSTMENT
T00000259,C000172,A001057,2025-12-09T03:01:30+00:00,59.24,USD,pending,ADJUSTMENT
T00000260,C000109,A001014,2025-05-04T23:24:54+00:00,4541.37,INR,pending,ADJUSTMENT
T00000261,C000980,A001362,2025-08-05T10:02:19+00:00,3729.80,USD,reversed,ADJUSTMENT
T00000262,C000577,A000930,2025-11-30T22:57:04+00:00,1847.95,USD,settled,TRANSFER
T00000263,C000555,A001332,2025-05-26T20:14:15+00:00,230.51,GBP,reversed,REFUND
T00000264,C000899,A000526,2026-05-22T07:08:58+00:00,3553.01,CAD,failed,SALE
T00000265,C000249,A001435,2025-07-19T23:44:16+00:00,3349.00,INR,pending,ADJUSTMENT
T00000266,C000818,A000187,2026-03-01T19:56:12+00:00,996.96,GBP,pending,REFUND
T00000267,C000926,A000447,2025-08-11T22:11:27+00:00,3251.93,EUR,settled,SALE
T00000268,C000574,A001396,2025-04-29T03:39:20+00:00,3367.67,GBP,reversed,SALE
T00000269,C000167,A000252,2026-05-25T02:12:05+00:00,3550.06,CAD,reversed,ADJUSTMENT
T00000270,C000622,A001450,2025-07-17T17:50:19+00:00,2801.62,EUR,reversed,SALE
T00000271,C000949,A000224,2025-08-08T18:55:18+00:00,3588.73,INR,reversed,ADJUSTMENT
T00000272,C000737,A000322,2026-03-18T20:56:58+00:00,2972.44,INR,settled,TRANSFER
T00000273,C000045,A000040,2026-01-01T06:46:03+00:00,1384.33,GBP,failed,SALE
T00000274,C000333,A001314,2025-07-16T15:45:03+00:00,2452.51,EUR,pending,REFUND
T00000275,C000575,A000929,2026-05-08T02:40:15+00:00,2115.78,INR,failed,REFUND
T00000276,C000750,A000811,2025-09-04T13:49:03+00:00,2220.04,USD,failed,ADJUSTMENT
T00000277,C000903,A000208,2025-05-19T09:04:10+00:00,1946.10,GBP,pending,ADJUSTMENT
T00000278,C000960,A000538,2025-12-19T05:30:44+00:00,3521.09,CAD,failed,ADJUSTMENT
T00000279,C000425,A001339,2025-02-01T12:26:10+00:00,2891.93,CAD,pending,SALE
T00000280,C000664,A000342,2026-06-18T18:48:32+00:00,4589.45,CAD,settled,TRANSFER
T00000281,C000873,A000213,2025-03-17T19:38:58+00:00,2734.09,INR,settled,TRANSFER
T00000282,C000022,A000065,2026-06-23T15:27:46+00:00,3446.36,EUR,settled,ADJUSTMENT
T00000283,C000050,A000302,2026-03-21T06:46:26+00:00,4355.00,USD,settled,TRANSFER
T00000284,C000190,A000559,2026-01-13T06:12:56+00:00,750.98,GBP,reversed,TRANSFER
T00000285,C000394,A001254,2025-04-14T10:40:55+00:00,2917.91,USD,settled,TRANSFER
T00000286,C000699,A000738,2026-07-24T15:27:06+00:00,1811.30,USD,settled,REFUND
T00000287,C000300,A000495,2025-10-01T21:15:05+00:00,4723.69,INR,reversed,TRANSFER
T00000288,C000788,A000366,2025-08-18T06:48:54+00:00,1715.83,EUR,failed,REFUND
T00000289,C000647,A000848,2026-05-17T16:59:33+00:00,2945.08,GBP,reversed,SALE
T00000290,C000717,A000030,2025-03-31T17:43:55+00:00,2344.39,EUR,failed,ADJUSTMENT
T00000291,C000056,A000303,2025-06-19T06:54:29+00:00,3745.58,GBP,settled,ADJUSTMENT
T00000292,C000913,A000345,2025-10-16T20:53:31+00:00,3022.87,USD,failed,REFUND
T00000293,C000909,A000997,2025-10-05T21:27:12+00:00,3430.85,USD,reversed,SALE
T00000294,C000426,A001056,2025-01-19T08:56:46+00:00,3540.90,GBP,failed,TRANSFER
T00000295,C000885,A000055,2025-10-15T11:34:12+00:00,2724.09,GBP,failed,SALE
T00000296,C000613,A000764,2025-01-17T07:37:05+00:00,3456.27,EUR,pending,TRANSFER
T00000297,C000466,A000510,2025-04-23T02:00:15+00:00,3927.10,CAD,failed,TRANSFER
T00000298,C000097,A001453,2025-04-08T13:42:59+00:00,708.96,EUR,reversed,TRANSFER
T00000299,C000675,A000642,2026-04-14T19:30:26+00:00,3666.27,INR,reversed,REFUND
T00000300,C000889,A001318,2026-01-02T05:50:56+00:00,2146.32,EUR,reversed,SALE
T00000301,C000958,A001175,2025-01-02T03:10:52+00:00,1648.43,USD,failed,REFUND
T00000302,C000646,A001095,2025-04-03T08:50:19+00:00,2497.88,INR,settled,TRANSFER
T00000303,C000008,A000082,2025-10-06T14:36:43+00:00,4428.83,INR,failed,SALE
T00000304,C000022,A000065,2025-02-13T20:36:20+00:00,1678.42,EUR,reversed,ADJUSTMENT
T00000305,C000300,A000144,2025-10-12T17:29:25+00:00,654.17,CAD,reversed,SALE
T00000306,C000734,A000899,2026-02-24T17:36:15+00:00,3813.32,USD,pending,ADJUSTMENT
T00000307,C000870,A000918,2026-01-22T18:34:57+00:00,3862.63,USD,settled,ADJUSTMENT
T00000308,C000919,A000927,2026-06-13T15:42:11+00:00,4137.22,EUR,pending,ADJUSTMENT
T00000309,C000999,A001360,2026-07-16T18:05:41+00:00,827.93,USD,failed,TRANSFER
T00000310,C001000,A000115,2025-01-12T04:21:51+00:00,4555.01,GBP,settled,ADJUSTMENT
T00000311,C000004,A000637,2025-10-26T04:16:02+00:00,1288.97,INR,settled,REFUND
T00000312,C000014,A001423,2026-05-07T07:28:54+00:00,3978.22,EUR,reversed,SALE
T00000313,C000979,A000494,2025-07-02T00:04:33+00:00,364.24,INR,reversed,TRANSFER
T00000314,C000075,A001336,2025-04-24T00:05:22+00:00,3176.13,CAD,failed,ADJUSTMENT
T00000315,C000463,A000860,2025-07-12T15:06:47+00:00,4029.51,USD,settled,TRANSFER
T00000316,C000103,A001344,2025-10-17T17:49:39+00:00,2935.72,INR,settled,ADJUSTMENT
T00000317,C000214,A001454,2026-09-11T04:28:26+00:00,777.85,EUR,pending,REFUND
T00000318,C000840,A001466,2026-01-08T04:31:50+00:00,3888.89,USD,failed,ADJUSTMENT
T00000319,C000756,A001310,2025-12-08T21:28:25+00:00,3198.98,EUR,failed,TRANSFER
T00000320,C000093,A001379,2025-01-12T06:17:48+00:00,2678.61,CAD,reversed,ADJUSTMENT
T00000321,C000274,A000395,2025-04-06T07:46:46+00:00,3252.45,CAD,pending,ADJUSTMENT
T00000322,C000646,A001095,2026-06-18T11:48:58+00:00,454.46,INR,settled,ADJUSTMENT
T00000323,C000645,A000076,2025-12-26T05:30:00+00:00,1102.12,CAD,settled,TRANSFER
T00000324,C000893,A001037,2025-11-27T05:56:55+00:00,1065.37,EUR,reversed,SALE
T00000325,C000842,A000095,2025-06-12T07:14:49+00:00,3146.47,USD,failed,REFUND
T00000326,C000278,A000005,2025-01-25T13:23:56+00:00,1318.27,INR,pending,ADJUSTMENT
T00000327,C000866,A000964,2026-01-16T11:58:07+00:00,4945.70,EUR,reversed,TRANSFER
T00000328,C000893,A001037,2026-03-22T11:19:59+00:00,3004.67,EUR,settled,TRANSFER
T00000329,C000818,A000187,2025-05-09T09:54:08+00:00,3224.98,GBP,reversed,SALE
T00000330,C000780,A001402,2025-06-30T02:13:01+00:00,4606.97,INR,pending,ADJUSTMENT
T00000331,C000845,A001340,2025-11-24T10:43:55+00:00,2275.17,EUR,failed,TRANSFER
T00000332,C000308,A000546,2026-03-19T04:26:30+00:00,2575.50,INR,reversed,TRANSFER
T00000333,C000928,A000576,2025-10-14T12:32:36+00:00,621.88,GBP,settled,TRANSFER
T00000334,C000589,A000993,2026-01-19T02:25:25+00:00,4433.63,INR,settled,TRANSFER
T00000335,C000332,A001426,2025-07-02T21:23:13+00:00,1664.53,CAD,failed,ADJUSTMENT
T00000336,C000531,A000009,2025-11-07T15:18:20+00:00,4855.57,CAD,failed,TRANSFER
T00000337,C000928,A000576,2026-08-16T08:04:10+00:00,4325.25,GBP,reversed,TRANSFER
T00000338,C000424,A001267,2026-07-02T03:39:14+00:00,2104.82,EUR,failed,ADJUSTMENT
T00000339,C000996,A000136,2025-12-17T18:56:57+00:00,4467.19,CAD,failed,REFUND
T00000340,C000467,A001127,2025-10-10T12:09:33+00:00,4632.72,USD,settled,TRANSFER
T00000341,C000887,A000888,2025-03-19T13:54:59+00:00,2235.59,CAD,pending,SALE
T00000342,C000183,A000644,2025-07-28T05:20:41+00:00,1851.31,GBP,reversed,TRANSFER
T00000343,C000467,A001127,2026-08-17T12:11:57+00:00,501.30,USD,failed,SALE
T00000344,C000609,A000461,2026-07-25T04:09:03+00:00,1199.68,INR,pending,ADJUSTMENT
T00000345,C000945,A000286,2025-07-22T11:46:01+00:00,1355.93,USD,reversed,SALE
T00000346,C000674,A000019,2025-03-18T16:41:23+00:00,4030.63,CAD,reversed,REFUND
T00000347,C000669,A001446,2025-10-24T21:59:47+00:00,4331.05,CAD,pending,TRANSFER
T00000348,C000066,A000020,2025-03-04T08:28:57+00:00,2906.02,CAD,pending,REFUND
T00000349,C000584,A000881,2025-10-29T17:23:58+00:00,1009.59,EUR,failed,REFUND
T00000350,C000432,A000183,2025-04-27T00:34:11+00:00,464.01,INR,settled,SALE
T00000351,C000279,A000291,2026-04-10T22:34:04+00:00,3883.50,CAD,pending,TRANSFER
T00000352,C000449,A001421,2025-03-29T00:39:00+00:00,1664.82,CAD,reversed,ADJUSTMENT
T00000353,C000529,A000178,2026-03-17T15:14:35+00:00,4662.17,CAD,settled,SALE
T00000354,C000686,A000925,2025-04-28T00:12:24+00:00,4300.46,USD,pending,ADJUSTMENT
T00000355,C000357,A000349,2025-05-04T20:44:46+00:00,2371.06,USD,settled,TRANSFER
T00000356,C000261,A001092,2026-06-18T08:11:54+00:00,4863.10,CAD,reversed,ADJUSTMENT
T00000357,C000837,A000455,2025-02-02T04:52:33+00:00,3609.09,CAD,settled,TRANSFER
T00000358,C000669,A001121,2025-10-16T20:50:31+00:00,4871.64,EUR,pending,ADJUSTMENT
T00000359,C000385,A000500,2025-06-02T22:11:47+00:00,4110.43,INR,settled,TRANSFER
T00000360,C000106,A000709,2025-05-02T13:19:40+00:00,3150.74,INR,settled,REFUND
T00000361,C000225,A000027,2025-05-24T02:55:55+00:00,120.44,CAD,failed,REFUND
T00000362,C000661,A000214,2026-07-29T14:02:06+00:00,684.79,CAD,settled,REFUND
T00000363,C000522,A000998,2026-09-12T13:39:10+00:00,3807.10,USD,failed,REFUND
T00000364,C000135,A000544,2025-09-30T18:48:39+00:00,3324.58,USD,failed,TRANSFER
T00000365,C000764,A000798,2026-08-10T05:23:41+00:00,1644.04,INR,settled,TRANSFER
T00000366,C000837,A000725,2025-01-20T06:05:07+00:00,4675.88,CAD,settled,TRANSFER
T00000367,C000727,A001345,2026-04-06T20:57:23+00:00,1594.17,CAD,settled,TRANSFER
T00000368,C000491,A000530,2026-04-06T01:09:35+00:00,4001.33,INR,pending,SALE
T00000369,C000314,A001029,2025-08-13T16:40:30+00:00,1195.84,EUR,failed,TRANSFER
T00000370,C000930,A000092,2026-08-16T21:38:10+00:00,2080.93,USD,reversed,SALE
T00000371,C000580,A000655,2025-04-21T03:06:08+00:00,656.06,USD,settled,SALE
T00000372,C000818,A000187,2025-02-19T18:09:05+00:00,763.40,GBP,failed,ADJUSTMENT
T00000373,C000290,A001245,2025-05-04T13:55:38+00:00,4904.25,CAD,reversed,TRANSFER
T00000374,C000068,A001190,2026-03-20T05:16:32+00:00,2654.23,GBP,failed,TRANSFER
T00000375,C000602,A000163,2025-07-10T17:02:34+00:00,1765.42,EUR,pending,TRANSFER
T00000376,C000529,A000178,2026-07-26T11:54:03+00:00,4831.88,CAD,settled,TRANSFER
T00000377,C000945,A000286,2025-12-07T04:20:30+00:00,4668.26,USD,failed,TRANSFER
T00000378,C000721,A000212,2025-07-30T06:09:31+00:00,3008.44,CAD,pending,SALE
T00000379,C000468,A000626,2025-05-10T16:47:22+00:00,4543.61,GBP,pending,SALE
T00000380,C000769,A001293,2026-04-08T18:46:30+00:00,413.52,GBP,failed,TRANSFER
T00000381,C000714,A000419,2025-12-22T07:50:42+00:00,1730.79,USD,pending,TRANSFER
T00000382,C000178,A000445,2025-04-16T18:25:11+00:00,1568.57,INR,failed,SALE
T00000383,C000555,A000437,2025-10-24T16:46:51+00:00,136.71,CAD,failed,SALE
T00000384,C000420,A001166,2025-05-30T06:32:02+00:00,4273.00,CAD,pending,TRANSFER
T00000385,C000270,A000719,2025-10-20T02:23:50+00:00,2832.34,USD,reversed,ADJUSTMENT
T00000386,C000222,A001408,2025-07-18T10:37:31+00:00,4994.52,CAD,settled,REFUND
T00000387,C000955,A001315,2026-07-25T18:39:44+00:00,2242.37,USD,reversed,ADJUSTMENT
T00000388,C000343,A001230,2026-07-09T03:35:44+00:00,2818.01,EUR,reversed,REFUND
T00000389,C000172,A000800,2025-11-21T04:31:22+00:00,4341.83,USD,failed,SALE
T00000390,C000136,A000759,2025-08-16T23:55:49+00:00,838.67,GBP,reversed,ADJUSTMENT
T00000391,C000445,A000340,2026-02-07T20:49:47+00:00,2239.70,GBP,failed,SALE
T00000392,C000826,A000180,2026-03-21T19:06:38+00:00,3013.29,CAD,pending,REFUND
T00000393,C000484,A000151,2026-04-15T12:02:15+00:00,4170.15,GBP,settled,REFUND
T00000394,C000017,A000064,2026-05-04T00:36:08+00:00,1749.18,GBP,reversed,REFUND
T00000395,C000192,A001069,2026-01-14T04:00:46+00:00,2459.94,EUR,pending,ADJUSTMENT
T00000396,C000268,A001390,2025-12-19T09:33:06+00:00,1758.70,INR,pending,SALE
T00000397,C000296,A001126,2025-08-03T09:56:11+00:00,3449.30,EUR,failed,TRANSFER
T00000398,C000168,A000425,2025-07-09T01:26:26+00:00,1892.82,CAD,failed,TRANSFER
T00000399,C000989,A000611,2025-05-03T05:58:11+00:00,687.57,CAD,failed,SALE
T00000400,C000150,A000585,2025-01-31T23:14:22+00:00,2194.36,EUR,settled,ADJUSTMENT
T00000401,C000577,A000930,2025-02-03T03:43:06+00:00,3761.26,USD,reversed,ADJUSTMENT
T00000402,C000101,A001201,2025-03-02T19:43:21+00:00,1600.15,CAD,settled,SALE
T00000403,C000655,A001414,2026-02-27T12:34:48+00:00,4350.15,EUR,reversed,REFUND
T00000404,C000192,A000678,2025-04-07T02:20:22+00:00,2485.22,CAD,reversed,SALE
T00000405,C000302,A001386,2025-05-05T14:50:37+00:00,2393.57,INR,settled,SALE
T00000406,C000928,A000215,2026-04-28T07:41:25+00:00,3535.02,CAD,failed,TRANSFER
T00000407,C000505,A000332,2026-07-08T20:58:13+00:00,2779.36,CAD,reversed,ADJUSTMENT
T00000408,C000075,A001370,2026-02-25T22:37:46+00:00,4389.18,CAD,reversed,TRANSFER
T00000409,C000840,A001466,2025-04-04T03:03:03+00:00,4885.23,USD,reversed,SALE
T00000410,C000928,A000576,2026-01-12T07:42:54+00:00,4931.73,GBP,failed,REFUND
T00000411,C000267,A000137,2025-04-17T13:08:22+00:00,651.35,USD,failed,REFUND
T00000412,C000861,A000154,2026-07-14T15:29:10+00:00,3464.53,USD,pending,REFUND
T00000413,C000086,A000251,2026-02-23T08:53:57+00:00,255.02,EUR,settled,ADJUSTMENT
T00000414,C000380,A000956,2025-01-16T20:24:39+00:00,3739.98,INR,settled,ADJUSTMENT
T00000415,C000928,A000215,2025-08-17T17:00:28+00:00,4306.41,CAD,pending,REFUND
T00000416,C000922,A000865,2026-04-27T22:43:26+00:00,4486.18,GBP,failed,REFUND
T00000417,C000239,A000855,2026-09-12T12:19:41+00:00,4696.07,USD,reversed,ADJUSTMENT
T00000418,C000333,A000489,2025-06-16T07:19:32+00:00,2951.48,EUR,settled,REFUND
T00000419,C000266,A000014,2026-05-20T13:10:31+00:00,4799.74,USD,failed,REFUND
T00000420,C000035,A001221,2025-12-08T09:42:03+00:00,4564.74,USD,failed,SALE
T00000421,C000833,A001355,2025-08-21T13:14:08+00:00,3321.79,USD,pending,REFUND
T00000422,C000260,A000468,2025-06-26T13:53:27+00:00,3055.42,EUR,pending,REFUND
T00000423,C000915,A000505,2026-03-27T04:46:54+00:00,3183.68,INR,settled,ADJUSTMENT
T00000424,C000469,A000307,2025-07-16T15:17:27+00:00,4755.90,USD,settled,REFUND
T00000425,C000234,A000113,2025-09-15T04:34:07+00:00,3182.65,CAD,pending,ADJUSTMENT
T00000426,C000714,A000200,2025-06-03T19:02:17+00:00,2773.73,EUR,reversed,ADJUSTMENT
T00000427,C000754,A000233,2026-03-13T06:53:22+00:00,145.79,GBP,reversed,ADJUSTMENT
T00000428,C000514,A000564,2026-07-29T20:48:02+00:00,455.74,EUR,settled,TRANSFER
T00000429,C000150,A000585,2026-05-29T19:15:55+00:00,4999.03,EUR,reversed,REFUND
T00000430,C000518,A001234,2025-09-12T17:31:52+00:00,1814.69,GBP,reversed,TRANSFER
T00000431,C000919,A000689,2025-10-09T20:33:37+00:00,4330.40,INR,settled,REFUND
T00000432,C000396,A000676,2026-06-01T14:41:24+00:00,3371.22,USD,pending,REFUND
T00000433,C000802,A000063,2026-02-26T21:10:34+00:00,474.20,GBP,failed,REFUND
T00000434,C000140,A000978,2025-06-08T15:18:29+00:00,4116.24,GBP,reversed,ADJUSTMENT
T00000435,C000894,A000427,2026-04-26T11:23:46+00:00,2796.00,USD,reversed,ADJUSTMENT
T00000436,C000389,A001101,2025-09-20T15:31:06+00:00,3388.01,USD,failed,REFUND
T00000437,C000952,A000053,2026-04-08T03:47:50+00:00,4427.93,INR,failed,SALE
T00000438,C000565,A000173,2025-08-08T07:28:00+00:00,3601.10,USD,failed,SALE
T00000439,C000014,A001423,2025-07-03T04:43:25+00:00,627.06,EUR,settled,SALE
T00000440,C000909,A000781,2025-07-15T16:29:50+00:00,633.40,CAD,failed,TRANSFER
T00000441,C000268,A001390,2025-11-29T14:08:55+00:00,3067.13,INR,reversed,ADJUSTMENT
T00000442,C000766,A000808,2025-06-14T03:31:56+00:00,2688.85,INR,reversed,TRANSFER
T00000443,C000909,A000781,2026-08-07T13:28:06+00:00,42.87,CAD,reversed,ADJUSTMENT
T00000444,C000287,A000664,2025-03-14T12:44:09+00:00,3090.04,GBP,settled,ADJUSTMENT
T00000445,C000599,A000653,2026-04-26T03:10:55+00:00,1459.50,INR,pending,REFUND
T00000446,C000816,A001196,2025-08-14T13:47:41+00:00,170.05,USD,failed,TRANSFER
T00000447,C000904,A000002,2025-12-10T03:32:01+00:00,2815.67,USD,reversed,ADJUSTMENT
T00000448,C000130,A001012,2025-12-10T00:18:04+00:00,3706.60,CAD,settled,SALE
T00000449,C000674,A000019,2025-08-10T01:42:56+00:00,2599.32,CAD,failed,TRANSFER
T00000450,C000662,A000347,2025-01-30T21:43:20+00:00,2288.48,CAD,reversed,REFUND
T00000451,C000985,A001384,2026-05-10T12:57:19+00:00,1324.08,EUR,pending,REFUND
T00000452,C000753,A000482,2026-03-25T10:09:51+00:00,24.61,GBP,settled,SALE
T00000453,C000688,A000451,2025-12-28T15:16:02+00:00,347.07,USD,failed,ADJUSTMENT
T00000454,C000265,A001422,2025-02-19T15:48:58+00:00,4993.66,CAD,failed,SALE
T00000455,C000753,A001418,2025-09-27T16:31:13+00:00,2824.06,INR,pending,ADJUSTMENT
T00000456,C000873,A000213,2025-06-15T12:15:36+00:00,727.26,INR,settled,ADJUSTMENT
T00000457,C000213,A000594,2025-05-13T12:21:52+00:00,2789.27,EUR,reversed,SALE
T00000458,C000543,A001441,2026-07-17T17:04:42+00:00,1140.41,EUR,settled,REFUND
T00000459,C000602,A000163,2025-01-27T14:31:25+00:00,2816.48,EUR,reversed,REFUND
T00000460,C000611,A000701,2026-01-04T01:40:06+00:00,1919.11,USD,settled,REFUND
T00000461,C000427,A000408,2025-03-24T03:58:57+00:00,2783.36,EUR,pending,TRANSFER
T00000462,C000908,A000171,2026-03-24T12:13:55+00:00,2271.31,USD,settled,ADJUSTMENT
T00000463,C000469,A000307,2026-07-22T03:27:38+00:00,381.64,USD,pending,TRANSFER
T00000464,C000734,A000899,2026-02-12T14:39:40+00:00,1263.49,USD,settled,ADJUSTMENT
T00000465,C000877,A000886,2025-05-18T03:07:54+00:00,3860.32,INR,pending,SALE
T00000466,C000254,A000549,2026-08-19T08:20:30+00:00,665.79,INR,pending,ADJUSTMENT
T00000467,C000468,A000626,2026-03-02T09:17:01+00:00,2013.53,GBP,pending,TRANSFER
T00000468,C000202,A001452,2026-01-03T17:55:19+00:00,4799.94,GBP,reversed,ADJUSTMENT
T00000469,C000644,A000450,2026-01-16T13:56:49+00:00,2441.08,INR,pending,SALE
T00000470,C000471,A001028,2025-12-05T19:13:49+00:00,600.40,GBP,failed,TRANSFER
T00000471,C000022,A000065,2025-09-11T05:48:59+00:00,3549.12,EUR,settled,ADJUSTMENT
T00000472,C000357,A000349,2025-01-23T16:12:11+00:00,2121.20,USD,settled,ADJUSTMENT
T00000473,C000373,A000796,2026-02-13T09:55:24+00:00,3218.78,GBP,reversed,REFUND
T00000474,C000385,A000500,2025-12-22T16:15:21+00:00,998.93,INR,settled,SALE
T00000475,C000102,A000406,2026-05-18T02:51:50+00:00,1302.03,EUR,reversed,ADJUSTMENT
T00000476,C000402,A000297,2025-04-08T09:19:35+00:00,2387.93,EUR,settled,SALE
T00000477,C000597,A001361,2026-03-11T19:05:59+00:00,4155.19,EUR,pending,SALE
T00000478,C000161,A001219,2026-04-29T02:58:26+00:00,1803.00,GBP,pending,REFUND
T00000479,C000360,A000391,2025-10-14T00:19:09+00:00,3546.09,EUR,settled,REFUND
T00000480,C000495,A000777,2026-04-21T23:58:51+00:00,3069.95,CAD,reversed,TRANSFER
T00000481,C000638,A000675,2026-01-26T16:07:44+00:00,2007.12,CAD,failed,ADJUSTMENT
T00000482,C000166,A001440,2026-01-22T07:22:19+00:00,2356.97,EUR,failed,SALE
T00000483,C000130,A001012,2025-10-23T02:02:53+00:00,4946.68,CAD,reversed,REFUND
T00000484,C000005,A000226,2026-02-20T19:14:07+00:00,4397.07,CAD,settled,REFUND
T00000485,C000973,A000007,2025-03-28T12:35:35+00:00,4106.70,CAD,settled,TRANSFER
T00000486,C000549,A000416,2025-11-04T10:45:27+00:00,701.50,EUR,reversed,REFUND
T00000487,C000189,A001270,2025-05-22T21:31:47+00:00,1222.80,GBP,reversed,ADJUSTMENT
T00000488,C000681,A000454,2026-08-12T13:33:30+00:00,3358.43,EUR,failed,SALE
T00000489,C000408,A000887,2025-02-19T20:49:49+00:00,2954.34,EUR,settled,TRANSFER
T00000490,C000573,A000716,2025-03-27T21:01:25+00:00,491.32,INR,failed,REFUND
T00000491,C000890,A000854,2026-02-08T22:29:42+00:00,3726.12,USD,failed,ADJUSTMENT
T00000492,C000377,A000850,2026-03-24T12:26:55+00:00,1621.94,GBP,pending,REFUND
T00000493,C000097,A001438,2026-05-24T16:13:03+00:00,1229.42,GBP,reversed,REFUND
T00000494,C000952,A000053,2025-04-25T09:18:16+00:00,4325.54,INR,settled,SALE
T00000495,C000102,A001011,2025-04-22T17:55:32+00:00,996.77,CAD,pending,REFUND
T00000496,C000074,A000747,2025-11-13T12:12:21+00:00,433.45,CAD,settled,SALE
T00000497,C000452,A001235,2025-06-19T12:23:28+00:00,1291.83,CAD,reversed,ADJUSTMENT
T00000498,C000256,A000023,2026-06-15T22:18:35+00:00,320.73,CAD,pending,TRANSFER
T00000499,C000509,A000453,2025-12-18T07:19:02+00:00,4390.06,CAD,failed,TRANSFER
T00000500,C000531,A000075,2025-07-31T03:44:48+00:00,3048.22,USD,settled,SALE
T00000501,C000108,A000657,2025-10-03T22:17:17+00:00,617.94,INR,settled,TRANSFER
T00000502,C000554,A001274,2026-02-11T22:24:09+00:00,3582.25,USD,pending,TRANSFER
T00000503,C000220,A000639,2026-06-01T12:43:38+00:00,3382.46,CAD,failed,SALE
T00000504,C000287,A000909,2025-11-26T18:57:51+00:00,1229.01,USD,pending,SALE
T00000505,C000445,A001380,2025-03-24T09:59:12+00:00,1989.01,CAD,failed,TRANSFER
T00000506,C000786,A000467,2025-05-06T13:37:00+00:00,591.57,EUR,pending,TRANSFER
T00000507,C000644,A000093,2026-07-26T18:14:56+00:00,886.96,EUR,reversed,SALE
T00000508,C000740,A000553,2025-09-22T09:39:10+00:00,2507.62,INR,reversed,REFUND
T00000509,C000008,A000082,2025-08-30T09:38:13+00:00,2680.26,INR,failed,REFUND
T00000510,C000426,A001056,2026-01-03T16:15:26+00:00,3707.39,GBP,settled,ADJUSTMENT
T00000511,C000343,A001230,2025-06-25T17:32:43+00:00,1292.31,EUR,reversed,ADJUSTMENT
T00000512,C000572,A001013,2025-07-18T03:22:57+00:00,3864.74,USD,pending,ADJUSTMENT
T00000513,C000919,A000927,2025-08-19T23:34:48+00:00,4630.60,EUR,pending,SALE
T00000514,C000882,A000109,2026-07-24T05:44:25+00:00,4551.81,CAD,pending,TRANSFER
T00000515,C000813,A001046,2025-11-17T07:19:52+00:00,3156.37,INR,pending,TRANSFER
T00000516,C000756,A000496,2025-02-07T15:31:49+00:00,1916.12,GBP,failed,TRANSFER
T00000517,C000803,A001385,2026-06-21T04:31:12+00:00,433.05,EUR,settled,SALE
T00000518,C000100,A000554,2025-09-14T07:53:41+00:00,4627.23,EUR,pending,TRANSFER
T00000519,C000544,A000973,2025-01-27T06:13:48+00:00,4110.65,CAD,pending,SALE
T00000520,C000603,A001116,2026-01-20T20:51:51+00:00,3230.56,GBP,reversed,SALE
T00000521,C000004,A001381,2025-04-11T16:09:04+00:00,2122.63,GBP,settled,SALE
T00000522,C000220,A000952,2026-01-31T10:47:16+00:00,600.01,EUR,settled,ADJUSTMENT
T00000523,C000001,A000100,2025-08-07T02:22:03+00:00,2957.54,USD,settled,REFUND
T00000524,C000549,A000139,2025-06-21T10:08:57+00:00,959.86,CAD,reversed,ADJUSTMENT
T00000525,C000003,A000733,2025-07-22T21:19:38+00:00,3792.80,INR,pending,REFUND
T00000526,C000183,A000644,2026-02-09T02:14:28+00:00,61.64,GBP,failed,ADJUSTMENT
T00000527,C000406,A000665,2026-02-15T01:33:12+00:00,2995.60,GBP,settled,REFUND
T00000528,C000544,A000596,2025-05-30T02:05:33+00:00,3626.46,GBP,reversed,REFUND
T00000529,C000888,A000525,2026-08-31T10:49:26+00:00,2873.15,USD,pending,TRANSFER
T00000530,C000333,A001187,2025-08-18T15:14:28+00:00,3329.57,USD,failed,SALE
T00000531,C000975,A000102,2025-01-01T20:43:44+00:00,1615.54,INR,failed,SALE
T00000532,C000211,A001373,2025-10-14T15:15:44+00:00,2611.80,INR,reversed,ADJUSTMENT
T00000533,C000647,A000848,2026-05-21T17:44:46+00:00,1867.40,GBP,failed,ADJUSTMENT
T00000534,C000571,A000205,2025-02-09T17:16:07+00:00,2289.74,EUR,failed,REFUND
T00000535,C000606,A001425,2025-05-12T16:51:43+00:00,1658.83,USD,reversed,SALE
T00000536,C000291,A001328,2025-03-21T04:31:46+00:00,1692.53,CAD,settled,SALE
T00000537,C000350,A001280,2026-07-04T23:44:51+00:00,708.14,EUR,reversed,SALE
T00000538,C000584,A000881,2026-01-01T02:32:55+00:00,2399.81,EUR,reversed,REFUND
T00000539,C000333,A000414,2026-02-21T05:43:26+00:00,4007.10,EUR,pending,ADJUSTMENT
T00000540,C000821,A000627,2025-02-17T20:27:30+00:00,4021.25,CAD,failed,TRANSFER
T00000541,C000195,A000189,2026-05-10T17:20:09+00:00,3169.63,INR,reversed,SALE
T00000542,C000960,A000538,2025-09-26T19:58:14+00:00,943.91,CAD,settled,SALE
T00000543,C000956,A000206,2025-02-06T20:54:31+00:00,130.00,CAD,settled,REFUND
T00000544,C000289,A001284,2025-08-06T23:24:12+00:00,3199.17,INR,reversed,SALE
T00000545,C000555,A000388,2025-03-30T06:28:53+00:00,3110.49,INR,failed,SALE
T00000546,C000116,A000785,2025-10-20T06:01:48+00:00,1921.35,GBP,settled,ADJUSTMENT
T00000547,C000397,A000788,2025-06-22T17:36:13+00:00,3274.64,USD,reversed,ADJUSTMENT
T00000548,C000605,A001297,2025-07-09T16:29:57+00:00,2862.61,INR,reversed,ADJUSTMENT
T00000549,C000476,A001436,2026-04-27T11:36:36+00:00,3625.99,CAD,settled,TRANSFER
T00000550,C000533,A000312,2025-10-19T23:15:00+00:00,3803.20,EUR,pending,SALE
T00000551,C000424,A001225,2025-10-18T02:21:53+00:00,2397.95,CAD,failed,TRANSFER
T00000552,C000249,A001435,2026-05-22T19:10:27+00:00,3347.46,INR,settled,REFUND
T00000553,C000918,A000430,2025-09-24T09:51:15+00:00,383.63,EUR,settled,TRANSFER
T00000554,C000958,A001175,2025-04-21T19:54:44+00:00,3549.53,USD,settled,TRANSFER
T00000555,C000351,A000443,2025-03-27T16:46:59+00:00,3378.25,CAD,pending,REFUND
T00000556,C000368,A001301,2025-10-14T07:47:35+00:00,1030.89,GBP,settled,ADJUSTMENT
T00000557,C000871,A000568,2025-07-30T06:11:10+00:00,1921.63,CAD,failed,REFUND
T00000558,C000494,A000516,2026-06-01T08:24:49+00:00,2781.00,GBP,pending,TRANSFER
T00000559,C000302,A001386,2026-06-11T11:31:07+00:00,3266.34,INR,failed,SALE
T00000560,C000543,A001441,2026-02-04T16:04:41+00:00,3669.98,EUR,pending,ADJUSTMENT
T00000561,C000543,A000230,2026-01-05T08:50:33+00:00,1705.21,EUR,settled,ADJUSTMENT
T00000562,C000397,A000247,2026-07-12T22:29:37+00:00,1619.06,INR,failed,TRANSFER
T00000563,C000243,A001130,2025-04-04T00:25:33+00:00,1235.68,CAD,reversed,SALE
T00000564,C000003,A000499,2025-04-14T08:06:46+00:00,1858.19,USD,failed,SALE
T00000565,C000836,A000335,2026-07-07T04:47:49+00:00,4824.85,CAD,failed,SALE
T00000566,C000119,A001048,2026-09-10T19:51:35+00:00,1490.86,INR,pending,REFUND
T00000567,C000189,A001270,2025-08-04T12:01:14+00:00,2954.81,GBP,reversed,ADJUSTMENT
T00000568,C000270,A001455,2026-09-08T05:29:27+00:00,4567.54,INR,pending,REFUND
T00000569,C000584,A000881,2025-06-08T23:13:47+00:00,375.66,EUR,pending,TRANSFER
T00000570,C000802,A000063,2026-02-14T23:14:54+00:00,3092.85,GBP,failed,REFUND
T00000571,C000823,A001265,2026-02-10T11:03:25+00:00,2520.87,EUR,reversed,ADJUSTMENT
T00000572,C000767,A001477,2025-08-27T13:06:44+00:00,4650.20,CAD,pending,REFUND
T00000573,C000905,A000480,2026-04-12T17:34:47+00:00,2315.84,CAD,failed,REFUND
T00000574,C000143,A000988,2025-11-25T05:51:09+00:00,1716.12,EUR,failed,SALE
T00000575,C000823,A001265,2026-01-05T23:39:56+00:00,20.18,EUR,settled,SALE
T00000576,C000162,A000996,2025-06-02T20:36:55+00:00,1913.07,CAD,reversed,TRANSFER
T00000577,C000224,A000944,2025-11-21T08:19:47+00:00,4364.56,EUR,pending,SALE
T00000578,C000009,A000550,2025-05-24T19:16:58+00:00,1805.55,CAD,pending,REFUND
T00000579,C000595,A001115,2025-04-21T20:48:34+00:00,3033.71,GBP,failed,SALE
T00000580,C000903,A001067,2026-02-14T06:08:29+00:00,4018.63,CAD,failed,REFUND
T00000581,C000224,A000944,2025-12-02T06:39:49+00:00,643.73,EUR,pending,TRANSFER
T00000582,C000853,A000209,2025-11-20T06:06:23+00:00,1922.87,GBP,settled,TRANSFER
T00000583,C000236,A000003,2025-09-15T07:27:24+00:00,4007.31,EUR,failed,SALE
T00000584,C000318,A000711,2026-06-27T14:45:37+00:00,726.29,GBP,pending,SALE
T00000585,C000277,A000951,2025-03-20T12:32:18+00:00,475.55,GBP,failed,REFUND
T00000586,C000493,A000334,2025-06-19T19:10:41+00:00,868.73,GBP,reversed,TRANSFER
T00000587,C000258,A000256,2025-09-01T05:39:59+00:00,2682.72,CAD,failed,SALE
T00000588,C000589,A000648,2025-02-08T13:42:33+00:00,929.80,USD,pending,REFUND
T00000589,C000815,A000362,2025-07-06T19:17:10+00:00,3359.64,INR,failed,REFUND
T00000590,C000747,A001163,2025-02-06T15:36:43+00:00,2858.10,GBP,pending,TRANSFER
T00000591,C000094,A001143,2025-02-12T12:43:46+00:00,3076.04,GBP,failed,REFUND
T00000592,C000473,A000938,2025-03-12T19:48:20+00:00,1038.51,GBP,pending,TRANSFER
T00000593,C000760,A000540,2026-02-24T19:39:52+00:00,454.92,EUR,failed,TRANSFER
T00000594,C000811,A001475,2025-10-18T03:18:45+00:00,1484.40,USD,settled,REFUND
T00000595,C000888,A000525,2026-05-31T12:37:09+00:00,4287.09,USD,reversed,ADJUSTMENT
T00000596,C000379,A000919,2025-01-18T08:46:14+00:00,1966.79,USD,failed,REFUND
T00000597,C000637,A000700,2025-06-12T01:06:54+00:00,1297.44,CAD,pending,SALE
T00000598,C000006,A000874,2026-05-24T02:11:20+00:00,2302.12,USD,pending,REFUND
T00000599,C000465,A000920,2026-06-20T17:34:58+00:00,138.79,GBP,pending,SALE
T00000600,C000837,A000455,2025-08-19T03:43:55+00:00,3758.20,CAD,failed,ADJUSTMENT
T00000601,C000097,A001438,2025-08-28T08:40:11+00:00,1142.39,GBP,failed,REFUND
T00000602,C000328,A000331,2025-12-14T04:54:02+00:00,4947.55,EUR,pending,ADJUSTMENT
T00000603,C000714,A000253,2026-03-20T22:17:38+00:00,890.59,EUR,pending,ADJUSTMENT
T00000604,C000926,A000890,2025-01-18T20:34:38+00:00,4855.85,EUR,reversed,SALE
T00000605,C000773,A000868,2025-01-29T02:35:17+00:00,2999.78,EUR,reversed,ADJUSTMENT
T00000606,C000033,A001462,2026-03-16T04:37:40+00:00,71.29,EUR,failed,SALE
T00000607,C000801,A000654,2025-04-26T20:21:23+00:00,485.07,GBP,settled,TRANSFER
T00000608,C000734,A000899,2026-09-06T07:34:46+00:00,4802.99,USD,pending,TRANSFER
T00000609,C000366,A001045,2026-01-02T04:01:13+00:00,4133.26,CAD,settled,TRANSFER
T00000610,C000218,A000528,2026-03-23T19:55:28+00:00,405.76,INR,settled,ADJUSTMENT
T00000611,C000753,A001082,2026-07-27T07:35:00+00:00,4645.37,INR,pending,TRANSFER
T00000612,C000291,A001328,2025-01-25T20:49:32+00:00,4284.51,CAD,pending,SALE
T00000613,C000318,A001319,2026-05-29T10:45:14+00:00,3219.02,EUR,settled,SALE
T00000614,C000544,A000973,2026-04-15T14:00:39+00:00,3319.91,CAD,pending,ADJUSTMENT
T00000615,C000714,A000419,2025-11-06T04:17:55+00:00,3156.55,USD,failed,TRANSFER
T00000616,C000027,A000551,2026-01-02T15:59:38+00:00,4310.20,GBP,failed,TRANSFER
T00000617,C000446,A001102,2026-05-28T00:52:05+00:00,109.83,EUR,settled,SALE
T00000618,C000093,A001379,2025-09-04T06:01:21+00:00,2880.47,CAD,failed,ADJUSTMENT
T00000619,C000008,A000935,2026-01-27T06:01:33+00:00,3662.93,EUR,failed,TRANSFER
T00000620,C000054,A000217,2025-07-31T23:49:11+00:00,924.16,CAD,failed,ADJUSTMENT
T00000621,C000452,A001235,2026-04-07T04:10:56+00:00,700.65,CAD,failed,SALE
T00000622,C000302,A001386,2026-07-04T09:42:27+00:00,4169.42,INR,settled,ADJUSTMENT
T00000623,C000566,A000033,2025-03-06T03:45:48+00:00,3149.06,EUR,failed,ADJUSTMENT
T00000624,C000674,A000548,2026-08-13T17:57:19+00:00,4234.64,CAD,reversed,REFUND
T00000625,C000360,A000391,2025-12-21T14:43:56+00:00,4004.74,EUR,failed,ADJUSTMENT
T00000626,C000465,A000920,2025-03-10T11:53:24+00:00,443.28,GBP,failed,SALE
T00000627,C000170,A000131,2026-05-03T13:46:36+00:00,529.52,USD,failed,TRANSFER
T00000628,C000837,A000725,2025-12-15T14:07:39+00:00,1207.06,CAD,pending,SALE
T00000629,C000380,A000956,2025-11-10T19:35:46+00:00,4342.80,INR,settled,SALE
T00000630,C000988,A000280,2026-07-06T08:32:32+00:00,1378.41,GBP,reversed,ADJUSTMENT
T00000631,C000512,A000099,2025-11-09T16:31:06+00:00,1315.43,USD,pending,ADJUSTMENT
T00000632,C000750,A000811,2025-07-07T15:01:38+00:00,4386.33,USD,pending,ADJUSTMENT
T00000633,C000699,A000912,2025-04-25T23:20:53+00:00,377.25,EUR,failed,TRANSFER
T00000634,C000839,A001468,2025-10-21T20:00:33+00:00,4521.20,EUR,failed,REFUND
T00000635,C000004,A001381,2025-04-14T10:44:06+00:00,3824.60,GBP,pending,REFUND
T00000636,C000957,A001151,2026-06-15T22:40:10+00:00,4870.78,EUR,pending,SALE
T00000637,C000195,A000470,2026-08-02T00:07:00+00:00,2529.43,USD,failed,REFUND
T00000638,C000128,A000536,2026-01-17T02:40:56+00:00,3133.88,USD,settled,REFUND
T00000639,C000054,A000217,2025-05-19T20:09:18+00:00,848.79,CAD,failed,SALE
T00000640,C000928,A000381,2026-06-06T09:25:35+00:00,2911.40,EUR,reversed,REFUND
T00000641,C000985,A001040,2026-09-05T11:55:08+00:00,3711.89,INR,reversed,ADJUSTMENT
T00000642,C000381,A001389,2025-01-30T22:29:43+00:00,1431.13,INR,settled,SALE
T00000643,C000389,A001296,2026-08-19T12:47:46+00:00,2262.92,USD,settled,ADJUSTMENT
T00000644,C000674,A000114,2025-03-13T13:18:06+00:00,2645.49,CAD,reversed,TRANSFER
T00000645,C000970,A000682,2026-05-04T11:55:04+00:00,1686.09,INR,failed,SALE
T00000646,C000822,A000732,2026-04-09T11:27:10+00:00,69.53,GBP,reversed,REFUND
T00000647,C000425,A001339,2025-05-07T17:42:52+00:00,678.68,CAD,settled,TRANSFER
T00000648,C000162,A000996,2025-03-10T04:38:53+00:00,910.72,CAD,settled,TRANSFER
T00000649,C000750,A000811,2025-10-04T13:59:54+00:00,4714.57,USD,pending,SALE
T00000650,C000759,A000713,2026-02-19T19:59:24+00:00,1556.46,EUR,pending,REFUND
T00000651,C000333,A000414,2026-01-04T03:13:59+00:00,4629.21,EUR,pending,REFUND
T00000652,C000420,A001227,2025-05-29T12:30:21+00:00,3926.63,USD,pending,TRANSFER
T00000653,C000287,A000909,2026-01-05T08:11:28+00:00,4369.57,USD,pending,SALE
T00000654,C000419,A000216,2026-09-02T09:03:43+00:00,4115.51,USD,settled,SALE
T00000655,C000638,A000675,2025-04-13T13:12:26+00:00,4825.45,CAD,reversed,ADJUSTMENT
T00000656,C000741,A000971,2026-04-10T07:07:55+00:00,2056.14,INR,reversed,REFUND
T00000657,C000678,A000699,2026-09-05T01:11:43+00:00,4103.99,EUR,reversed,TRANSFER
T00000658,C000617,A000199,2025-06-21T23:30:07+00:00,3051.99,EUR,reversed,REFUND
T00000659,C000903,A001067,2025-03-02T08:42:07+00:00,72.43,CAD,settled,ADJUSTMENT
T00000660,C000698,A001432,2025-06-09T17:38:20+00:00,4697.25,USD,failed,ADJUSTMENT
T00000661,C000035,A000426,2025-06-27T01:52:44+00:00,249.66,CAD,failed,SALE
T00000662,C000568,A000070,2026-04-05T13:38:39+00:00,719.75,INR,pending,ADJUSTMENT
T00000663,C000949,A001395,2026-09-07T05:53:53+00:00,4620.73,INR,reversed,ADJUSTMENT
T00000664,C000153,A000358,2026-07-01T01:00:38+00:00,3930.85,INR,pending,TRANSFER
T00000665,C000760,A000540,2025-07-11T21:14:03+00:00,4467.90,EUR,pending,ADJUSTMENT
T00000666,C000108,A000657,2025-05-30T11:40:18+00:00,4909.92,INR,settled,REFUND
T00000667,C000118,A000649,2025-11-22T21:51:01+00:00,2420.75,INR,reversed,REFUND
T00000668,C000938,A001088,2025-11-25T09:17:20+00:00,3990.51,INR,failed,TRANSFER
T00000669,C000328,A000197,2025-01-23T12:33:14+00:00,4542.31,CAD,pending,SALE
T00000670,C000909,A000997,2026-05-07T09:52:22+00:00,445.87,USD,settled,ADJUSTMENT
T00000671,C000754,A000233,2025-08-29T05:03:22+00:00,643.44,GBP,reversed,SALE
T00000672,C000826,A000180,2025-11-09T18:46:43+00:00,1432.09,CAD,pending,ADJUSTMENT
T00000673,C000261,A001092,2025-09-13T07:21:40+00:00,3585.55,CAD,pending,ADJUSTMENT
T00000674,C000886,A000474,2026-06-19T00:23:01+00:00,1340.67,INR,settled,REFUND
T00000675,C000749,A001295,2026-05-02T22:21:35+00:00,4929.96,USD,pending,TRANSFER
T00000676,C000216,A001285,2026-05-11T20:03:20+00:00,69.73,INR,settled,REFUND
T00000677,C000015,A001499,2026-04-19T15:53:26+00:00,4349.40,EUR,settled,ADJUSTMENT
T00000678,C000845,A001340,2025-08-01T00:21:23+00:00,3838.44,EUR,settled,TRANSFER
T00000679,C000543,A001441,2025-04-26T07:23:51+00:00,862.12,EUR,settled,ADJUSTMENT
T00000680,C000644,A000093,2025-12-09T09:46:30+00:00,2112.17,EUR,failed,ADJUSTMENT
T00000681,C000726,A000080,2025-06-10T12:45:02+00:00,4889.32,USD,pending,ADJUSTMENT
T00000682,C000686,A001043,2026-05-22T17:29:30+00:00,49.59,USD,failed,TRANSFER
T00000683,C000193,A001464,2025-02-15T10:08:55+00:00,988.43,GBP,pending,REFUND
T00000684,C000037,A000196,2026-04-16T01:05:09+00:00,519.24,INR,pending,REFUND
T00000685,C000237,A000431,2026-09-07T01:08:44+00:00,1769.21,USD,pending,REFUND
T00000686,C000181,A000481,2025-11-13T06:03:32+00:00,3594.89,EUR,pending,TRANSFER
T00000687,C000916,A000771,2026-03-08T15:32:40+00:00,3552.09,EUR,settled,TRANSFER
T00000688,C000962,A000623,2025-05-19T20:45:21+00:00,4168.99,USD,reversed,SALE
T00000689,C000544,A000973,2026-08-20T02:57:22+00:00,1975.29,CAD,failed,SALE
T00000690,C000908,A000390,2026-07-15T05:09:07+00:00,1231.16,CAD,settled,TRANSFER
T00000691,C000965,A001022,2026-05-22T01:54:31+00:00,461.35,EUR,settled,REFUND
T00000692,C000102,A000406,2026-02-17T11:32:18+00:00,797.71,EUR,reversed,ADJUSTMENT
T00000693,C000442,A000504,2026-08-13T16:31:04+00:00,4149.93,CAD,pending,REFUND
T00000694,C000399,A000428,2025-05-24T05:57:13+00:00,1990.49,INR,pending,TRANSFER
T00000695,C000268,A001390,2026-04-01T11:23:05+00:00,1395.36,INR,settled,TRANSFER
T00000696,C000411,A000897,2025-05-27T20:56:22+00:00,897.49,GBP,pending,ADJUSTMENT
T00000697,C000971,A001070,2025-09-18T12:34:47+00:00,691.60,INR,settled,ADJUSTMENT
T00000698,C000759,A000098,2026-08-09T10:54:02+00:00,1286.59,CAD,failed,REFUND
T00000699,C000539,A001005,2025-11-28T01:42:51+00:00,206.93,GBP,reversed,ADJUSTMENT
T00000700,C000014,A000579,2025-12-19T04:03:12+00:00,2786.02,USD,reversed,SALE
T00000701,C000532,A001026,2025-05-02T02:09:25+00:00,4662.09,EUR,failed,TRANSFER
T00000702,C000445,A001183,2026-01-26T19:44:32+00:00,4743.52,EUR,pending,SALE
T00000703,C000994,A001119,2025-05-24T05:07:47+00:00,1187.01,EUR,reversed,TRANSFER
T00000704,C000693,A000824,2025-04-25T11:38:07+00:00,3133.81,EUR,failed,REFUND
T00000705,C000461,A000293,2025-09-15T06:49:10+00:00,2513.83,GBP,pending,REFUND
T00000706,C000988,A000280,2025-06-01T05:08:49+00:00,1692.31,GBP,pending,ADJUSTMENT
T00000707,C000385,A000472,2025-03-14T23:10:19+00:00,4881.38,USD,reversed,TRANSFER
T00000708,C000644,A000093,2026-08-28T08:14:40+00:00,1490.08,EUR,pending,ADJUSTMENT
T00000709,C000767,A001477,2025-02-17T09:38:43+00:00,1624.80,CAD,settled,ADJUSTMENT
T00000710,C000782,A000124,2025-11-10T03:08:48+00:00,2111.45,GBP,pending,SALE
T00000711,C000889,A000671,2025-02-06T00:23:12+00:00,3354.86,CAD,pending,SALE
T00000712,C000605,A000031,2026-08-10T23:52:34+00:00,2335.71,CAD,reversed,REFUND
T00000713,C000961,A000378,2026-05-19T16:28:51+00:00,3118.92,INR,pending,ADJUSTMENT
T00000714,C000403,A001060,2026-01-31T00:41:04+00:00,2491.78,CAD,pending,REFUND
T00000715,C000641,A000502,2026-08-17T21:59:31+00:00,1091.68,USD,failed,TRANSFER
T00000716,C000737,A001242,2025-07-03T22:01:30+00:00,194.17,INR,pending,SALE
T00000717,C000818,A000650,2025-11-20T02:15:42+00:00,3074.49,CAD,settled,REFUND
T00000718,C000225,A000027,2026-04-23T21:29:53+00:00,4797.75,CAD,pending,SALE
T00000719,C000287,A000909,2026-01-29T23:52:32+00:00,472.08,USD,reversed,TRANSFER
T00000720,C000100,A000554,2026-05-15T21:54:36+00:00,2628.51,EUR,pending,SALE
T00000721,C000637,A000367,2026-03-15T08:36:09+00:00,1367.39,GBP,reversed,TRANSFER
T00000722,C000086,A000251,2026-02-08T03:39:48+00:00,698.15,EUR,settled,REFUND
T00000723,C000644,A000093,2025-08-25T23:34:03+00:00,4933.38,EUR,reversed,SALE
T00000724,C000786,A001350,2025-04-22T09:12:29+00:00,4768.98,CAD,settled,TRANSFER
T00000725,C000069,A001500,2025-09-09T14:56:33+00:00,2776.98,INR,pending,TRANSFER
T00000726,C000773,A000868,2025-07-27T09:49:53+00:00,3552.44,EUR,failed,REFUND
T00000727,C000114,A000829,2026-07-31T20:56:07+00:00,4940.59,EUR,pending,TRANSFER
T00000728,C000499,A000555,2026-02-06T06:26:21+00:00,889.36,USD,pending,SALE
T00000729,C000316,A000994,2025-10-25T10:47:17+00:00,1967.22,INR,reversed,SALE
T00000730,C000534,A000357,2026-04-08T13:32:46+00:00,304.50,INR,failed,ADJUSTMENT
T00000731,C000441,A000433,2026-08-10T01:10:08+00:00,3460.03,INR,failed,TRANSFER
T00000732,C000655,A001414,2026-05-23T08:21:37+00:00,168.06,EUR,pending,TRANSFER
T00000733,C000658,A001061,2025-06-25T08:24:17+00:00,752.18,CAD,pending,TRANSFER
T00000734,C000726,A000635,2025-02-04T02:36:39+00:00,3954.82,GBP,reversed,REFUND
T00000735,C000462,A000110,2026-03-22T14:39:51+00:00,212.92,INR,settled,REFUND
T00000736,C000554,A000050,2025-02-22T14:08:39+00:00,4296.05,INR,reversed,SALE
T00000737,C000003,A000733,2025-02-16T21:56:57+00:00,1206.92,INR,failed,ADJUSTMENT
T00000738,C000864,A000277,2025-03-30T20:46:12+00:00,1913.12,GBP,pending,REFUND
T00000739,C000745,A000518,2025-12-25T17:56:42+00:00,4755.80,USD,settled,SALE
T00000740,C000531,A000059,2025-05-29T01:16:09+00:00,3693.05,GBP,pending,ADJUSTMENT
T00000741,C000510,A000057,2025-06-02T18:20:33+00:00,3808.27,INR,pending,ADJUSTMENT
T00000742,C000128,A000536,2025-07-02T06:20:07+00:00,2598.07,USD,reversed,REFUND
T00000743,C000229,A000111,2025-12-05T13:30:11+00:00,2858.68,CAD,reversed,ADJUSTMENT
T00000744,C000655,A001074,2025-06-23T03:06:09+00:00,4960.47,USD,pending,SALE
T00000745,C000578,A000300,2025-09-07T15:18:40+00:00,4625.68,CAD,settled,TRANSFER
T00000746,C000240,A000773,2026-07-04T23:49:39+00:00,428.35,USD,settled,ADJUSTMENT
T00000747,C000510,A000057,2026-02-19T21:14:29+00:00,1720.96,INR,reversed,TRANSFER
T00000748,C000518,A000999,2025-04-04T01:02:47+00:00,4181.27,USD,pending,SALE
T00000749,C000155,A000607,2026-04-12T16:54:14+00:00,2732.36,CAD,failed,SALE
T00000750,C000543,A000631,2025-03-24T22:34:09+00:00,139.61,CAD,settled,TRANSFER
T00000751,C000840,A000152,2026-04-12T18:41:29+00:00,4803.02,GBP,reversed,ADJUSTMENT
T00000752,C000624,A001415,2025-09-08T13:34:23+00:00,4994.37,USD,pending,SALE
T00000753,C000455,A000853,2025-12-06T22:40:27+00:00,887.03,CAD,pending,TRANSFER
T00000754,C000441,A000433,2026-07-04T18:53:59+00:00,2383.90,INR,reversed,TRANSFER
T00000755,C000781,A000323,2025-03-30T04:05:24+00:00,3228.37,USD,reversed,SALE
T00000756,C000777,A000578,2025-01-26T19:09:37+00:00,1183.00,USD,reversed,SALE
T00000757,C000533,A000312,2026-03-01T03:21:23+00:00,2434.41,EUR,reversed,REFUND
T00000758,C000572,A001013,2026-04-17T05:39:21+00:00,826.67,USD,settled,REFUND
T00000759,C000791,A000394,2026-02-17T06:20:09+00:00,2540.63,EUR,reversed,ADJUSTMENT
T00000760,C000699,A000895,2026-04-14T12:09:35+00:00,2223.70,INR,failed,TRANSFER
T00000761,C000888,A000498,2025-12-08T13:26:20+00:00,529.39,INR,pending,ADJUSTMENT
T00000762,C000854,A000285,2026-07-22T14:31:46+00:00,527.59,USD,pending,SALE
T00000763,C000882,A000109,2025-04-24T03:42:03+00:00,2964.93,CAD,failed,TRANSFER
T00000764,C000249,A001435,2026-05-19T16:34:58+00:00,2839.79,INR,failed,TRANSFER
T00000765,C000377,A000850,2026-03-05T10:01:04+00:00,3027.37,GBP,reversed,SALE
T00000766,C000777,A000578,2026-01-25T23:33:12+00:00,1390.29,USD,failed,SALE
T00000767,C000282,A001496,2026-07-25T00:35:14+00:00,4590.82,CAD,reversed,ADJUSTMENT
T00000768,C000321,A001479,2025-06-20T04:21:33+00:00,3580.84,EUR,settled,ADJUSTMENT
T00000769,C000782,A001371,2025-12-23T12:40:23+00:00,4407.95,CAD,failed,SALE
T00000770,C000807,A000135,2025-09-18T03:33:26+00:00,4296.88,GBP,failed,ADJUSTMENT
T00000771,C000774,A001239,2025-05-09T06:41:56+00:00,566.33,INR,reversed,SALE
T00000772,C000741,A000971,2025-05-10T04:30:56+00:00,3874.13,INR,pending,ADJUSTMENT
T00000773,C000790,A000278,2025-10-09T05:13:58+00:00,1553.07,INR,settled,TRANSFER
T00000774,C000891,A001288,2025-04-13T04:01:06+00:00,2264.33,INR,reversed,ADJUSTMENT
T00000775,C000773,A001177,2025-12-19T13:10:17+00:00,331.97,CAD,failed,REFUND
T00000776,C000886,A000762,2026-07-27T11:54:51+00:00,1268.39,INR,settled,REFUND
T00000777,C000624,A000085,2025-11-19T13:58:45+00:00,4992.23,GBP,pending,REFUND
T00000778,C000837,A000982,2026-07-16T15:33:05+00:00,85.55,USD,pending,ADJUSTMENT
T00000779,C000231,A000769,2026-04-13T11:31:30+00:00,1425.32,CAD,failed,SALE
T00000780,C000599,A001089,2025-07-02T21:00:53+00:00,3370.71,INR,failed,REFUND
T00000781,C000182,A000794,2026-02-13T23:57:01+00:00,2751.95,INR,settled,ADJUSTMENT
T00000782,C000004,A001381,2026-09-05T18:53:04+00:00,4480.40,GBP,reversed,ADJUSTMENT
T00000783,C000753,A001418,2025-07-19T17:10:01+00:00,3853.87,INR,failed,SALE
T00000784,C000597,A001249,2026-01-11T09:01:01+00:00,992.36,USD,reversed,TRANSFER
T00000785,C000990,A000697,2026-03-24T15:45:32+00:00,3661.42,EUR,settled,REFUND
T00000786,C000644,A001020,2025-06-08T19:33:19+00:00,3259.67,USD,settled,SALE
T00000787,C000465,A000920,2025-03-29T09:45:07+00:00,4051.83,GBP,settled,REFUND
T00000788,C000749,A000758,2025-06-29T18:28:16+00:00,1093.73,CAD,settled,ADJUSTMENT
T00000789,C000001,A000842,2025-04-12T23:35:42+00:00,872.13,USD,failed,TRANSFER
T00000790,C000230,A000444,2025-02-19T08:26:44+00:00,3185.47,USD,settled,ADJUSTMENT
T00000791,C000947,A000970,2026-05-18T00:27:44+00:00,3989.29,INR,reversed,REFUND
T00000792,C000013,A001148,2025-11-11T21:48:55+00:00,2036.79,GBP,reversed,TRANSFER
T00000793,C000122,A001412,2025-02-05T22:21:49+00:00,3121.82,EUR,reversed,REFUND
T00000794,C000803,A000301,2025-02-20T17:14:02+00:00,4424.90,USD,pending,REFUND
T00000795,C000389,A001101,2025-09-30T04:12:02+00:00,448.15,USD,settled,REFUND
T00000796,C000097,A001438,2025-08-03T05:47:18+00:00,1311.92,GBP,failed,SALE
T00000797,C000161,A001219,2026-04-11T18:53:05+00:00,4396.57,GBP,settled,TRANSFER
T00000798,C000357,A001387,2025-01-23T02:43:22+00:00,1285.22,INR,pending,REFUND
T00000799,C000975,A000363,2025-09-24T05:13:56+00:00,7.59,CAD,failed,TRANSFER
T00000800,C000581,A000931,2025-06-15T09:27:00+00:00,4680.41,INR,settled,SALE
T00000801,C000492,A000995,2026-02-03T09:05:16+00:00,1496.59,GBP,reversed,REFUND
T00000802,C000922,A000865,2026-07-09T08:27:56+00:00,1450.14,GBP,settled,REFUND
T00000803,C000924,A001497,2025-11-22T06:49:38+00:00,4408.01,EUR,failed,SALE
T00000804,C000694,A000962,2025-02-27T22:33:51+00:00,4612.81,USD,reversed,ADJUSTMENT
T00000805,C000543,A000230,2026-06-06T04:39:05+00:00,1391.21,EUR,pending,TRANSFER
T00000806,C000781,A000316,2025-07-14T10:19:19+00:00,32.11,INR,reversed,TRANSFER
T00000807,C000265,A001204,2026-07-09T19:33:31+00:00,3041.22,INR,settled,REFUND
T00000808,C000359,A000373,2026-03-04T06:10:18+00:00,3508.69,INR,pending,TRANSFER
T00000809,C000954,A000821,2025-04-19T11:07:14+00:00,3160.34,EUR,reversed,ADJUSTMENT
T00000810,C000688,A000451,2025-03-20T19:27:56+00:00,1034.06,USD,reversed,TRANSFER
T00000811,C000656,A000338,2025-02-07T12:29:12+00:00,1818.80,GBP,settled,TRANSFER
T00000812,C000452,A000965,2025-11-01T19:47:30+00:00,2551.86,GBP,settled,SALE
T00000813,C000044,A001052,2026-03-16T17:41:20+00:00,4108.20,GBP,failed,SALE
T00000814,C000399,A000150,2025-09-07T19:19:27+00:00,4429.80,EUR,settled,TRANSFER
T00000815,C000845,A001449,2026-01-05T18:40:44+00:00,3107.29,EUR,reversed,ADJUSTMENT
T00000816,C000954,A000821,2025-09-17T06:15:16+00:00,2108.04,EUR,settled,ADJUSTMENT
T00000817,C000434,A000514,2025-04-20T11:30:50+00:00,2315.72,GBP,settled,ADJUSTMENT
T00000818,C000925,A000914,2025-05-22T15:44:18+00:00,305.48,INR,failed,ADJUSTMENT
T00000819,C000851,A000326,2026-05-08T07:46:15+00:00,603.60,CAD,pending,REFUND
T00000820,C000287,A001149,2026-03-17T05:14:43+00:00,1308.94,GBP,failed,REFUND
T00000821,C000793,A001157,2025-02-17T10:14:30+00:00,736.51,EUR,pending,TRANSFER
T00000822,C000568,A001250,2025-02-06T07:35:03+00:00,932.80,GBP,settled,TRANSFER
T00000823,C000926,A000447,2026-05-25T04:58:08+00:00,2663.29,EUR,failed,SALE
T00000824,C000382,A000275,2026-07-07T21:12:18+00:00,3666.98,INR,pending,TRANSFER
T00000825,C000206,A000385,2025-08-31T07:37:37+00:00,1470.54,GBP,settled,SALE
T00000826,C000924,A000976,2026-03-18T00:31:21+00:00,1817.95,EUR,settled,ADJUSTMENT
T00000827,C000211,A001373,2025-02-03T00:42:38+00:00,2941.37,INR,failed,SALE
T00000828,C000450,A001132,2025-02-04T08:44:07+00:00,925.69,EUR,reversed,ADJUSTMENT
T00000829,C000924,A001497,2025-11-16T12:27:12+00:00,2712.37,EUR,settled,TRANSFER
T00000830,C000102,A001456,2025-02-19T06:08:37+00:00,3837.14,GBP,pending,SALE
T00000831,C000572,A001200,2025-04-07T07:23:44+00:00,2449.84,INR,pending,REFUND
T00000832,C000945,A001272,2026-09-05T06:15:05+00:00,98.11,GBP,pending,REFUND
T00000833,C000983,A000486,2026-01-06T07:47:19+00:00,2976.41,CAD,pending,REFUND
T00000834,C000195,A000470,2026-08-24T22:35:19+00:00,1567.59,USD,pending,ADJUSTMENT
T00000835,C000737,A000322,2025-07-29T10:33:03+00:00,1705.74,INR,pending,TRANSFER
T00000836,C000482,A001256,2025-05-01T01:55:04+00:00,557.92,INR,settled,REFUND
T00000837,C000658,A001159,2025-05-12T09:34:30+00:00,543.69,INR,pending,TRANSFER
T00000838,C000773,A001177,2025-04-12T01:17:25+00:00,4845.22,CAD,settled,ADJUSTMENT
T00000839,C000080,A000845,2025-01-23T16:57:30+00:00,4025.07,CAD,failed,SALE
T00000840,C000297,A000756,2026-02-11T04:32:14+00:00,2644.16,USD,reversed,SALE
T00000841,C000899,A001147,2026-03-29T07:46:28+00:00,1925.88,GBP,settled,TRANSFER
T00000842,C000650,A000355,2025-05-31T05:58:52+00:00,1949.70,USD,reversed,REFUND
T00000843,C000837,A000982,2026-03-24T17:48:58+00:00,1748.02,USD,settled,REFUND
T00000844,C000340,A001182,2026-02-06T03:59:07+00:00,254.77,INR,failed,ADJUSTMENT
T00000845,C000508,A001206,2025-07-10T17:10:12+00:00,2794.64,INR,reversed,SALE
T00000846,C000743,A000787,2026-03-08T19:40:54+00:00,3886.10,EUR,pending,SALE
T00000847,C000287,A000909,2025-02-11T05:11:14+00:00,2354.77,USD,settled,TRANSFER
T00000848,C000153,A000358,2025-04-08T06:49:24+00:00,2440.80,INR,pending,REFUND
T00000849,C000909,A000290,2026-04-04T00:01:24+00:00,3716.15,USD,pending,ADJUSTMENT
T00000850,C000015,A001499,2025-04-16T17:12:48+00:00,683.50,EUR,failed,TRANSFER
T00000851,C000226,A000598,2026-08-05T01:52:56+00:00,2995.49,EUR,reversed,TRANSFER
T00000852,C000530,A001209,2026-02-14T18:42:20+00:00,1514.93,USD,reversed,REFUND
T00000853,C000269,A000507,2026-08-05T21:03:18+00:00,1572.96,EUR,settled,REFUND
T00000854,C000119,A000577,2025-11-02T16:14:54+00:00,1826.84,GBP,pending,SALE
T00000855,C000592,A000422,2026-06-10T06:04:09+00:00,2147.77,GBP,reversed,ADJUSTMENT
T00000856,C000602,A000871,2025-06-01T08:19:09+00:00,2251.66,USD,settled,TRANSFER
T00000857,C000023,A001308,2025-02-03T08:38:06+00:00,3754.39,EUR,reversed,ADJUSTMENT
T00000858,C000867,A000125,2026-08-03T23:49:08+00:00,4009.64,USD,reversed,SALE
T00000859,C000434,A000435,2026-05-02T00:47:33+00:00,4597.25,EUR,failed,ADJUSTMENT
T00000860,C000480,A000296,2026-03-04T02:21:00+00:00,4381.10,GBP,pending,TRANSFER
T00000861,C000102,A001011,2025-07-03T11:08:38+00:00,3327.82,CAD,reversed,SALE
T00000862,C000691,A000633,2025-03-30T08:37:55+00:00,3870.63,CAD,failed,ADJUSTMENT
T00000863,C000836,A000335,2025-01-02T06:23:05+00:00,3617.55,CAD,failed,REFUND
T00000864,C000712,A000068,2026-09-02T00:32:35+00:00,2859.56,EUR,pending,SALE
T00000865,C000988,A000280,2026-02-11T22:13:59+00:00,2644.29,GBP,failed,ADJUSTMENT
T00000866,C000302,A001386,2025-02-23T11:18:09+00:00,4398.31,INR,settled,TRANSFER
T00000867,C000249,A000008,2025-05-09T16:09:16+00:00,3635.05,USD,failed,TRANSFER
T00000868,C000772,A001260,2025-02-16T22:14:18+00:00,1003.52,EUR,reversed,ADJUSTMENT
T00000869,C000260,A000468,2025-07-04T21:29:11+00:00,3409.45,EUR,settled,ADJUSTMENT
T00000870,C000600,A000688,2026-05-10T09:24:51+00:00,2543.23,GBP,settled,REFUND
T00000871,C000941,A000981,2026-05-15T23:44:05+00:00,1927.55,EUR,failed,SALE
T00000872,C000590,A000149,2025-08-18T15:05:05+00:00,2666.64,GBP,reversed,SALE
T00000873,C000199,A000317,2025-09-11T20:54:10+00:00,3463.77,USD,reversed,ADJUSTMENT
T00000874,C000874,A000574,2026-08-15T07:28:21+00:00,2759.70,GBP,settled,TRANSFER
T00000875,C000888,A000525,2026-01-11T19:08:39+00:00,2239.94,USD,reversed,TRANSFER
T00000876,C000704,A000628,2025-05-29T15:13:30+00:00,73.62,GBP,pending,ADJUSTMENT
T00000877,C000896,A000620,2025-11-17T05:18:30+00:00,4024.53,USD,reversed,ADJUSTMENT
T00000878,C000595,A001115,2026-07-04T11:17:41+00:00,3741.90,GBP,reversed,SALE
T00000879,C000656,A000704,2026-04-11T04:54:57+00:00,681.75,GBP,settled,REFUND
T00000880,C000164,A000833,2026-01-05T22:18:42+00:00,3631.18,CAD,pending,TRANSFER
T00000881,C000316,A000264,2025-07-13T21:49:47+00:00,1055.00,GBP,reversed,TRANSFER
T00000882,C000019,A000439,2026-07-15T10:31:55+00:00,3959.12,USD,settled,REFUND
T00000883,C000316,A000049,2026-06-07T23:34:10+00:00,3725.20,INR,reversed,TRANSFER
T00000884,C000388,A000130,2026-07-15T04:26:58+00:00,1556.61,EUR,reversed,ADJUSTMENT
T00000885,C000381,A001389,2025-12-30T10:14:52+00:00,1449.78,INR,reversed,REFUND
T00000886,C000469,A000307,2025-01-03T08:38:25+00:00,2419.30,USD,pending,SALE
T00000887,C000600,A000688,2025-03-12T16:25:23+00:00,2316.15,GBP,failed,TRANSFER
T00000888,C000834,A001397,2026-01-07T15:43:34+00:00,3316.29,USD,failed,ADJUSTMENT
T00000889,C000166,A001382,2025-06-16T17:22:40+00:00,2355.26,USD,reversed,SALE
T00000890,C000870,A000918,2025-11-22T02:26:16+00:00,4703.95,USD,pending,TRANSFER
T00000891,C000688,A000451,2025-05-28T11:40:50+00:00,4563.95,USD,reversed,SALE
T00000892,C000143,A000988,2025-04-20T07:51:25+00:00,1320.03,EUR,pending,SALE
T00000893,C000357,A001387,2025-03-30T11:25:25+00:00,3149.86,INR,settled,SALE
T00000894,C000424,A001110,2026-03-20T09:39:39+00:00,3839.86,CAD,settled,ADJUSTMENT
T00000895,C000210,A001097,2025-08-02T19:29:07+00:00,1928.57,INR,pending,TRANSFER
T00000896,C000019,A001178,2026-04-17T11:16:39+00:00,623.99,INR,settled,REFUND
T00000897,C000896,A000047,2025-03-17T01:52:03+00:00,3561.98,GBP,failed,REFUND
T00000898,C000930,A000479,2025-08-13T17:01:28+00:00,2273.11,GBP,reversed,TRANSFER
T00000899,C000146,A001399,2025-06-15T11:09:24+00:00,2201.02,USD,reversed,SALE
T00000900,C000397,A000788,2025-05-29T03:05:44+00:00,4925.76,USD,settled,SALE
T00000901,C000658,A000121,2026-01-08T05:34:17+00:00,2984.70,EUR,pending,SALE
T00000902,C000722,A001439,2025-08-01T01:24:08+00:00,3246.40,GBP,failed,TRANSFER
T00000903,C000932,A000288,2025-09-09T13:48:45+00:00,2566.69,USD,failed,TRANSFER
T00000904,C000272,A000795,2026-08-10T15:51:24+00:00,1686.15,GBP,pending,ADJUSTMENT
T00000905,C000691,A000633,2025-06-05T06:23:22+00:00,3184.21,CAD,settled,REFUND
T00000906,C000554,A001244,2026-09-04T03:32:12+00:00,96.96,CAD,reversed,ADJUSTMENT
T00000907,C000626,A001081,2025-08-20T14:11:33+00:00,4972.38,INR,settled,SALE
T00000908,C000743,A000787,2026-08-28T15:55:07+00:00,2998.54,EUR,reversed,TRANSFER
T00000909,C000402,A000512,2026-04-12T00:20:52+00:00,170.29,GBP,settled,ADJUSTMENT
T00000910,C000933,A000900,2026-03-21T14:56:30+00:00,220.01,USD,reversed,TRANSFER
T00000911,C000708,A000060,2025-12-23T08:26:29+00:00,4734.77,USD,pending,SALE
T00000912,C000293,A001472,2026-01-06T00:13:06+00:00,250.02,CAD,settled,REFUND
T00000913,C000058,A000299,2025-03-16T11:32:14+00:00,743.45,EUR,settled,SALE
T00000914,C000138,A001352,2025-03-16T20:28:59+00:00,1797.77,CAD,reversed,SALE
T00000915,C000626,A001081,2025-06-04T04:35:17+00:00,745.56,INR,pending,SALE
T00000916,C000425,A001339,2026-01-30T11:09:24+00:00,1172.77,CAD,pending,ADJUSTMENT
T00000917,C000068,A001190,2025-06-24T15:17:29+00:00,2875.08,GBP,pending,ADJUSTMENT
T00000918,C000887,A000350,2025-02-08T22:47:28+00:00,1871.21,INR,pending,REFUND
T00000919,C000434,A000514,2026-08-01T19:00:22+00:00,4418.73,GBP,failed,REFUND
T00000920,C000877,A001044,2026-03-25T19:36:17+00:00,4217.41,EUR,failed,TRANSFER
T00000921,C000153,A000358,2025-09-01T19:24:34+00:00,2536.81,INR,reversed,TRANSFER
T00000922,C000970,A000682,2025-12-14T03:44:44+00:00,4798.19,INR,failed,SALE
T00000923,C000367,A001161,2026-06-30T23:33:16+00:00,2897.72,USD,reversed,SALE
T00000924,C000654,A000225,2025-12-22T05:18:58+00:00,796.95,CAD,pending,SALE
T00000925,C000644,A000604,2025-09-02T07:19:10+00:00,4376.89,CAD,pending,TRANSFER
T00000926,C000332,A001426,2025-01-21T03:35:55+00:00,2068.28,CAD,settled,SALE
T00000927,C000318,A001125,2026-08-07T06:16:59+00:00,4271.06,USD,reversed,SALE
T00000928,C000602,A000163,2026-03-06T13:00:53+00:00,4582.01,EUR,failed,REFUND
T00000929,C000170,A000131,2026-08-19T15:35:23+00:00,4845.61,USD,pending,TRANSFER
T00000930,C000589,A000648,2025-01-04T08:13:48+00:00,2385.55,USD,reversed,REFUND
T00000931,C000521,A000158,2025-01-29T08:06:33+00:00,2555.02,EUR,failed,SALE
T00000932,C000157,A000698,2026-04-29T00:22:22+00:00,782.73,CAD,pending,REFUND
T00000933,C000208,A000750,2025-06-15T10:34:10+00:00,2076.28,CAD,pending,ADJUSTMENT
T00000934,C000102,A001011,2025-12-07T13:44:14+00:00,93.49,CAD,reversed,TRANSFER
T00000935,C000302,A000106,2026-01-01T21:01:50+00:00,1996.49,INR,failed,ADJUSTMENT
T00000936,C000018,A000126,2025-05-29T05:32:03+00:00,3350.80,EUR,settled,REFUND
T00000937,C000577,A000930,2025-03-22T11:11:18+00:00,1108.02,USD,failed,TRANSFER
T00000938,C000172,A000800,2025-07-16T17:27:53+00:00,2632.65,USD,pending,REFUND
T00000939,C000758,A000493,2025-07-03T16:04:37+00:00,3748.34,USD,reversed,ADJUSTMENT
T00000940,C000328,A001486,2025-04-20T08:24:27+00:00,928.01,CAD,settled,ADJUSTMENT
T00000941,C000804,A001409,2026-04-04T03:07:10+00:00,3039.03,USD,pending,ADJUSTMENT
T00000942,C000766,A000608,2026-04-07T10:01:31+00:00,3770.23,USD,pending,REFUND
T00000943,C000347,A000186,2025-06-24T19:18:07+00:00,2637.02,EUR,pending,REFUND
T00000944,C000893,A000118,2025-06-25T14:59:12+00:00,4667.75,CAD,failed,REFUND
T00000945,C000290,A000298,2026-06-29T14:05:49+00:00,4383.40,INR,reversed,ADJUSTMENT
T00000946,C000760,A000540,2026-05-09T08:14:13+00:00,2055.28,EUR,pending,REFUND
T00000947,C000916,A000771,2026-01-26T16:07:54+00:00,1663.07,EUR,settled,TRANSFER
T00000948,C000147,A000780,2025-02-18T07:52:10+00:00,1361.51,INR,pending,ADJUSTMENT
T00000949,C000593,A000872,2026-07-29T09:48:10+00:00,1171.90,CAD,pending,REFUND
T00000950,C000113,A000328,2026-05-17T12:21:04+00:00,2943.48,INR,settled,ADJUSTMENT
T00000951,C000597,A001249,2025-04-16T22:14:35+00:00,2060.31,USD,reversed,SALE
T00000952,C000351,A001375,2025-07-27T02:39:03+00:00,4397.53,USD,settled,TRANSFER
T00000953,C000105,A000744,2025-09-24T13:25:14+00:00,1957.25,EUR,settled,TRANSFER
T00000954,C000471,A000310,2025-09-15T20:03:58+00:00,1593.15,EUR,failed,ADJUSTMENT
T00000955,C000080,A000845,2025-05-28T08:51:40+00:00,1996.10,CAD,failed,SALE
T00000956,C000647,A000619,2025-10-02T18:12:46+00:00,531.65,INR,reversed,REFUND
T00000957,C000441,A001325,2025-03-23T09:00:22+00:00,2460.27,INR,reversed,ADJUSTMENT
T00000958,C000205,A001146,2025-06-22T15:23:24+00:00,3780.07,EUR,failed,SALE
T00000959,C000386,A001392,2026-07-20T15:20:08+00:00,1956.82,CAD,reversed,REFUND
T00000960,C000110,A000600,2025-06-13T11:42:08+00:00,3801.38,USD,reversed,TRANSFER
T00000961,C000971,A001015,2025-04-28T08:33:57+00:00,3419.04,EUR,pending,ADJUSTMENT
T00000962,C000925,A001393,2025-12-18T10:53:10+00:00,3566.92,INR,reversed,SALE
T00000963,C000461,A000293,2025-12-08T15:10:20+00:00,2980.43,GBP,settled,ADJUSTMENT
T00000964,C000782,A000124,2025-10-21T07:23:24+00:00,2150.41,GBP,settled,SALE
T00000965,C000714,A000253,2025-12-02T19:50:11+00:00,66.99,EUR,failed,ADJUSTMENT
T00000966,C000048,A001377,2025-04-06T05:07:55+00:00,42.46,INR,settled,SALE
T00000967,C000458,A000380,2026-05-21T09:55:10+00:00,1700.48,EUR,failed,SALE
T00000968,C000593,A000872,2025-01-05T16:19:23+00:00,883.55,CAD,pending,TRANSFER
T00000969,C000001,A000842,2025-01-06T15:34:07+00:00,710.42,USD,reversed,REFUND
T00000970,C000698,A001432,2025-12-24T11:05:42+00:00,3898.11,USD,pending,REFUND
T00000971,C000114,A000370,2025-08-01T14:00:28+00:00,1830.46,GBP,pending,SALE
T00000972,C000442,A000504,2025-10-03T15:12:15+00:00,3146.92,CAD,reversed,ADJUSTMENT
T00000973,C000665,A000263,2026-08-27T21:55:00+00:00,4296.47,CAD,failed,SALE
T00000974,C000577,A000930,2025-09-01T11:09:20+00:00,457.55,USD,pending,REFUND
T00000975,C000514,A000054,2025-06-04T17:57:47+00:00,456.61,EUR,failed,REFUND
T00000976,C000091,A000660,2026-02-20T12:12:32+00:00,352.98,USD,reversed,REFUND
T00000977,C000751,A001498,2026-04-09T01:38:37+00:00,1927.83,CAD,reversed,REFUND
T00000978,C000936,A000647,2025-08-23T16:07:06+00:00,2387.82,USD,settled,REFUND
T00000979,C000741,A000971,2025-08-26T22:52:01+00:00,513.43,INR,settled,REFUND
T00000980,C000328,A000331,2025-02-15T19:15:44+00:00,2102.88,EUR,reversed,ADJUSTMENT
T00000981,C000114,A000088,2025-08-12T17:07:38+00:00,2835.47,CAD,reversed,SALE
T00000982,C000802,A000063,2025-05-23T20:27:49+00:00,4640.74,GBP,settled,SALE
T00000983,C000067,A000618,2025-08-22T17:04:50+00:00,3354.15,EUR,pending,TRANSFER
T00000984,C000397,A000968,2026-03-21T19:17:47+00:00,4824.39,GBP,pending,REFUND
T00000985,C000629,A000243,2025-12-09T23:35:46+00:00,263.01,CAD,pending,REFUND
T00000986,C000166,A001382,2025-05-17T03:04:13+00:00,3548.26,USD,pending,TRANSFER
T00000987,C000599,A001089,2026-02-20T16:46:04+00:00,3782.19,INR,reversed,SALE
T00000988,C000046,A000112,2026-07-10T02:46:42+00:00,234.98,GBP,reversed,REFUND
T00000989,C000942,A001138,2026-09-09T21:20:18+00:00,3654.27,GBP,settled,ADJUSTMENT
T00000990,C000154,A000891,2026-04-14T22:31:41+00:00,1078.18,CAD,failed,TRANSFER
T00000991,C000925,A000914,2026-08-25T21:46:40+00:00,1540.74,INR,settled,ADJUSTMENT
T00000992,C000220,A000952,2025-10-16T17:08:38+00:00,2157.30,EUR,pending,TRANSFER
T00000993,C000463,A000860,2026-09-01T08:49:16+00:00,226.40,USD,settled,TRANSFER
T00000994,C000903,A001067,2025-04-27T02:22:04+00:00,117.94,CAD,reversed,SALE
T00000995,C000726,A000635,2025-10-03T11:20:48+00:00,3271.83,GBP,reversed,ADJUSTMENT
T00000996,C000955,A000304,2025-11-17T08:31:16+00:00,898.17,EUR,reversed,SALE
T00000997,C000114,A000545,2026-01-13T02:32:13+00:00,136.36,USD,settled,TRANSFER
T00000998,C000338,A000229,2025-07-04T03:18:50+00:00,4946.54,USD,reversed,SALE
T00000999,C000154,A000891,2025-12-24T10:44:59+00:00,688.35,CAD,pending,ADJUSTMENT
T00001000,C000403,A001060,2026-06-30T07:20:00+00:00,2207.98,CAD,pending,REFUND
T00001001,C000085,A000612,2025-01-25T03:17:06+00:00,657.37,INR,reversed,ADJUSTMENT
T00001002,C000433,A000235,2026-09-07T06:58:07+00:00,893.07,CAD,reversed,SALE
T00001003,C000008,A000082,2025-02-02T05:24:41+00:00,4583.19,INR,reversed,REFUND
T00001004,C000907,A001241,2025-04-08T17:31:33+00:00,2972.16,GBP,pending,ADJUSTMENT
T00001005,C000615,A000041,2026-01-29T20:09:39+00:00,389.69,CAD,reversed,ADJUSTMENT
T00001006,C000289,A001284,2025-10-12T00:41:26+00:00,166.86,INR,settled,ADJUSTMENT
T00001007,C000360,A000081,2025-11-04T01:06:12+00:00,1122.95,GBP,failed,ADJUSTMENT
T00001008,C000229,A000743,2026-06-01T07:13:18+00:00,4906.96,USD,settled,SALE
T00001009,C000165,A001459,2026-07-06T01:51:48+00:00,1725.08,CAD,reversed,ADJUSTMENT
T00001010,C000628,A000491,2026-04-11T01:42:28+00:00,598.05,INR,reversed,ADJUSTMENT
T00001011,C000463,A001114,2026-08-28T01:25:43+00:00,255.01,USD,settled,TRANSFER
T00001012,C000795,A000591,2026-03-21T07:28:34+00:00,3406.59,EUR,failed,ADJUSTMENT
T00001013,C000034,A000801,2025-10-08T11:31:46+00:00,2249.60,CAD,settled,TRANSFER
T00001014,C000075,A001336,2026-04-16T10:11:07+00:00,4671.67,CAD,failed,REFUND
T00001015,C000106,A000527,2026-04-16T15:53:18+00:00,768.61,USD,pending,SALE
T00001016,C000568,A001250,2026-07-14T08:18:31+00:00,2644.03,GBP,reversed,REFUND
T00001017,C000826,A000180,2026-06-01T21:51:47+00:00,1899.70,CAD,failed,SALE
T00001018,C000243,A001130,2026-03-18T06:14:39+00:00,2.55,CAD,failed,ADJUSTMENT
T00001019,C000091,A000660,2025-09-26T18:06:16+00:00,3838.55,USD,failed,ADJUSTMENT
T00001020,C000652,A001113,2025-07-02T10:50:16+00:00,2641.82,GBP,failed,TRANSFER
T00001021,C000814,A000375,2026-05-25T02:50:03+00:00,3665.67,CAD,settled,SALE
T00001022,C000075,A001370,2025-03-23T08:26:30+00:00,1338.26,CAD,settled,ADJUSTMENT
T00001023,C000145,A000294,2025-09-03T13:24:35+00:00,4067.60,USD,failed,SALE
T00001024,C000234,A000123,2026-09-09T20:30:33+00:00,1410.70,GBP,failed,REFUND
T00001025,C000317,A000261,2025-06-30T01:25:17+00:00,1334.10,USD,failed,SALE
T00001026,C000035,A000729,2025-09-20T20:33:35+00:00,2154.10,GBP,settled,REFUND
T00001027,C000230,A000444,2025-10-25T14:37:10+00:00,4607.67,USD,reversed,SALE
T00001028,C000925,A001137,2025-12-21T22:55:04+00:00,1834.09,EUR,failed,SALE
T00001029,C000511,A001451,2025-05-14T06:47:16+00:00,400.68,EUR,failed,TRANSFER
T00001030,C000328,A000331,2026-06-05T09:09:22+00:00,3364.47,EUR,reversed,TRANSFER
T00001031,C000836,A000506,2025-11-27T11:40:42+00:00,3549.08,INR,settled,ADJUSTMENT
T00001032,C000372,A000465,2026-03-06T16:08:12+00:00,4470.02,EUR,pending,ADJUSTMENT
T00001033,C000655,A001074,2026-04-23T22:40:18+00:00,3525.82,USD,settled,REFUND
T00001034,C000975,A000363,2025-07-29T15:57:40+00:00,1459.79,CAD,reversed,TRANSFER
T00001035,C000769,A001293,2026-06-30T17:46:39+00:00,3276.30,GBP,pending,ADJUSTMENT
T00001036,C000510,A000659,2025-04-24T16:29:02+00:00,4988.76,USD,pending,TRANSFER
T00001037,C000495,A000557,2026-05-03T21:08:45+00:00,947.43,GBP,pending,TRANSFER
T00001038,C000034,A000801,2026-07-12T11:08:19+00:00,4480.22,CAD,pending,REFUND
T00001039,C000970,A000682,2025-02-27T09:58:12+00:00,1677.82,INR,failed,TRANSFER
T00001040,C000462,A000110,2026-06-02T22:22:09+00:00,4271.99,INR,pending,TRANSFER
T00001041,C000507,A001049,2026-06-13T17:43:54+00:00,3494.56,USD,failed,ADJUSTMENT
T00001042,C000893,A000118,2026-09-06T12:51:48+00:00,4945.40,CAD,reversed,REFUND
T00001043,C000517,A000259,2025-05-07T05:20:31+00:00,286.13,USD,pending,ADJUSTMENT
T00001044,C000888,A001403,2026-06-13T21:25:58+00:00,2751.17,CAD,reversed,REFUND
T00001045,C000202,A000695,2026-05-28T17:19:04+00:00,2020.40,CAD,failed,ADJUSTMENT
T00001046,C000786,A000467,2026-08-15T05:43:10+00:00,3191.43,EUR,reversed,ADJUSTMENT
T00001047,C000347,A000129,2026-08-15T23:42:29+00:00,2161.30,USD,pending,ADJUSTMENT
T00001048,C000114,A000829,2025-11-01T18:19:14+00:00,2733.56,EUR,reversed,TRANSFER
T00001049,C000404,A000751,2025-05-29T21:55:53+00:00,4590.47,CAD,reversed,TRANSFER
T00001050,C000697,A000260,2025-11-24T01:03:11+00:00,4802.91,USD,pending,SALE
T00001051,C000017,A000614,2025-09-29T19:44:06+00:00,4016.89,INR,settled,REFUND
T00001052,C000449,A000571,2026-08-17T01:33:50+00:00,2178.71,USD,failed,TRANSFER
T00001053,C000168,A000184,2025-10-17T18:53:08+00:00,4128.18,USD,settled,SALE
T00001054,C000460,A000843,2026-03-30T00:15:06+00:00,1994.46,GBP,settled,REFUND
T00001055,C000674,A000114,2026-07-27T17:14:08+00:00,2115.69,CAD,failed,ADJUSTMENT
T00001056,C000082,A001365,2026-05-16T06:28:04+00:00,1432.28,INR,reversed,TRANSFER
T00001057,C000983,A000486,2025-01-24T22:15:25+00:00,2967.28,CAD,pending,SALE
T00001058,C000722,A001439,2025-07-14T09:27:18+00:00,4291.66,GBP,failed,REFUND
T00001059,C000376,A000866,2026-05-27T05:27:36+00:00,3552.95,GBP,failed,SALE
T00001060,C000285,A001286,2025-10-03T06:45:49+00:00,780.17,INR,pending,TRANSFER
T00001061,C000143,A000988,2026-07-06T17:56:53+00:00,1603.83,EUR,pending,TRANSFER
T00001062,C000924,A000369,2025-09-07T06:26:29+00:00,1926.76,USD,settled,ADJUSTMENT
T00001063,C000058,A001104,2026-03-08T21:32:12+00:00,414.99,USD,reversed,TRANSFER
T00001064,C000340,A000817,2026-03-04T12:22:14+00:00,1574.29,USD,failed,ADJUSTMENT
T00001065,C000961,A001224,2025-11-09T14:15:12+00:00,3599.33,INR,failed,TRANSFER
T00001066,C000576,A000249,2025-04-30T08:57:32+00:00,298.89,GBP,pending,SALE
T00001067,C000273,A000851,2025-04-14T23:01:47+00:00,4264.51,INR,reversed,SALE
T00001068,C000227,A000103,2026-06-28T18:01:35+00:00,3510.17,GBP,failed,REFUND
T00001069,C000892,A000950,2025-05-16T21:19:15+00:00,246.24,USD,failed,SALE
T00001070,C000449,A001421,2026-05-23T19:57:45+00:00,3105.88,CAD,reversed,SALE
T00001071,C000686,A000966,2025-08-21T05:49:59+00:00,1051.49,GBP,pending,SALE
T00001072,C000655,A001414,2026-06-02T11:34:48+00:00,3515.36,EUR,reversed,SALE
T00001073,C000899,A000726,2026-04-25T22:25:19+00:00,2661.57,EUR,settled,REFUND
T00001074,C000823,A001265,2026-08-13T18:05:38+00:00,2433.69,EUR,failed,REFUND
T00001075,C000046,A000112,2025-01-23T11:21:09+00:00,3322.33,GBP,reversed,REFUND
T00001076,C000821,A000045,2025-06-10T07:38:36+00:00,4947.80,EUR,reversed,ADJUSTMENT
T00001077,C000786,A000026,2026-03-01T03:28:00+00:00,4903.40,CAD,pending,TRANSFER
T00001078,C000006,A000874,2026-05-20T19:05:55+00:00,2146.26,USD,reversed,TRANSFER
T00001079,C000120,A001255,2025-11-28T07:43:35+00:00,3402.23,GBP,settled,SALE
T00001080,C000178,A000117,2026-02-20T14:40:03+00:00,2401.31,INR,pending,SALE
T00001081,C000896,A001428,2026-05-23T02:35:22+00:00,818.02,INR,settled,TRANSFER
T00001082,C000665,A000263,2026-05-31T04:58:13+00:00,2904.22,CAD,pending,TRANSFER
T00001083,C000994,A001129,2026-04-07T10:54:43+00:00,4427.57,CAD,reversed,ADJUSTMENT
T00001084,C000813,A001155,2026-05-10T14:43:14+00:00,789.78,USD,settled,SALE
T00001085,C000244,A001289,2025-04-10T18:06:52+00:00,4350.48,CAD,settled,REFUND
T00001086,C000645,A000442,2026-06-07T05:51:53+00:00,1114.57,CAD,failed,ADJUSTMENT
T00001087,C000035,A000426,2026-04-12T21:17:00+00:00,4528.76,CAD,settled,ADJUSTMENT
T00001088,C000962,A000623,2025-04-17T09:51:43+00:00,1627.35,USD,reversed,SALE
T00001089,C000894,A000311,2025-04-26T02:26:29+00:00,4082.15,GBP,failed,ADJUSTMENT
T00001090,C000923,A000166,2026-02-06T19:54:16+00:00,4232.12,GBP,reversed,REFUND
T00001091,C000756,A000496,2026-02-18T03:26:54+00:00,3977.77,GBP,failed,REFUND
T00001092,C000161,A000572,2026-07-07T18:08:53+00:00,4994.07,GBP,pending,TRANSFER
T00001093,C000088,A000424,2026-05-03T02:00:57+00:00,4234.75,GBP,reversed,REFUND
T00001094,C000074,A000892,2025-03-08T04:36:32+00:00,1792.40,USD,pending,TRANSFER
T00001095,C000740,A000315,2026-04-06T23:56:14+00:00,781.44,CAD,failed,SALE
T00001096,C000172,A001057,2026-05-30T12:22:38+00:00,2985.29,USD,failed,TRANSFER
T00001097,C000518,A000915,2026-01-29T08:43:53+00:00,2218.75,GBP,reversed,REFUND
T00001098,C000557,A000147,2025-05-27T02:37:53+00:00,3716.10,CAD,settled,REFUND
T00001099,C000006,A000874,2025-09-13T00:46:42+00:00,1996.32,USD,failed,TRANSFER
T00001100,C000426,A001383,2025-01-08T21:15:54+00:00,4968.10,INR,failed,TRANSFER
T00001101,C000564,A000832,2025-11-16T18:41:48+00:00,4578.48,INR,pending,SALE
T00001102,C000772,A001260,2026-03-06T20:37:26+00:00,4736.16,EUR,reversed,REFUND
T00001103,C000288,A000947,2025-11-30T01:51:24+00:00,4143.81,CAD,settled,ADJUSTMENT
T00001104,C000076,A001485,2026-08-30T01:13:08+00:00,2122.91,INR,pending,TRANSFER
T00001105,C000257,A001188,2025-07-01T19:16:53+00:00,4085.20,CAD,failed,SALE
T00001106,C000230,A001100,2025-06-17T06:12:50+00:00,2466.54,INR,failed,ADJUSTMENT
T00001107,C000477,A000703,2026-08-03T14:51:00+00:00,4773.41,INR,reversed,ADJUSTMENT
T00001108,C000046,A000673,2025-10-31T10:24:54+00:00,4444.15,GBP,failed,REFUND
T00001109,C000379,A000508,2025-05-17T01:48:22+00:00,3843.99,CAD,failed,TRANSFER
T00001110,C000495,A001281,2025-05-22T04:18:11+00:00,4881.74,EUR,pending,REFUND
T00001111,C000868,A000463,2025-05-13T14:41:40+00:00,3212.35,GBP,reversed,SALE
T00001112,C000492,A000995,2026-08-11T18:33:40+00:00,3897.10,GBP,pending,ADJUSTMENT
T00001113,C000084,A000024,2026-04-22T17:24:37+00:00,4522.38,USD,pending,ADJUSTMENT
T00001114,C000328,A000197,2025-08-01T15:58:49+00:00,2695.40,CAD,reversed,ADJUSTMENT
T00001115,C000395,A000580,2026-04-08T16:38:35+00:00,1764.44,INR,reversed,TRANSFER
T00001116,C000704,A000628,2025-01-23T07:27:10+00:00,3996.94,GBP,settled,REFUND
T00001117,C000389,A001185,2025-03-20T08:03:18+00:00,3737.48,INR,reversed,REFUND
T00001118,C000156,A001259,2026-08-16T02:35:52+00:00,4654.77,INR,settled,REFUND
T00001119,C000749,A000758,2025-12-21T05:16:05+00:00,3313.35,CAD,failed,ADJUSTMENT
T00001120,C000509,A000761,2025-02-25T15:12:09+00:00,187.67,EUR,failed,SALE
T00001121,C000885,A001164,2026-01-20T05:28:18+00:00,3547.33,USD,reversed,ADJUSTMENT
T00001122,C000429,A000837,2026-05-20T21:21:42+00:00,3603.63,EUR,reversed,SALE
T00001123,C000189,A001270,2026-06-24T14:05:13+00:00,2758.77,GBP,reversed,SALE
T00001124,C000952,A000053,2025-04-06T09:25:59+00:00,1494.25,INR,settled,TRANSFER
T00001125,C000399,A000428,2025-02-10T10:50:08+00:00,2012.48,INR,reversed,SALE
T00001126,C000036,A000622,2025-09-23T23:24:28+00:00,4806.58,GBP,pending,SALE
T00001127,C000305,A000652,2025-03-11T01:52:17+00:00,4485.38,GBP,reversed,ADJUSTMENT
T00001128,C000883,A000906,2025-08-31T20:59:32+00:00,1429.31,GBP,pending,REFUND
T00001129,C000919,A000582,2026-07-17T06:24:40+00:00,3938.50,EUR,failed,REFUND
T00001130,C000959,A000410,2026-01-02T04:01:05+00:00,3514.86,CAD,failed,REFUND
T00001131,C000777,A001017,2026-04-14T07:17:53+00:00,2536.37,EUR,failed,ADJUSTMENT
T00001132,C000772,A001260,2025-05-22T00:46:38+00:00,1557.02,EUR,settled,SALE
T00001133,C000200,A001268,2025-10-17T03:15:07+00:00,2070.66,CAD,reversed,REFUND
T00001134,C000396,A001123,2025-03-19T19:51:05+00:00,647.84,INR,pending,REFUND
T00001135,C000722,A001439,2026-06-02T20:40:42+00:00,1352.56,GBP,settled,SALE
T00001136,C000870,A000918,2026-04-28T11:31:39+00:00,3588.50,USD,pending,REFUND
T00001137,C000777,A000578,2025-05-23T08:49:22+00:00,3146.79,USD,reversed,SALE
T00001138,C000492,A001122,2025-09-29T15:54:45+00:00,4876.78,INR,failed,ADJUSTMENT
T00001139,C000813,A001155,2025-04-15T12:34:12+00:00,90.05,USD,reversed,TRANSFER
T00001140,C000082,A000119,2026-05-30T12:57:20+00:00,4293.96,INR,failed,SALE
T00001141,C000375,A001145,2025-12-18T09:15:31+00:00,1387.12,USD,settled,SALE
T00001142,C000725,A000320,2025-03-24T06:50:22+00:00,2489.73,EUR,settled,TRANSFER
T00001143,C000026,A001133,2025-04-28T04:05:07+00:00,4173.26,GBP,settled,TRANSFER
T00001144,C000366,A001045,2025-12-31T12:21:59+00:00,3173.27,CAD,reversed,SALE
T00001145,C000252,A001433,2025-03-30T06:44:48+00:00,1037.44,EUR,failed,ADJUSTMENT
T00001146,C000576,A001474,2026-09-12T00:11:07+00:00,187.82,USD,pending,REFUND
T00001147,C000270,A000822,2026-09-11T07:38:54+00:00,132.97,USD,failed,SALE
T00001148,C000893,A001075,2025-06-10T17:53:31+00:00,1647.93,INR,reversed,ADJUSTMENT
T00001149,C000733,A000921,2026-03-20T21:40:51+00:00,2423.01,CAD,pending,REFUND
T00001150,C000197,A000246,2025-06-21T04:41:31+00:00,1378.79,EUR,pending,SALE
T00001151,C000714,A000253,2025-04-12T11:12:39+00:00,2164.42,EUR,failed,SALE
T00001152,C000837,A001266,2026-08-12T00:43:30+00:00,3352.92,INR,settled,ADJUSTMENT
T00001153,C000184,A000760,2026-07-23T04:49:01+00:00,34.32,USD,failed,REFUND
T00001154,C000899,A001147,2025-10-11T14:55:11+00:00,4163.63,GBP,reversed,TRANSFER
T00001155,C000727,A001345,2025-12-20T11:05:38+00:00,3062.28,CAD,settled,REFUND
T00001156,C000396,A001493,2026-05-19T01:27:32+00:00,4938.54,USD,pending,ADJUSTMENT
T00001157,C000311,A001066,2026-08-03T16:29:32+00:00,232.84,USD,failed,ADJUSTMENT
T00001158,C000155,A000607,2025-10-14T12:08:17+00:00,4770.91,CAD,reversed,TRANSFER
T00001159,C000832,A000792,2025-08-03T11:01:46+00:00,816.72,INR,failed,TRANSFER
T00001160,C000828,A000271,2025-07-09T15:57:17+00:00,3129.36,GBP,pending,TRANSFER
T00001161,C000670,A000814,2026-02-02T05:41:24+00:00,2025.66,USD,settled,ADJUSTMENT
T00001162,C000786,A000467,2025-12-18T06:43:21+00:00,3599.20,EUR,settled,REFUND
T00001163,C000834,A001397,2025-08-28T09:56:43+00:00,2083.58,USD,failed,REFUND
T00001164,C000777,A001240,2026-07-08T05:33:04+00:00,4214.78,USD,settled,TRANSFER
T00001165,C000168,A000446,2025-12-20T03:13:45+00:00,4134.02,USD,pending,ADJUSTMENT
T00001166,C000405,A001072,2025-04-17T21:12:44+00:00,1408.73,USD,reversed,REFUND
T00001167,C000790,A000278,2025-12-29T19:46:13+00:00,726.47,INR,pending,REFUND
T00001168,C000492,A001229,2025-09-23T02:13:36+00:00,2555.63,EUR,settled,TRANSFER
T00001169,C000804,A001409,2025-06-21T03:58:04+00:00,3773.66,USD,failed,ADJUSTMENT
T00001170,C000747,A000083,2025-10-17T18:19:05+00:00,526.33,USD,pending,TRANSFER
T00001171,C000268,A001390,2025-02-14T19:44:46+00:00,4495.34,INR,failed,ADJUSTMENT
T00001172,C000710,A001038,2025-05-01T04:22:44+00:00,3998.10,USD,settled,TRANSFER
T00001173,C000866,A000722,2026-03-16T21:14:23+00:00,2405.79,EUR,settled,SALE
T00001174,C000023,A001308,2025-05-29T05:44:09+00:00,283.28,EUR,pending,ADJUSTMENT
T00001175,C000999,A000643,2026-05-08T05:06:33+00:00,2672.41,USD,reversed,REFUND
T00001176,C000709,A000515,2025-01-02T09:51:53+00:00,623.60,GBP,failed,REFUND
T00001177,C000994,A001078,2025-08-20T06:27:43+00:00,553.76,USD,failed,SALE
T00001178,C000442,A000504,2025-07-13T15:20:48+00:00,982.57,CAD,reversed,TRANSFER
T00001179,C000114,A000545,2026-05-15T08:37:39+00:00,2371.50,USD,reversed,REFUND
T00001180,C000126,A001343,2026-08-24T13:23:29+00:00,4572.61,INR,failed,TRANSFER
T00001181,C000593,A000140,2025-09-07T00:33:29+00:00,1165.14,EUR,pending,ADJUSTMENT
T00001182,C000745,A000518,2025-02-26T16:35:22+00:00,4271.64,USD,pending,SALE
T00001183,C000626,A001081,2025-05-28T05:56:52+00:00,3587.75,INR,reversed,SALE
T00001184,C000466,A001304,2025-01-14T21:14:29+00:00,4.77,GBP,pending,TRANSFER
T00001185,C000523,A000237,2025-06-15T15:46:48+00:00,1821.60,CAD,pending,ADJUSTMENT
T00001186,C000584,A000881,2025-04-03T09:51:33+00:00,4588.41,EUR,failed,REFUND
T00001187,C000316,A000049,2026-08-24T22:05:50+00:00,3532.46,INR,failed,REFUND
T00001188,C000896,A001428,2025-10-05T23:45:32+00:00,4000.73,INR,reversed,ADJUSTMENT
T00001189,C000230,A000444,2025-10-14T21:04:49+00:00,3159.70,USD,reversed,SALE
T00001190,C000676,A000190,2026-07-06T02:24:13+00:00,4954.18,EUR,failed,TRANSFER
T00001191,C000234,A000087,2026-02-12T16:58:31+00:00,3260.44,CAD,reversed,REFUND
T00001192,C000004,A000630,2026-07-19T14:09:45+00:00,2745.69,USD,pending,ADJUSTMENT
T00001193,C000892,A000950,2026-04-09T02:58:28+00:00,1185.83,USD,failed,ADJUSTMENT
T00001194,C000413,A000181,2025-08-12T23:22:19+00:00,3319.84,CAD,reversed,SALE
T00001195,C000791,A000321,2026-03-27T01:19:40+00:00,1248.36,CAD,pending,ADJUSTMENT
T00001196,C000459,A000923,2025-11-30T15:21:04+00:00,3076.28,INR,pending,ADJUSTMENT
T00001197,C000620,A001140,2025-07-05T07:59:50+00:00,2869.17,USD,pending,ADJUSTMENT
T00001198,C000168,A001482,2025-02-17T06:52:59+00:00,2863.13,EUR,settled,REFUND
T00001199,C000949,A000224,2025-04-10T13:48:30+00:00,235.02,INR,settled,TRANSFER
T00001200,C000961,A000378,2026-06-10T22:16:22+00:00,2111.15,INR,settled,TRANSFER
T00001201,C000611,A000701,2025-03-11T18:08:46+00:00,1837.49,USD,settled,SALE
T00001202,C000506,A001103,2026-08-07T15:29:50+00:00,3742.39,GBP,reversed,SALE
T00001203,C000606,A001425,2025-05-04T15:29:39+00:00,2489.13,USD,pending,TRANSFER
T00001204,C000583,A000207,2025-02-28T12:16:28+00:00,3653.41,GBP,reversed,ADJUSTMENT
T00001205,C000455,A001233,2026-01-28T14:34:11+00:00,255.28,GBP,settled,REFUND
T00001206,C000153,A000358,2025-07-16T15:05:18+00:00,1424.76,INR,settled,ADJUSTMENT
T00001207,C000973,A000668,2026-03-15T13:56:13+00:00,855.90,GBP,failed,TRANSFER
T00001208,C000658,A001061,2026-05-23T04:27:39+00:00,4407.15,CAD,pending,SALE
T00001209,C000513,A000352,2025-11-21T12:15:53+00:00,4513.55,GBP,pending,ADJUSTMENT
T00001210,C000801,A001413,2025-03-31T01:30:16+00:00,3876.37,INR,reversed,SALE
T00001211,C000379,A000508,2026-07-06T07:41:50+00:00,1547.89,CAD,failed,REFUND
T00001212,C000373,A001194,2025-01-07T20:32:41+00:00,4257.64,USD,pending,TRANSFER
T00001213,C000603,A001116,2026-01-09T17:30:47+00:00,2352.97,GBP,pending,TRANSFER
T00001214,C000652,A001135,2025-10-11T19:10:24+00:00,378.56,CAD,pending,TRANSFER
T00001215,C000173,A001199,2026-03-23T05:15:20+00:00,2582.96,EUR,failed,TRANSFER
T00001216,C000648,A000735,2025-10-26T12:50:51+00:00,406.01,USD,pending,SALE
T00001217,C000609,A000819,2025-06-10T03:36:38+00:00,1864.80,CAD,pending,SALE
T00001218,C000293,A001472,2025-03-29T12:27:16+00:00,2803.49,CAD,pending,SALE
T00001219,C000806,A000693,2026-06-21T13:06:10+00:00,2063.94,CAD,settled,TRANSFER
T00001220,C000005,A000226,2025-01-29T22:09:23+00:00,4261.21,CAD,pending,TRANSFER
T00001221,C000116,A000785,2025-06-01T23:16:41+00:00,532.02,GBP,reversed,SALE
T00001222,C000114,A000545,2026-02-11T05:47:26+00:00,2910.20,USD,failed,REFUND
T00001223,C000459,A000198,2025-12-01T01:39:47+00:00,3005.48,EUR,pending,TRANSFER
T00001224,C000143,A000988,2026-05-11T01:07:36+00:00,1865.15,EUR,failed,ADJUSTMENT
T00001225,C000189,A001270,2025-09-22T22:08:20+00:00,3526.94,GBP,reversed,TRANSFER
T00001226,C000461,A001489,2026-08-04T13:35:31+00:00,2519.44,CAD,settled,ADJUSTMENT
T00001227,C000523,A000237,2025-08-29T05:59:17+00:00,4095.75,CAD,reversed,TRANSFER
T00001228,C000734,A001008,2026-01-13T15:16:45+00:00,2409.82,CAD,reversed,REFUND
T00001229,C000877,A001044,2026-02-07T07:16:41+00:00,271.52,EUR,pending,REFUND
T00001230,C000627,A001476,2025-06-22T08:08:37+00:00,2572.70,INR,pending,SALE
T00001231,C000737,A000322,2025-04-08T23:42:46+00:00,4846.35,INR,failed,TRANSFER
T00001232,C000442,A000146,2026-01-07T13:34:36+00:00,4941.68,INR,settled,ADJUSTMENT
T00001233,C000924,A001378,2025-12-12T01:23:57+00:00,2561.04,CAD,failed,SALE
T00001234,C000075,A001336,2025-11-16T11:00:40+00:00,4690.50,CAD,settled,TRANSFER
T00001235,C000389,A001296,2025-06-10T02:14:55+00:00,3464.94,USD,settled,ADJUSTMENT
T00001236,C000710,A000478,2026-02-07T23:51:03+00:00,4158.75,USD,reversed,REFUND
T00001237,C000289,A001284,2026-05-16T17:29:07+00:00,4604.86,INR,failed,SALE
T00001238,C000035,A000426,2026-07-02T15:25:51+00:00,32.73,CAD,pending,ADJUSTMENT
T00001239,C000292,A000232,2025-07-25T23:20:25+00:00,2525.26,INR,reversed,ADJUSTMENT
T00001240,C000643,A001016,2025-06-18T23:16:30+00:00,2949.15,INR,settled,SALE
T00001241,C000852,A000679,2026-04-06T21:21:29+00:00,3488.60,INR,settled,REFUND
T00001242,C000068,A001190,2026-01-22T04:25:30+00:00,3126.65,GBP,failed,ADJUSTMENT
T00001243,C000679,A000354,2026-09-06T06:27:11+00:00,1613.70,CAD,failed,REFUND
T00001244,C000069,A000702,2026-08-10T08:43:20+00:00,2075.32,GBP,settled,SALE
T00001245,C000347,A000129,2026-02-28T06:04:15+00:00,1328.37,USD,failed,TRANSFER
T00001246,C000605,A000031,2026-06-05T03:51:07+00:00,1313.78,CAD,pending,REFUND
T00001247,C000019,A001178,2026-07-30T06:24:57+00:00,46.27,INR,settled,SALE
T00001248,C000889,A000671,2025-09-18T03:18:42+00:00,2799.13,CAD,settled,SALE
T00001249,C000334,A000834,2025-09-07T10:10:13+00:00,4326.19,USD,pending,REFUND
T00001250,C000706,A000169,2025-09-05T07:03:19+00:00,1956.81,GBP,reversed,ADJUSTMENT
T00001251,C000001,A000284,2026-08-27T10:07:57+00:00,2858.33,GBP,reversed,TRANSFER
T00001252,C000476,A000048,2026-03-22T22:45:44+00:00,3239.97,INR,failed,REFUND
T00001253,C000936,A000647,2025-06-29T20:39:35+00:00,4077.68,USD,pending,SALE
T00001254,C000857,A000341,2025-10-26T01:29:06+00:00,2794.33,USD,reversed,TRANSFER
T00001255,C000011,A000274,2026-03-11T17:37:17+00:00,4882.93,INR,settled,ADJUSTMENT
T00001256,C000287,A000991,2025-02-15T10:33:39+00:00,832.64,CAD,settled,SALE
T00001257,C000132,A001031,2025-06-01T13:33:31+00:00,1595.27,EUR,failed,REFUND
T00001258,C000565,A000173,2025-08-12T16:15:48+00:00,3043.52,USD,pending,REFUND
T00001259,C000035,A001221,2025-05-12T21:49:49+00:00,4604.10,USD,reversed,REFUND
T00001260,C000604,A000810,2025-09-11T11:52:22+00:00,343.89,INR,failed,SALE
T00001261,C000194,A001064,2025-05-11T19:28:12+00:00,1493.19,USD,pending,REFUND
T00001262,C000377,A000835,2026-04-29T01:22:32+00:00,286.52,USD,failed,SALE
T00001263,C000605,A000031,2025-05-26T05:39:17+00:00,62.22,CAD,settled,SALE
T00001264,C000202,A000695,2025-01-08T04:17:51+00:00,306.23,CAD,reversed,REFUND
T00001265,C000644,A000604,2025-01-10T06:28:32+00:00,4578.75,CAD,settled,ADJUSTMENT
T00001266,C000944,A000846,2025-11-17T13:23:55+00:00,932.08,EUR,settled,ADJUSTMENT
T00001267,C000807,A001302,2025-03-09T17:37:18+00:00,3421.55,EUR,reversed,SALE
T00001268,C000069,A000702,2026-01-30T19:32:05+00:00,2810.98,GBP,failed,ADJUSTMENT
T00001269,C000372,A000465,2026-05-16T11:53:53+00:00,3789.36,EUR,failed,TRANSFER
T00001270,C000877,A001044,2025-08-01T03:58:33+00:00,3499.23,EUR,settled,SALE
T00001271,C000628,A000491,2025-09-25T18:44:34+00:00,394.35,INR,settled,TRANSFER
T00001272,C000592,A000422,2025-01-08T01:40:20+00:00,2197.76,GBP,settled,TRANSFER
T00001273,C000189,A001270,2025-05-24T14:20:38+00:00,1269.13,GBP,pending,REFUND
T00001274,C000925,A000914,2026-02-18T23:31:22+00:00,113.31,INR,failed,ADJUSTMENT
T00001275,C000062,A001109,2026-03-14T22:43:53+00:00,206.68,CAD,pending,REFUND
T00001276,C000090,A000928,2026-06-05T11:05:15+00:00,1823.41,EUR,pending,TRANSFER
T00001277,C000915,A000752,2025-01-30T22:39:29+00:00,2515.76,EUR,reversed,ADJUSTMENT
T00001278,C000215,A001354,2025-08-07T03:55:15+00:00,3035.38,CAD,pending,SALE
T00001279,C000290,A001245,2025-11-23T20:37:57+00:00,2948.02,CAD,pending,ADJUSTMENT
T00001280,C000292,A000485,2025-01-21T12:14:58+00:00,2263.84,EUR,pending,TRANSFER
T00001281,C000749,A000758,2025-07-24T03:35:45+00:00,1435.88,CAD,settled,SALE
T00001282,C000080,A000845,2025-09-28T23:32:39+00:00,3524.42,CAD,settled,ADJUSTMENT
T00001283,C000511,A000728,2025-12-12T13:33:53+00:00,2247.46,GBP,reversed,REFUND
T00001284,C000045,A000040,2026-03-24T10:30:20+00:00,2219.29,GBP,reversed,ADJUSTMENT
T00001285,C000195,A000470,2025-08-11T18:58:41+00:00,3410.06,USD,failed,REFUND
T00001286,C000539,A001005,2026-08-02T05:14:51+00:00,3883.78,GBP,pending,ADJUSTMENT
T00001287,C000777,A000898,2026-01-19T00:57:06+00:00,1127.83,INR,pending,REFUND
T00001288,C000153,A000358,2026-06-11T11:15:03+00:00,4179.58,INR,settled,SALE
T00001289,C000871,A001091,2026-03-08T21:20:56+00:00,712.46,INR,pending,REFUND
T00001290,C000686,A001043,2026-04-23T01:33:48+00:00,1000.97,USD,pending,REFUND
T00001291,C000404,A000751,2025-10-22T10:35:47+00:00,4402.50,CAD,pending,REFUND
T00001292,C000928,A000215,2025-10-10T06:07:43+00:00,2001.51,CAD,settled,REFUND
T00001293,C000017,A000614,2026-04-14T16:02:25+00:00,167.41,INR,settled,SALE
T00001294,C000582,A001327,2026-03-09T03:57:33+00:00,4997.17,GBP,pending,REFUND
T00001295,C000748,A001124,2025-11-08T00:15:17+00:00,4542.53,EUR,pending,ADJUSTMENT
T00001296,C000645,A000076,2025-09-02T14:40:11+00:00,1638.83,CAD,settled,ADJUSTMENT
T00001297,C000562,A000783,2025-12-17T13:05:28+00:00,119.60,CAD,failed,SALE
T00001298,C000134,A000661,2025-11-23T13:08:06+00:00,2801.34,GBP,failed,REFUND
T00001299,C000806,A000721,2025-06-09T13:11:06+00:00,4915.59,INR,failed,ADJUSTMENT
T00001300,C000658,A000718,2025-07-22T06:27:58+00:00,1818.48,INR,settled,SALE
T00001301,C000289,A000740,2026-06-24T06:16:35+00:00,1093.63,INR,reversed,SALE
T00001302,C000316,A000264,2025-09-23T08:42:07+00:00,151.37,GBP,reversed,ADJUSTMENT
T00001303,C000916,A000613,2025-09-13T09:05:55+00:00,3851.40,INR,pending,TRANSFER
T00001304,C000200,A001268,2026-03-22T06:00:02+00:00,3940.42,CAD,failed,ADJUSTMENT
T00001305,C000127,A000236,2025-11-10T03:54:29+00:00,3042.63,CAD,pending,SALE
T00001306,C000095,A000667,2026-05-30T08:26:40+00:00,3325.51,INR,reversed,SALE
T00001307,C000234,A000113,2025-07-23T07:04:25+00:00,3472.75,CAD,reversed,REFUND
T00001308,C000120,A001255,2025-07-17T00:11:19+00:00,2917.61,GBP,failed,ADJUSTMENT
T00001309,C000930,A000379,2026-04-21T07:25:39+00:00,3785.74,GBP,reversed,ADJUSTMENT
T00001310,C000004,A001381,2026-09-12T10:10:48+00:00,2721.76,GBP,settled,TRANSFER
T00001311,C000568,A001098,2025-03-07T15:48:32+00:00,3308.22,EUR,failed,TRANSFER
T00001312,C000277,A000517,2025-07-11T08:01:17+00:00,292.76,GBP,pending,SALE
T00001313,C000833,A000806,2026-03-21T16:46:14+00:00,3471.99,GBP,failed,SALE
T00001314,C000658,A000121,2025-01-18T20:45:30+00:00,306.27,EUR,settled,TRANSFER
T00001315,C000629,A000243,2026-05-23T01:04:01+00:00,3234.32,CAD,failed,REFUND
T00001316,C000047,A000101,2025-08-22T11:19:31+00:00,4040.24,GBP,reversed,REFUND
T00001317,C000994,A001058,2025-06-10T20:41:06+00:00,4418.85,GBP,reversed,REFUND
T00001318,C000168,A001337,2025-08-05T06:15:37+00:00,2478.97,USD,reversed,ADJUSTMENT
T00001319,C000763,A000266,2025-10-05T02:48:45+00:00,1088.32,USD,failed,SALE
T00001320,C000562,A000905,2026-01-27T12:15:45+00:00,926.22,EUR,pending,REFUND
T00001321,C000342,A000870,2025-05-26T07:25:27+00:00,2138.92,GBP,reversed,ADJUSTMENT
T00001322,C000452,A000965,2026-03-04T11:21:48+00:00,2671.96,GBP,reversed,ADJUSTMENT
T00001323,C000577,A000930,2026-02-03T23:16:55+00:00,2556.94,USD,reversed,REFUND
T00001324,C000647,A000640,2026-07-20T17:58:37+00:00,1494.11,EUR,reversed,SALE
T00001325,C000923,A000032,2025-03-19T18:07:48+00:00,3702.25,GBP,pending,REFUND
T00001326,C000899,A000726,2025-11-12T17:55:57+00:00,1435.90,EUR,failed,ADJUSTMENT
T00001327,C000215,A001354,2025-04-22T00:09:14+00:00,2.30,CAD,failed,REFUND
T00001328,C000467,A000360,2025-01-12T19:09:47+00:00,2201.43,CAD,pending,ADJUSTMENT
T00001329,C000406,A000665,2025-09-06T03:47:18+00:00,815.30,GBP,failed,ADJUSTMENT
T00001330,C000806,A000721,2025-04-10T13:37:59+00:00,1580.15,INR,failed,TRANSFER
T00001331,C000624,A001415,2026-01-24T04:22:55+00:00,2933.63,USD,settled,REFUND
T00001332,C000747,A001216,2026-01-14T15:08:56+00:00,3404.26,INR,settled,REFUND
T00001333,C000546,A001150,2025-06-22T19:51:34+00:00,1033.58,USD,pending,ADJUSTMENT
T00001334,C000605,A001297,2026-08-12T04:42:48+00:00,1326.16,INR,settled,SALE
T00001335,C000119,A001048,2025-06-29T23:24:10+00:00,1827.92,INR,settled,ADJUSTMENT
T00001336,C000964,A000122,2025-04-14T09:44:56+00:00,3641.20,INR,failed,TRANSFER
T00001337,C000386,A001392,2026-05-29T18:41:12+00:00,4241.00,CAD,reversed,REFUND
T00001338,C000461,A000293,2025-03-02T09:24:17+00:00,4813.67,GBP,reversed,ADJUSTMENT
T00001339,C000807,A000942,2026-05-14T02:14:36+00:00,2790.53,CAD,failed,ADJUSTMENT
T00001340,C000531,A000075,2025-04-26T04:51:59+00:00,1037.97,USD,failed,TRANSFER
T00001341,C000756,A000496,2026-04-04T01:17:51+00:00,2085.50,GBP,pending,ADJUSTMENT
T00001342,C000714,A000419,2026-06-14T15:42:01+00:00,236.74,USD,pending,ADJUSTMENT
T00001343,C000615,A000041,2026-07-06T03:59:18+00:00,2936.26,CAD,failed,REFUND
T00001344,C000531,A000941,2026-08-01T01:27:16+00:00,1367.18,EUR,pending,TRANSFER
T00001345,C000951,A000602,2025-05-09T17:54:04+00:00,4923.20,INR,settled,ADJUSTMENT
T00001346,C000091,A001193,2025-10-17T06:36:26+00:00,649.48,CAD,pending,ADJUSTMENT
T00001347,C000843,A001001,2025-06-09T09:58:11+00:00,1868.20,CAD,reversed,SALE
T00001348,C000178,A000445,2025-05-23T02:34:11+00:00,3381.82,INR,failed,REFUND
T00001349,C000734,A000899,2026-06-18T20:52:06+00:00,2649.78,USD,reversed,REFUND
T00001350,C000234,A000113,2025-05-06T21:42:15+00:00,3403.88,CAD,failed,SALE
T00001351,C000266,A000014,2026-08-29T02:14:11+00:00,12.68,USD,reversed,ADJUSTMENT
T00001352,C000694,A001338,2025-06-01T07:25:57+00:00,2819.21,EUR,reversed,SALE
T00001353,C000169,A000039,2025-08-20T12:55:20+00:00,3145.58,USD,reversed,TRANSFER
T00001354,C000627,A001476,2025-12-11T02:02:44+00:00,3396.77,INR,reversed,ADJUSTMENT
T00001355,C000645,A000442,2026-03-19T08:14:32+00:00,4696.43,CAD,settled,TRANSFER
T00001356,C000570,A000774,2026-02-04T10:45:55+00:00,1450.67,INR,reversed,REFUND
T00001357,C000454,A000736,2025-04-12T23:36:05+00:00,3070.85,INR,pending,ADJUSTMENT
T00001358,C000925,A000914,2025-04-13T06:06:41+00:00,4667.26,INR,pending,ADJUSTMENT
T00001359,C000541,A001246,2026-03-18T21:10:43+00:00,1973.27,USD,failed,ADJUSTMENT
T00001360,C000826,A000566,2026-07-24T01:49:59+00:00,2407.11,GBP,failed,ADJUSTMENT
T00001361,C000001,A000100,2026-02-09T05:55:23+00:00,2273.84,USD,failed,SALE
T00001362,C000546,A001150,2025-09-03T14:50:25+00:00,3507.48,USD,settled,ADJUSTMENT
T00001363,C000429,A000837,2025-07-12T00:34:46+00:00,1425.28,EUR,settled,ADJUSTMENT
T00001364,C000959,A000410,2025-09-15T08:20:55+00:00,3429.61,CAD,reversed,SALE
T00001365,C000452,A001235,2025-06-01T02:40:25+00:00,2197.71,CAD,failed,SALE
T00001366,C000699,A000738,2025-03-04T08:08:30+00:00,1529.76,USD,failed,TRANSFER
T00001367,C000266,A000201,2026-01-30T06:02:59+00:00,1258.89,INR,failed,REFUND
T00001368,C000288,A000947,2025-03-02T05:39:08+00:00,1535.39,CAD,failed,SALE
T00001369,C000230,A001100,2026-02-06T11:31:37+00:00,4305.96,INR,reversed,ADJUSTMENT
T00001370,C000578,A000300,2026-07-05T17:35:32+00:00,3127.26,CAD,failed,REFUND
T00001371,C000335,A000397,2026-03-16T23:04:06+00:00,4715.69,GBP,settled,ADJUSTMENT
T00001372,C000499,A000555,2025-05-11T10:27:05+00:00,429.05,USD,reversed,TRANSFER
T00001373,C000420,A001227,2025-07-29T20:15:25+00:00,3621.94,USD,reversed,REFUND
T00001374,C000893,A001037,2025-08-02T22:52:59+00:00,1728.51,EUR,settled,SALE
T00001375,C000629,A000651,2025-05-05T19:35:02+00:00,2391.62,GBP,pending,SALE
T00001376,C000738,A000384,2026-01-16T06:27:41+00:00,3867.59,CAD,pending,TRANSFER
T00001377,C000324,A000669,2026-03-01T07:25:47+00:00,945.65,GBP,reversed,REFUND
T00001378,C000240,A001309,2026-06-22T14:09:30+00:00,2206.83,EUR,reversed,REFUND
T00001379,C000674,A000019,2026-04-09T15:31:29+00:00,3033.84,CAD,reversed,ADJUSTMENT
T00001380,C000753,A001082,2025-08-23T12:29:02+00:00,3681.48,INR,pending,ADJUSTMENT
T00001381,C000669,A000859,2025-04-12T08:19:36+00:00,3622.75,INR,reversed,TRANSFER
T00001382,C000429,A000837,2026-08-23T00:16:53+00:00,3754.97,EUR,settled,REFUND
T00001383,C000014,A001423,2026-02-21T02:33:41+00:00,515.82,EUR,failed,TRANSFER
T00001384,C000385,A000472,2025-06-23T01:48:50+00:00,3024.03,USD,reversed,REFUND
T00001385,C000539,A001063,2026-08-02T02:00:08+00:00,2864.28,EUR,failed,REFUND
T00001386,C000762,A000086,2025-06-24T23:41:39+00:00,3886.54,GBP,failed,SALE
T00001387,C000099,A000218,2025-06-11T08:23:11+00:00,2814.76,EUR,reversed,SALE
T00001388,C000068,A001190,2026-01-06T04:45:00+00:00,1340.41,GBP,reversed,REFUND
T00001389,C000864,A000277,2025-02-16T20:12:35+00:00,3168.12,GBP,reversed,SALE
T00001390,C000449,A000571,2025-04-19T16:43:47+00:00,355.58,USD,pending,SALE
T00001391,C000925,A001393,2025-07-08T15:47:17+00:00,457.52,INR,settled,ADJUSTMENT
T00001392,C000958,A001175,2026-04-27T05:30:09+00:00,608.51,USD,failed,SALE
T00001393,C000615,A001218,2026-03-05T17:30:12+00:00,1360.99,INR,pending,TRANSFER
T00001394,C000953,A000359,2025-02-19T19:08:13+00:00,92.09,EUR,reversed,ADJUSTMENT
T00001395,C000654,A000791,2025-09-17T02:14:24+00:00,2241.76,EUR,failed,REFUND
T00001396,C000094,A001065,2025-05-30T15:29:54+00:00,3629.23,CAD,pending,TRANSFER
T00001397,C000018,A000126,2025-05-10T05:13:19+00:00,601.16,EUR,failed,REFUND
T00001398,C000197,A000441,2025-07-25T18:11:52+00:00,2232.12,EUR,pending,TRANSFER
T00001399,C000945,A001217,2026-01-01T13:31:55+00:00,2396.48,CAD,failed,REFUND
T00001400,C000787,A000779,2025-06-07T14:55:26+00:00,2868.42,GBP,failed,SALE
T00001401,C000530,A001209,2026-05-28T10:39:51+00:00,1394.05,USD,failed,SALE
T00001402,C000351,A001375,2025-01-03T21:41:33+00:00,764.81,USD,pending,REFUND
T00001403,C000197,A000246,2025-07-07T16:29:04+00:00,2568.97,EUR,reversed,REFUND
T00001404,C000445,A001183,2025-07-13T15:01:10+00:00,3893.23,EUR,pending,REFUND
T00001405,C000218,A000528,2025-08-27T19:41:59+00:00,79.47,INR,reversed,ADJUSTMENT
T00001406,C000340,A000817,2025-12-10T23:26:38+00:00,2431.11,USD,pending,ADJUSTMENT
T00001407,C000316,A000049,2026-07-31T09:47:18+00:00,2472.59,INR,failed,TRANSFER
T00001408,C000713,A001179,2026-07-24T01:44:30+00:00,4983.86,INR,settled,ADJUSTMENT
T00001409,C000643,A000107,2025-04-15T09:40:45+00:00,1656.26,USD,failed,SALE
T00001410,C000656,A000338,2025-12-08T20:36:02+00:00,434.04,GBP,pending,TRANSFER
T00001411,C000796,A000503,2026-01-07T19:17:16+00:00,1438.55,USD,reversed,ADJUSTMENT
T00001412,C000909,A000290,2025-08-14T05:08:40+00:00,4405.51,USD,pending,SALE
T00001413,C000145,A000294,2026-08-16T18:52:39+00:00,4345.24,USD,reversed,TRANSFER
T00001414,C000317,A000882,2026-08-10T21:59:05+00:00,4984.21,USD,failed,REFUND
T00001415,C000885,A000055,2025-10-08T01:27:56+00:00,3208.01,GBP,failed,REFUND
T00001416,C000756,A000496,2026-03-09T12:02:13+00:00,3028.40,GBP,settled,REFUND
T00001417,C000508,A001206,2025-03-08T11:35:25+00:00,64.67,INR,reversed,ADJUSTMENT
T00001418,C000994,A001119,2025-03-17T19:24:37+00:00,4370.45,EUR,pending,TRANSFER
T00001419,C000302,A000749,2026-02-14T01:39:46+00:00,1385.86,GBP,failed,SALE
T00001420,C000782,A001371,2025-03-31T22:01:03+00:00,1435.08,CAD,settled,SALE
T00001421,C000566,A000155,2025-08-17T16:30:46+00:00,4334.07,GBP,failed,TRANSFER
T00001422,C000554,A001244,2025-10-10T06:21:56+00:00,4786.18,CAD,pending,ADJUSTMENT
T00001423,C000080,A001165,2025-05-01T20:49:39+00:00,1284.98,INR,reversed,SALE
T00001424,C000603,A001213,2025-05-11T18:52:16+00:00,351.78,USD,failed,REFUND
T00001425,C000648,A000735,2025-10-10T23:07:58+00:00,4266.07,USD,settled,TRANSFER
T00001426,C000947,A000970,2026-08-27T18:03:50+00:00,3233.55,INR,settled,TRANSFER
T00001427,C000477,A001273,2026-04-21T20:11:44+00:00,289.16,CAD,settled,TRANSFER
T00001428,C000597,A001361,2025-01-06T11:30:28+00:00,4214.61,EUR,failed,REFUND
T00001429,C000507,A001049,2026-07-19T00:40:27+00:00,3894.75,USD,settled,SALE
T00001430,C000597,A001249,2025-01-11T07:42:26+00:00,1647.85,USD,settled,ADJUSTMENT
T00001431,C000919,A000927,2026-02-11T13:03:15+00:00,4432.00,EUR,settled,ADJUSTMENT
T00001432,C000787,A000779,2026-05-06T17:06:21+00:00,4195.12,GBP,reversed,SALE
T00001433,C000054,A000217,2025-09-28T17:20:34+00:00,3821.72,CAD,settled,SALE
T00001434,C000306,A000308,2025-08-17T06:13:51+00:00,1203.48,GBP,pending,ADJUSTMENT
T00001435,C000005,A001282,2026-05-29T00:07:22+00:00,2030.15,INR,pending,TRANSFER
T00001436,C000091,A000660,2025-04-05T03:00:23+00:00,4818.70,USD,settled,TRANSFER
T00001437,C000075,A001336,2026-02-11T05:13:33+00:00,1035.42,CAD,settled,ADJUSTMENT
T00001438,C000700,A000227,2025-02-11T01:44:00+00:00,1854.40,EUR,pending,ADJUSTMENT
T00001439,C000488,A000046,2026-01-27T15:13:06+00:00,1494.29,USD,pending,REFUND
T00001440,C000704,A000628,2026-06-04T13:20:00+00:00,4755.26,GBP,failed,SALE
T00001441,C000460,A000911,2026-09-09T11:27:07+00:00,3902.88,GBP,reversed,REFUND
T00001442,C000641,A000502,2025-01-03T10:05:15+00:00,3564.49,USD,pending,TRANSFER
T00001443,C000344,A000621,2026-01-18T10:53:50+00:00,1651.81,INR,failed,ADJUSTMENT
T00001444,C000756,A000496,2026-04-28T06:27:08+00:00,337.45,GBP,failed,REFUND
T00001445,C000099,A001287,2025-04-01T20:44:00+00:00,1476.24,USD,reversed,ADJUSTMENT
T00001446,C000699,A000895,2026-02-05T07:38:39+00:00,3216.89,INR,reversed,REFUND
T00001447,C000449,A000685,2025-05-15T20:21:26+00:00,2028.57,EUR,settled,SALE
T00001448,C000654,A000225,2026-03-03T17:20:39+00:00,2281.98,CAD,reversed,ADJUSTMENT
T00001449,C000396,A001123,2026-05-11T09:43:19+00:00,3633.78,INR,pending,REFUND
T00001450,C000391,A001068,2025-04-22T02:59:02+00:00,1157.51,INR,settled,ADJUSTMENT
T00001451,C000832,A000792,2025-07-30T00:25:28+00:00,3749.16,INR,failed,REFUND
T00001452,C000271,A000992,2026-02-12T19:49:38+00:00,264.30,CAD,failed,REFUND
T00001453,C000510,A000659,2026-07-12T16:18:30+00:00,4911.76,USD,settled,SALE
T00001454,C000714,A000253,2026-05-04T13:03:42+00:00,694.74,EUR,reversed,TRANSFER
T00001455,C000072,A000153,2025-04-24T05:44:47+00:00,1341.50,CAD,pending,TRANSFER
T00001456,C000629,A000243,2025-02-13T04:10:50+00:00,106.45,CAD,settled,TRANSFER
T00001457,C000780,A001402,2025-05-05T00:34:23+00:00,1065.65,INR,reversed,ADJUSTMENT
T00001458,C000955,A001228,2025-02-17T03:02:55+00:00,4997.52,EUR,reversed,REFUND
T00001459,C000674,A000114,2026-02-14T13:35:48+00:00,4160.51,CAD,reversed,SALE
T00001460,C000833,A001197,2026-08-06T20:43:20+00:00,3728.39,EUR,settled,TRANSFER
T00001461,C000240,A001309,2026-02-22T20:33:05+00:00,428.97,EUR,failed,ADJUSTMENT
T00001462,C000822,A000732,2026-08-25T13:37:07+00:00,1376.00,GBP,reversed,ADJUSTMENT
T00001463,C000713,A001179,2025-03-13T05:23:16+00:00,3959.23,INR,pending,SALE
T00001464,C000502,A000748,2025-09-09T03:25:40+00:00,282.54,INR,pending,TRANSFER
T00001465,C000155,A000417,2025-02-02T16:37:57+00:00,2883.70,USD,pending,SALE
T00001466,C000554,A001244,2025-01-14T12:33:35+00:00,1208.74,CAD,failed,SALE
T00001467,C000446,A001102,2025-12-21T02:30:12+00:00,3152.13,EUR,pending,SALE
T00001468,C000918,A000061,2025-04-26T17:42:43+00:00,4323.44,EUR,settled,SALE
T00001469,C000812,A001105,2026-05-23T20:00:25+00:00,390.66,EUR,reversed,SALE
T00001470,C000573,A000716,2025-01-27T11:09:18+00:00,4250.38,INR,pending,TRANSFER
T00001471,C000622,A001450,2025-08-12T00:28:09+00:00,281.66,EUR,reversed,TRANSFER
T00001472,C000852,A000679,2025-04-27T20:54:55+00:00,854.75,INR,settled,ADJUSTMENT
T00001473,C000498,A000268,2026-02-27T23:54:31+00:00,3783.75,INR,failed,SALE
T00001474,C000155,A000417,2026-04-04T21:08:01+00:00,1023.18,USD,settled,REFUND
T00001475,C000769,A000241,2025-08-25T04:08:07+00:00,1439.01,USD,pending,TRANSFER
T00001476,C000137,A000473,2026-02-09T06:07:57+00:00,2942.87,GBP,settled,ADJUSTMENT
T00001477,C000240,A001309,2025-03-03T06:52:57+00:00,3718.82,EUR,pending,ADJUSTMENT
T00001478,C000901,A000128,2025-10-06T05:57:11+00:00,4278.77,CAD,failed,REFUND
T00001479,C000682,A000239,2026-03-27T14:46:52+00:00,3736.18,EUR,reversed,SALE
T00001480,C000461,A000293,2025-03-12T08:00:51+00:00,4115.34,GBP,reversed,REFUND
T00001481,C000380,A000956,2026-05-10T13:07:17+00:00,4264.93,INR,settled,ADJUSTMENT
T00001482,C000168,A000425,2025-06-14T16:15:47+00:00,4730.57,CAD,settled,REFUND
T00001483,C000691,A000182,2025-04-26T08:29:11+00:00,10.53,USD,failed,SALE
T00001484,C000924,A000976,2025-01-28T09:12:29+00:00,1617.82,EUR,pending,TRANSFER
T00001485,C000265,A001422,2025-06-08T22:16:57+00:00,2320.71,CAD,settled,SALE
T00001486,C000125,A000013,2025-07-21T13:08:53+00:00,3906.73,USD,failed,REFUND
T00001487,C000896,A000620,2025-09-11T06:50:24+00:00,800.88,USD,reversed,ADJUSTMENT
T00001488,C000754,A000233,2025-05-08T18:26:23+00:00,3735.70,GBP,settled,ADJUSTMENT
T00001489,C000159,A000983,2025-01-25T22:19:00+00:00,3031.12,GBP,settled,ADJUSTMENT
T00001490,C000097,A001438,2025-02-21T02:47:35+00:00,2795.38,GBP,reversed,ADJUSTMENT
T00001491,C000317,A000261,2026-01-27T20:39:54+00:00,173.81,USD,reversed,SALE
T00001492,C000259,A000471,2026-03-31T05:29:44+00:00,2397.60,CAD,reversed,ADJUSTMENT
T00001493,C000854,A000285,2025-10-26T03:45:51+00:00,1106.68,USD,pending,TRANSFER
T00001494,C000258,A000712,2025-11-16T14:42:52+00:00,2399.97,INR,pending,TRANSFER
T00001495,C000441,A001107,2026-06-13T22:52:32+00:00,4473.00,USD,reversed,TRANSFER
T00001496,C000197,A000246,2025-08-20T07:58:28+00:00,2420.96,EUR,reversed,TRANSFER
T00001497,C000955,A001315,2026-02-03T22:00:57+00:00,1295.73,USD,failed,ADJUSTMENT
T00001498,C000299,A000382,2026-01-05T23:51:54+00:00,2705.09,CAD,failed,SALE
T00001499,C000095,A000667,2025-05-28T15:41:21+00:00,2694.40,INR,reversed,SALE
T00001500,C000960,A000170,2025-12-30T10:46:01+00:00,1365.34,EUR,reversed,REFUND
T00001501,C000814,A000375,2025-04-27T02:10:50+00:00,197.25,CAD,pending,ADJUSTMENT
T00001502,C000560,A000289,2025-04-05T05:09:27+00:00,4751.88,EUR,reversed,SALE
T00001503,C000930,A001189,2026-01-25T16:18:44+00:00,2553.27,GBP,reversed,REFUND
T00001504,C000208,A000750,2026-03-22T09:09:43+00:00,1927.36,CAD,pending,REFUND
T00001505,C000807,A000957,2026-08-19T20:13:31+00:00,492.11,GBP,settled,REFUND
T00001506,C000699,A000543,2026-09-08T13:27:54+00:00,4225.87,USD,pending,ADJUSTMENT
T00001507,C000172,A000800,2025-09-08T22:03:35+00:00,4763.84,USD,failed,REFUND
T00001508,C000469,A001324,2025-08-10T14:28:42+00:00,1188.71,INR,reversed,SALE
T00001509,C000791,A000394,2025-09-19T20:11:16+00:00,4745.51,EUR,reversed,ADJUSTMENT
T00001510,C000001,A001313,2025-09-01T15:08:03+00:00,4116.50,EUR,settled,SALE
T00001511,C000277,A000517,2026-05-18T18:49:30+00:00,4395.26,GBP,settled,REFUND
T00001512,C000806,A000693,2025-04-26T17:54:20+00:00,1002.29,CAD,failed,ADJUSTMENT
T00001513,C000658,A000599,2026-01-18T13:56:53+00:00,3802.92,CAD,failed,ADJUSTMENT
T00001514,C000867,A000125,2025-05-23T07:46:23+00:00,781.46,USD,failed,REFUND
T00001515,C000461,A001489,2026-05-05T00:48:05+00:00,2472.54,CAD,failed,REFUND
T00001516,C000007,A000282,2025-11-08T16:27:08+00:00,4402.36,USD,failed,REFUND
T00001517,C000426,A001056,2025-01-27T22:21:20+00:00,2847.05,GBP,pending,REFUND
T00001518,C000428,A000772,2025-11-20T06:06:50+00:00,2898.54,GBP,settled,ADJUSTMENT
T00001519,C000593,A000872,2025-11-07T21:46:01+00:00,198.46,CAD,reversed,TRANSFER
T00001520,C000809,A001212,2025-02-09T11:49:54+00:00,1175.50,GBP,failed,REFUND
T00001521,C000766,A000808,2025-08-20T04:16:15+00:00,3060.06,INR,settled,REFUND
T00001522,C000679,A000354,2026-05-11T04:39:27+00:00,1019.69,CAD,pending,REFUND
T00001523,C000510,A000659,2025-11-19T08:04:19+00:00,1494.47,USD,failed,TRANSFER
T00001524,C000899,A000726,2026-06-03T21:56:18+00:00,1004.90,EUR,settled,SALE
T00001525,C000870,A000436,2025-01-02T23:27:35+00:00,4155.64,USD,pending,ADJUSTMENT
T00001526,C000780,A001402,2026-01-15T05:36:14+00:00,4293.57,INR,settled,REFUND
T00001527,C000909,A000997,2025-06-20T15:47:51+00:00,2370.55,USD,reversed,ADJUSTMENT
T00001528,C000773,A001177,2025-02-16T11:46:03+00:00,3146.00,CAD,failed,SALE
T00001529,C000616,A001494,2025-03-14T06:57:04+00:00,4457.51,USD,failed,SALE
T00001530,C000989,A000611,2025-01-28T16:43:32+00:00,4869.07,CAD,reversed,TRANSFER
T00001531,C000399,A000150,2025-03-31T21:13:35+00:00,2042.36,EUR,pending,REFUND
T00001532,C000979,A000494,2026-03-12T17:31:09+00:00,489.18,INR,failed,ADJUSTMENT
T00001533,C000513,A000319,2026-02-23T21:18:54+00:00,3812.38,GBP,reversed,SALE
T00001534,C000888,A000089,2026-03-13T01:55:32+00:00,1965.11,EUR,pending,REFUND
T00001535,C000075,A001370,2025-10-01T20:27:34+00:00,24.89,CAD,pending,TRANSFER
T00001536,C000445,A000680,2026-01-24T04:52:24+00:00,1604.58,USD,pending,TRANSFER
T00001537,C000614,A001364,2025-02-15T01:41:45+00:00,85.18,GBP,settled,ADJUSTMENT
T00001538,C000445,A001183,2026-06-29T19:05:43+00:00,4157.43,EUR,reversed,ADJUSTMENT
T00001539,C000258,A000712,2026-03-15T09:21:04+00:00,1321.50,INR,settled,ADJUSTMENT
T00001540,C000483,A001050,2025-09-06T01:40:08+00:00,4321.91,INR,settled,ADJUSTMENT
T00001541,C000135,A000544,2025-10-22T14:11:48+00:00,99.47,USD,failed,REFUND
T00001542,C000183,A000644,2025-05-01T15:54:47+00:00,4845.51,GBP,failed,TRANSFER
T00001543,C000458,A000380,2025-03-07T16:38:16+00:00,239.14,EUR,failed,REFUND
T00001544,C000582,A001327,2026-04-05T19:47:53+00:00,1954.18,GBP,reversed,REFUND
T00001545,C000953,A000221,2026-05-15T16:25:49+00:00,1275.05,USD,failed,REFUND
T00001546,C000655,A001079,2026-03-11T08:17:36+00:00,4314.99,INR,pending,SALE
T00001547,C000189,A001270,2026-02-03T16:49:48+00:00,3040.29,GBP,failed,REFUND
T00001548,C000914,A000305,2026-03-03T09:15:29+00:00,426.35,CAD,reversed,ADJUSTMENT
T00001549,C000923,A000166,2025-11-10T09:03:23+00:00,826.64,GBP,pending,ADJUSTMENT
T00001550,C000005,A001168,2025-08-03T18:43:07+00:00,895.80,EUR,pending,SALE
T00001551,C000266,A000014,2026-04-22T01:22:49+00:00,173.55,USD,reversed,TRANSFER
T00001552,C000462,A000110,2026-02-14T18:23:48+00:00,801.13,INR,settled,SALE
T00001553,C000571,A000423,2025-08-13T23:18:50+00:00,395.59,USD,settled,ADJUSTMENT
T00001554,C000694,A000575,2026-04-28T01:24:03+00:00,1321.83,GBP,settled,ADJUSTMENT
T00001555,C000084,A000024,2025-11-12T13:45:14+00:00,4496.01,USD,settled,SALE
T00001556,C000740,A000553,2025-01-04T04:06:12+00:00,1569.92,INR,reversed,ADJUSTMENT
T00001557,C000434,A000435,2026-07-31T08:34:51+00:00,666.51,EUR,pending,TRANSFER
T00001558,C000495,A001490,2026-01-21T02:13:23+00:00,3542.33,INR,pending,SALE
T00001559,C000714,A000419,2025-07-09T19:52:34+00:00,2772.81,USD,failed,SALE
T00001560,C000536,A001406,2026-05-22T16:54:19+00:00,3694.69,GBP,settled,REFUND
T00001561,C000994,A001058,2025-08-29T10:25:09+00:00,2693.88,GBP,pending,TRANSFER
T00001562,C000487,A000398,2025-06-24T08:00:39+00:00,362.72,INR,settled,REFUND
T00001563,C000619,A001059,2025-03-15T12:47:44+00:00,3842.16,INR,settled,SALE
T00001564,C000386,A001392,2025-09-14T14:27:54+00:00,1172.44,CAD,reversed,TRANSFER
T00001565,C000403,A001060,2025-03-09T04:14:49+00:00,1586.32,CAD,failed,TRANSFER
T00001566,C000958,A001175,2025-12-12T15:33:05+00:00,1752.88,USD,failed,TRANSFER
T00001567,C000429,A001237,2025-10-16T21:42:54+00:00,4025.40,EUR,failed,TRANSFER
T00001568,C000167,A000252,2026-08-10T09:31:35+00:00,3978.11,CAD,pending,TRANSFER
T00001569,C000632,A000934,2026-04-21T14:18:06+00:00,944.46,EUR,reversed,TRANSFER
T00001570,C000549,A000139,2025-12-12T01:31:22+00:00,4411.80,CAD,settled,ADJUSTMENT
T00001571,C000928,A000576,2025-10-04T04:33:00+00:00,162.60,GBP,reversed,REFUND
T00001572,C000935,A000306,2025-12-10T10:36:18+00:00,2427.60,EUR,pending,REFUND
T00001573,C000921,A000372,2025-04-29T10:59:16+00:00,1027.13,INR,failed,SALE
T00001574,C000156,A001259,2025-09-28T14:07:58+00:00,4878.78,INR,settled,ADJUSTMENT
T00001575,C000821,A000627,2026-09-01T07:48:01+00:00,440.57,CAD,reversed,TRANSFER
T00001576,C000074,A001021,2025-02-10T17:47:52+00:00,3511.25,EUR,pending,ADJUSTMENT
T00001577,C000028,A000755,2025-10-02T07:46:45+00:00,3420.69,GBP,pending,REFUND
T00001578,C000142,A000211,2025-09-19T03:17:13+00:00,4901.45,USD,pending,SALE
T00001579,C000344,A000621,2026-01-27T05:32:35+00:00,4472.03,INR,failed,SALE
T00001580,C000979,A000494,2026-06-17T04:17:34+00:00,1931.73,INR,settled,TRANSFER
T00001581,C000962,A000623,2025-02-13T08:46:46+00:00,1133.90,USD,failed,SALE
T00001582,C000595,A000477,2025-08-07T22:26:53+00:00,3106.37,USD,pending,TRANSFER
T00001583,C000674,A000019,2025-12-09T07:10:32+00:00,1724.24,CAD,reversed,TRANSFER
T00001584,C000018,A000126,2026-03-12T16:34:22+00:00,1233.25,EUR,failed,SALE
T00001585,C000953,A000221,2025-12-01T03:32:43+00:00,1206.52,USD,settled,TRANSFER
T00001586,C000344,A000523,2026-02-14T02:43:41+00:00,1474.94,GBP,failed,REFUND
T00001587,C000840,A001466,2025-11-03T05:11:11+00:00,3144.73,USD,failed,ADJUSTMENT
T00001588,C000988,A000280,2025-08-17T01:47:22+00:00,2060.81,GBP,failed,REFUND
T00001589,C000555,A001332,2026-07-27T14:59:35+00:00,3953.05,GBP,reversed,REFUND
T00001590,C000099,A001287,2025-12-16T23:17:30+00:00,3697.83,USD,reversed,ADJUSTMENT
T00001591,C000796,A000587,2025-06-14T00:48:05+00:00,339.37,USD,reversed,ADJUSTMENT
T00001592,C000333,A001314,2025-08-21T20:57:36+00:00,2255.02,EUR,pending,TRANSFER
T00001593,C000501,A000753,2025-03-23T15:32:31+00:00,979.36,INR,settled,SALE
T00001594,C000554,A000050,2026-06-15T06:23:40+00:00,4128.77,INR,settled,REFUND
T00001595,C000419,A000216,2025-06-20T04:45:32+00:00,2639.45,USD,pending,SALE
T00001596,C000909,A000290,2025-12-10T17:01:54+00:00,1060.05,USD,settled,ADJUSTMENT
T00001597,C000260,A000468,2026-01-12T04:51:40+00:00,2042.36,EUR,reversed,SALE
T00001598,C000114,A000194,2025-04-30T00:22:27+00:00,329.94,USD,reversed,REFUND
T00001599,C000103,A000383,2026-01-02T09:49:38+00:00,1475.67,CAD,settled,REFUND
T00001600,C000449,A000571,2026-08-29T17:16:11+00:00,1676.52,USD,settled,TRANSFER
T00001601,C000574,A001396,2025-05-21T09:53:16+00:00,174.15,GBP,failed,SALE
T00001602,C000268,A000254,2026-03-26T20:30:16+00:00,2635.00,CAD,settled,TRANSFER
T00001603,C000644,A001020,2026-03-30T11:14:59+00:00,767.08,USD,failed,TRANSFER
T00001604,C000907,A000399,2026-07-14T17:36:49+00:00,1064.07,USD,failed,SALE
T00001605,C000104,A000011,2026-04-15T22:29:35+00:00,4647.38,CAD,failed,TRANSFER
T00001606,C000656,A001341,2025-02-09T23:37:38+00:00,778.60,CAD,failed,ADJUSTMENT
T00001607,C000157,A000698,2025-06-22T22:56:06+00:00,2777.35,CAD,reversed,TRANSFER
T00001608,C000249,A000008,2025-07-15T02:48:42+00:00,3458.35,USD,settled,ADJUSTMENT
T00001609,C000531,A001236,2025-03-05T08:09:53+00:00,2291.09,GBP,failed,REFUND
T00001610,C000769,A000241,2026-02-13T11:23:35+00:00,3375.21,USD,reversed,REFUND
T00001611,C000064,A001299,2026-01-28T18:55:50+00:00,272.56,EUR,settled,REFUND
T00001612,C000102,A000406,2025-06-13T06:42:49+00:00,3192.56,EUR,pending,TRANSFER
T00001613,C000757,A001306,2025-09-25T17:13:12+00:00,2668.85,EUR,failed,REFUND
T00001614,C000227,A000103,2025-02-19T22:56:53+00:00,885.62,GBP,reversed,TRANSFER
T00001615,C000508,A001206,2026-06-15T16:43:27+00:00,3076.78,INR,reversed,REFUND
T00001616,C000945,A000456,2026-02-13T09:01:05+00:00,701.84,USD,failed,SALE
T00001617,C000308,A000546,2025-06-10T22:16:37+00:00,787.54,INR,reversed,REFUND
T00001618,C000781,A000316,2026-07-22T09:40:30+00:00,1249.00,INR,reversed,SALE
T00001619,C000053,A000138,2025-01-21T16:12:35+00:00,3590.48,CAD,pending,REFUND
T00001620,C000424,A001110,2025-05-07T20:09:19+00:00,1780.09,CAD,failed,SALE
T00001621,C000360,A000081,2026-08-27T09:51:40+00:00,2297.80,GBP,reversed,ADJUSTMENT
T00001622,C000120,A001030,2026-03-11T09:17:41+00:00,2242.98,CAD,reversed,REFUND
T00001623,C000570,A000774,2025-06-30T12:52:32+00:00,4847.60,INR,settled,ADJUSTMENT
T00001624,C000570,A000746,2026-06-26T13:40:13+00:00,378.42,GBP,reversed,SALE
T00001625,C000957,A001151,2025-03-25T15:48:13+00:00,3884.22,EUR,settled,REFUND
T00001626,C000858,A001407,2025-08-18T17:50:24+00:00,3903.29,CAD,pending,REFUND
T00001627,C000676,A000190,2026-04-20T02:24:29+00:00,3502.36,EUR,pending,ADJUSTMENT
T00001628,C000044,A001342,2026-01-24T19:49:19+00:00,1553.48,USD,settled,SALE
T00001629,C000402,A000297,2026-06-11T00:49:42+00:00,785.42,EUR,settled,TRANSFER
T00001630,C000403,A001060,2025-10-07T13:11:19+00:00,4122.82,CAD,pending,SALE
T00001631,C000340,A000817,2025-07-13T05:37:42+00:00,1287.07,USD,settled,ADJUSTMENT
T00001632,C000830,A000279,2025-05-04T13:30:14+00:00,29.94,GBP,settled,REFUND
T00001633,C000889,A001184,2026-08-18T12:16:45+00:00,4402.14,EUR,pending,TRANSFER
T00001634,C000580,A000816,2026-08-17T19:58:33+00:00,1651.41,INR,failed,REFUND
T00001635,C000753,A000482,2025-04-15T03:05:16+00:00,4179.89,GBP,reversed,SALE
T00001636,C000044,A000542,2026-08-29T15:50:12+00:00,3746.50,USD,settled,ADJUSTMENT
T00001637,C000753,A001418,2026-02-02T02:19:45+00:00,4727.72,INR,failed,REFUND
T00001638,C000790,A001495,2026-09-08T17:48:59+00:00,196.97,INR,pending,TRANSFER
T00001639,C000119,A000577,2025-01-09T02:28:55+00:00,1870.62,GBP,pending,REFUND
T00001640,C000108,A001154,2026-07-06T03:04:03+00:00,294.22,EUR,reversed,SALE
T00001641,C000609,A000461,2026-07-08T02:59:09+00:00,3213.99,INR,reversed,REFUND
T00001642,C000476,A001176,2025-11-27T00:16:21+00:00,4412.16,CAD,pending,ADJUSTMENT
T00001643,C000135,A000544,2025-10-12T20:52:34+00:00,3922.80,USD,settled,TRANSFER
T00001644,C000068,A001190,2026-01-22T11:25:43+00:00,358.46,GBP,pending,REFUND
T00001645,C000786,A000026,2025-05-11T15:04:14+00:00,3592.29,CAD,failed,ADJUSTMENT
T00001646,C000510,A000659,2025-01-24T01:41:31+00:00,239.91,USD,reversed,SALE
T00001647,C000368,A001301,2026-01-27T16:24:02+00:00,4963.46,GBP,settled,ADJUSTMENT
T00001648,C000570,A000774,2026-07-14T07:56:52+00:00,3861.69,INR,pending,REFUND
T00001649,C000571,A000205,2026-04-21T00:25:27+00:00,2341.96,EUR,pending,TRANSFER
T00001650,C000237,A000869,2026-07-13T14:16:22+00:00,904.65,INR,failed,TRANSFER
T00001651,C000945,A000402,2025-06-30T22:48:01+00:00,2725.33,CAD,failed,SALE
T00001652,C000455,A001233,2026-06-26T22:25:30+00:00,4801.64,GBP,failed,SALE
T00001653,C000739,A000617,2025-02-01T05:38:26+00:00,1432.91,GBP,reversed,SALE
T00001654,C000272,A000203,2025-03-25T03:50:40+00:00,1900.87,USD,pending,SALE
T00001655,C000699,A000912,2025-04-25T09:06:05+00:00,452.56,EUR,settled,ADJUSTMENT
T00001656,C000453,A000421,2026-07-18T14:46:10+00:00,1667.07,GBP,reversed,REFUND
T00001657,C000712,A000068,2026-07-09T06:07:01+00:00,3014.55,EUR,settled,ADJUSTMENT
T00001658,C000853,A000209,2025-09-20T01:43:33+00:00,3564.26,GBP,failed,SALE
T00001659,C000925,A000914,2025-11-02T18:45:06+00:00,3862.04,INR,reversed,REFUND
T00001660,C000229,A000111,2025-09-19T05:33:38+00:00,4253.94,CAD,pending,REFUND
T00001661,C000091,A000907,2025-08-18T23:29:40+00:00,758.10,USD,reversed,ADJUSTMENT
T00001662,C000878,A000458,2025-01-06T12:55:05+00:00,3561.60,USD,failed,ADJUSTMENT
T00001663,C000242,A001047,2025-09-17T16:36:42+00:00,560.20,INR,reversed,TRANSFER
T00001664,C000580,A000816,2026-05-01T14:53:17+00:00,4071.17,INR,reversed,ADJUSTMENT
T00001665,C000211,A001373,2026-09-09T01:03:22+00:00,2370.37,INR,reversed,SALE
T00001666,C000652,A000336,2026-02-13T18:39:43+00:00,3291.85,EUR,pending,SALE
T00001667,C000616,A001494,2026-09-12T19:44:14+00:00,4456.00,USD,failed,REFUND
T00001668,C000279,A000913,2026-04-23T11:38:12+00:00,449.39,EUR,reversed,TRANSFER
T00001669,C000814,A000375,2026-01-11T15:13:12+00:00,2863.59,CAD,failed,REFUND
T00001670,C000714,A000419,2025-12-10T17:39:24+00:00,4550.99,USD,pending,SALE
T00001671,C000617,A000199,2025-12-22T03:37:53+00:00,1487.64,EUR,reversed,TRANSFER
T00001672,C000449,A000685,2026-01-05T00:52:51+00:00,348.17,EUR,reversed,SALE
T00001673,C000256,A000615,2025-11-29T22:39:34+00:00,2228.77,EUR,pending,SALE
T00001674,C000285,A001286,2025-12-18T20:53:59+00:00,2471.59,INR,failed,REFUND
T00001675,C000899,A000726,2026-09-03T18:37:27+00:00,1333.90,EUR,failed,ADJUSTMENT
T00001676,C000780,A001402,2025-03-09T07:06:00+00:00,2950.14,INR,pending,TRANSFER
T00001677,C000038,A000561,2026-08-03T07:46:36+00:00,721.75,GBP,pending,ADJUSTMENT
T00001678,C000546,A001150,2026-06-21T09:10:33+00:00,1412.62,USD,reversed,ADJUSTMENT
T00001679,C000802,A000063,2026-06-04T00:26:06+00:00,883.18,GBP,pending,SALE
T00001680,C000476,A001176,2026-06-25T10:49:48+00:00,3559.81,CAD,settled,REFUND
T00001681,C000228,A001374,2026-04-30T04:11:41+00:00,3609.66,USD,settled,ADJUSTMENT
T00001682,C000487,A000398,2026-06-09T19:19:40+00:00,4935.78,INR,failed,REFUND
T00001683,C000801,A000004,2026-09-06T19:52:19+00:00,812.49,GBP,pending,REFUND
T00001684,C000130,A001012,2025-01-24T14:39:01+00:00,3590.14,CAD,settled,ADJUSTMENT
T00001685,C000887,A000888,2026-01-05T07:22:51+00:00,796.18,CAD,settled,SALE
T00001686,C000487,A000398,2025-08-20T03:54:31+00:00,2525.31,INR,failed,ADJUSTMENT
T00001687,C000046,A000673,2025-04-05T11:35:31+00:00,3669.86,GBP,settled,ADJUSTMENT
T00001688,C000316,A000264,2025-10-28T11:57:56+00:00,888.56,GBP,settled,ADJUSTMENT
T00001689,C000675,A000642,2025-08-10T18:03:40+00:00,2832.81,INR,reversed,TRANSFER
T00001690,C000517,A001108,2026-05-21T09:06:55+00:00,901.92,CAD,reversed,TRANSFER
T00001691,C000893,A000118,2025-08-24T12:47:08+00:00,776.28,CAD,pending,TRANSFER
T00001692,C000251,A001353,2025-11-23T12:02:43+00:00,3508.23,GBP,reversed,TRANSFER
T00001693,C000644,A000450,2025-03-13T21:28:22+00:00,1592.37,INR,settled,ADJUSTMENT
T00001694,C000623,A000409,2025-05-31T17:00:57+00:00,4540.41,CAD,pending,REFUND
T00001695,C000006,A000874,2026-08-22T23:19:01+00:00,3576.24,USD,failed,REFUND
T00001696,C000502,A000748,2025-12-10T01:26:45+00:00,4043.29,INR,settled,TRANSFER
T00001697,C000767,A001477,2025-05-12T05:04:55+00:00,2613.55,CAD,reversed,ADJUSTMENT
T00001698,C000294,A001120,2025-12-11T09:18:10+00:00,1346.30,GBP,pending,SALE
T00001699,C000743,A000731,2025-10-25T23:32:20+00:00,2603.98,USD,reversed,TRANSFER
T00001700,C000242,A001047,2025-11-03T07:04:01+00:00,2268.31,INR,failed,TRANSFER
T00001701,C000886,A000762,2026-02-16T07:19:29+00:00,232.30,INR,failed,SALE
T00001702,C000565,A000173,2026-03-21T17:46:53+00:00,4560.34,USD,pending,REFUND
T00001703,C000843,A000864,2025-06-13T01:01:23+00:00,4633.19,CAD,pending,TRANSFER
T00001704,C000495,A001490,2026-09-05T15:27:28+00:00,2764.54,INR,pending,ADJUSTMENT
T00001705,C000416,A000262,2026-02-12T01:03:40+00:00,442.32,USD,settled,SALE
T00001706,C000592,A000782,2025-08-01T12:36:56+00:00,2590.54,GBP,failed,ADJUSTMENT
T00001707,C000286,A000056,2025-09-26T23:50:09+00:00,4847.90,EUR,settled,TRANSFER
T00001708,C000870,A000918,2025-08-15T12:17:47+00:00,4623.76,USD,settled,ADJUSTMENT
T00001709,C000644,A001020,2026-02-20T20:58:52+00:00,1143.32,USD,pending,SALE
T00001710,C000747,A001216,2026-07-09T19:31:58+00:00,4782.65,INR,failed,ADJUSTMENT
T00001711,C000228,A000799,2025-04-29T13:38:13+00:00,2060.69,INR,reversed,ADJUSTMENT
T00001712,C000737,A001242,2025-03-26T03:58:33+00:00,1916.28,INR,failed,SALE
T00001713,C000623,A000409,2025-03-26T03:12:03+00:00,3396.50,CAD,settled,TRANSFER
T00001714,C000722,A001439,2025-07-30T03:51:54+00:00,681.50,GBP,pending,TRANSFER
T00001715,C000059,A001478,2026-09-10T16:17:58+00:00,2913.78,EUR,reversed,SALE
T00001716,C000901,A000128,2026-07-24T13:46:26+00:00,2311.83,CAD,pending,ADJUSTMENT
T00001717,C000969,A001465,2025-01-23T01:23:30+00:00,4868.28,USD,reversed,TRANSFER
T00001718,C000286,A000056,2026-01-24T20:51:03+00:00,4479.49,EUR,failed,REFUND
T00001719,C000302,A000106,2025-03-02T02:25:51+00:00,4563.37,INR,settled,REFUND
T00001720,C000774,A000984,2025-04-17T05:15:34+00:00,17.84,INR,reversed,REFUND
T00001721,C000787,A000779,2026-08-29T13:40:33+00:00,2085.04,GBP,pending,ADJUSTMENT
T00001722,C000239,A000167,2026-07-17T13:12:02+00:00,1934.54,GBP,pending,REFUND
T00001723,C000118,A000954,2026-02-27T22:04:53+00:00,4808.01,EUR,settled,SALE
T00001724,C000908,A000171,2026-03-02T21:03:31+00:00,4164.31,USD,settled,TRANSFER
T00001725,C000294,A001120,2026-03-16T09:12:28+00:00,4803.14,GBP,settled,REFUND
T00001726,C000151,A000159,2026-04-24T20:49:47+00:00,2902.72,CAD,settled,SALE
T00001727,C000488,A000823,2025-03-29T07:44:01+00:00,1218.91,INR,pending,SALE
T00001728,C000940,A000610,2026-07-02T15:25:08+00:00,4639.01,GBP,settled,SALE
T00001729,C000822,A000732,2025-02-14T15:12:19+00:00,1742.46,GBP,pending,ADJUSTMENT
T00001730,C000615,A000267,2025-08-29T08:44:51+00:00,4469.95,EUR,reversed,TRANSFER
T00001731,C000375,A001145,2026-04-03T10:59:25+00:00,3087.35,USD,settled,SALE
T00001732,C000839,A001203,2026-05-01T16:39:18+00:00,4668.26,GBP,pending,REFUND
T00001733,C000308,A000601,2025-07-26T18:44:58+00:00,4723.04,GBP,failed,ADJUSTMENT
T00001734,C000753,A001082,2025-10-07T22:50:22+00:00,4611.64,INR,failed,SALE
T00001735,C000988,A000280,2025-08-27T01:01:26+00:00,4387.19,GBP,settled,REFUND
T00001736,C000726,A000635,2025-06-03T21:08:45+00:00,2019.69,GBP,reversed,SALE
T00001737,C000926,A000890,2025-10-06T14:00:59+00:00,3271.91,EUR,pending,TRANSFER
T00001738,C000866,A000964,2026-08-31T02:55:06+00:00,3550.16,EUR,failed,ADJUSTMENT
T00001739,C000468,A000626,2026-04-17T10:50:28+00:00,4240.79,GBP,settled,TRANSFER
T00001740,C000634,A001019,2025-04-17T09:31:45+00:00,262.23,USD,failed,SALE
T00001741,C000361,A000374,2025-01-23T15:08:28+00:00,3012.17,USD,settled,SALE
T00001742,C000006,A000874,2025-02-18T10:12:40+00:00,634.16,USD,pending,SALE
T00001743,C000016,A000873,2025-01-22T21:24:56+00:00,1580.87,CAD,reversed,REFUND
T00001744,C000669,A000859,2025-07-20T10:33:52+00:00,3269.32,INR,reversed,ADJUSTMENT
T00001745,C000283,A000714,2025-07-04T17:58:49+00:00,1012.22,USD,reversed,ADJUSTMENT
T00001746,C000737,A001242,2026-03-21T21:59:03+00:00,1828.60,INR,reversed,TRANSFER
T00001747,C000753,A001418,2025-08-10T20:31:27+00:00,475.44,INR,failed,TRANSFER
T00001748,C000907,A001205,2025-10-13T09:21:45+00:00,406.33,CAD,settled,ADJUSTMENT
T00001749,C000700,A000815,2026-02-27T21:23:02+00:00,3858.27,INR,settled,ADJUSTMENT
T00001750,C000028,A000228,2025-03-07T16:22:21+00:00,2634.44,EUR,pending,SALE
T00001751,C000513,A000352,2026-01-10T18:51:09+00:00,1392.38,GBP,failed,TRANSFER
T00001752,C000298,A000022,2025-01-13T21:41:04+00:00,2451.67,CAD,settled,REFUND
T00001753,C000740,A000315,2026-03-21T17:29:22+00:00,2913.12,CAD,settled,ADJUSTMENT
T00001754,C000873,A001007,2025-02-14T03:36:04+00:00,2324.94,EUR,settled,SALE
T00001755,C000981,A000765,2025-02-05T23:37:07+00:00,4701.57,INR,reversed,ADJUSTMENT
T00001756,C000441,A000433,2026-06-03T22:18:48+00:00,1898.52,INR,failed,ADJUSTMENT
T00001757,C000015,A000910,2025-10-30T05:33:15+00:00,4015.05,CAD,pending,ADJUSTMENT
T00001758,C000432,A000987,2026-03-05T00:04:34+00:00,1703.36,EUR,failed,SALE
T00001759,C000957,A001151,2025-07-30T20:38:19+00:00,4864.97,EUR,failed,REFUND
T00001760,C000448,A000001,2025-08-03T20:30:14+00:00,4996.46,USD,settled,ADJUSTMENT
T00001761,C000763,A000452,2025-07-29T00:25:38+00:00,2345.42,INR,settled,TRANSFER
T00001762,C000699,A000738,2025-05-04T08:00:13+00:00,4662.41,USD,reversed,SALE
T00001763,C000619,A000534,2026-09-06T16:38:53+00:00,1942.01,USD,failed,ADJUSTMENT
T00001764,C000807,A000135,2025-05-11T11:38:57+00:00,1182.08,GBP,reversed,TRANSFER
T00001765,C000919,A000689,2026-03-24T11:18:02+00:00,4480.99,INR,failed,ADJUSTMENT
T00001766,C000699,A000912,2026-09-04T23:31:57+00:00,1348.37,EUR,settled,SALE
T00001767,C000028,A000228,2025-10-24T18:24:37+00:00,3777.34,EUR,pending,TRANSFER
T00001768,C000371,A000090,2026-06-18T20:53:34+00:00,1619.14,USD,failed,SALE
T00001769,C000106,A000527,2025-11-17T02:48:50+00:00,4927.89,USD,settled,REFUND
T00001770,C000930,A000092,2025-10-12T17:22:51+00:00,986.22,USD,reversed,REFUND
T00001771,C000823,A001265,2026-05-06T01:47:11+00:00,2935.49,EUR,failed,TRANSFER
T00001772,C000153,A000156,2026-04-29T22:05:47+00:00,1396.56,CAD,reversed,REFUND
T00001773,C000121,A001405,2025-02-22T20:08:16+00:00,2047.19,GBP,settled,REFUND
T00001774,C000463,A000860,2025-04-15T03:44:09+00:00,1989.61,USD,reversed,TRANSFER
T00001775,C000570,A000774,2025-03-28T06:00:53+00:00,2839.59,INR,settled,TRANSFER
T00001776,C000494,A000516,2025-07-14T14:41:49+00:00,3682.30,GBP,pending,ADJUSTMENT
T00001777,C000872,A001483,2026-03-31T01:01:08+00:00,1491.07,GBP,failed,ADJUSTMENT
T00001778,C000887,A000888,2025-09-16T08:06:07+00:00,4650.72,CAD,settled,ADJUSTMENT
T00001779,C000268,A001317,2025-09-23T04:20:00+00:00,4841.25,CAD,failed,REFUND
T00001780,C000328,A000331,2025-03-29T08:19:54+00:00,3163.48,EUR,failed,SALE
T00001781,C000930,A000479,2025-06-14T13:48:18+00:00,2463.49,GBP,failed,SALE
T00001782,C000662,A000347,2025-04-19T16:48:58+00:00,2999.44,CAD,pending,REFUND
T00001783,C000129,A000803,2025-10-26T12:23:35+00:00,1642.52,GBP,failed,REFUND
T00001784,C000647,A000640,2026-08-31T13:07:22+00:00,3725.15,EUR,pending,REFUND
T00001785,C000867,A000125,2025-05-28T17:13:05+00:00,2627.23,USD,failed,REFUND
T00001786,C000652,A001135,2025-02-13T04:20:28+00:00,4709.75,CAD,failed,SALE
T00001787,C000745,A000518,2026-09-12T08:21:28+00:00,4029.61,USD,settled,ADJUSTMENT
T00001788,C000389,A001296,2026-05-03T18:42:56+00:00,3001.79,USD,reversed,ADJUSTMENT
T00001789,C000166,A001424,2025-03-03T13:26:58+00:00,4860.14,EUR,failed,TRANSFER
T00001790,C000745,A000172,2026-08-11T06:48:01+00:00,2707.45,INR,settled,ADJUSTMENT
T00001791,C000277,A001401,2025-04-16T11:10:35+00:00,1091.43,USD,failed,SALE
T00001792,C000166,A001424,2026-06-06T04:11:31+00:00,3884.42,EUR,settled,REFUND
T00001793,C000017,A000064,2025-08-09T20:04:14+00:00,4349.33,GBP,reversed,TRANSFER
T00001794,C000699,A000738,2026-02-02T08:42:09+00:00,2607.31,USD,settled,REFUND
T00001795,C000873,A001007,2026-07-24T11:19:01+00:00,3745.61,EUR,failed,TRANSFER
T00001796,C000007,A000632,2025-12-29T17:28:59+00:00,2077.57,GBP,failed,TRANSFER
T00001797,C000870,A000807,2025-08-29T06:28:57+00:00,639.03,INR,pending,SALE
T00001798,C000822,A000732,2025-05-10T10:05:26+00:00,1881.38,GBP,failed,ADJUSTMENT
T00001799,C000279,A000071,2025-04-19T00:56:49+00:00,328.73,USD,reversed,ADJUSTMENT
T00001800,C000946,A001071,2026-08-19T08:14:49+00:00,1252.54,EUR,settled,TRANSFER
T00001801,C000461,A001489,2025-12-05T13:39:16+00:00,1216.92,CAD,failed,REFUND
T00001802,C000615,A000041,2025-03-25T23:14:58+00:00,143.35,CAD,failed,REFUND
T00001803,C000710,A000478,2026-08-15T21:16:42+00:00,387.48,USD,settled,SALE
T00001804,C000915,A000505,2025-06-21T17:12:38+00:00,1330.37,INR,settled,ADJUSTMENT
T00001805,C000200,A000104,2025-08-18T16:42:21+00:00,3046.22,CAD,pending,SALE
T00001806,C000932,A000288,2025-12-04T05:28:27+00:00,4026.43,USD,reversed,SALE
T00001807,C000277,A000908,2025-05-15T02:29:36+00:00,647.26,USD,reversed,TRANSFER
T00001808,C000283,A000537,2025-03-04T17:01:07+00:00,1877.95,INR,failed,REFUND
T00001809,C000763,A000266,2026-01-05T12:50:40+00:00,1158.78,USD,settled,ADJUSTMENT
T00001810,C000305,A000652,2025-10-01T21:31:23+00:00,797.03,GBP,reversed,ADJUSTMENT
T00001811,C000101,A000386,2025-06-06T02:19:32+00:00,3105.63,GBP,failed,REFUND
T00001812,C000008,A000240,2025-07-04T22:40:46+00:00,2768.89,GBP,failed,TRANSFER
T00001813,C000332,A001426,2025-09-19T11:26:05+00:00,4709.48,CAD,reversed,REFUND
T00001814,C000546,A001150,2025-12-24T17:49:41+00:00,2008.82,USD,pending,SALE
T00001815,C000333,A001460,2025-10-11T22:59:53+00:00,836.06,CAD,reversed,TRANSFER
T00001816,C000706,A000169,2026-06-19T15:28:41+00:00,2824.38,GBP,reversed,REFUND
T00001817,C000203,A000035,2025-09-01T07:23:39+00:00,1097.18,INR,failed,TRANSFER
T00001818,C000058,A000299,2025-08-12T21:43:00+00:00,375.16,EUR,failed,REFUND
T00001819,C000826,A000180,2025-06-04T16:07:42+00:00,2795.62,CAD,pending,TRANSFER
T00001820,C000531,A000009,2026-07-03T08:23:34+00:00,3914.44,CAD,pending,TRANSFER
T00001821,C000832,A001368,2026-05-04T10:41:46+00:00,1623.79,EUR,reversed,ADJUSTMENT
T00001822,C000007,A001480,2026-04-07T21:24:09+00:00,4656.08,EUR,reversed,SALE
T00001823,C000843,A001001,2026-04-30T08:33:32+00:00,1042.04,CAD,failed,SALE
T00001824,C000926,A000447,2026-05-07T22:21:22+00:00,4908.28,EUR,settled,SALE
T00001825,C000192,A001069,2026-01-03T22:56:06+00:00,3167.90,EUR,reversed,SALE
T00001826,C000004,A001000,2026-01-05T02:03:50+00:00,1049.02,USD,failed,TRANSFER
T00001827,C000803,A000301,2025-12-19T22:17:39+00:00,4665.21,USD,pending,SALE
T00001828,C000531,A000075,2026-01-28T09:45:09+00:00,4826.31,USD,pending,SALE
T00001829,C000287,A000909,2026-05-26T10:05:21+00:00,1819.49,USD,reversed,TRANSFER
T00001830,C000949,A000224,2026-08-13T22:54:42+00:00,1786.95,INR,failed,SALE
T00001831,C000353,A000565,2025-10-14T15:42:42+00:00,3075.95,GBP,pending,SALE
T00001832,C000351,A000681,2025-03-02T18:43:55+00:00,2990.99,EUR,pending,ADJUSTMENT
T00001833,C000496,A001195,2025-01-29T13:12:44+00:00,2790.07,CAD,failed,REFUND
T00001834,C000605,A000031,2025-02-19T07:07:43+00:00,113.80,CAD,settled,SALE
T00001835,C000495,A001281,2026-04-03T22:43:18+00:00,4895.09,EUR,reversed,SALE
T00001836,C000223,A000520,2025-09-06T05:58:38+00:00,627.00,USD,settled,REFUND
T00001837,C000277,A001275,2025-11-14T17:37:14+00:00,3727.86,CAD,settled,TRANSFER
T00001838,C000454,A000736,2026-05-30T08:07:00+00:00,2570.55,INR,failed,REFUND
T00001839,C000300,A000495,2025-08-10T08:49:51+00:00,3847.77,INR,reversed,REFUND
T00001840,C000676,A000190,2026-05-24T23:50:48+00:00,4591.22,EUR,reversed,TRANSFER
T00001841,C000429,A001237,2025-01-24T01:07:50+00:00,4521.36,EUR,settled,ADJUSTMENT
T00001842,C000992,A000078,2026-06-23T19:59:08+00:00,1214.38,CAD,pending,ADJUSTMENT
T00001843,C000022,A000065,2025-10-05T00:47:55+00:00,3498.52,EUR,pending,SALE
T00001844,C000940,A000610,2025-06-23T09:54:05+00:00,1575.52,GBP,reversed,REFUND
T00001845,C000423,A000875,2025-10-08T02:51:26+00:00,3546.64,GBP,settled,REFUND
T00001846,C000678,A000699,2025-01-02T13:07:09+00:00,293.81,EUR,pending,REFUND
T00001847,C000316,A000049,2026-04-29T16:59:27+00:00,3411.23,INR,failed,SALE
T00001848,C000999,A001334,2026-01-04T15:39:28+00:00,1825.11,CAD,settled,ADJUSTMENT
T00001849,C000382,A000658,2025-01-12T09:30:35+00:00,3024.55,USD,settled,SALE
T00001850,C000055,A000295,2025-02-24T04:00:35+00:00,603.61,GBP,settled,REFUND
T00001851,C000909,A000781,2025-01-14T11:50:11+00:00,2118.77,CAD,settled,ADJUSTMENT
T00001852,C000974,A001053,2026-02-19T16:39:31+00:00,423.20,EUR,pending,TRANSFER
T00001853,C000272,A000795,2025-11-14T02:41:11+00:00,4932.62,GBP,reversed,SALE
T00001854,C000527,A000157,2026-07-14T23:13:14+00:00,3073.11,USD,pending,SALE
T00001855,C000272,A001394,2025-10-19T16:16:39+00:00,3652.06,INR,settled,SALE
T00001856,C000173,A001199,2025-07-13T17:43:46+00:00,4119.18,EUR,settled,REFUND
T00001857,C000223,A000520,2025-08-15T03:07:14+00:00,4081.89,USD,pending,REFUND
T00001858,C000476,A001176,2026-09-12T17:23:06+00:00,2658.44,CAD,settled,SALE
T00001859,C000833,A001197,2026-07-06T20:57:22+00:00,4778.64,EUR,reversed,SALE
T00001860,C000398,A000556,2025-12-25T16:21:23+00:00,4132.70,CAD,reversed,REFUND
T00001861,C000686,A001142,2025-06-08T17:51:52+00:00,4294.26,CAD,settled,SALE
T00001862,C000777,A000754,2025-10-11T20:26:03+00:00,3033.07,INR,reversed,SALE
T00001863,C000973,A000989,2025-04-14T20:59:21+00:00,2772.28,INR,settled,TRANSFER
T00001864,C000634,A000348,2025-09-03T14:20:03+00:00,2747.36,CAD,settled,ADJUSTMENT
T00001865,C000218,A000528,2025-11-01T23:47:33+00:00,1912.77,INR,failed,REFUND
T00001866,C000120,A001255,2025-03-24T11:01:53+00:00,1750.73,GBP,pending,TRANSFER
T00001867,C000814,A000375,2025-04-19T22:52:17+00:00,1787.43,CAD,failed,REFUND
T00001868,C000992,A000078,2025-03-24T11:57:38+00:00,3325.54,CAD,reversed,TRANSFER
T00001869,C000876,A001186,2025-01-01T02:34:09+00:00,441.12,EUR,reversed,ADJUSTMENT
T00001870,C000220,A000952,2025-08-23T14:38:17+00:00,161.12,EUR,pending,TRANSFER
T00001871,C000973,A000668,2025-02-06T11:33:01+00:00,4603.05,GBP,failed,REFUND
T00001872,C000736,A000972,2025-12-11T11:56:09+00:00,1824.25,INR,pending,ADJUSTMENT
T00001873,C000384,A000686,2026-05-14T21:38:35+00:00,2901.37,GBP,failed,TRANSFER
T00001874,C000753,A000482,2026-05-12T18:25:37+00:00,3184.23,GBP,reversed,ADJUSTMENT
T00001875,C000989,A000611,2025-03-19T23:58:38+00:00,2548.61,CAD,settled,REFUND
T00001876,C000494,A000202,2026-05-04T07:00:25+00:00,4366.50,CAD,pending,SALE
T00001877,C000522,A000998,2026-02-02T23:31:24+00:00,3001.73,USD,reversed,TRANSFER
T00001878,C000199,A000317,2025-06-30T06:17:57+00:00,276.20,USD,settled,SALE
T00001879,C000549,A000416,2025-01-02T20:45:11+00:00,409.49,EUR,settled,SALE
T00001880,C000590,A000149,2026-08-10T08:25:42+00:00,1860.22,GBP,reversed,REFUND
T00001881,C000873,A000213,2026-01-26T19:41:08+00:00,4585.80,INR,failed,TRANSFER
T00001882,C000634,A000348,2026-03-09T04:43:56+00:00,2648.67,CAD,pending,SALE
T00001883,C000279,A000071,2026-06-20T16:09:05+00:00,3121.04,USD,pending,TRANSFER
T00001884,C000510,A000010,2025-02-11T18:24:28+00:00,790.79,GBP,pending,TRANSFER
T00001885,C000277,A000951,2026-09-08T19:54:42+00:00,1295.55,GBP,failed,REFUND
T00001886,C000220,A000250,2026-06-30T04:36:17+00:00,3737.68,EUR,settled,SALE
T00001887,C000254,A000549,2025-02-17T01:08:06+00:00,3058.25,INR,settled,SALE
T00001888,C000101,A001201,2025-09-26T02:15:49+00:00,3594.46,CAD,reversed,SALE
T00001889,C000256,A000615,2025-03-05T13:20:39+00:00,3534.92,EUR,settled,TRANSFER
T00001890,C000345,A000377,2025-02-19T11:07:48+00:00,3989.31,GBP,pending,ADJUSTMENT
T00001891,C000259,A000471,2025-10-15T05:59:28+00:00,465.84,CAD,reversed,ADJUSTMENT
T00001892,C000359,A000373,2025-08-07T08:46:27+00:00,2193.51,INR,reversed,SALE
T00001893,C000004,A000630,2026-06-27T06:55:44+00:00,2850.82,USD,reversed,SALE
T00001894,C000477,A000411,2026-08-24T14:49:16+00:00,1662.61,GBP,pending,TRANSFER
T00001895,C000969,A001298,2025-03-30T01:07:39+00:00,1389.03,EUR,pending,TRANSFER
T00001896,C000667,A000330,2025-01-29T19:38:12+00:00,2202.75,GBP,pending,REFUND
T00001897,C000550,A000134,2025-09-27T11:45:13+00:00,1304.99,GBP,pending,ADJUSTMENT
T00001898,C000452,A001235,2026-01-11T23:01:46+00:00,4497.75,CAD,settled,TRANSFER
T00001899,C000507,A001049,2026-01-04T15:17:26+00:00,1064.27,USD,failed,TRANSFER
T00001900,C000726,A000080,2026-05-28T06:51:14+00:00,1935.45,USD,pending,ADJUSTMENT
T00001901,C000231,A001351,2025-11-13T08:51:30+00:00,448.09,CAD,pending,REFUND
T00001902,C000229,A000111,2025-05-11T08:13:13+00:00,3126.77,CAD,reversed,SALE
T00001903,C000211,A001373,2026-05-17T23:46:15+00:00,2398.31,INR,settled,ADJUSTMENT
T00001904,C000127,A001096,2026-08-12T04:33:41+00:00,4590.36,USD,reversed,REFUND
T00001905,C000905,A000480,2026-02-19T13:17:36+00:00,369.31,CAD,pending,REFUND
T00001906,C000265,A001422,2025-10-17T00:36:29+00:00,3019.90,CAD,settled,REFUND
T00001907,C000615,A001218,2026-01-23T02:27:20+00:00,2101.83,INR,failed,REFUND
T00001908,C000286,A000475,2025-11-30T04:08:55+00:00,1186.36,CAD,settled,SALE
T00001909,C000308,A000546,2025-01-19T15:54:34+00:00,1810.82,INR,reversed,TRANSFER
T00001910,C000320,A000270,2025-10-04T00:43:17+00:00,17.51,INR,settled,SALE
T00001911,C000782,A000124,2025-04-04T13:43:42+00:00,3656.10,GBP,reversed,ADJUSTMENT
T00001912,C000230,A000958,2026-09-11T03:23:30+00:00,4709.25,EUR,settled,TRANSFER
T00001913,C000985,A001223,2025-02-23T16:37:23+00:00,3004.69,GBP,settled,ADJUSTMENT
T00001914,C000826,A000180,2026-08-21T20:44:24+00:00,1376.49,CAD,pending,ADJUSTMENT
T00001915,C000842,A000095,2025-03-26T06:02:25+00:00,3605.58,USD,pending,SALE
T00001916,C000256,A000745,2025-03-24T03:32:44+00:00,3422.19,GBP,settled,ADJUSTMENT
T00001917,C000593,A000223,2025-04-10T23:19:15+00:00,540.34,INR,pending,TRANSFER
T00001918,C000269,A000507,2026-02-07T09:34:39+00:00,158.60,EUR,settled,ADJUSTMENT
T00001919,C000644,A000450,2025-09-26T18:43:35+00:00,635.19,INR,failed,SALE
T00001920,C000949,A001395,2026-08-12T18:15:11+00:00,3347.41,INR,reversed,ADJUSTMENT
T00001921,C000693,A000824,2025-11-17T02:31:04+00:00,503.34,EUR,settled,SALE
T00001922,C000915,A000752,2025-02-03T16:23:49+00:00,2702.36,EUR,pending,ADJUSTMENT
T00001923,C000068,A000231,2026-06-14T15:34:00+00:00,4990.47,INR,pending,REFUND
T00001924,C000136,A000759,2026-08-19T15:15:03+00:00,1493.96,GBP,failed,TRANSFER
T00001925,C000797,A000827,2025-12-21T21:40:18+00:00,3093.28,INR,failed,REFUND
T00001926,C000333,A001187,2025-01-19T04:56:27+00:00,4678.16,USD,failed,TRANSFER
T00001927,C000092,A000885,2025-09-27T03:59:08+00:00,1551.62,INR,reversed,REFUND
T00001928,C000442,A000146,2025-10-17T12:53:59+00:00,3196.11,INR,settled,ADJUSTMENT
T00001929,C000790,A000278,2026-05-07T17:51:07+00:00,1314.55,INR,settled,SALE
T00001930,C000054,A000217,2025-04-24T17:47:26+00:00,906.96,CAD,failed,REFUND
T00001931,C000151,A000159,2026-01-11T00:54:59+00:00,3269.53,CAD,pending,SALE
T00001932,C000665,A000263,2025-08-20T23:35:56+00:00,3646.16,CAD,reversed,TRANSFER
T00001933,C000737,A001242,2026-03-12T08:21:34+00:00,4844.30,INR,failed,ADJUSTMENT
T00001934,C000769,A001293,2026-02-28T00:19:01+00:00,4587.81,GBP,reversed,SALE
T00001935,C000939,A000407,2025-08-08T20:46:02+00:00,814.87,CAD,failed,ADJUSTMENT
T00001936,C000071,A001215,2025-12-20T01:21:32+00:00,4693.87,USD,reversed,SALE
T00001937,C000333,A001314,2026-01-08T10:24:08+00:00,2758.08,EUR,settled,REFUND
T00001938,C000128,A000536,2026-06-04T08:30:34+00:00,2952.16,USD,settled,SALE
T00001939,C000279,A000071,2025-11-09T17:07:36+00:00,4320.12,USD,reversed,REFUND
T00001940,C000303,A000961,2026-06-19T10:24:50+00:00,4102.62,EUR,settled,TRANSFER
T00001941,C000248,A000903,2025-02-13T04:23:19+00:00,2579.20,CAD,failed,ADJUSTMENT
T00001942,C000514,A000054,2026-05-12T03:29:46+00:00,2491.36,EUR,failed,ADJUSTMENT
T00001943,C000899,A001147,2025-04-20T23:23:04+00:00,87.04,GBP,failed,SALE
T00001944,C000921,A000372,2026-04-30T09:44:27+00:00,1392.58,INR,pending,REFUND
T00001945,C000791,A001305,2025-08-31T12:29:17+00:00,783.86,CAD,settled,REFUND
T00001946,C000544,A000596,2025-01-09T03:03:27+00:00,4617.93,GBP,reversed,SALE
T00001947,C000168,A001482,2026-08-16T06:06:10+00:00,554.12,EUR,reversed,REFUND
T00001948,C000385,A000500,2025-11-24T13:00:36+00:00,2411.69,INR,settled,ADJUSTMENT
T00001949,C000079,A000028,2026-06-24T03:18:42+00:00,2135.75,GBP,settled,TRANSFER
T00001950,C000964,A000122,2025-04-24T16:09:00+00:00,3633.29,INR,failed,SALE
T00001951,C000120,A001030,2026-07-05T04:54:54+00:00,2389.89,CAD,pending,REFUND
T00001952,C000568,A000070,2026-05-29T08:48:18+00:00,4757.53,INR,pending,ADJUSTMENT
T00001953,C000782,A001371,2026-07-22T07:45:51+00:00,15.73,CAD,reversed,REFUND
T00001954,C000132,A001031,2026-06-26T03:28:22+00:00,2786.79,EUR,reversed,REFUND
T00001955,C000026,A001133,2025-09-02T16:05:58+00:00,2536.13,GBP,settled,SALE
T00001956,C000236,A000003,2026-07-23T11:43:38+00:00,3466.76,EUR,failed,TRANSFER
T00001957,C000359,A000373,2025-10-06T17:53:04+00:00,4804.03,INR,reversed,ADJUSTMENT
T00001958,C000580,A000590,2026-08-17T00:10:29+00:00,1557.41,EUR,pending,REFUND
T00001959,C000557,A000147,2026-06-10T00:30:47+00:00,4759.75,CAD,reversed,SALE
T00001960,C000550,A000134,2025-12-02T13:21:43+00:00,356.92,GBP,settled,REFUND
T00001961,C000752,A000674,2026-01-19T22:44:34+00:00,3168.91,USD,pending,TRANSFER
T00001962,C000593,A000140,2026-04-15T18:42:54+00:00,2734.05,EUR,settled,TRANSFER
T00001963,C000853,A000209,2026-04-29T09:22:13+00:00,1900.99,GBP,pending,SALE
T00001964,C000017,A000064,2025-08-20T14:29:39+00:00,750.38,GBP,settled,SALE
T00001965,C000300,A000495,2025-07-04T08:50:01+00:00,962.05,INR,failed,ADJUSTMENT
T00001966,C000373,A001194,2025-08-07T13:08:01+00:00,3167.59,USD,failed,REFUND
T00001967,C000258,A000712,2026-05-04T01:31:44+00:00,2007.50,INR,failed,ADJUSTMENT
T00001968,C000627,A001042,2025-02-23T01:53:59+00:00,3730.22,USD,pending,REFUND
T00001969,C000894,A000427,2026-05-01T09:01:57+00:00,3758.49,USD,settled,REFUND
T00001970,C000796,A000879,2026-02-14T13:14:36+00:00,4084.30,CAD,pending,TRANSFER
T00001971,C000074,A000747,2025-11-07T04:15:10+00:00,3426.94,CAD,pending,SALE
T00001972,C000441,A001107,2026-09-02T14:08:56+00:00,3935.58,USD,pending,SALE
T00001973,C000287,A000664,2026-01-23T01:49:03+00:00,4239.56,GBP,reversed,ADJUSTMENT
T00001974,C000508,A001034,2025-11-03T19:38:27+00:00,2117.93,INR,reversed,REFUND
T00001975,C000183,A000763,2025-10-03T21:07:34+00:00,3845.37,CAD,settled,SALE
T00001976,C000681,A000454,2025-06-21T01:11:50+00:00,3011.90,EUR,pending,SALE
T00001977,C000955,A000304,2025-05-30T17:16:41+00:00,1652.42,EUR,failed,ADJUSTMENT
T00001978,C000533,A000312,2025-05-23T21:40:45+00:00,3496.44,EUR,failed,REFUND
T00001979,C000813,A001155,2026-07-02T13:26:37+00:00,199.35,USD,failed,SALE
T00001980,C000901,A001248,2026-07-01T15:59:09+00:00,4306.41,INR,failed,SALE
T00001981,C000938,A001088,2025-10-27T22:53:40+00:00,4379.36,INR,reversed,ADJUSTMENT
T00001982,C000076,A001485,2026-04-24T12:53:58+00:00,1224.78,INR,settled,REFUND
T00001983,C000292,A000485,2025-08-07T09:18:51+00:00,1917.32,EUR,pending,SALE
T00001984,C000996,A000136,2026-06-22T17:07:16+00:00,2737.83,CAD,pending,SALE
T00001985,C000848,A001321,2026-06-05T04:51:49+00:00,3707.96,CAD,failed,TRANSFER
T00001986,C000539,A000694,2025-11-12T19:34:40+00:00,4359.55,GBP,settled,TRANSFER
T00001987,C000190,A000559,2026-06-17T05:54:47+00:00,4696.63,GBP,settled,REFUND
T00001988,C000787,A000779,2025-08-20T03:01:31+00:00,2332.44,GBP,failed,REFUND
T00001989,C000373,A001194,2025-10-28T16:16:47+00:00,1188.29,USD,pending,REFUND
T00001990,C000839,A001203,2026-02-24T06:59:39+00:00,4788.23,GBP,failed,ADJUSTMENT
T00001991,C000818,A000187,2026-03-15T00:57:08+00:00,2524.22,GBP,reversed,SALE
T00001992,C000644,A000604,2025-08-06T05:46:52+00:00,1497.87,CAD,settled,ADJUSTMENT
T00001993,C000324,A000669,2025-02-06T08:45:24+00:00,1361.78,GBP,settled,SALE
T00001994,C000655,A001079,2025-11-17T14:32:31+00:00,2184.36,INR,pending,REFUND
T00001995,C000333,A001460,2025-07-28T01:12:01+00:00,2772.17,CAD,pending,ADJUSTMENT
T00001996,C000008,A000240,2026-07-13T00:16:04+00:00,4892.96,GBP,settled,REFUND
T00001997,C000618,A000990,2026-07-19T05:14:27+00:00,4638.00,USD,failed,TRANSFER
T00001998,C000996,A000963,2025-08-24T13:03:23+00:00,3202.87,CAD,reversed,REFUND
T00001999,C000256,A000023,2026-03-13T11:26:10+00:00,1407.11,CAD,failed,REFUND
T00002000,C000579,A000943,2026-06-28T02:36:20+00:00,4966.61,USD,settled,ADJUSTMENT
T00002001,C000287,A001149,2025-05-14T01:45:44+00:00,383.66,GBP,failed,ADJUSTMENT
T00002002,C000581,A000531,2025-07-18T20:43:51+00:00,1406.57,EUR,pending,ADJUSTMENT
T00002003,C000015,A000910,2025-10-23T17:13:48+00:00,2761.00,CAD,reversed,TRANSFER
T00002004,C000069,A001442,2025-08-09T21:23:22+00:00,1110.24,INR,pending,REFUND
T00002005,C000919,A000927,2025-11-21T04:49:32+00:00,3597.25,EUR,settled,TRANSFER
T00002006,C000769,A001264,2025-10-29T04:26:00+00:00,2702.02,EUR,failed,REFUND
T00002007,C000463,A000460,2026-04-27T16:54:53+00:00,3607.94,CAD,failed,SALE
T00002008,C000909,A000290,2025-09-16T19:50:43+00:00,2209.15,USD,reversed,ADJUSTMENT
T00002009,C000333,A000414,2025-04-20T23:56:05+00:00,4380.27,EUR,reversed,ADJUSTMENT
T00002010,C000583,A000207,2026-01-29T00:14:15+00:00,2819.90,GBP,reversed,REFUND
T00002011,C000229,A001174,2025-05-17T01:55:39+00:00,2804.32,CAD,pending,ADJUSTMENT
T00002012,C000256,A000148,2026-07-05T18:07:52+00:00,2008.25,INR,reversed,ADJUSTMENT
T00002013,C000094,A001143,2026-04-27T18:48:04+00:00,4623.26,GBP,pending,TRANSFER
T00002014,C000777,A000898,2025-05-13T04:55:34+00:00,4636.15,INR,pending,SALE
T00002015,C000231,A000769,2025-01-06T08:18:26+00:00,3659.70,CAD,pending,SALE
T00002016,C000547,A000902,2025-09-05T08:37:30+00:00,4893.19,EUR,failed,SALE
T00002017,C000813,A001046,2026-02-08T12:12:01+00:00,339.05,INR,pending,REFUND
T00002018,C000876,A001186,2025-08-21T23:27:19+00:00,1949.15,EUR,settled,TRANSFER
T00002019,C000622,A000193,2025-08-20T10:27:51+00:00,4877.13,USD,failed,REFUND
T00002020,C000452,A001235,2026-08-17T11:45:50+00:00,4110.65,CAD,settled,SALE
T00002021,C000753,A001082,2026-06-18T21:48:33+00:00,804.17,INR,settled,SALE
T00002022,C000344,A000621,2026-02-22T10:29:12+00:00,2010.64,INR,settled,ADJUSTMENT
T00002023,C000632,A000934,2025-06-29T12:45:43+00:00,176.45,EUR,reversed,SALE
T00002024,C000423,A000875,2026-01-17T13:54:03+00:00,3374.93,GBP,settled,ADJUSTMENT
T00002025,C000639,A000365,2025-04-15T21:34:39+00:00,3240.90,EUR,settled,REFUND
T00002026,C000044,A000542,2025-06-03T08:45:06+00:00,1174.72,USD,pending,ADJUSTMENT
T00002027,C000833,A001355,2025-06-30T11:55:58+00:00,3912.41,USD,failed,ADJUSTMENT
T00002028,C000442,A000504,2025-04-30T03:42:27+00:00,3804.46,CAD,reversed,TRANSFER
T00002029,C000578,A000015,2025-09-12T03:33:19+00:00,1973.38,GBP,pending,REFUND
T00002030,C000227,A000103,2025-06-28T14:31:44+00:00,4575.96,GBP,settled,ADJUSTMENT
T00002031,C000047,A000101,2026-07-24T14:36:23+00:00,1151.27,GBP,failed,ADJUSTMENT
T00002032,C000477,A001273,2026-07-07T22:36:56+00:00,1476.28,CAD,reversed,REFUND
T00002033,C000685,A000432,2026-01-29T07:16:11+00:00,4271.99,GBP,settled,REFUND
T00002034,C000508,A001206,2025-09-23T22:28:22+00:00,3221.97,INR,failed,TRANSFER
T00002035,C000655,A000802,2026-08-23T11:38:22+00:00,3526.36,INR,pending,SALE
T00002036,C000423,A000875,2025-07-22T20:19:15+00:00,3106.27,GBP,settled,REFUND
T00002037,C000244,A001289,2026-06-08T14:03:23+00:00,4796.73,CAD,pending,REFUND
T00002038,C000852,A000679,2025-10-22T17:56:44+00:00,3876.01,INR,settled,REFUND
T00002039,C000646,A001095,2026-07-12T00:48:48+00:00,1117.41,INR,failed,SALE
T00002040,C000248,A000830,2026-01-04T21:41:19+00:00,2376.20,CAD,settled,SALE
T00002041,C000230,A000958,2026-01-18T13:54:55+00:00,4895.96,EUR,settled,SALE
T00002042,C000973,A000989,2025-11-23T16:28:04+00:00,640.54,INR,settled,SALE
T00002043,C000896,A000047,2025-01-07T20:34:43+00:00,4551.45,GBP,pending,SALE
T00002044,C000005,A001168,2026-08-16T05:48:59+00:00,1857.10,EUR,reversed,REFUND
T00002045,C000956,A000901,2026-06-18T12:52:00+00:00,3112.32,GBP,settled,REFUND
T00002046,C000853,A000209,2025-12-10T10:37:01+00:00,4109.09,GBP,pending,ADJUSTMENT
T00002047,C000440,A000809,2025-01-08T02:28:21+00:00,2139.48,GBP,pending,ADJUSTMENT
T00002048,C000655,A001074,2026-06-01T20:40:03+00:00,1837.34,USD,reversed,REFUND
T00002049,C000572,A001013,2025-11-24T20:31:48+00:00,456.15,USD,pending,TRANSFER
T00002050,C000710,A001038,2026-01-24T10:46:26+00:00,3242.61,USD,pending,REFUND
T00002051,C000699,A000912,2026-02-08T17:11:26+00:00,3598.56,EUR,reversed,REFUND
T00002052,C000956,A000901,2026-09-04T16:03:13+00:00,3582.99,GBP,reversed,TRANSFER
T00002053,C000652,A001113,2025-03-25T04:55:36+00:00,4308.69,GBP,reversed,REFUND
T00002054,C000610,A000006,2025-10-19T20:58:08+00:00,915.23,CAD,failed,REFUND
T00002055,C000227,A000103,2025-06-09T00:39:39+00:00,2633.00,GBP,settled,REFUND
T00002056,C000479,A001366,2025-01-24T21:52:13+00:00,1516.65,CAD,pending,SALE
T00002057,C000576,A000249,2026-04-07T06:01:06+00:00,4909.50,GBP,reversed,ADJUSTMENT
T00002058,C000946,A001071,2025-06-20T08:56:09+00:00,1257.47,EUR,reversed,ADJUSTMENT
T00002059,C000300,A000144,2025-03-19T14:06:51+00:00,1900.54,CAD,settled,REFUND
T00002060,C000826,A000180,2025-07-26T23:13:45+00:00,908.96,CAD,reversed,SALE
T00002061,C000402,A000512,2026-04-22T14:31:10+00:00,2197.31,GBP,pending,SALE
T00002062,C000007,A000632,2025-06-03T12:22:41+00:00,4769.58,GBP,reversed,TRANSFER
T00002063,C000518,A000915,2025-08-05T08:58:45+00:00,3601.97,GBP,failed,SALE
T00002064,C000584,A000881,2025-10-26T22:03:58+00:00,2785.23,EUR,pending,ADJUSTMENT
T00002065,C000866,A000722,2025-09-25T21:02:17+00:00,4736.99,EUR,failed,REFUND
T00002066,C000929,A000778,2025-03-12T00:40:22+00:00,1352.58,USD,reversed,REFUND
T00002067,C000753,A001418,2025-11-26T16:17:41+00:00,600.03,INR,failed,SALE
T00002068,C000494,A000248,2025-08-28T20:00:10+00:00,3460.20,GBP,pending,TRANSFER
T00002069,C000624,A001415,2025-03-12T20:55:01+00:00,2522.82,USD,pending,SALE
T00002070,C000709,A000515,2025-04-22T10:10:56+00:00,571.57,GBP,settled,SALE
T00002071,C000740,A000553,2025-01-03T15:32:46+00:00,996.15,INR,failed,ADJUSTMENT
T00002072,C000261,A000036,2025-07-25T17:07:23+00:00,363.80,INR,settled,REFUND
T00002073,C000862,A001207,2025-11-14T04:34:19+00:00,1294.75,GBP,settled,REFUND
T00002074,C000108,A001154,2025-01-03T09:25:27+00:00,4790.84,EUR,settled,ADJUSTMENT
T00002075,C000397,A000968,2026-05-21T22:20:53+00:00,4090.85,GBP,settled,TRANSFER
T00002076,C000757,A001306,2026-06-30T12:12:06+00:00,724.71,EUR,reversed,ADJUSTMENT
T00002077,C000858,A001407,2026-08-07T21:01:56+00:00,4257.90,CAD,pending,ADJUSTMENT
T00002078,C000181,A000481,2026-02-24T14:54:15+00:00,2646.16,EUR,reversed,TRANSFER
T00002079,C000655,A001079,2026-04-24T13:23:40+00:00,3990.03,INR,failed,SALE
T00002080,C000242,A000804,2025-02-28T22:42:44+00:00,1501.44,CAD,settled,SALE
T00002081,C000016,A000873,2026-04-24T03:33:46+00:00,4254.43,CAD,pending,TRANSFER
T00002082,C000759,A000713,2025-11-08T07:31:27+00:00,4297.84,EUR,settled,ADJUSTMENT
T00002083,C000001,A000100,2026-02-06T18:28:24+00:00,4383.88,USD,reversed,ADJUSTMENT
T00002084,C000873,A001007,2025-03-21T18:55:44+00:00,1470.40,EUR,failed,ADJUSTMENT
T00002085,C000272,A000795,2025-04-26T18:56:23+00:00,290.54,GBP,failed,SALE
T00002086,C000286,A000475,2026-07-29T16:56:10+00:00,184.49,CAD,pending,ADJUSTMENT
T00002087,C000981,A001458,2026-02-15T04:52:29+00:00,3401.90,INR,settled,SALE
T00002088,C000647,A000619,2025-03-02T09:53:54+00:00,580.08,INR,settled,TRANSFER
T00002089,C000523,A000237,2025-08-15T12:26:40+00:00,1534.91,CAD,settled,REFUND
T00002090,C000290,A000298,2025-02-07T05:51:55+00:00,4624.87,INR,reversed,SALE
T00002091,C000619,A000862,2026-08-27T20:08:06+00:00,4278.49,GBP,settled,TRANSFER
T00002092,C000566,A000730,2026-04-05T04:20:26+00:00,3377.89,GBP,reversed,ADJUSTMENT
T00002093,C000184,A000490,2026-03-20T13:24:41+00:00,4977.92,USD,pending,TRANSFER
T00002094,C000397,A000247,2026-08-20T15:07:35+00:00,329.29,INR,pending,REFUND
T00002095,C000381,A001389,2026-05-23T09:51:14+00:00,478.87,INR,failed,ADJUSTMENT
T00002096,C000510,A000010,2026-02-22T00:32:08+00:00,118.28,GBP,settled,SALE
T00002097,C000048,A000741,2026-05-14T23:52:05+00:00,2499.58,EUR,pending,ADJUSTMENT
T00002098,C000220,A000639,2025-03-16T03:36:59+00:00,1756.09,CAD,reversed,ADJUSTMENT
T00002099,C000222,A000175,2025-06-08T05:34:34+00:00,4248.84,GBP,settled,SALE
T00002100,C000816,A001196,2026-03-20T13:06:53+00:00,2534.63,USD,reversed,REFUND
T00002101,C000611,A000776,2026-02-25T20:15:46+00:00,2953.89,INR,reversed,SALE
T00002102,C000708,A000060,2026-03-17T07:18:35+00:00,4215.46,USD,pending,ADJUSTMENT
T00002103,C000595,A001115,2026-06-24T19:51:16+00:00,401.13,GBP,failed,ADJUSTMENT
T00002104,C000477,A001273,2026-04-25T13:49:39+00:00,1837.03,CAD,pending,TRANSFER
T00002105,C000173,A001199,2025-01-22T12:21:56+00:00,714.58,EUR,pending,ADJUSTMENT
T00002106,C000385,A000472,2025-10-18T02:47:33+00:00,2624.63,USD,pending,REFUND
T00002107,C000932,A000288,2026-04-03T18:29:32+00:00,702.18,USD,failed,REFUND
T00002108,C000576,A001292,2025-11-16T07:05:30+00:00,3121.68,CAD,reversed,SALE
T00002109,C000873,A001007,2026-08-06T11:04:58+00:00,2338.17,EUR,settled,ADJUSTMENT
T00002110,C000989,A000611,2026-07-01T12:57:55+00:00,2112.51,CAD,failed,SALE
T00002111,C000291,A001328,2025-07-04T12:44:16+00:00,4500.77,CAD,reversed,TRANSFER
T00002112,C000328,A001486,2026-09-10T10:13:49+00:00,2563.76,CAD,pending,ADJUSTMENT
T00002113,C000656,A001341,2025-06-23T15:05:31+00:00,3575.03,CAD,pending,SALE
T00002114,C000506,A001419,2026-05-11T19:39:45+00:00,4366.23,CAD,reversed,ADJUSTMENT
T00002115,C000119,A000577,2026-06-16T06:46:27+00:00,1944.29,GBP,reversed,SALE
T00002116,C000951,A000602,2026-01-20T07:07:54+00:00,1786.16,INR,settled,TRANSFER
T00002117,C000655,A000802,2026-03-04T00:59:29+00:00,2027.36,INR,reversed,REFUND
T00002118,C000173,A001199,2025-03-17T22:18:01+00:00,3697.63,EUR,reversed,SALE
T00002119,C000056,A000483,2025-02-14T02:49:41+00:00,1360.15,USD,reversed,SALE
T00002120,C000845,A001449,2026-02-06T02:40:56+00:00,2719.88,EUR,pending,REFUND
T00002121,C000704,A000628,2025-06-28T02:44:02+00:00,2493.29,GBP,failed,SALE
T00002122,C000182,A000794,2025-09-04T22:36:41+00:00,1054.18,INR,pending,TRANSFER
T00002123,C000494,A000202,2026-05-02T02:20:07+00:00,3466.77,CAD,settled,SALE
T00002124,C000138,A000980,2025-07-05T19:18:20+00:00,9.37,CAD,settled,SALE
T00002125,C000016,A000873,2026-01-04T15:13:19+00:00,4281.33,CAD,pending,SALE
T00002126,C000994,A001078,2025-08-08T02:22:35+00:00,4391.45,USD,failed,ADJUSTMENT
T00002127,C000238,A000396,2026-09-11T09:18:26+00:00,126.68,USD,pending,ADJUSTMENT
T00002128,C000816,A000079,2026-08-30T05:22:17+00:00,1051.02,CAD,pending,ADJUSTMENT
T00002129,C000138,A000980,2025-06-01T14:55:31+00:00,1508.38,CAD,failed,SALE
T00002130,C000420,A001166,2026-07-01T20:43:09+00:00,3925.44,CAD,failed,SALE
T00002131,C000109,A001014,2025-10-29T14:17:32+00:00,1251.76,INR,settled,ADJUSTMENT
T00002132,C000301,A000025,2025-06-30T08:10:43+00:00,2674.00,USD,reversed,SALE
T00002133,C000121,A001405,2026-01-18T16:30:49+00:00,2165.98,GBP,settled,REFUND
T00002134,C000517,A000259,2026-02-24T15:02:01+00:00,3119.43,USD,reversed,TRANSFER
T00002135,C000745,A001033,2025-06-09T17:39:40+00:00,3854.48,GBP,settled,ADJUSTMENT
T00002136,C000288,A000947,2025-04-21T05:15:46+00:00,381.17,CAD,failed,ADJUSTMENT
T00002137,C000714,A000200,2026-06-25T04:50:47+00:00,3378.16,EUR,reversed,REFUND
T00002138,C000610,A000006,2026-03-23T05:30:55+00:00,3369.21,CAD,settled,ADJUSTMENT
T00002139,C000541,A001246,2026-08-24T06:22:47+00:00,2215.14,USD,settled,SALE
T00002140,C000531,A000941,2026-04-04T16:29:46+00:00,4378.23,EUR,settled,TRANSFER
T00002141,C000597,A001361,2025-10-02T02:47:09+00:00,2859.26,EUR,failed,REFUND
T00002142,C000173,A001311,2026-08-27T09:22:00+00:00,3388.21,USD,failed,TRANSFER
T00002143,C000717,A000030,2025-07-14T03:11:20+00:00,1172.98,EUR,settled,SALE
T00002144,C000572,A000524,2025-03-02T11:31:37+00:00,1481.03,USD,settled,REFUND
T00002145,C000909,A000997,2025-04-23T10:09:30+00:00,2271.82,USD,reversed,REFUND
T00002146,C000724,A000586,2026-06-26T02:58:21+00:00,412.54,CAD,pending,TRANSFER
T00002147,C000200,A000104,2025-03-02T12:57:01+00:00,1281.70,CAD,settled,REFUND
T00002148,C000085,A000612,2025-05-01T02:18:26+00:00,1935.95,INR,pending,SALE
T00002149,C000999,A001334,2026-04-28T06:04:34+00:00,3998.04,CAD,failed,SALE
T00002150,C000223,A000520,2025-12-31T08:09:29+00:00,3976.63,USD,failed,SALE
T00002151,C000258,A000256,2026-05-24T10:26:52+00:00,4520.50,CAD,reversed,REFUND
T00002152,C000199,A000317,2025-10-11T12:40:34+00:00,2904.37,USD,reversed,REFUND
T00002153,C000951,A000602,2025-07-07T14:26:14+00:00,2374.19,INR,settled,TRANSFER
T00002154,C000752,A000674,2025-12-10T15:29:14+00:00,938.01,USD,pending,TRANSFER
T00002155,C000454,A000736,2026-02-16T07:38:04+00:00,3154.25,INR,failed,SALE
T00002156,C000655,A001074,2026-05-18T03:54:40+00:00,1634.40,USD,failed,REFUND
T00002157,C000714,A000419,2026-06-03T01:13:20+00:00,2015.41,USD,pending,ADJUSTMENT
T00002158,C000851,A000325,2025-10-14T20:42:55+00:00,744.68,USD,pending,SALE
T00002159,C000328,A000331,2026-02-25T23:31:57+00:00,1674.35,EUR,reversed,REFUND
T00002160,C000219,A001055,2025-02-28T19:24:32+00:00,1772.03,CAD,failed,TRANSFER
T00002161,C000192,A001069,2026-07-24T09:49:48+00:00,3365.48,EUR,settled,SALE
T00002162,C000698,A001432,2026-07-19T16:12:14+00:00,1114.82,USD,failed,TRANSFER
T00002163,C000644,A000604,2025-05-30T08:06:24+00:00,1915.81,CAD,reversed,SALE
T00002164,C000017,A000840,2026-04-24T00:33:06+00:00,1827.99,CAD,reversed,SALE
T00002165,C000784,A000849,2026-01-03T14:18:48+00:00,3083.09,USD,pending,ADJUSTMENT
T00002166,C000092,A000885,2026-08-21T16:25:53+00:00,1873.86,INR,failed,REFUND
T00002167,C000382,A000658,2026-01-27T21:20:58+00:00,3073.11,USD,pending,TRANSFER
T00002168,C000769,A001293,2025-08-20T15:39:45+00:00,1292.40,GBP,failed,TRANSFER
T00002169,C000915,A000752,2025-07-18T10:07:13+00:00,2848.36,EUR,settled,SALE
T00002170,C000429,A000837,2026-07-14T00:43:09+00:00,4190.10,EUR,settled,ADJUSTMENT
T00002171,C000495,A000777,2026-06-15T05:02:41+00:00,1516.83,CAD,reversed,ADJUSTMENT
T00002172,C000655,A001079,2025-11-18T01:57:18+00:00,2194.39,INR,settled,SALE
T00002173,C000495,A000777,2025-10-03T02:32:09+00:00,292.58,CAD,reversed,ADJUSTMENT
T00002174,C000710,A001038,2025-06-09T03:52:21+00:00,749.47,USD,pending,SALE
T00002175,C000791,A001305,2025-04-20T12:50:48+00:00,1020.84,CAD,settled,REFUND
T00002176,C000701,A000364,2026-05-04T06:28:06+00:00,4623.56,GBP,settled,REFUND
T00002177,C000259,A000570,2025-03-14T15:37:48+00:00,4720.91,CAD,failed,ADJUSTMENT
T00002178,C000035,A001221,2026-04-20T13:19:44+00:00,1262.38,USD,failed,REFUND
T00002179,C000339,A001263,2025-01-11T01:45:09+00:00,2446.87,EUR,settled,TRANSFER
T00002180,C000234,A001152,2025-08-29T01:43:21+00:00,4710.94,USD,reversed,SALE
T00002181,C000111,A000616,2026-03-19T07:48:18+00:00,3790.57,INR,reversed,TRANSFER
T00002182,C000554,A000050,2026-06-17T14:57:09+00:00,4070.83,INR,failed,SALE
T00002183,C000229,A000111,2026-06-15T02:32:34+00:00,231.91,CAD,pending,ADJUSTMENT
T00002184,C000918,A000430,2026-07-01T13:43:49+00:00,2537.14,EUR,pending,SALE
T00002185,C000102,A001011,2026-07-13T10:26:01+00:00,1093.82,CAD,pending,SALE
T00002186,C000420,A001227,2025-11-03T22:28:23+00:00,3181.36,USD,settled,SALE
T00002187,C000320,A000270,2025-07-19T06:26:59+00:00,636.77,INR,reversed,ADJUSTMENT
T00002188,C000434,A000435,2025-08-01T14:14:17+00:00,610.92,EUR,settled,ADJUSTMENT
T00002189,C000029,A000727,2025-03-21T06:12:36+00:00,743.80,CAD,settled,SALE
T00002190,C000237,A000869,2025-06-14T16:59:21+00:00,1678.51,INR,failed,ADJUSTMENT
T00002191,C000304,A000867,2025-12-26T06:29:02+00:00,4282.04,INR,failed,SALE
T00002192,C000340,A001182,2026-03-09T16:36:27+00:00,4990.10,INR,reversed,SALE
T00002193,C000214,A001348,2025-10-06T22:09:10+00:00,3467.62,GBP,failed,SALE
T00002194,C000590,A000149,2026-09-08T03:40:16+00:00,251.00,GBP,pending,REFUND
T00002195,C000550,A000916,2025-05-04T05:59:43+00:00,3790.43,USD,reversed,SALE
T00002196,C000662,A000347,2025-07-18T18:08:26+00:00,1806.53,CAD,settled,REFUND
T00002197,C000781,A000323,2025-11-28T05:12:36+00:00,991.99,USD,reversed,REFUND
T00002198,C000777,A001017,2026-03-08T14:24:52+00:00,3958.27,EUR,settled,SALE
T00002199,C000129,A000803,2025-03-21T21:43:02+00:00,1994.36,GBP,reversed,REFUND
T00002200,C000274,A001062,2025-08-01T18:55:09+00:00,3312.89,USD,pending,SALE
T00002201,C000612,A001073,2025-11-28T09:34:02+00:00,789.48,GBP,failed,REFUND
T00002202,C000122,A001412,2025-10-05T18:44:19+00:00,1474.95,EUR,pending,REFUND
T00002203,C000818,A000650,2025-09-23T19:52:40+00:00,4944.69,CAD,reversed,REFUND
T00002204,C000860,A000464,2025-07-11T13:49:04+00:00,4970.36,CAD,reversed,REFUND
T00002205,C000923,A000032,2025-09-12T22:54:21+00:00,3595.54,GBP,pending,ADJUSTMENT
T00002206,C000358,A000624,2025-08-15T11:42:02+00:00,1049.21,GBP,failed,TRANSFER
T00002207,C000634,A001006,2026-03-25T22:33:23+00:00,550.78,USD,reversed,REFUND
T00002208,C000843,A000864,2025-05-30T22:01:40+00:00,1156.20,CAD,settled,ADJUSTMENT
T00002209,C000606,A001153,2025-04-13T06:46:25+00:00,4966.96,GBP,failed,SALE
T00002210,C000697,A000260,2025-03-05T22:27:08+00:00,3189.45,USD,failed,TRANSFER
T00002211,C000195,A000189,2026-07-28T17:25:18+00:00,3379.38,INR,settled,SALE
T00002212,C000445,A001183,2025-04-18T20:32:04+00:00,4797.91,EUR,settled,SALE
T00002213,C000290,A000298,2026-04-16T07:36:41+00:00,1180.86,INR,reversed,ADJUSTMENT
T00002214,C000851,A000325,2025-06-29T11:46:20+00:00,208.36,USD,reversed,SALE
T00002215,C000426,A000876,2025-06-16T21:03:24+00:00,550.35,CAD,failed,ADJUSTMENT
T00002216,C000738,A000560,2026-02-22T09:17:06+00:00,3023.15,USD,settled,TRANSFER
T00002217,C000361,A000374,2026-07-31T19:38:13+00:00,549.31,USD,reversed,SALE
T00002218,C000801,A001413,2026-05-25T22:45:21+00:00,4507.70,INR,pending,ADJUSTMENT
T00002219,C000961,A001224,2026-08-26T13:37:27+00:00,910.46,INR,failed,TRANSFER
T00002220,C000626,A001081,2025-10-09T11:40:39+00:00,2278.41,INR,settled,ADJUSTMENT
T00002221,C000983,A000346,2025-01-28T18:52:10+00:00,3790.09,INR,pending,REFUND
T00002222,C000708,A000060,2025-07-26T22:25:35+00:00,4734.09,USD,pending,SALE
T00002223,C000767,A001477,2025-08-22T15:27:21+00:00,701.20,CAD,settled,TRANSFER
T00002224,C000120,A001255,2025-12-15T16:39:36+00:00,1511.90,GBP,reversed,ADJUSTMENT
T00002225,C000291,A001328,2025-03-07T23:09:32+00:00,3042.16,CAD,settled,TRANSFER
T00002226,C000462,A000110,2025-07-15T03:13:23+00:00,1500.13,INR,pending,TRANSFER
T00002227,C000655,A001079,2025-07-06T09:43:30+00:00,3686.93,INR,settled,TRANSFER
T00002228,C000527,A000786,2025-06-03T08:16:18+00:00,2604.35,USD,reversed,TRANSFER
T00002229,C000781,A000316,2026-03-29T13:50:09+00:00,4913.57,INR,settled,REFUND
T00002230,C000113,A000975,2025-12-03T16:40:57+00:00,3463.22,USD,pending,REFUND
T00002231,C000704,A000628,2025-07-25T15:20:16+00:00,2746.32,GBP,settled,TRANSFER
T00002232,C000396,A001023,2025-03-13T09:56:48+00:00,1690.96,USD,failed,SALE
T00002233,C000870,A000436,2025-05-24T21:02:08+00:00,4168.20,USD,pending,REFUND
T00002234,C000955,A001315,2025-11-14T13:48:20+00:00,2571.45,USD,settled,TRANSFER
T00002235,C000036,A000622,2025-04-09T21:59:00+00:00,1948.92,GBP,failed,REFUND
T00002236,C000658,A000121,2026-05-10T20:56:59+00:00,1109.49,EUR,reversed,REFUND
T00002237,C000681,A000454,2025-11-01T19:21:43+00:00,2592.99,EUR,failed,ADJUSTMENT
T00002238,C000854,A000838,2026-08-03T06:35:08+00:00,4301.29,CAD,settled,ADJUSTMENT
T00002239,C000888,A001403,2025-01-30T04:27:44+00:00,1394.84,CAD,pending,ADJUSTMENT
T00002240,C000619,A001059,2026-01-12T11:25:59+00:00,2725.10,INR,failed,SALE
T00002241,C000238,A000396,2026-07-01T22:51:51+00:00,668.00,USD,reversed,ADJUSTMENT
T00002242,C000371,A000784,2026-07-13T06:24:45+00:00,1542.25,GBP,reversed,SALE
T00002243,C000581,A000931,2025-08-26T18:58:36+00:00,1836.62,INR,pending,REFUND
T00002244,C000814,A000670,2025-12-19T00:52:41+00:00,3891.23,GBP,failed,SALE
T00002245,C000930,A000379,2025-05-11T11:08:48+00:00,3342.50,GBP,settled,TRANSFER
T00002246,C000458,A000380,2025-08-23T06:23:19+00:00,4904.67,EUR,pending,ADJUSTMENT
T00002247,C000423,A000519,2025-03-25T10:37:07+00:00,1216.71,USD,settled,SALE
T00002248,C000560,A000289,2025-09-18T07:29:31+00:00,4089.18,EUR,reversed,TRANSFER
T00002249,C000142,A000211,2026-07-30T12:53:07+00:00,3771.79,USD,pending,SALE
T00002250,C000072,A001457,2025-02-20T19:15:36+00:00,3863.17,INR,settled,ADJUSTMENT
T00002251,C000856,A000353,2025-10-13T21:40:12+00:00,1878.28,USD,pending,SALE
T00002252,C000700,A000815,2025-06-26T14:15:21+00:00,4278.13,INR,settled,TRANSFER
T00002253,C000113,A000328,2026-08-17T20:56:31+00:00,343.81,INR,reversed,REFUND
T00002254,C000641,A000502,2025-04-18T16:47:56+00:00,3354.41,USD,failed,REFUND
T00002255,C000713,A000038,2025-09-14T19:45:50+00:00,599.04,USD,settled,TRANSFER
T00002256,C000476,A001176,2026-05-17T03:16:38+00:00,3412.37,CAD,failed,TRANSFER
T00002257,C000429,A001237,2025-04-24T12:41:35+00:00,4738.93,EUR,pending,REFUND
T00002258,C000317,A000882,2025-01-24T14:47:42+00:00,340.59,USD,reversed,ADJUSTMENT
T00002259,C000543,A000438,2026-08-15T10:00:09+00:00,3807.50,USD,failed,TRANSFER
T00002260,C000344,A000621,2025-11-16T08:05:06+00:00,4932.66,INR,reversed,REFUND
T00002261,C000616,A000706,2026-03-28T01:48:35+00:00,4601.50,INR,settled,REFUND
T00002262,C000531,A000941,2025-11-03T16:20:49+00:00,3877.45,EUR,pending,SALE
T00002263,C000655,A001414,2025-04-22T16:31:37+00:00,3331.28,EUR,failed,SALE
T00002264,C000539,A001005,2025-11-18T09:21:53+00:00,1108.52,GBP,reversed,REFUND
T00002265,C000544,A000973,2025-08-18T00:55:41+00:00,1665.84,CAD,failed,REFUND
T00002266,C000679,A000354,2025-12-30T18:06:47+00:00,1082.76,CAD,failed,SALE
T00002267,C000956,A000901,2025-12-31T21:44:57+00:00,3188.23,GBP,settled,REFUND
T00002268,C000670,A000814,2026-03-01T13:56:53+00:00,1498.64,USD,failed,TRANSFER
T00002269,C000870,A000436,2025-03-22T19:48:14+00:00,1078.50,USD,pending,ADJUSTMENT
T00002270,C000550,A000134,2026-07-09T18:00:07+00:00,3046.63,GBP,reversed,ADJUSTMENT
T00002271,C000922,A000401,2025-08-22T06:21:26+00:00,1343.37,USD,settled,REFUND
T00002272,C000573,A000716,2025-10-27T05:46:00+00:00,2965.23,INR,settled,TRANSFER
T00002273,C000619,A000862,2025-06-23T23:35:17+00:00,1262.44,GBP,failed,TRANSFER
T00002274,C000924,A001378,2025-08-23T04:55:30+00:00,969.43,CAD,settled,REFUND
T00002275,C000350,A001427,2025-04-27T21:13:29+00:00,3888.88,USD,pending,SALE
T00002276,C000210,A001097,2025-07-24T11:37:14+00:00,1467.40,INR,failed,REFUND
T00002277,C000615,A000041,2026-04-08T13:39:43+00:00,1061.01,CAD,settled,REFUND
T00002278,C000750,A000811,2025-08-22T08:36:38+00:00,1596.82,USD,reversed,TRANSFER
T00002279,C000925,A001137,2026-01-17T12:24:17+00:00,4375.67,EUR,reversed,TRANSFER
T00002280,C000761,A000836,2026-05-30T14:23:10+00:00,1356.47,USD,settled,TRANSFER
T00002281,C000694,A000575,2025-07-08T13:38:22+00:00,4105.94,GBP,reversed,REFUND
T00002282,C000656,A001341,2025-01-28T11:26:12+00:00,2120.75,CAD,settled,SALE
T00002283,C000865,A001320,2025-03-14T04:35:51+00:00,939.59,INR,settled,REFUND
T00002284,C000894,A000311,2025-11-17T01:57:44+00:00,4266.08,GBP,settled,SALE
T00002285,C000273,A001416,2026-06-28T03:13:24+00:00,3296.83,INR,reversed,TRANSFER
T00002286,C000069,A001087,2025-12-10T08:35:38+00:00,2266.31,USD,failed,REFUND
T00002287,C000888,A001403,2025-09-12T12:45:30+00:00,3451.47,CAD,pending,TRANSFER
T00002288,C000382,A000275,2025-07-29T01:33:53+00:00,702.09,INR,failed,REFUND
T00002289,C000695,A000852,2025-09-08T13:06:51+00:00,1238.28,USD,reversed,REFUND
T00002290,C000766,A000608,2025-11-24T23:37:26+00:00,4413.76,USD,pending,ADJUSTMENT
T00002291,C000750,A000811,2026-05-03T10:11:44+00:00,2461.69,USD,failed,ADJUSTMENT
T00002292,C000734,A000899,2025-04-23T04:19:52+00:00,3431.37,USD,failed,TRANSFER
T00002293,C000085,A000612,2026-05-29T21:45:10+00:00,998.87,INR,pending,SALE
T00002294,C000228,A000799,2025-08-13T00:31:30+00:00,4366.23,INR,reversed,ADJUSTMENT
T00002295,C000340,A000817,2026-09-10T14:56:08+00:00,2834.65,USD,settled,SALE
T00002296,C000706,A000169,2025-09-18T06:06:55+00:00,3551.21,GBP,pending,TRANSFER
T00002297,C000876,A001186,2025-01-30T07:42:06+00:00,4144.62,EUR,reversed,REFUND
T00002298,C000593,A000223,2026-01-21T13:24:44+00:00,879.56,INR,pending,TRANSFER
T00002299,C000483,A001050,2025-07-11T03:24:47+00:00,1923.71,INR,failed,ADJUSTMENT
T00002300,C000627,A001042,2026-02-19T03:47:44+00:00,1324.69,USD,failed,ADJUSTMENT
T00002301,C000463,A000460,2025-01-13T05:48:26+00:00,2132.03,CAD,pending,REFUND
T00002302,C000047,A000677,2025-02-14T22:14:45+00:00,3578.11,EUR,settled,TRANSFER
T00002303,C000655,A001079,2026-03-10T17:03:34+00:00,491.26,INR,pending,SALE
T00002304,C000992,A000078,2025-09-02T00:34:38+00:00,2189.63,CAD,reversed,ADJUSTMENT
T00002305,C000777,A001240,2025-12-12T11:39:28+00:00,525.63,USD,failed,REFUND
T00002306,C000800,A001210,2025-01-26T14:37:18+00:00,3893.60,USD,settled,SALE
T00002307,C000165,A001459,2025-02-15T09:19:04+00:00,2170.91,CAD,failed,REFUND
T00002308,C000960,A000538,2025-12-01T00:27:24+00:00,2187.83,CAD,reversed,TRANSFER
T00002309,C000050,A001191,2025-03-10T02:30:24+00:00,266.03,INR,settled,ADJUSTMENT
T00002310,C000349,A000893,2026-06-17T14:44:04+00:00,2150.77,USD,failed,ADJUSTMENT
T00002311,C000691,A000182,2025-03-12T16:40:40+00:00,365.78,USD,pending,TRANSFER
T00002312,C000205,A001400,2026-05-15T23:53:25+00:00,1987.83,EUR,pending,REFUND
T00002313,C000423,A000875,2025-11-27T03:09:25+00:00,3997.31,GBP,settled,SALE
T00002314,C000316,A000264,2026-08-29T05:36:07+00:00,544.69,GBP,settled,ADJUSTMENT
T00002315,C000019,A001178,2026-07-06T23:33:11+00:00,2335.84,INR,reversed,ADJUSTMENT
T00002316,C000090,A000928,2025-08-19T02:29:43+00:00,3841.69,EUR,pending,ADJUSTMENT
T00002317,C000274,A001420,2026-03-20T08:29:22+00:00,3873.63,CAD,reversed,REFUND
T00002318,C000108,A001154,2025-12-20T01:15:21+00:00,1521.21,EUR,reversed,TRANSFER
T00002319,C000613,A000764,2026-08-01T07:07:03+00:00,4756.53,EUR,pending,TRANSFER
T00002320,C000059,A001478,2025-07-09T15:19:22+00:00,4013.50,EUR,failed,REFUND
T00002321,C000872,A001483,2026-05-21T00:27:36+00:00,4993.76,GBP,settled,REFUND
T00002322,C000699,A000912,2025-01-06T19:25:59+00:00,554.59,EUR,pending,REFUND
T00002323,C000518,A000283,2025-12-05T00:56:23+00:00,822.78,USD,pending,REFUND
T00002324,C000621,A001003,2025-09-08T19:37:51+00:00,3605.22,EUR,settled,ADJUSTMENT
T00002325,C000439,A001141,2025-11-14T08:16:05+00:00,2298.06,USD,reversed,REFUND
T00002326,C000970,A000682,2026-06-04T04:35:51+00:00,4833.97,INR,reversed,ADJUSTMENT
T00002327,C000086,A000251,2026-05-03T10:33:57+00:00,3404.90,EUR,pending,ADJUSTMENT
T00002328,C000834,A001397,2026-03-14T20:41:20+00:00,4757.15,USD,settled,ADJUSTMENT
T00002329,C000734,A001010,2025-07-20T11:07:32+00:00,932.43,INR,reversed,SALE
T00002330,C000973,A000668,2025-08-01T12:14:24+00:00,2669.42,GBP,failed,SALE
T00002331,C000200,A000104,2025-08-19T21:35:17+00:00,1284.27,CAD,failed,ADJUSTMENT
T00002332,C000865,A001320,2026-02-21T22:48:12+00:00,1337.06,INR,reversed,SALE
T00002333,C000396,A001123,2026-05-01T10:22:17+00:00,4709.56,INR,failed,TRANSFER
T00002334,C000822,A001484,2025-05-06T03:00:34+00:00,2455.39,USD,failed,REFUND
T00002335,C000389,A001296,2025-06-01T20:40:07+00:00,2046.06,USD,reversed,ADJUSTMENT
T00002336,C000126,A001039,2025-06-09T20:47:50+00:00,1333.98,INR,reversed,REFUND
T00002337,C000459,A000923,2026-01-14T19:46:45+00:00,4100.42,INR,failed,SALE
T00002338,C000964,A000122,2026-03-06T06:48:50+00:00,4760.32,INR,settled,TRANSFER
T00002339,C000229,A000924,2025-03-21T17:51:38+00:00,160.78,INR,settled,SALE
T00002340,C000797,A000827,2025-12-22T02:04:20+00:00,2348.21,INR,pending,TRANSFER
T00002341,C000373,A001294,2026-01-27T13:44:05+00:00,1532.23,USD,failed,TRANSFER
T00002342,C000248,A000903,2026-05-08T17:10:42+00:00,3362.30,CAD,reversed,REFUND
T00002343,C000796,A000879,2026-08-14T08:19:11+00:00,4646.78,CAD,settled,REFUND
T00002344,C000803,A000301,2026-09-05T21:42:33+00:00,1370.63,USD,settled,SALE
T00002345,C000318,A000711,2025-08-17T15:57:20+00:00,1995.62,GBP,reversed,SALE
T00002346,C000912,A000573,2025-09-04T09:42:03+00:00,4358.92,GBP,pending,TRANSFER
T00002347,C000365,A001404,2025-08-29T02:27:39+00:00,4780.07,CAD,failed,TRANSFER
T00002348,C000416,A000532,2025-06-18T11:34:10+00:00,2443.95,EUR,reversed,SALE
T00002349,C000707,A000096,2025-10-04T19:18:11+00:00,1223.24,GBP,settled,ADJUSTMENT
T00002350,C000108,A000657,2026-04-29T22:24:33+00:00,2389.06,INR,settled,REFUND
T00002351,C000975,A000363,2025-09-02T22:15:49+00:00,3097.37,CAD,failed,REFUND
T00002352,C000583,A000207,2025-10-25T14:17:00+00:00,2259.30,GBP,settled,ADJUSTMENT
T00002353,C000675,A000105,2025-03-29T11:42:38+00:00,11.13,EUR,reversed,SALE
T00002354,C000173,A001311,2025-07-07T17:29:54+00:00,4781.25,USD,failed,REFUND
T00002355,C000488,A000046,2026-04-26T12:48:34+00:00,1858.07,USD,failed,SALE
T00002356,C000082,A000119,2026-01-22T14:39:07+00:00,3548.09,INR,pending,SALE
T00002357,C000155,A000607,2025-09-24T02:17:13+00:00,3212.12,CAD,settled,TRANSFER
T00002358,C000925,A000914,2026-03-10T06:01:16+00:00,2847.71,INR,reversed,TRANSFER
T00002359,C000157,A000698,2025-09-03T02:36:15+00:00,2444.67,CAD,failed,ADJUSTMENT
T00002360,C000562,A000783,2025-09-26T19:12:40+00:00,614.73,CAD,failed,SALE
T00002361,C000958,A001175,2026-05-03T04:31:27+00:00,1057.59,USD,settled,TRANSFER
T00002362,C000722,A000448,2026-01-11T17:39:41+00:00,955.82,GBP,settled,SALE
T00002363,C000530,A001209,2025-01-17T21:04:09+00:00,1834.35,USD,pending,SALE
T00002364,C000953,A000359,2025-08-05T17:49:43+00:00,2881.43,EUR,failed,ADJUSTMENT
T00002365,C000116,A000413,2025-01-25T09:27:48+00:00,4751.84,USD,reversed,REFUND
T00002366,C000268,A001317,2026-01-28T03:35:52+00:00,1364.59,CAD,settled,ADJUSTMENT
T00002367,C000274,A001062,2025-08-16T23:38:27+00:00,2274.31,USD,reversed,REFUND
T00002368,C000587,A001086,2025-11-27T18:15:47+00:00,2391.40,GBP,pending,SALE
T00002369,C000894,A001358,2026-03-05T11:04:06+00:00,377.44,USD,reversed,SALE
T00002370,C000184,A000760,2025-04-03T06:49:54+00:00,3132.25,USD,reversed,TRANSFER
T00002371,C000345,A000377,2026-06-13T03:11:04+00:00,4235.41,GBP,failed,SALE
T00002372,C000896,A000936,2025-07-17T10:55:47+00:00,3858.17,USD,failed,TRANSFER
T00002373,C000679,A000354,2026-03-14T07:33:33+00:00,780.15,CAD,pending,TRANSFER
T00002374,C000258,A000256,2026-02-22T16:28:30+00:00,3163.00,CAD,pending,REFUND
T00002375,C000326,A000552,2026-05-28T15:52:47+00:00,3155.53,CAD,settled,REFUND
T00002376,C000321,A001479,2025-07-20T16:15:45+00:00,4393.89,EUR,pending,REFUND
T00002377,C000411,A000897,2025-03-24T09:44:07+00:00,1915.33,GBP,settled,SALE
T00002378,C000291,A001328,2025-08-14T10:54:51+00:00,1328.99,CAD,pending,SALE
T00002379,C000759,A000713,2026-03-23T10:58:28+00:00,440.49,EUR,pending,SALE
T00002380,C000014,A000579,2025-01-16T12:30:46+00:00,4121.58,USD,pending,TRANSFER
T00002381,C000699,A000895,2025-02-22T06:58:39+00:00,2062.99,INR,failed,REFUND
T00002382,C000773,A001177,2025-07-16T22:04:29+00:00,249.12,CAD,reversed,REFUND
T00002383,C000506,A001419,2026-05-05T19:43:57+00:00,3343.22,CAD,pending,SALE
T00002384,C000697,A000260,2025-04-07T11:10:53+00:00,1013.93,USD,reversed,TRANSFER
T00002385,C000197,A001018,2025-02-16T07:56:08+00:00,4916.26,USD,failed,ADJUSTMENT
T00002386,C000316,A000584,2026-08-20T02:00:21+00:00,1363.52,GBP,reversed,TRANSFER
T00002387,C000256,A000615,2025-09-06T04:57:08+00:00,2959.08,EUR,reversed,REFUND
T00002388,C000738,A000560,2025-04-03T00:31:06+00:00,1988.01,USD,pending,ADJUSTMENT
T00002389,C000424,A001110,2026-03-07T13:07:50+00:00,216.63,CAD,failed,REFUND
T00002390,C000940,A000018,2025-06-06T12:14:34+00:00,1911.30,USD,settled,ADJUSTMENT
T00002391,C000193,A001198,2025-04-17T13:58:06+00:00,4901.62,EUR,settled,TRANSFER
T00002392,C000674,A000114,2026-04-03T06:55:38+00:00,2237.65,CAD,reversed,REFUND
T00002393,C000994,A001078,2025-11-09T07:39:35+00:00,703.59,USD,reversed,TRANSFER
T00002394,C000118,A000649,2026-08-29T16:02:03+00:00,466.22,INR,settled,TRANSFER
T00002395,C000181,A001054,2026-05-14T22:09:07+00:00,2711.36,GBP,pending,REFUND
T00002396,C000599,A001089,2026-05-25T20:05:15+00:00,458.46,INR,settled,ADJUSTMENT
T00002397,C000319,A000625,2025-12-03T07:14:38+00:00,1846.11,USD,pending,REFUND
T00002398,C000220,A000250,2025-07-01T08:45:20+00:00,3588.88,EUR,reversed,TRANSFER
T00002399,C000318,A001125,2026-03-30T19:56:24+00:00,1388.69,USD,settled,REFUND
T00002400,C000828,A000271,2025-06-18T06:26:43+00:00,910.32,GBP,pending,ADJUSTMENT
T00002401,C000758,A000493,2025-12-08T13:18:19+00:00,598.34,USD,settled,ADJUSTMENT
T00002402,C000014,A000245,2026-03-05T06:25:50+00:00,1024.64,INR,settled,TRANSFER
T00002403,C000449,A000685,2026-06-26T04:03:14+00:00,411.95,EUR,reversed,TRANSFER
T00002404,C000593,A000140,2025-09-07T22:45:04+00:00,3536.46,EUR,pending,TRANSFER
T00002405,C000675,A000642,2026-07-24T09:23:05+00:00,3328.54,INR,pending,REFUND
T00002406,C000568,A001250,2025-11-18T15:35:36+00:00,571.04,GBP,settled,SALE
T00002407,C000753,A001418,2025-04-09T17:08:11+00:00,2018.73,INR,reversed,SALE
T00002408,C000907,A001205,2025-12-25T15:07:07+00:00,4728.47,CAD,pending,SALE
T00002409,C000929,A000778,2025-06-09T23:11:47+00:00,723.27,USD,reversed,REFUND
T00002410,C000751,A001498,2026-06-26T19:56:46+00:00,3822.52,CAD,settled,TRANSFER
T00002411,C000909,A000781,2025-02-07T11:09:23+00:00,108.80,CAD,failed,TRANSFER
T00002412,C000836,A001473,2025-10-17T14:50:44+00:00,3423.23,GBP,failed,SALE
T00002413,C000554,A000050,2025-05-08T08:30:15+00:00,2841.67,INR,reversed,REFUND
T00002414,C000305,A000638,2025-09-16T15:50:19+00:00,1605.69,EUR,failed,REFUND
T00002415,C000695,A000852,2025-08-01T14:15:51+00:00,3.95,USD,pending,REFUND
T00002416,C000268,A000254,2026-05-06T03:16:29+00:00,3849.52,CAD,pending,REFUND
T00002417,C000008,A000240,2026-07-05T05:40:44+00:00,1666.62,GBP,pending,TRANSFER
T00002418,C000153,A000156,2026-08-12T19:58:30+00:00,534.01,CAD,settled,REFUND
T00002419,C000256,A000615,2025-12-04T19:48:05+00:00,3194.46,EUR,settled,TRANSFER
T00002420,C000605,A001297,2026-09-11T23:02:28+00:00,474.96,INR,settled,ADJUSTMENT
T00002421,C000476,A001176,2025-02-04T18:45:13+00:00,3492.07,CAD,pending,SALE
T00002422,C000564,A000832,2026-05-15T12:02:29+00:00,3158.74,INR,failed,ADJUSTMENT
T00002423,C000811,A001475,2025-06-19T09:50:42+00:00,2405.82,USD,reversed,REFUND
T00002424,C000454,A000736,2026-03-16T11:40:00+00:00,4853.92,INR,failed,ADJUSTMENT
T00002425,C000506,A001103,2025-11-01T06:06:46+00:00,1129.79,GBP,failed,REFUND
T00002426,C000151,A000159,2025-12-27T13:45:14+00:00,1100.37,CAD,failed,ADJUSTMENT
T00002427,C000530,A001209,2025-09-22T05:54:56+00:00,4212.08,USD,failed,TRANSFER
T00002428,C000311,A001066,2026-07-22T06:53:43+00:00,2705.50,USD,failed,ADJUSTMENT
T00002429,C000231,A001351,2025-10-31T00:48:22+00:00,418.21,CAD,settled,REFUND
T00002430,C000766,A000608,2026-08-09T08:42:45+00:00,4153.75,USD,reversed,ADJUSTMENT
T00002431,C000636,A001136,2026-05-14T04:12:03+00:00,4951.69,GBP,settled,REFUND
T00002432,C000230,A000958,2026-08-02T17:18:25+00:00,3991.45,EUR,reversed,TRANSFER
T00002433,C000014,A000210,2026-07-16T19:25:47+00:00,2697.52,EUR,reversed,TRANSFER
T00002434,C000267,A000137,2025-11-09T16:06:20+00:00,4576.79,USD,pending,TRANSFER
T00002435,C000498,A001231,2026-08-07T13:59:03+00:00,4676.80,INR,settled,ADJUSTMENT
T00002436,C000061,A001009,2025-03-08T07:47:22+00:00,4908.45,GBP,reversed,ADJUSTMENT
T00002437,C000975,A000363,2026-03-28T13:50:07+00:00,813.26,CAD,pending,SALE
T00002438,C000407,A001247,2026-08-30T10:44:45+00:00,1177.38,EUR,reversed,SALE
T00002439,C000447,A000605,2026-08-14T14:07:39+00:00,2084.52,INR,reversed,REFUND
T00002440,C000593,A000223,2026-03-09T22:22:22+00:00,1586.80,INR,pending,REFUND
T00002441,C000853,A000127,2025-12-14T22:25:20+00:00,4037.47,INR,failed,SALE
T00002442,C000433,A000235,2025-01-20T16:33:18+00:00,526.82,CAD,reversed,ADJUSTMENT
T00002443,C000018,A000126,2025-11-23T17:42:08+00:00,353.33,EUR,failed,REFUND
T00002444,C000360,A000663,2026-08-27T16:42:47+00:00,4087.61,CAD,settled,SALE
T00002445,C000656,A000704,2025-05-21T23:12:15+00:00,4386.17,GBP,reversed,SALE
T00002446,C000901,A000255,2025-07-24T22:22:17+00:00,1445.87,EUR,reversed,ADJUSTMENT
T00002447,C000026,A000188,2025-11-16T21:19:27+00:00,355.05,INR,reversed,REFUND
T00002448,C000161,A000572,2025-07-31T23:43:21+00:00,804.28,GBP,settled,ADJUSTMENT
T00002449,C000282,A001496,2026-05-29T17:57:20+00:00,3003.44,CAD,pending,TRANSFER
T00002450,C000924,A000369,2025-04-01T11:59:27+00:00,3506.67,USD,failed,ADJUSTMENT
T00002451,C000903,A001067,2026-02-14T08:06:30+00:00,1487.34,CAD,failed,ADJUSTMENT
T00002452,C000231,A001351,2025-08-12T22:53:22+00:00,486.90,CAD,reversed,SALE
T00002453,C000899,A000726,2025-04-28T18:32:17+00:00,548.17,EUR,pending,ADJUSTMENT
T00002454,C000058,A001104,2025-09-02T02:45:44+00:00,4369.79,USD,settled,SALE
T00002455,C000351,A001375,2026-02-07T11:58:05+00:00,1712.88,USD,failed,TRANSFER
T00002456,C000075,A001370,2025-12-24T07:27:16+00:00,3734.60,CAD,settled,REFUND
T00002457,C000923,A000032,2026-05-23T08:31:44+00:00,3922.73,GBP,settled,REFUND
T00002458,C000698,A001432,2025-11-12T06:35:48+00:00,1087.07,USD,settled,REFUND
T00002459,C000023,A001308,2026-04-13T04:32:38+00:00,4570.66,EUR,pending,TRANSFER
T00002460,C000596,A000042,2026-07-20T03:54:46+00:00,2819.58,EUR,settled,ADJUSTMENT
T00002461,C000949,A001395,2025-10-11T16:05:03+00:00,3101.46,INR,reversed,SALE
T00002462,C000268,A001317,2026-09-07T08:46:40+00:00,4706.05,CAD,settled,TRANSFER
T00002463,C000455,A000853,2026-06-24T02:49:41+00:00,2175.03,CAD,reversed,SALE
T00002464,C000872,A001483,2025-08-23T15:17:02+00:00,1472.96,GBP,pending,TRANSFER
T00002465,C000694,A001338,2026-08-06T16:37:42+00:00,4078.71,EUR,settled,REFUND
T00002466,C000091,A000660,2026-07-12T18:42:01+00:00,167.94,USD,settled,ADJUSTMENT
T00002467,C000761,A000836,2025-01-07T19:28:57+00:00,2091.62,USD,settled,SALE
T00002468,C000109,A001467,2026-05-31T17:43:14+00:00,4676.91,EUR,reversed,SALE
T00002469,C000380,A001269,2026-03-15T15:23:58+00:00,1422.38,EUR,pending,SALE
T00002470,C000459,A000198,2025-04-13T01:44:51+00:00,734.03,EUR,failed,SALE
T00002471,C000173,A001311,2025-01-09T00:18:32+00:00,4124.30,USD,settled,REFUND
T00002472,C000638,A000675,2026-03-27T04:27:10+00:00,1802.31,CAD,reversed,TRANSFER
T00002473,C000588,A001492,2026-04-17T23:19:54+00:00,2924.91,GBP,reversed,SALE
T00002474,C000862,A001207,2025-12-21T15:10:29+00:00,59.59,GBP,reversed,REFUND
T00002475,C000950,A001291,2025-08-19T08:07:45+00:00,13.34,CAD,settled,SALE
T00002476,C000387,A000646,2026-07-26T00:18:42+00:00,4437.12,INR,reversed,ADJUSTMENT
T00002477,C000091,A000907,2026-07-18T00:00:20+00:00,4074.23,USD,reversed,SALE
T00002478,C000679,A000354,2025-01-17T20:57:16+00:00,1338.31,CAD,failed,REFUND
T00002479,C000579,A000943,2025-07-21T09:43:07+00:00,214.95,USD,pending,ADJUSTMENT
T00002480,C000599,A001089,2026-01-20T21:32:41+00:00,322.20,INR,pending,ADJUSTMENT
T00002481,C000357,A000349,2026-03-07T08:21:36+00:00,757.66,USD,failed,TRANSFER
T00002482,C000455,A000853,2026-02-16T11:35:30+00:00,4376.78,CAD,failed,TRANSFER
T00002483,C000413,A000513,2026-02-27T13:30:34+00:00,3855.45,INR,reversed,TRANSFER
T00002484,C000340,A000684,2026-05-14T06:24:19+00:00,371.41,CAD,pending,ADJUSTMENT
T00002485,C000334,A000834,2026-06-30T01:19:18+00:00,1113.35,USD,failed,REFUND
T00002486,C000833,A000806,2025-07-30T18:53:46+00:00,4099.72,GBP,reversed,TRANSFER
T00002487,C000348,A000017,2025-10-09T02:45:41+00:00,898.74,USD,failed,REFUND
T00002488,C000637,A000367,2025-08-10T02:33:21+00:00,4375.63,GBP,pending,TRANSFER
T00002489,C000724,A000586,2025-03-28T05:51:03+00:00,4541.46,CAD,pending,TRANSFER
T00002490,C000315,A001226,2025-11-02T19:33:06+00:00,1777.83,USD,settled,SALE
T00002491,C000886,A001222,2025-02-20T21:58:58+00:00,1953.57,USD,settled,ADJUSTMENT
T00002492,C000084,A001333,2026-08-01T09:31:06+00:00,221.74,EUR,settled,TRANSFER
T00002493,C000946,A001071,2026-07-03T09:31:03+00:00,3091.95,EUR,reversed,SALE
T00002494,C000852,A000679,2026-03-08T09:04:17+00:00,2849.78,INR,pending,TRANSFER
T00002495,C000017,A000889,2025-09-20T02:48:28+00:00,1760.81,EUR,reversed,REFUND
T00002496,C000560,A000289,2025-08-19T01:27:50+00:00,3148.74,EUR,pending,TRANSFER
T00002497,C000381,A001389,2026-03-26T20:12:48+00:00,1014.59,INR,settled,SALE
T00002498,C000423,A000875,2026-04-16T18:32:38+00:00,3789.35,GBP,failed,SALE
T00002499,C000851,A000326,2025-10-24T17:58:46+00:00,3748.93,CAD,settled,TRANSFER
T00002500,C000367,A000707,2026-04-09T18:56:44+00:00,362.50,CAD,failed,REFUND
T00002501,C000853,A000127,2026-05-23T16:55:29+00:00,1932.62,INR,settled,TRANSFER
T00002502,C000229,A000743,2026-01-13T08:30:50+00:00,63.33,USD,failed,ADJUSTMENT
T00002503,C000686,A001043,2026-02-05T00:20:35+00:00,300.65,USD,settled,REFUND
T00002504,C000103,A001344,2026-04-06T13:44:56+00:00,828.16,INR,pending,ADJUSTMENT
T00002505,C000566,A000730,2026-01-02T17:32:07+00:00,4041.43,GBP,settled,TRANSFER
T00002506,C000583,A000207,2025-12-13T03:22:03+00:00,2405.94,GBP,reversed,TRANSFER
T00002507,C000845,A001340,2025-10-21T08:49:32+00:00,1286.52,EUR,settled,SALE
T00002508,C000412,A001035,2026-04-04T07:08:52+00:00,2597.15,INR,pending,SALE
T00002509,C000514,A000564,2026-06-26T10:57:06+00:00,1752.05,EUR,reversed,ADJUSTMENT
T00002510,C000086,A000251,2025-02-05T18:23:32+00:00,645.88,EUR,settled,ADJUSTMENT
T00002511,C000489,A000511,2025-03-19T01:46:25+00:00,4820.68,INR,settled,SALE
T00002512,C000928,A000381,2026-02-03T00:50:41+00:00,514.97,EUR,pending,REFUND
T00002513,C000857,A000341,2025-12-14T12:04:35+00:00,1679.69,USD,reversed,SALE
T00002514,C000617,A000199,2025-03-30T13:12:40+00:00,3073.36,EUR,pending,TRANSFER
T00002515,C000821,A001300,2026-03-24T05:06:44+00:00,3069.25,INR,settled,REFUND
T00002516,C000465,A001208,2025-04-23T19:54:05+00:00,2658.76,EUR,failed,SALE
T00002517,C000822,A000732,2025-06-09T18:40:28+00:00,3402.12,GBP,pending,SALE
T00002518,C000833,A001355,2026-08-18T09:25:21+00:00,3725.84,USD,reversed,SALE
T00002519,C000743,A000787,2025-10-26T08:14:20+00:00,2511.79,EUR,reversed,SALE
T00002520,C000190,A000559,2026-02-07T13:49:49+00:00,2106.67,GBP,reversed,TRANSFER
T00002521,C000539,A001005,2025-04-30T09:15:18+00:00,58.91,GBP,pending,ADJUSTMENT
T00002522,C000372,A000195,2026-05-11T04:58:54+00:00,2247.36,USD,failed,REFUND
T00002523,C000239,A000855,2025-10-26T02:40:45+00:00,1123.60,USD,reversed,SALE
T00002524,C000813,A000192,2026-04-22T18:12:04+00:00,425.64,INR,pending,SALE
T00002525,C000328,A000197,2026-08-13T05:33:23+00:00,2672.93,CAD,failed,REFUND
T00002526,C000226,A000737,2025-09-04T20:34:56+00:00,340.30,GBP,pending,SALE
T00002527,C000516,A001167,2026-04-14T22:43:02+00:00,3500.44,CAD,reversed,TRANSFER
T00002528,C000996,A000963,2025-12-04T10:19:17+00:00,981.22,CAD,failed,REFUND
T00002529,C000033,A001462,2025-02-20T17:15:49+00:00,1140.43,EUR,failed,SALE
T00002530,C000837,A000725,2026-04-16T09:17:56+00:00,1383.94,CAD,pending,SALE
T00002531,C000681,A000454,2026-02-23T12:14:54+00:00,899.57,EUR,pending,SALE
T00002532,C000536,A001211,2025-06-09T17:29:02+00:00,4340.05,CAD,reversed,TRANSFER
T00002533,C000425,A001339,2025-11-09T05:44:28+00:00,228.20,CAD,pending,REFUND
T00002534,C000076,A001485,2025-04-20T10:39:03+00:00,333.38,INR,settled,REFUND
T00002535,C000665,A000768,2025-01-16T06:02:46+00:00,2998.80,EUR,settled,SALE
T00002536,C000224,A000944,2025-05-15T09:29:12+00:00,1531.28,EUR,failed,REFUND
T00002537,C000644,A001020,2025-03-04T20:34:15+00:00,1068.56,USD,failed,ADJUSTMENT
T00002538,C000133,A000715,2026-06-16T16:11:28+00:00,2270.78,USD,failed,SALE
T00002539,C000466,A001304,2025-05-28T17:09:07+00:00,4357.65,GBP,settled,REFUND
T00002540,C000999,A001360,2026-08-09T11:24:29+00:00,4265.40,USD,pending,REFUND
T00002541,C000095,A000501,2025-08-21T00:35:39+00:00,4666.17,EUR,pending,REFUND
T00002542,C000301,A000025,2025-09-26T15:18:20+00:00,2690.89,USD,pending,TRANSFER
T00002543,C000536,A001406,2026-05-05T07:08:00+00:00,626.21,GBP,reversed,TRANSFER
T00002544,C000843,A001001,2026-03-17T12:32:05+00:00,2942.70,CAD,pending,REFUND
T00002545,C000925,A000337,2025-09-06T06:52:29+00:00,1789.03,USD,failed,SALE
T00002546,C000466,A001304,2025-10-11T21:37:43+00:00,4935.31,GBP,pending,REFUND
T00002547,C000643,A000143,2025-03-21T12:44:39+00:00,3088.82,CAD,settled,SALE
T00002548,C000826,A000839,2025-01-05T08:21:49+00:00,3490.58,GBP,settled,SALE
T00002549,C000246,A000825,2025-05-25T19:37:29+00:00,918.02,CAD,settled,SALE
T00002550,C000492,A000995,2025-07-22T10:36:57+00:00,3931.50,GBP,pending,REFUND
T00002551,C000269,A000371,2026-05-01T11:18:55+00:00,778.76,CAD,reversed,SALE
T00002552,C000638,A000932,2026-07-08T23:12:08+00:00,3701.51,CAD,settled,SALE
T00002553,C000223,A000520,2026-01-22T06:13:19+00:00,161.30,USD,reversed,SALE
T00002554,C000321,A000177,2025-12-11T20:32:06+00:00,4248.80,USD,settled,REFUND
T00002555,C000291,A001328,2026-07-01T15:03:53+00:00,1946.02,CAD,pending,SALE
T00002556,C000069,A001500,2025-05-29T20:44:37+00:00,3179.80,INR,settled,ADJUSTMENT
T00002557,C000700,A000066,2026-07-01T14:44:04+00:00,1970.22,CAD,reversed,ADJUSTMENT
T00002558,C000408,A000887,2026-06-14T02:38:15+00:00,1935.42,EUR,pending,ADJUSTMENT
T00002559,C000688,A000451,2025-06-08T21:08:34+00:00,2683.18,USD,pending,SALE
T00002560,C000714,A000200,2025-08-22T06:10:57+00:00,3930.79,EUR,settled,TRANSFER
T00002561,C000957,A001151,2025-05-17T08:51:45+00:00,4077.34,EUR,failed,ADJUSTMENT
T00002562,C000624,A001415,2025-06-14T15:03:32+00:00,4299.83,USD,failed,ADJUSTMENT
T00002563,C000482,A001256,2025-11-28T14:24:08+00:00,1114.27,INR,reversed,TRANSFER
T00002564,C000273,A000851,2025-11-30T06:46:38+00:00,1758.96,INR,reversed,TRANSFER
T00002565,C000224,A000084,2025-11-27T13:06:01+00:00,2243.61,GBP,reversed,REFUND
T00002566,C000659,A000933,2025-07-21T14:13:30+00:00,4945.36,CAD,pending,SALE
T00002567,C000674,A000922,2025-10-08T16:36:24+00:00,4073.55,EUR,reversed,SALE
T00002568,C000001,A001313,2025-12-12T09:33:19+00:00,1662.62,EUR,pending,REFUND
T00002569,C000150,A000161,2026-02-01T07:18:23+00:00,4892.53,INR,reversed,ADJUSTMENT
T00002570,C000513,A000319,2025-04-19T10:39:53+00:00,851.89,GBP,pending,ADJUSTMENT
T00002571,C000004,A000637,2026-02-24T20:14:39+00:00,2365.62,INR,pending,ADJUSTMENT
T00002572,C000230,A000444,2025-09-27T01:45:35+00:00,1875.16,USD,failed,TRANSFER
T00002573,C000015,A000910,2025-08-01T08:32:45+00:00,1469.86,CAD,pending,REFUND
T00002574,C000760,A000540,2026-01-22T00:53:40+00:00,3508.31,EUR,pending,REFUND
T00002575,C000461,A001489,2025-09-14T22:23:51+00:00,2249.71,CAD,settled,ADJUSTMENT
T00002576,C000091,A001025,2026-02-03T12:09:20+00:00,4797.77,EUR,reversed,SALE
T00002577,C000361,A000374,2025-11-23T10:16:33+00:00,924.73,USD,reversed,REFUND
T00002578,C000229,A000743,2026-04-03T20:55:42+00:00,1617.75,USD,failed,ADJUSTMENT
T00002579,C000615,A001218,2025-07-21T08:15:32+00:00,3081.16,INR,pending,TRANSFER
T00002580,C000449,A001421,2025-11-27T00:08:05+00:00,2848.87,CAD,pending,REFUND
T00002581,C000588,A001492,2026-07-19T15:04:00+00:00,300.23,GBP,settled,TRANSFER
T00002582,C000637,A000592,2025-04-16T06:41:56+00:00,3082.39,EUR,settled,REFUND
T00002583,C000460,A000911,2026-02-26T04:47:57+00:00,1211.91,GBP,reversed,ADJUSTMENT
T00002584,C000278,A000005,2025-12-19T16:03:41+00:00,3192.73,INR,settled,REFUND
T00002585,C000743,A000787,2025-07-13T00:48:40+00:00,4287.47,EUR,reversed,REFUND
T00002586,C000595,A000477,2026-04-19T19:10:14+00:00,3109.21,USD,reversed,REFUND
T00002587,C000084,A000024,2026-02-02T11:11:53+00:00,74.69,USD,settled,TRANSFER
T00002588,C000655,A001414,2026-08-18T05:43:54+00:00,2822.05,EUR,pending,SALE
T00002589,C000095,A000501,2025-10-14T01:04:11+00:00,949.24,EUR,pending,ADJUSTMENT
T00002590,C000573,A000716,2025-04-29T21:00:11+00:00,655.06,INR,settled,REFUND
T00002591,C000891,A001288,2026-03-08T16:00:04+00:00,3135.91,INR,reversed,TRANSFER
T00002592,C000406,A000665,2025-02-27T00:32:08+00:00,1606.40,GBP,pending,REFUND
T00002593,C000154,A001410,2026-01-09T16:00:34+00:00,1949.33,INR,pending,REFUND
T00002594,C000048,A001377,2025-06-05T13:30:34+00:00,614.30,INR,pending,REFUND
T00002595,C000769,A000241,2026-05-10T07:52:37+00:00,3205.42,USD,reversed,ADJUSTMENT
T00002596,C000354,A000720,2025-11-03T07:00:15+00:00,125.22,GBP,failed,ADJUSTMENT
T00002597,C000566,A000155,2026-03-24T12:01:13+00:00,2082.84,GBP,failed,REFUND
T00002598,C000626,A001081,2026-08-27T22:04:47+00:00,871.29,INR,failed,ADJUSTMENT
T00002599,C000258,A000256,2026-03-20T19:58:11+00:00,4299.36,CAD,pending,SALE
T00002600,C000056,A000069,2025-12-08T04:47:27+00:00,1883.38,CAD,failed,ADJUSTMENT
T00002601,C000534,A000357,2025-03-01T10:59:24+00:00,1016.16,INR,reversed,REFUND
T00002602,C000922,A000865,2025-09-25T03:53:15+00:00,4871.19,GBP,pending,ADJUSTMENT
T00002603,C000717,A000595,2025-10-23T22:23:52+00:00,1777.93,EUR,settled,ADJUSTMENT
T00002604,C000311,A001391,2025-10-06T02:32:36+00:00,2938.82,CAD,settled,REFUND
T00002605,C000028,A000228,2026-08-22T07:31:27+00:00,3187.55,EUR,settled,ADJUSTMENT
T00002606,C000466,A001304,2025-07-08T04:43:29+00:00,1114.44,GBP,settled,ADJUSTMENT
T00002607,C000472,A000597,2025-03-16T09:57:36+00:00,1794.28,GBP,reversed,ADJUSTMENT
T00002608,C000113,A000328,2026-07-28T01:47:45+00:00,2459.54,INR,settled,SALE
T00002609,C000230,A000444,2025-03-16T13:09:55+00:00,2689.09,USD,pending,TRANSFER
T00002610,C000162,A000996,2026-04-29T08:56:39+00:00,710.95,CAD,pending,REFUND
T00002611,C000995,A000742,2025-04-07T08:00:47+00:00,4843.93,CAD,failed,REFUND
T00002612,C000862,A001207,2026-03-13T12:08:36+00:00,2697.42,GBP,failed,TRANSFER
T00002613,C000316,A000264,2026-04-07T17:10:08+00:00,4178.12,GBP,reversed,TRANSFER
T00002614,C000547,A000902,2026-04-30T16:51:02+00:00,3504.27,EUR,failed,TRANSFER
T00002615,C000893,A001037,2025-01-25T16:32:43+00:00,1694.62,EUR,reversed,REFUND
T00002616,C000248,A000903,2025-12-11T04:17:41+00:00,589.50,CAD,failed,REFUND
T00002617,C000007,A001480,2026-02-23T08:24:51+00:00,435.64,EUR,failed,TRANSFER
T00002618,C000498,A000268,2025-02-07T11:16:10+00:00,1920.34,INR,reversed,REFUND
T00002619,C000960,A000538,2026-06-26T16:33:00+00:00,3179.27,CAD,failed,ADJUSTMENT
T00002620,C000539,A001063,2025-10-09T23:15:50+00:00,4219.72,EUR,failed,REFUND
T00002621,C000290,A000298,2025-11-08T21:48:31+00:00,1756.57,INR,reversed,REFUND
T00002622,C000373,A001194,2026-07-31T10:04:05+00:00,1833.29,USD,failed,SALE
T00002623,C000395,A000580,2025-09-29T00:40:41+00:00,3867.16,INR,reversed,REFUND
T00002624,C000531,A001323,2025-08-08T11:18:02+00:00,770.87,EUR,pending,SALE
T00002625,C000567,A000609,2026-03-24T09:43:32+00:00,1675.22,GBP,failed,TRANSFER
T00002626,C000119,A001048,2025-12-27T04:47:53+00:00,2737.66,INR,settled,REFUND
T00002627,C000150,A000161,2026-06-05T12:25:23+00:00,2562.27,INR,reversed,REFUND
T00002628,C000895,A000257,2025-02-18T12:30:17+00:00,4749.36,EUR,reversed,SALE
T00002629,C000658,A000718,2026-09-07T10:44:55+00:00,2147.64,INR,reversed,SALE
T00002630,C000256,A000615,2026-06-13T16:59:29+00:00,4136.74,EUR,settled,TRANSFER
T00002631,C000817,A000476,2025-05-10T08:56:54+00:00,1788.55,CAD,pending,SALE
T00002632,C000332,A001426,2026-08-07T17:07:51+00:00,1089.53,CAD,pending,SALE
T00002633,C000745,A000518,2025-09-25T11:59:09+00:00,4319.12,USD,failed,SALE
T00002634,C000731,A001041,2026-07-14T02:44:26+00:00,4434.78,EUR,settled,ADJUSTMENT
T00002635,C000302,A000749,2025-04-25T22:23:17+00:00,247.76,GBP,settled,SALE
T00002636,C000076,A001485,2025-06-28T06:53:11+00:00,2733.31,INR,settled,REFUND
T00002637,C000056,A000483,2025-03-30T18:09:49+00:00,436.98,USD,pending,SALE
T00002638,C000954,A000821,2025-08-17T22:07:53+00:00,4248.31,EUR,failed,REFUND
T00002639,C000755,A001036,2026-05-02T13:34:21+00:00,4442.47,INR,settled,ADJUSTMENT
T00002640,C000674,A000114,2025-04-16T10:59:53+00:00,1063.80,CAD,pending,REFUND
T00002641,C000772,A001260,2026-02-04T13:56:02+00:00,2910.14,EUR,pending,ADJUSTMENT
T00002642,C000282,A001496,2025-05-02T02:04:09+00:00,4605.40,CAD,failed,ADJUSTMENT
T00002643,C000765,A000857,2026-08-25T22:24:28+00:00,549.40,INR,settled,SALE
T00002644,C000610,A000006,2026-03-31T14:15:17+00:00,2008.71,CAD,reversed,TRANSFER
T00002645,C000227,A000103,2026-02-15T00:11:23+00:00,3827.16,GBP,settled,SALE
T00002646,C000945,A000402,2026-09-08T02:31:55+00:00,4649.54,CAD,failed,SALE
T00002647,C000347,A000186,2026-08-07T19:17:21+00:00,4498.14,EUR,pending,SALE
T00002648,C000219,A001055,2025-09-23T03:43:56+00:00,4484.73,CAD,settled,SALE
T00002649,C000595,A001115,2026-08-27T06:11:09+00:00,3769.70,GBP,failed,SALE
T00002650,C000220,A000639,2026-01-07T17:26:06+00:00,1920.45,CAD,pending,REFUND
T00002651,C000513,A000352,2026-03-12T20:47:54+00:00,1388.87,GBP,settled,TRANSFER
T00002652,C000903,A000696,2026-07-18T05:02:06+00:00,1123.44,GBP,pending,REFUND
T00002653,C000228,A001374,2025-08-23T02:28:55+00:00,1245.03,USD,reversed,SALE
T00002654,C000499,A000555,2025-11-20T20:06:56+00:00,2853.73,USD,reversed,ADJUSTMENT
T00002655,C000811,A001475,2025-09-17T09:47:59+00:00,4753.47,USD,settled,SALE
T00002656,C000562,A000783,2025-04-05T03:40:37+00:00,912.22,CAD,pending,TRANSFER
T00002657,C000975,A000102,2026-07-30T15:49:51+00:00,2573.78,INR,settled,REFUND
T00002658,C000590,A000149,2026-03-01T20:00:10+00:00,3487.94,GBP,failed,REFUND
T00002659,C000905,A000480,2025-12-20T16:42:29+00:00,1268.16,CAD,failed,SALE
T00002660,C000994,A001058,2026-06-05T17:11:52+00:00,1427.79,GBP,pending,REFUND
T00002661,C000747,A000083,2026-04-23T04:44:45+00:00,4573.23,USD,pending,TRANSFER
T00002662,C000544,A000973,2025-01-19T19:29:00+00:00,2935.75,CAD,pending,SALE
T00002663,C000108,A000657,2025-10-18T13:16:36+00:00,4395.75,INR,pending,SALE
T00002664,C000773,A000868,2025-02-12T11:06:17+00:00,649.37,EUR,pending,TRANSFER
T00002665,C000792,A000717,2026-01-16T01:13:33+00:00,4603.07,EUR,failed,ADJUSTMENT
T00002666,C000963,A000484,2026-07-27T15:17:15+00:00,2600.52,CAD,pending,TRANSFER
T00002667,C000975,A000363,2025-05-05T05:08:14+00:00,1144.72,CAD,failed,TRANSFER
T00002668,C000908,A000390,2025-07-07T09:46:14+00:00,4050.67,CAD,settled,REFUND
T00002669,C000927,A000690,2025-09-27T04:53:17+00:00,4908.68,EUR,pending,ADJUSTMENT
T00002670,C000085,A000612,2026-02-12T02:21:06+00:00,496.85,INR,settled,REFUND
T00002671,C000168,A001482,2026-07-28T22:54:08+00:00,4648.84,EUR,settled,REFUND
T00002672,C000058,A000074,2025-08-30T10:33:50+00:00,4106.89,INR,settled,REFUND
T00002673,C000184,A000490,2025-05-05T21:45:41+00:00,3733.55,USD,reversed,SALE
T00002674,C000091,A000907,2025-08-19T09:14:31+00:00,2102.61,USD,failed,TRANSFER
T00002675,C000894,A001358,2025-11-22T05:22:15+00:00,695.42,USD,failed,REFUND
T00002676,C000218,A000185,2026-03-28T19:54:47+00:00,4672.19,EUR,reversed,SALE
T00002677,C000988,A000280,2026-07-09T20:46:31+00:00,2951.24,GBP,settled,ADJUSTMENT
T00002678,C000925,A001393,2025-12-26T19:39:51+00:00,334.73,INR,pending,ADJUSTMENT
T00002679,C000138,A001352,2025-05-07T23:14:59+00:00,3186.32,CAD,pending,TRANSFER
T00002680,C000150,A000585,2026-08-10T08:25:27+00:00,4428.36,EUR,pending,REFUND
T00002681,C000479,A001366,2025-08-02T18:24:27+00:00,3565.81,CAD,pending,REFUND
T00002682,C000811,A001475,2025-05-05T16:30:19+00:00,4306.99,USD,failed,REFUND
T00002683,C000813,A000192,2025-03-10T16:50:17+00:00,3539.07,INR,failed,ADJUSTMENT
T00002684,C000908,A000171,2026-02-12T21:24:49+00:00,1920.92,USD,pending,SALE
T00002685,C000881,A001117,2026-05-20T04:14:40+00:00,620.56,USD,failed,ADJUSTMENT
T00002686,C000193,A000062,2025-08-24T06:11:23+00:00,2656.93,GBP,reversed,SALE
T00002687,C000945,A001272,2026-05-13T20:03:42+00:00,2973.63,GBP,failed,TRANSFER
T00002688,C000328,A000197,2025-01-18T02:22:36+00:00,661.79,CAD,reversed,REFUND
T00002689,C000652,A001135,2026-03-11T21:56:11+00:00,4755.17,CAD,settled,ADJUSTMENT
T00002690,C000581,A001169,2026-05-26T18:02:28+00:00,1900.51,USD,failed,TRANSFER
T00002691,C000766,A000608,2026-07-05T17:00:55+00:00,3495.61,USD,failed,ADJUSTMENT
T00002692,C000398,A000894,2025-08-20T16:15:02+00:00,1206.95,INR,reversed,SALE
T00002693,C000222,A000175,2026-06-23T21:59:51+00:00,1246.47,GBP,reversed,REFUND
T00002694,C000637,A000592,2025-06-18T02:07:32+00:00,4296.45,EUR,pending,REFUND
T00002695,C000249,A001435,2025-04-24T12:21:32+00:00,1584.65,INR,failed,ADJUSTMENT
T00002696,C000118,A000954,2025-06-28T16:46:33+00:00,3088.94,EUR,pending,TRANSFER
T00002697,C000431,A001307,2026-02-11T09:02:31+00:00,4155.22,CAD,settled,ADJUSTMENT
T00002698,C000887,A001261,2026-02-24T07:24:29+00:00,4242.29,GBP,failed,SALE
T00002699,C000357,A001387,2025-03-18T00:51:36+00:00,409.51,INR,failed,ADJUSTMENT
T00002700,C000470,A001461,2026-04-10T05:51:12+00:00,4940.82,EUR,pending,SALE
T00002701,C000044,A001342,2025-07-22T04:13:42+00:00,3315.84,USD,settled,TRANSFER
T00002702,C000518,A000915,2026-05-29T20:20:48+00:00,800.04,GBP,pending,ADJUSTMENT
T00002703,C000603,A001116,2025-02-05T18:06:27+00:00,3482.35,GBP,settled,REFUND
T00002704,C000283,A000714,2026-06-23T02:08:38+00:00,1853.22,USD,pending,TRANSFER
T00002705,C001000,A000115,2025-05-11T23:24:57+00:00,2827.20,GBP,settled,REFUND
T00002706,C000238,A000220,2026-06-01T01:12:10+00:00,45.03,INR,failed,ADJUSTMENT
T00002707,C000766,A000608,2025-05-18T10:39:35+00:00,4799.72,USD,failed,TRANSFER
T00002708,C000769,A000241,2025-02-11T02:30:19+00:00,2197.21,USD,settled,ADJUSTMENT
T00002709,C000286,A000475,2025-12-18T09:14:53+00:00,1128.08,CAD,settled,SALE
T00002710,C000130,A001257,2025-05-22T15:10:34+00:00,4121.16,CAD,failed,ADJUSTMENT
T00002711,C000146,A000415,2026-02-26T12:55:02+00:00,3804.78,GBP,settled,ADJUSTMENT
T00002712,C000287,A000664,2025-05-08T02:16:52+00:00,2853.49,GBP,settled,REFUND
T00002713,C000908,A000171,2025-03-02T08:43:51+00:00,4235.52,USD,reversed,TRANSFER
T00002714,C000116,A000785,2026-02-26T22:23:30+00:00,801.78,GBP,failed,SALE
T00002715,C000608,A000108,2025-04-25T02:54:36+00:00,2051.24,USD,settled,TRANSFER
T00002716,C000023,A000896,2026-07-04T03:04:13+00:00,4638.65,EUR,failed,TRANSFER
T00002717,C000053,A001202,2026-04-13T04:44:56+00:00,2957.69,CAD,settled,REFUND
T00002718,C000165,A001459,2025-02-05T13:40:48+00:00,1301.37,CAD,failed,REFUND
T00002719,C000459,A000198,2025-04-28T20:22:28+00:00,799.31,EUR,failed,SALE
T00002720,C000339,A001263,2025-12-19T16:34:27+00:00,3881.63,EUR,failed,REFUND
T00002721,C000641,A000502,2026-03-02T14:42:22+00:00,2540.03,USD,settled,TRANSFER
T00002722,C000840,A000152,2025-03-13T17:04:09+00:00,3266.87,GBP,reversed,ADJUSTMENT
T00002723,C000980,A001362,2026-01-19T11:02:35+00:00,929.42,USD,failed,REFUND
T00002724,C000468,A000626,2026-01-08T22:13:25+00:00,1862.93,GBP,settled,REFUND
T00002725,C000867,A000125,2026-07-19T20:47:53+00:00,3479.96,USD,reversed,REFUND
T00002726,C000791,A000321,2025-04-04T00:32:18+00:00,2075.68,CAD,settled,REFUND
T00002727,C000826,A000839,2026-04-20T02:34:21+00:00,2829.74,GBP,failed,TRANSFER
T00002728,C000405,A001072,2026-07-21T18:22:22+00:00,2951.32,USD,pending,SALE
T00002729,C000658,A000094,2025-02-18T13:09:18+00:00,4054.71,INR,failed,TRANSFER
T00002730,C000311,A001066,2026-08-07T16:04:09+00:00,921.29,USD,reversed,SALE
T00002731,C000755,A001036,2025-10-25T07:49:31+00:00,1854.62,INR,failed,TRANSFER
T00002732,C000675,A000642,2025-09-24T12:20:26+00:00,4960.15,INR,settled,TRANSFER
T00002733,C000615,A000041,2025-05-09T02:13:53+00:00,2506.29,CAD,pending,SALE
T00002734,C000362,A000724,2025-07-31T11:33:33+00:00,1972.73,EUR,pending,ADJUSTMENT
T00002735,C000603,A001213,2026-02-08T18:41:18+00:00,4981.37,USD,settled,ADJUSTMENT
T00002736,C000094,A001065,2026-04-17T03:50:48+00:00,1801.84,CAD,failed,SALE
T00002737,C000599,A001089,2025-06-15T05:02:18+00:00,3434.24,INR,pending,ADJUSTMENT
T00002738,C000004,A001000,2025-09-28T02:34:53+00:00,2084.82,USD,settled,ADJUSTMENT
T00002739,C000292,A000232,2025-12-30T17:31:55+00:00,3768.86,INR,failed,SALE
T00002740,C000802,A000063,2025-02-12T16:41:31+00:00,684.64,GBP,settled,SALE
T00002741,C000109,A000793,2025-05-27T05:26:12+00:00,3739.98,USD,failed,REFUND
T00002742,C000093,A001379,2026-03-25T23:21:53+00:00,2465.85,CAD,settled,TRANSFER
T00002743,C000919,A000689,2026-05-31T22:21:27+00:00,1716.66,INR,pending,REFUND
T00002744,C000983,A000486,2026-05-16T09:23:56+00:00,2128.95,CAD,reversed,SALE
T00002745,C000285,A001286,2025-03-16T11:17:04+00:00,4477.94,INR,settled,REFUND
T00002746,C000449,A001421,2025-12-07T22:46:10+00:00,2275.22,CAD,pending,SALE
T00002747,C000197,A000441,2025-05-20T13:13:40+00:00,1224.68,EUR,settled,SALE
T00002748,C000461,A000293,2026-05-31T12:12:45+00:00,1095.85,GBP,pending,SALE
T00002749,C000463,A000466,2025-06-02T04:20:55+00:00,156.44,CAD,settled,ADJUSTMENT
T00002750,C000349,A000893,2025-04-06T09:53:29+00:00,3150.99,USD,pending,TRANSFER
T00002751,C000322,A000634,2025-02-12T09:51:44+00:00,2398.29,GBP,failed,ADJUSTMENT
T00002752,C000734,A000899,2025-06-08T15:27:37+00:00,2906.80,USD,settled,ADJUSTMENT
T00002753,C000479,A001366,2025-12-18T16:31:58+00:00,2486.46,CAD,pending,REFUND
T00002754,C000833,A001355,2026-07-09T19:54:39+00:00,2924.98,USD,settled,REFUND
T00002755,C000791,A001305,2025-04-04T08:46:51+00:00,1607.74,CAD,pending,TRANSFER
T00002756,C000970,A000682,2026-09-08T17:37:23+00:00,1348.49,INR,pending,TRANSFER
T00002757,C000203,A000035,2025-12-14T04:37:56+00:00,2160.71,INR,settled,TRANSFER
T00002758,C000822,A000732,2026-08-26T02:46:29+00:00,4029.22,GBP,reversed,TRANSFER
T00002759,C000482,A001256,2025-09-03T08:13:03+00:00,1518.56,INR,settled,ADJUSTMENT
T00002760,C000602,A000871,2025-02-25T03:47:22+00:00,2770.52,USD,settled,SALE
T00002761,C000023,A000896,2025-12-19T18:36:10+00:00,3354.18,EUR,reversed,ADJUSTMENT
T00002762,C000815,A000581,2026-07-13T12:37:17+00:00,3666.79,INR,failed,TRANSFER
T00002763,C000543,A000631,2025-03-03T16:18:03+00:00,1046.89,CAD,reversed,SALE
T00002764,C000476,A000048,2026-08-13T04:09:24+00:00,658.02,INR,reversed,SALE
T00002765,C000468,A000626,2026-02-05T13:03:21+00:00,3125.94,GBP,failed,REFUND
T00002766,C000852,A000679,2026-01-25T05:52:44+00:00,3319.46,INR,failed,TRANSFER
T00002767,C000595,A001115,2025-01-27T14:07:52+00:00,2515.19,GBP,settled,ADJUSTMENT
T00002768,C000973,A000989,2025-08-14T21:49:19+00:00,2540.52,INR,failed,TRANSFER
T00002769,C000183,A000644,2026-01-13T13:59:47+00:00,4824.17,GBP,pending,ADJUSTMENT
T00002770,C000256,A000615,2026-05-14T01:15:23+00:00,406.48,EUR,pending,REFUND
T00002771,C000851,A000326,2026-01-09T22:20:38+00:00,1459.52,CAD,settled,ADJUSTMENT
T00002772,C000353,A000565,2026-07-11T04:15:32+00:00,4905.53,GBP,failed,ADJUSTMENT
T00002773,C000431,A001307,2026-07-24T00:53:55+00:00,2928.89,CAD,failed,TRANSFER
T00002774,C000737,A001242,2026-06-10T07:12:25+00:00,2953.54,INR,failed,ADJUSTMENT
T00002775,C000878,A000458,2026-03-10T22:05:46+00:00,2317.54,USD,failed,REFUND
T00002776,C000150,A000585,2025-06-26T13:55:36+00:00,3220.12,EUR,settled,REFUND
T00002777,C000581,A001169,2025-09-02T17:36:21+00:00,823.37,USD,pending,REFUND
T00002778,C000798,A000939,2026-01-11T16:18:02+00:00,1518.39,USD,pending,ADJUSTMENT
T00002779,C000145,A001106,2025-03-26T05:44:14+00:00,3891.06,GBP,reversed,REFUND
T00002780,C000333,A000414,2026-01-30T01:20:11+00:00,1785.47,EUR,settled,REFUND
T00002781,C000615,A000041,2026-03-13T11:07:32+00:00,1917.01,CAD,failed,SALE
T00002782,C000570,A000774,2025-03-28T11:00:35+00:00,185.63,INR,settled,SALE
T00002783,C000813,A001046,2025-08-23T07:11:32+00:00,2525.76,INR,reversed,ADJUSTMENT
T00002784,C000569,A000812,2025-02-02T03:45:13+00:00,717.15,EUR,failed,TRANSFER
T00002785,C000088,A000424,2025-02-26T17:34:56+00:00,2634.03,GBP,settled,ADJUSTMENT
T00002786,C000568,A000070,2026-07-26T12:06:22+00:00,941.84,INR,pending,ADJUSTMENT
T00002787,C000453,A000421,2026-09-11T17:00:41+00:00,139.11,GBP,failed,TRANSFER
T00002788,C000941,A000981,2025-06-24T15:35:12+00:00,4063.78,EUR,settled,TRANSFER
T00002789,C000595,A001115,2025-12-17T12:11:24+00:00,2482.19,GBP,pending,REFUND
T00002790,C000736,A000351,2026-03-05T01:28:52+00:00,234.31,INR,pending,TRANSFER
T00002791,C000218,A000528,2026-04-13T19:48:34+00:00,2580.37,INR,settled,REFUND
T00002792,C000222,A001408,2026-04-12T18:10:38+00:00,3168.39,CAD,failed,TRANSFER
T00002793,C000155,A000607,2025-12-20T06:23:41+00:00,876.51,CAD,reversed,TRANSFER
T00002794,C000588,A001492,2025-07-04T18:58:41+00:00,2939.10,GBP,pending,REFUND
T00002795,C000582,A001327,2026-02-23T19:34:41+00:00,4809.12,GBP,pending,REFUND
T00002796,C000669,A001446,2025-11-21T19:06:11+00:00,4994.38,CAD,pending,SALE
T00002797,C000544,A000973,2026-04-05T16:35:36+00:00,3835.60,CAD,settled,SALE
T00002798,C000108,A000657,2025-10-18T22:04:46+00:00,411.34,INR,failed,REFUND
T00002799,C000643,A001016,2025-03-17T02:59:57+00:00,635.19,INR,reversed,ADJUSTMENT
T00002800,C000106,A000405,2026-03-12T19:19:42+00:00,2642.02,INR,failed,SALE
T00002801,C000121,A001405,2026-01-08T04:44:34+00:00,2275.36,GBP,reversed,ADJUSTMENT
T00002802,C000791,A000394,2025-08-02T22:02:37+00:00,3482.86,EUR,pending,ADJUSTMENT
T00002803,C000321,A001372,2025-03-21T17:35:24+00:00,4699.26,EUR,settled,SALE
T00002804,C000333,A001314,2025-02-23T00:58:56+00:00,2093.78,EUR,failed,ADJUSTMENT
T00002805,C000912,A001357,2025-03-29T13:58:58+00:00,2323.89,USD,pending,ADJUSTMENT
T00002806,C000908,A000390,2025-05-01T12:34:12+00:00,3531.18,CAD,pending,REFUND
T00002807,C000340,A001182,2025-06-09T13:12:23+00:00,602.62,INR,settled,SALE
T00002808,C000512,A000099,2025-04-10T15:26:45+00:00,1055.04,USD,settled,REFUND
T00002809,C000518,A000915,2025-09-12T12:38:28+00:00,406.95,GBP,reversed,REFUND
T00002810,C000187,A000692,2025-07-18T15:06:48+00:00,4069.83,CAD,reversed,REFUND
T00002811,C000252,A001433,2025-10-28T15:54:09+00:00,4889.80,EUR,settled,ADJUSTMENT
T00002812,C000908,A000390,2026-06-21T15:16:22+00:00,1452.33,CAD,settled,SALE
T00002813,C000909,A000290,2025-01-18T06:31:35+00:00,1222.58,USD,pending,SALE
T00002814,C000101,A001201,2025-08-31T04:05:12+00:00,2056.61,CAD,reversed,TRANSFER
T00002815,C000865,A000645,2026-06-04T04:23:47+00:00,731.10,INR,pending,REFUND
T00002816,C000306,A000308,2025-04-21T14:07:29+00:00,218.60,GBP,pending,ADJUSTMENT
T00002817,C000868,A001080,2026-05-15T13:43:28+00:00,933.88,USD,reversed,REFUND
T00002818,C000647,A000848,2025-06-21T05:30:37+00:00,212.37,GBP,pending,SALE
T00002819,C000923,A000166,2026-01-22T06:14:42+00:00,4035.91,GBP,reversed,ADJUSTMENT
T00002820,C000626,A000034,2025-07-14T16:32:06+00:00,1435.28,USD,failed,TRANSFER
T00002821,C000941,A000981,2025-01-06T01:29:40+00:00,1951.87,EUR,settled,TRANSFER
T00002822,C000969,A000051,2025-02-23T18:58:38+00:00,516.91,USD,pending,TRANSFER
T00002823,C000850,A001171,2025-11-18T08:41:16+00:00,3236.73,GBP,failed,TRANSFER
T00002824,C000965,A000142,2025-07-03T17:58:06+00:00,3523.66,USD,pending,SALE
T00002825,C000482,A001256,2026-09-12T01:13:51+00:00,3660.81,INR,pending,SALE
T00002826,C000396,A001493,2025-11-09T20:09:04+00:00,2211.07,USD,reversed,REFUND
T00002827,C000074,A000747,2025-12-10T17:50:50+00:00,1413.99,CAD,failed,TRANSFER
T00002828,C000887,A000888,2025-01-16T04:40:53+00:00,3569.06,CAD,pending,ADJUSTMENT
T00002829,C000282,A001496,2026-09-05T14:45:30+00:00,2745.90,CAD,settled,TRANSFER
T00002830,C000311,A001391,2026-08-01T08:00:41+00:00,914.20,CAD,reversed,REFUND
T00002831,C000887,A000350,2025-02-02T17:52:39+00:00,2314.57,INR,failed,ADJUSTMENT
T00002832,C000352,A000313,2025-02-13T02:34:56+00:00,3761.11,INR,failed,ADJUSTMENT
T00002833,C000197,A000246,2025-03-05T17:26:23+00:00,117.70,EUR,pending,ADJUSTMENT
T00002834,C000274,A001062,2025-05-04T18:53:24+00:00,3285.53,USD,settled,TRANSFER
T00002835,C000945,A000286,2025-06-07T03:28:48+00:00,774.00,USD,pending,SALE
T00002836,C000669,A000859,2025-04-22T01:34:19+00:00,2681.57,INR,settled,TRANSFER
T00002837,C000426,A000876,2025-08-13T05:49:03+00:00,3513.93,CAD,failed,TRANSFER
T00002838,C000396,A001123,2026-01-17T19:52:02+00:00,4804.44,INR,settled,TRANSFER
T00002839,C000445,A000340,2026-03-24T16:11:53+00:00,4198.82,GBP,reversed,TRANSFER
T00002840,C000624,A000085,2025-07-09T15:22:31+00:00,263.23,GBP,settled,SALE
T00002841,C000290,A001245,2026-01-31T12:37:56+00:00,1076.63,CAD,failed,REFUND
T00002842,C000691,A001411,2025-02-12T10:59:00+00:00,1325.54,EUR,reversed,SALE
T00002843,C000752,A000674,2026-04-22T04:10:05+00:00,4211.57,USD,failed,REFUND
T00002844,C000973,A000668,2025-02-24T20:08:16+00:00,4679.28,GBP,reversed,ADJUSTMENT
T00002845,C000049,A001156,2025-09-24T18:12:05+00:00,3075.03,USD,reversed,TRANSFER
T00002846,C000491,A000530,2025-08-19T19:18:09+00:00,3749.82,INR,pending,SALE
T00002847,C000276,A001434,2026-01-04T09:21:38+00:00,2535.65,CAD,reversed,TRANSFER
T00002848,C000104,A000011,2026-03-16T17:40:44+00:00,1051.99,CAD,failed,ADJUSTMENT
T00002849,C000495,A001281,2026-02-24T03:43:08+00:00,840.03,EUR,reversed,TRANSFER
T00002850,C000974,A001053,2026-01-16T17:53:51+00:00,410.77,EUR,failed,TRANSFER
T00002851,C000287,A000991,2026-02-05T07:08:54+00:00,538.29,CAD,settled,SALE
T00002852,C000595,A001115,2026-06-20T21:16:02+00:00,2981.29,GBP,pending,REFUND
T00002853,C000317,A000882,2025-10-31T08:57:58+00:00,1702.60,USD,failed,TRANSFER
T00002854,C000135,A001162,2025-12-30T17:13:55+00:00,1800.93,CAD,reversed,REFUND
T00002855,C000550,A000134,2026-01-15T10:56:31+00:00,2013.84,GBP,reversed,SALE
T00002856,C000848,A000132,2026-01-06T01:45:04+00:00,1208.92,CAD,settled,ADJUSTMENT
T00002857,C000647,A000640,2025-05-16T12:50:56+00:00,3171.18,EUR,reversed,SALE
T00002858,C000999,A001360,2026-01-05T16:03:52+00:00,163.97,USD,reversed,TRANSFER
T00002859,C000555,A000437,2026-04-08T00:14:45+00:00,1697.64,CAD,failed,SALE
T00002860,C000046,A000112,2025-04-22T04:13:42+00:00,2342.27,GBP,pending,REFUND
T00002861,C000793,A001157,2026-01-17T08:44:55+00:00,3575.76,EUR,failed,REFUND
T00002862,C000686,A000925,2025-10-21T17:27:02+00:00,790.17,USD,reversed,SALE
T00002863,C000505,A000164,2026-08-21T12:41:39+00:00,1929.82,USD,reversed,ADJUSTMENT
T00002864,C000197,A000246,2025-06-02T23:14:02+00:00,4261.96,EUR,settled,SALE
T00002865,C000053,A001202,2026-03-31T09:11:49+00:00,3831.20,CAD,failed,ADJUSTMENT
T00002866,C000961,A001224,2026-07-05T09:37:58+00:00,1078.68,INR,settled,SALE
T00002867,C000419,A000176,2026-08-07T08:24:00+00:00,1675.15,EUR,settled,REFUND
T00002868,C000626,A000292,2025-01-04T13:16:48+00:00,690.04,CAD,pending,SALE
T00002869,C000571,A000205,2026-08-17T16:37:50+00:00,3893.24,EUR,reversed,REFUND
T00002870,C000695,A000852,2026-07-07T14:46:08+00:00,1623.12,USD,reversed,REFUND
T00002871,C000665,A000768,2025-06-07T05:09:40+00:00,2357.95,EUR,settled,TRANSFER
T00002872,C000368,A001301,2025-03-15T01:52:07+00:00,3042.41,GBP,settled,ADJUSTMENT
T00002873,C000581,A000931,2025-02-23T06:36:10+00:00,3706.13,INR,reversed,TRANSFER
T00002874,C000971,A001015,2025-01-05T00:37:41+00:00,4710.26,EUR,failed,TRANSFER
T00002875,C000956,A000206,2025-08-18T22:37:49+00:00,1361.94,CAD,failed,SALE
T00002876,C000571,A000423,2026-06-24T08:21:38+00:00,2454.17,USD,pending,SALE
T00002877,C000652,A000336,2026-08-18T16:41:55+00:00,4827.87,EUR,settled,TRANSFER
T00002878,C000454,A000736,2026-05-01T02:11:35+00:00,3826.44,INR,reversed,ADJUSTMENT
T00002879,C000230,A000958,2025-07-04T04:34:49+00:00,791.34,EUR,settled,REFUND
T00002880,C000833,A001076,2025-06-28T13:34:23+00:00,4052.49,EUR,settled,ADJUSTMENT
T00002881,C000588,A001492,2025-06-27T05:47:55+00:00,4041.13,GBP,pending,REFUND
T00002882,C000871,A000568,2025-04-09T20:17:42+00:00,3468.20,CAD,settled,ADJUSTMENT
T00002883,C000146,A001399,2025-10-11T14:49:46+00:00,1183.74,USD,failed,REFUND
T00002884,C000220,A000250,2026-02-10T09:44:31+00:00,4138.87,EUR,pending,ADJUSTMENT
T00002885,C000936,A000647,2025-10-05T00:42:50+00:00,1322.87,USD,settled,SALE
T00002886,C000999,A001334,2025-02-09T19:59:40+00:00,4878.71,CAD,settled,ADJUSTMENT
T00002887,C000425,A000629,2025-05-18T02:46:13+00:00,3962.40,EUR,failed,SALE
T00002888,C000268,A000789,2026-08-26T16:24:48+00:00,1068.72,USD,settled,REFUND
T00002889,C000256,A000745,2025-04-23T08:50:25+00:00,4292.74,GBP,failed,ADJUSTMENT
T00002890,C000272,A000795,2025-12-31T06:33:22+00:00,584.39,GBP,reversed,REFUND
T00002891,C000899,A000526,2026-08-03T23:07:21+00:00,2680.49,CAD,reversed,SALE
T00002892,C000379,A000919,2025-06-20T22:05:09+00:00,4855.88,USD,pending,SALE
T00002893,C000051,A000168,2025-02-01T01:05:17+00:00,4665.13,CAD,reversed,SALE
T00002894,C000619,A001059,2025-04-01T09:12:45+00:00,3138.14,INR,failed,ADJUSTMENT
T00002895,C000106,A000527,2025-04-28T01:57:02+00:00,2899.22,USD,pending,TRANSFER
T00002896,C000985,A001040,2025-05-20T07:37:22+00:00,2068.30,INR,pending,SALE
T00002897,C000766,A000608,2025-03-02T23:11:16+00:00,1658.60,USD,reversed,SALE
T00002898,C000903,A000208,2026-06-23T22:32:33+00:00,3386.02,GBP,settled,TRANSFER
T00002899,C000028,A000755,2025-03-28T20:26:34+00:00,3511.55,GBP,failed,REFUND
T00002900,C000999,A001334,2026-02-22T16:44:14+00:00,4188.35,CAD,pending,ADJUSTMENT
T00002901,C000168,A000446,2026-01-13T07:18:08+00:00,4610.98,USD,pending,TRANSFER
T00002902,C000925,A000337,2025-07-07T05:51:34+00:00,4047.60,USD,reversed,TRANSFER
T00002903,C000634,A000348,2025-12-02T12:25:24+00:00,4714.89,CAD,failed,TRANSFER
T00002904,C000288,A000947,2025-08-05T05:43:18+00:00,4164.63,CAD,pending,ADJUSTMENT
T00002905,C000802,A000985,2025-11-18T07:55:28+00:00,2711.14,CAD,reversed,REFUND
T00002906,C000389,A001101,2026-03-19T05:58:07+00:00,528.37,USD,settled,TRANSFER
T00002907,C000277,A000908,2026-05-04T05:08:57+00:00,2241.33,USD,reversed,TRANSFER
T00002908,C000321,A000177,2025-03-22T13:51:22+00:00,2331.99,USD,pending,ADJUSTMENT
T00002909,C000231,A001351,2026-08-05T20:44:30+00:00,3831.79,CAD,settled,SALE
T00002910,C000234,A000123,2025-12-30T17:25:28+00:00,1617.99,GBP,settled,TRANSFER
T00002911,C000828,A000708,2025-12-16T23:41:20+00:00,3973.48,GBP,reversed,REFUND
T00002912,C000889,A001318,2026-02-04T17:34:50+00:00,3922.10,EUR,reversed,ADJUSTMENT
T00002913,C000782,A000162,2025-11-14T19:39:22+00:00,1832.64,EUR,reversed,SALE
T00002914,C000973,A000668,2025-07-19T12:03:02+00:00,3077.20,GBP,settled,TRANSFER
T00002915,C000788,A000366,2025-06-26T12:02:39+00:00,329.12,EUR,settled,TRANSFER
T00002916,C000595,A001115,2025-10-03T15:16:54+00:00,3239.16,GBP,pending,REFUND
T00002917,C000093,A001379,2025-09-26T23:17:02+00:00,3525.54,CAD,settled,SALE
T00002918,C000564,A000832,2026-05-27T14:50:47+00:00,2846.93,INR,settled,TRANSFER
T00002919,C000574,A001396,2025-01-21T07:15:11+00:00,672.94,GBP,settled,ADJUSTMENT
T00002920,C000713,A000038,2025-02-05T13:40:35+00:00,1993.32,USD,settled,ADJUSTMENT
T00002921,C000856,A000353,2025-04-09T14:30:01+00:00,3430.80,USD,failed,SALE
T00002922,C000342,A000870,2025-09-20T20:28:53+00:00,2805.95,GBP,pending,SALE
T00002923,C000321,A001372,2025-05-25T11:35:41+00:00,192.99,EUR,settled,TRANSFER
T00002924,C000807,A000135,2026-04-07T18:28:48+00:00,4736.15,GBP,settled,REFUND
T00002925,C000423,A000519,2025-04-07T07:11:20+00:00,2427.22,USD,settled,SALE
T00002926,C000036,A000622,2026-01-25T02:53:28+00:00,2596.38,GBP,pending,ADJUSTMENT
T00002927,C000238,A000220,2025-10-06T14:56:05+00:00,1366.05,INR,reversed,ADJUSTMENT
T00002928,C000169,A000039,2025-09-27T00:36:49+00:00,110.22,USD,settled,TRANSFER
T00002929,C000900,A001258,2026-05-17T13:17:21+00:00,1672.89,CAD,failed,SALE
T00002930,C000821,A000627,2025-08-10T21:39:50+00:00,1527.24,CAD,settled,REFUND
T00002931,C000332,A001426,2025-05-22T22:27:26+00:00,834.98,CAD,failed,SALE
T00002932,C000894,A000427,2025-01-08T04:25:43+00:00,4705.31,USD,settled,REFUND
T00002933,C000786,A001350,2026-02-12T14:32:17+00:00,2420.43,CAD,reversed,SALE
T00002934,C000791,A001305,2026-03-01T19:38:50+00:00,4395.56,CAD,pending,SALE
T00002935,C000547,A000902,2026-06-07T00:06:28+00:00,1761.98,EUR,failed,REFUND
T00002936,C000543,A000631,2026-05-03T21:31:21+00:00,4020.11,CAD,pending,TRANSFER
T00002937,C000244,A001289,2025-07-05T07:38:52+00:00,3784.75,CAD,reversed,SALE
T00002938,C000550,A000134,2025-01-10T23:44:47+00:00,4009.12,GBP,settled,REFUND
T00002939,C000634,A001006,2026-02-24T09:16:41+00:00,4639.43,USD,failed,SALE
T00002940,C000027,A000551,2025-09-16T09:16:02+00:00,1460.97,GBP,reversed,TRANSFER
T00002941,C000423,A000875,2025-06-29T22:19:10+00:00,2196.12,GBP,reversed,TRANSFER
T00002942,C000351,A000681,2026-07-02T23:01:08+00:00,209.25,EUR,settled,SALE
T00002943,C000686,A001043,2026-06-23T21:15:28+00:00,3603.47,USD,reversed,SALE
T00002944,C000120,A001255,2025-04-14T03:02:49+00:00,3266.35,GBP,failed,REFUND
T00002945,C000289,A000740,2026-04-18T20:31:08+00:00,3285.90,INR,reversed,REFUND
T00002946,C000684,A001173,2025-09-19T20:52:55+00:00,4671.54,GBP,failed,ADJUSTMENT
T00002947,C000929,A000778,2026-01-06T08:13:45+00:00,1017.20,USD,reversed,TRANSFER
T00002948,C000128,A000536,2025-05-22T09:02:44+00:00,2156.14,USD,reversed,ADJUSTMENT
T00002949,C000114,A000194,2025-03-21T08:11:26+00:00,3677.61,USD,pending,TRANSFER
T00002950,C000314,A001029,2025-07-09T15:47:45+00:00,1171.45,EUR,pending,ADJUSTMENT
T00002951,C000572,A001200,2026-09-04T04:26:41+00:00,798.84,INR,reversed,ADJUSTMENT
T00002952,C000930,A000479,2025-01-15T17:33:51+00:00,4042.09,GBP,settled,ADJUSTMENT
T00002953,C000957,A001151,2025-03-20T16:41:22+00:00,1757.23,EUR,settled,ADJUSTMENT
T00002954,C000695,A000852,2025-02-04T16:50:14+00:00,3321.13,USD,reversed,TRANSFER
T00002955,C000454,A000736,2026-04-11T12:32:30+00:00,4601.29,INR,pending,ADJUSTMENT
T00002956,C000213,A000594,2025-05-27T12:47:37+00:00,331.81,EUR,failed,SALE
T00002957,C000610,A000006,2025-12-24T07:51:01+00:00,4681.36,CAD,pending,REFUND
T00002958,C000871,A000568,2026-08-07T12:50:49+00:00,262.99,CAD,pending,ADJUSTMENT
T00002959,C000199,A000317,2025-04-28T20:42:24+00:00,2803.22,USD,pending,ADJUSTMENT
T00002960,C000290,A001245,2025-10-06T07:03:14+00:00,4990.37,CAD,pending,SALE
T00002961,C000580,A000590,2026-06-04T01:36:47+00:00,2451.66,EUR,settled,TRANSFER
T00002962,C000971,A001015,2025-07-25T02:57:13+00:00,4911.87,EUR,failed,REFUND
T00002963,C000955,A000304,2026-03-05T04:44:11+00:00,2920.56,EUR,reversed,SALE
T00002964,C000819,A001470,2026-08-01T04:22:38+00:00,1895.78,EUR,pending,SALE
T00002965,C000580,A000816,2026-09-04T18:13:01+00:00,535.05,INR,failed,SALE
T00002966,C000619,A000926,2026-01-16T22:46:37+00:00,2247.60,USD,failed,REFUND
T00002967,C000080,A001165,2026-01-07T12:13:57+00:00,1841.01,INR,pending,REFUND
T00002968,C000248,A000830,2026-03-27T15:50:21+00:00,2866.52,CAD,failed,TRANSFER
T00002969,C000923,A000166,2025-08-28T03:09:50+00:00,1080.74,GBP,pending,ADJUSTMENT
T00002970,C000505,A000164,2026-07-16T16:08:09+00:00,4444.85,USD,reversed,ADJUSTMENT
T00002971,C000753,A001082,2025-04-05T03:53:58+00:00,1648.94,INR,failed,REFUND
T00002972,C000008,A001111,2025-03-18T02:45:05+00:00,980.59,USD,pending,REFUND
T00002973,C000129,A000803,2025-06-26T22:52:21+00:00,778.30,GBP,pending,TRANSFER
T00002974,C000321,A000177,2026-04-12T16:57:22+00:00,828.29,USD,settled,SALE
T00002975,C000886,A001222,2026-06-20T02:29:55+00:00,4278.27,USD,failed,REFUND
T00002976,C000925,A000337,2025-04-17T21:56:24+00:00,3547.81,USD,settled,REFUND
T00002977,C000667,A000330,2026-06-23T21:15:17+00:00,4166.35,GBP,settled,SALE
T00002978,C000373,A001194,2025-11-18T11:32:25+00:00,3439.79,USD,failed,ADJUSTMENT
T00002979,C000219,A001330,2025-11-10T01:15:45+00:00,2144.22,USD,pending,SALE
T00002980,C000494,A000202,2025-05-27T20:06:27+00:00,96.54,CAD,failed,ADJUSTMENT
T00002981,C000113,A000328,2025-01-17T21:16:31+00:00,4547.36,INR,reversed,REFUND
T00002982,C000828,A000708,2026-02-08T11:43:20+00:00,3490.58,GBP,failed,REFUND
T00002983,C000654,A000225,2026-07-08T01:14:03+00:00,2418.59,CAD,failed,SALE
T00002984,C000637,A000367,2025-01-21T19:48:59+00:00,1288.43,GBP,pending,TRANSFER
T00002985,C000555,A001444,2025-03-21T18:50:18+00:00,953.86,GBP,failed,SALE
T00002986,C000256,A000745,2025-04-08T15:29:46+00:00,3385.73,GBP,reversed,TRANSFER
T00002987,C000531,A000941,2025-10-03T15:52:06+00:00,3577.75,EUR,pending,REFUND
T00002988,C000837,A000455,2025-04-20T17:39:15+00:00,2940.96,CAD,reversed,SALE
T00002989,C000394,A001254,2026-03-29T15:17:02+00:00,502.07,USD,pending,REFUND
T00002990,C000740,A000553,2026-01-01T22:24:27+00:00,3330.00,INR,settled,ADJUSTMENT
T00002991,C000694,A000962,2025-10-25T02:14:05+00:00,3525.87,USD,pending,TRANSFER
T00002992,C000828,A000708,2026-01-11T08:35:25+00:00,3501.93,GBP,failed,TRANSFER
T00002993,C000251,A000434,2025-03-05T08:47:30+00:00,3705.05,GBP,pending,ADJUSTMENT
T00002994,C000033,A001462,2025-11-06T12:38:37+00:00,625.92,EUR,failed,REFUND
T00002995,C000289,A001284,2026-04-09T03:04:31+00:00,446.75,INR,reversed,REFUND
T00002996,C000965,A001022,2025-08-19T18:07:30+00:00,3700.29,EUR,reversed,REFUND
T00002997,C000120,A001030,2025-03-24T07:53:49+00:00,4830.32,CAD,settled,ADJUSTMENT
T00002998,C000251,A000434,2026-02-17T15:24:56+00:00,4497.35,GBP,settled,TRANSFER
T00002999,C000359,A000841,2026-03-22T08:41:37+00:00,3530.61,GBP,pending,REFUND
T00003000,C000638,A000932,2025-04-02T08:38:29+00:00,2691.66,CAD,failed,ADJUSTMENT
T00003001,C000865,A000645,2025-12-08T16:44:38+00:00,473.52,INR,reversed,REFUND
T00003002,C000832,A001252,2025-09-24T05:31:22+00:00,3612.35,CAD,failed,ADJUSTMENT
T00003003,C000830,A000279,2026-04-20T12:10:04+00:00,3078.35,GBP,settled,SALE
T00003004,C000080,A000845,2025-03-25T13:41:42+00:00,1617.11,CAD,pending,ADJUSTMENT
T00003005,C000520,A000072,2026-09-02T21:26:19+00:00,4490.29,INR,settled,REFUND
T00003006,C000413,A000513,2025-05-08T17:14:21+00:00,261.29,INR,settled,TRANSFER
T00003007,C000628,A000491,2026-07-19T14:57:14+00:00,4135.04,INR,settled,ADJUSTMENT
T00003008,C000319,A000625,2025-02-18T20:10:22+00:00,1247.60,USD,failed,TRANSFER
T00003009,C000466,A001304,2026-01-08T03:12:33+00:00,4371.30,GBP,pending,TRANSFER
T00003010,C000147,A000780,2026-01-19T16:05:54+00:00,3411.02,INR,reversed,ADJUSTMENT
T00003011,C000644,A001020,2025-08-31T08:01:56+00:00,1541.38,USD,failed,REFUND
T00003012,C000226,A000737,2026-01-15T06:46:59+00:00,3537.87,GBP,reversed,SALE
T00003013,C000747,A000083,2026-02-07T22:01:57+00:00,580.95,USD,pending,ADJUSTMENT
T00003014,C000578,A000015,2025-08-21T23:14:08+00:00,3456.03,GBP,settled,SALE
T00003015,C000738,A001158,2025-01-23T06:26:43+00:00,274.98,GBP,reversed,TRANSFER
T00003016,C000878,A000458,2025-04-09T03:47:48+00:00,4862.37,USD,reversed,REFUND
T00003017,C000577,A000930,2025-06-06T09:57:09+00:00,4829.75,USD,failed,SALE
T00003018,C000637,A000592,2025-07-18T10:05:42+00:00,405.27,EUR,settled,ADJUSTMENT
T00003019,C000344,A000621,2025-09-16T13:14:01+00:00,3450.38,INR,settled,SALE
T00003020,C000333,A001460,2025-04-11T03:18:46+00:00,620.39,CAD,pending,TRANSFER
T00003021,C000084,A000024,2026-08-18T10:27:20+00:00,507.23,USD,pending,SALE
T00003022,C000219,A000016,2026-07-29T17:22:11+00:00,1378.08,USD,pending,REFUND
T00003023,C000495,A000777,2026-09-03T15:25:27+00:00,777.14,CAD,pending,SALE
T00003024,C000367,A000707,2026-03-18T11:49:35+00:00,3244.65,CAD,pending,SALE
T00003025,C000767,A001477,2025-05-03T02:37:34+00:00,1855.49,CAD,reversed,SALE
T00003026,C000305,A000652,2025-05-20T08:56:37+00:00,4191.03,GBP,failed,REFUND
T00003027,C000256,A000023,2025-12-15T16:03:13+00:00,1358.63,CAD,failed,TRANSFER
T00003028,C000003,A000733,2025-04-30T02:01:05+00:00,4778.85,INR,reversed,REFUND
T00003029,C000348,A000017,2025-10-06T08:34:02+00:00,282.11,USD,pending,ADJUSTMENT
T00003030,C000226,A000737,2026-07-27T07:22:50+00:00,4180.22,GBP,failed,REFUND
T00003031,C000773,A000868,2026-09-01T15:10:37+00:00,3046.01,EUR,failed,ADJUSTMENT
T00003032,C000713,A001179,2025-03-06T01:33:12+00:00,1024.25,INR,failed,REFUND
T00003033,C000818,A000187,2026-01-03T23:07:07+00:00,438.18,GBP,reversed,ADJUSTMENT
T00003034,C000840,A000884,2026-03-07T18:14:09+00:00,1839.26,GBP,pending,ADJUSTMENT
T00003035,C000531,A000059,2025-01-19T17:27:53+00:00,3229.41,GBP,reversed,ADJUSTMENT
T00003036,C000445,A001183,2026-02-25T15:19:45+00:00,639.22,EUR,pending,TRANSFER
T00003037,C000228,A001374,2025-08-24T03:31:11+00:00,347.02,USD,reversed,SALE
T00003038,C000507,A000979,2026-08-19T05:29:27+00:00,4848.44,CAD,settled,SALE
T00003039,C000082,A000119,2026-05-28T12:35:17+00:00,3190.95,INR,reversed,TRANSFER
T00003040,C000641,A000160,2026-07-19T22:24:51+00:00,3769.94,CAD,pending,SALE
T00003041,C000388,A000130,2026-06-23T13:39:04+00:00,3519.79,EUR,settled,REFUND
T00003042,C000172,A001057,2025-10-13T02:28:12+00:00,2661.39,USD,reversed,TRANSFER
T00003043,C000159,A000344,2026-07-26T05:56:22+00:00,3392.83,EUR,settled,REFUND
T00003044,C000101,A000386,2026-09-11T13:32:40+00:00,4037.21,GBP,pending,TRANSFER
T00003045,C000181,A001054,2025-03-21T23:30:21+00:00,658.86,GBP,failed,REFUND
T00003046,C000349,A000893,2025-10-10T14:03:43+00:00,822.80,USD,reversed,TRANSFER
T00003047,C000150,A000161,2026-06-19T12:57:35+00:00,4557.95,INR,reversed,TRANSFER
T00003048,C000406,A000665,2026-03-21T14:33:05+00:00,4350.05,GBP,settled,REFUND
T00003049,C000108,A001154,2026-08-08T11:09:44+00:00,1787.81,EUR,failed,SALE
T00003050,C000985,A001223,2026-04-06T08:33:45+00:00,4319.12,GBP,settled,REFUND
T00003051,C000826,A000180,2026-08-24T08:09:27+00:00,4279.98,CAD,failed,SALE
T00003052,C000945,A000402,2026-07-18T14:12:13+00:00,616.41,CAD,settled,ADJUSTMENT
T00003053,C000988,A000280,2026-06-23T07:10:59+00:00,100.84,GBP,failed,SALE
T00003054,C000018,A000126,2026-07-18T11:43:50+00:00,1823.50,EUR,reversed,ADJUSTMENT
T00003055,C000576,A001474,2025-02-27T20:59:01+00:00,208.52,USD,settled,SALE
T00003056,C000229,A000924,2025-11-18T22:01:07+00:00,1299.56,INR,failed,REFUND
T00003057,C000973,A000668,2025-01-16T20:12:45+00:00,1016.79,GBP,reversed,SALE
T00003058,C000377,A000850,2025-11-03T11:10:28+00:00,3447.82,GBP,failed,ADJUSTMENT
T00003059,C000936,A000647,2026-01-31T15:46:47+00:00,1564.50,USD,reversed,TRANSFER
T00003060,C000745,A001033,2025-10-31T19:59:33+00:00,3269.79,GBP,reversed,SALE
T00003061,C000736,A000351,2025-08-20T19:18:24+00:00,3595.65,INR,pending,ADJUSTMENT
T00003062,C000445,A001183,2025-03-03T07:02:11+00:00,3946.60,EUR,reversed,SALE
T00003063,C000801,A001413,2025-04-24T03:49:45+00:00,3801.42,INR,reversed,TRANSFER
T00003064,C000971,A001070,2025-08-16T13:10:21+00:00,2716.01,INR,settled,REFUND
T00003065,C000676,A000190,2026-05-21T18:58:53+00:00,2552.59,EUR,failed,REFUND
T00003066,C000710,A001038,2026-05-06T06:05:10+00:00,3133.06,USD,failed,REFUND
T00003067,C000223,A000520,2026-03-22T23:40:15+00:00,1130.04,USD,pending,REFUND
T00003068,C000646,A001095,2025-08-17T01:34:43+00:00,1835.52,INR,reversed,TRANSFER
T00003069,C000699,A000895,2026-02-11T16:39:20+00:00,917.38,INR,settled,SALE
T00003070,C000518,A000915,2025-09-28T04:40:59+00:00,266.02,GBP,pending,REFUND
T00003071,C000960,A000449,2025-05-15T06:41:11+00:00,2598.60,INR,settled,TRANSFER
T00003072,C000463,A000460,2026-06-17T19:59:49+00:00,4407.50,CAD,pending,REFUND
T00003073,C000516,A001167,2026-02-01T11:41:15+00:00,3617.45,CAD,pending,SALE
T00003074,C000509,A000761,2026-08-26T16:33:45+00:00,1428.08,EUR,reversed,TRANSFER
T00003075,C000038,A000739,2025-01-02T16:18:26+00:00,3835.56,GBP,pending,REFUND
T00003076,C000860,A000464,2025-08-17T12:25:22+00:00,2045.44,CAD,pending,TRANSFER
T00003077,C000138,A000980,2026-05-27T08:57:42+00:00,78.58,CAD,pending,ADJUSTMENT
T00003078,C000220,A000250,2025-08-10T13:20:59+00:00,2510.56,EUR,failed,TRANSFER
T00003079,C000813,A001046,2025-09-21T11:49:41+00:00,2937.56,INR,failed,ADJUSTMENT
T00003080,C000933,A000959,2025-03-11T02:25:50+00:00,1118.50,CAD,pending,REFUND
T00003081,C000919,A000689,2025-06-16T18:28:17+00:00,3692.13,INR,pending,SALE
T00003082,C000652,A001135,2025-10-01T14:01:54+00:00,4750.60,CAD,settled,REFUND
T00003083,C000102,A001456,2026-08-27T15:18:13+00:00,2282.36,GBP,settled,ADJUSTMENT
T00003084,C000616,A000547,2025-01-06T14:25:29+00:00,4736.46,EUR,failed,ADJUSTMENT
T00003085,C000388,A000130,2025-07-14T19:34:31+00:00,4002.93,EUR,reversed,ADJUSTMENT
T00003086,C000001,A000842,2026-01-08T07:36:11+00:00,3879.78,USD,failed,SALE
T00003087,C000793,A001157,2026-06-30T21:04:27+00:00,3155.93,EUR,pending,ADJUSTMENT
T00003088,C000060,A000238,2025-08-19T22:24:29+00:00,3057.75,GBP,settled,TRANSFER
T00003089,C000426,A000044,2025-12-26T07:11:51+00:00,1844.95,USD,settled,TRANSFER
T00003090,C000536,A001406,2025-12-06T07:52:24+00:00,4445.91,GBP,reversed,REFUND
T00003091,C000550,A000134,2025-03-08T17:56:08+00:00,653.05,GBP,pending,TRANSFER
T00003092,C000469,A000307,2025-08-13T23:45:16+00:00,3336.38,USD,settled,TRANSFER
T00003093,C000505,A000332,2026-08-31T12:15:32+00:00,3883.38,CAD,failed,ADJUSTMENT
T00003094,C000854,A000838,2026-08-20T18:52:17+00:00,4158.54,CAD,settled,REFUND
T00003095,C000801,A000654,2026-05-11T23:32:43+00:00,2302.48,GBP,settled,SALE
T00003096,C000821,A001300,2025-09-04T06:04:01+00:00,3931.90,INR,failed,TRANSFER
T00003097,C000072,A000153,2025-03-15T21:38:25+00:00,4854.72,CAD,pending,REFUND
T00003098,C000562,A000783,2025-04-12T11:10:04+00:00,2752.18,CAD,pending,TRANSFER
T00003099,C000868,A001080,2025-08-04T21:56:59+00:00,355.09,USD,pending,TRANSFER
T00003100,C000446,A001102,2025-02-02T19:58:55+00:00,99.55,EUR,pending,REFUND
T00003101,C000270,A000719,2025-01-15T04:40:33+00:00,3821.57,USD,reversed,REFUND
T00003102,C000442,A000146,2026-03-28T19:41:16+00:00,400.01,INR,settled,ADJUSTMENT
T00003103,C000316,A000994,2025-09-07T11:15:57+00:00,4611.46,INR,reversed,TRANSFER
T00003104,C000425,A000629,2025-12-17T10:40:08+00:00,1820.24,EUR,settled,ADJUSTMENT
T00003105,C000051,A000168,2025-02-25T12:47:29+00:00,1342.60,CAD,reversed,REFUND
T00003106,C000075,A001370,2025-02-12T22:08:33+00:00,1893.04,CAD,settled,ADJUSTMENT
T00003107,C000446,A001102,2026-07-17T23:43:55+00:00,3171.55,EUR,failed,REFUND
T00003108,C000387,A000646,2026-02-05T22:58:33+00:00,4112.49,INR,pending,REFUND
T00003109,C000510,A000057,2025-10-01T06:28:27+00:00,3409.77,INR,pending,REFUND
T00003110,C000003,A000499,2025-07-26T11:09:21+00:00,811.22,USD,settled,REFUND
T00003111,C000101,A001201,2025-01-28T22:09:43+00:00,3274.72,CAD,failed,ADJUSTMENT
T00003112,C000258,A000256,2025-02-05T10:40:18+00:00,804.93,CAD,failed,SALE
T00003113,C000745,A000172,2025-05-01T15:14:32+00:00,1696.78,INR,reversed,ADJUSTMENT
T00003114,C000419,A000216,2026-04-05T19:13:30+00:00,3253.51,USD,failed,REFUND
T00003115,C000786,A000026,2025-12-16T13:51:24+00:00,2435.08,CAD,failed,REFUND
T00003116,C000956,A000206,2026-06-21T17:14:22+00:00,538.09,CAD,reversed,TRANSFER
T00003117,C000414,A000361,2026-08-22T21:13:50+00:00,263.47,EUR,pending,ADJUSTMENT
T00003118,C000322,A000634,2025-08-03T07:43:57+00:00,4549.74,GBP,failed,SALE
T00003119,C000784,A000849,2026-04-11T06:42:02+00:00,4248.58,USD,failed,TRANSFER
T00003120,C000890,A000854,2026-04-15T02:41:15+00:00,2340.38,USD,reversed,ADJUSTMENT
T00003121,C000332,A001426,2025-08-30T09:56:34+00:00,682.82,CAD,failed,SALE
T00003122,C000053,A000138,2026-05-16T01:40:20+00:00,697.36,CAD,failed,ADJUSTMENT
T00003123,C000531,A000075,2025-02-27T03:54:29+00:00,3414.45,USD,reversed,TRANSFER
T00003124,C000981,A000765,2025-03-20T19:52:01+00:00,3841.04,INR,settled,ADJUSTMENT
T00003125,C000767,A001477,2026-08-16T15:04:18+00:00,3542.83,CAD,failed,SALE
T00003126,C000514,A001134,2026-06-12T14:51:54+00:00,1362.28,USD,failed,REFUND
T00003127,C000956,A000901,2025-11-12T13:51:45+00:00,2270.99,GBP,failed,SALE
T00003128,C000838,A001290,2025-04-28T20:55:46+00:00,3948.71,CAD,pending,REFUND
T00003129,C000926,A000890,2026-04-27T01:31:21+00:00,4251.88,EUR,settled,SALE
T00003130,C000143,A000165,2025-10-14T19:11:45+00:00,239.42,GBP,failed,REFUND
T00003131,C000104,A000011,2026-08-02T03:20:11+00:00,1035.82,CAD,settled,TRANSFER
T00003132,C000654,A000791,2026-04-05T12:44:34+00:00,3853.81,EUR,pending,TRANSFER
T00003133,C000360,A000081,2025-02-27T10:14:02+00:00,3031.31,GBP,pending,TRANSFER
T00003134,C000885,A000055,2025-03-01T23:17:23+00:00,4917.10,GBP,pending,ADJUSTMENT
T00003135,C000019,A000439,2025-12-14T10:47:06+00:00,1280.26,USD,settled,REFUND
T00003136,C000919,A000927,2025-12-15T11:27:14+00:00,1829.94,EUR,settled,SALE
T00003137,C000503,A001347,2025-12-26T15:25:03+00:00,4224.87,INR,reversed,ADJUSTMENT
T00003138,C000229,A000924,2025-10-30T23:39:23+00:00,2380.90,INR,failed,REFUND
T00003139,C000102,A000406,2026-06-10T19:47:38+00:00,552.44,EUR,failed,SALE
T00003140,C000670,A000814,2025-10-25T09:14:46+00:00,1063.08,USD,reversed,TRANSFER
T00003141,C000679,A000354,2026-02-19T19:31:10+00:00,4865.58,CAD,pending,TRANSFER
T00003142,C000440,A000412,2025-09-22T06:49:37+00:00,1890.55,EUR,pending,SALE
T00003143,C000531,A000075,2026-08-22T15:59:12+00:00,739.12,USD,failed,SALE
T00003144,C000268,A000254,2025-06-16T16:13:33+00:00,1924.12,CAD,settled,SALE
T00003145,C000985,A001040,2025-07-09T11:22:59+00:00,682.01,INR,pending,TRANSFER
T00003146,C000512,A000099,2026-03-10T00:47:45+00:00,1686.60,USD,failed,TRANSFER
T00003147,C000767,A001477,2026-04-26T21:08:05+00:00,2777.08,CAD,pending,TRANSFER
T00003148,C000527,A000786,2025-02-10T02:49:43+00:00,488.19,USD,failed,ADJUSTMENT
T00003149,C000326,A000552,2025-11-13T03:32:46+00:00,2238.92,CAD,pending,SALE
T00003150,C000440,A000234,2026-07-24T13:23:18+00:00,2344.69,GBP,settled,REFUND
T00003151,C000603,A001213,2025-05-13T23:36:59+00:00,2869.91,USD,failed,ADJUSTMENT
T00003152,C000835,A000672,2025-09-12T20:02:10+00:00,3261.98,EUR,failed,REFUND
T00003153,C000885,A001164,2026-06-06T12:26:01+00:00,2381.48,USD,reversed,TRANSFER
T00003154,C000302,A000106,2025-06-19T03:53:57+00:00,4512.20,INR,reversed,ADJUSTMENT
T00003155,C000839,A001203,2025-03-22T01:19:05+00:00,329.70,GBP,pending,REFUND
T00003156,C000096,A001376,2026-09-01T01:54:57+00:00,4307.40,USD,failed,SALE
T00003157,C000888,A000525,2026-01-13T01:46:59+00:00,1596.72,USD,failed,ADJUSTMENT
T00003158,C000153,A000358,2025-09-09T09:45:29+00:00,2093.09,INR,settled,ADJUSTMENT
T00003159,C000678,A000699,2026-01-03T16:37:29+00:00,409.97,EUR,reversed,REFUND
T00003160,C000694,A001338,2026-03-01T19:50:08+00:00,4383.91,EUR,failed,REFUND
T00003161,C000460,A000843,2026-08-24T20:14:13+00:00,1326.92,GBP,pending,TRANSFER
T00003162,C000746,A000314,2025-09-23T06:19:23+00:00,4881.40,GBP,failed,SALE
T00003163,C000576,A001474,2025-07-21T00:46:35+00:00,3803.79,USD,failed,SALE
T00003164,C000915,A000752,2026-08-23T20:48:50+00:00,2120.80,EUR,settled,SALE
T00003165,C000822,A001484,2025-05-16T15:57:03+00:00,3592.50,USD,pending,REFUND
T00003166,C000850,A001171,2026-05-10T06:38:08+00:00,4488.10,GBP,settled,SALE
T00003167,C000679,A000354,2026-01-17T03:18:52+00:00,1046.55,CAD,reversed,REFUND
T00003168,C000560,A000289,2026-01-22T16:45:26+00:00,3106.00,EUR,settled,REFUND
T00003169,C000504,A000949,2025-04-19T21:16:54+00:00,3337.54,EUR,failed,TRANSFER
T00003170,C000895,A000257,2026-03-25T21:33:44+00:00,3866.37,EUR,pending,ADJUSTMENT
T00003171,C000034,A000801,2025-08-04T07:46:40+00:00,1247.56,CAD,pending,REFUND
T00003172,C000511,A001451,2025-06-13T06:13:58+00:00,3639.37,EUR,settled,ADJUSTMENT
T00003173,C000398,A000894,2025-04-28T01:42:04+00:00,3159.24,INR,reversed,ADJUSTMENT
T00003174,C000607,A001279,2026-08-10T18:13:57+00:00,970.74,CAD,pending,TRANSFER
T00003175,C000935,A000306,2026-04-30T23:45:33+00:00,175.67,EUR,pending,TRANSFER
T00003176,C000665,A000263,2026-04-04T07:53:39+00:00,1999.48,CAD,reversed,SALE
T00003177,C000195,A000470,2026-07-07T12:12:10+00:00,1695.06,USD,failed,TRANSFER
T00003178,C000018,A001303,2026-08-09T05:39:51+00:00,3839.98,EUR,settled,SALE
T00003179,C000091,A000907,2025-07-06T13:51:38+00:00,911.82,USD,reversed,SALE
T00003180,C000004,A001381,2026-02-04T22:26:42+00:00,4810.72,GBP,settled,SALE
T00003181,C000578,A000015,2026-05-01T14:05:31+00:00,1335.97,GBP,settled,ADJUSTMENT
T00003182,C000214,A001348,2026-08-07T08:46:41+00:00,4585.75,GBP,failed,REFUND
T00003183,C000426,A001056,2025-02-12T08:09:54+00:00,4364.16,GBP,pending,TRANSFER
T00003184,C000652,A000336,2026-07-16T04:47:52+00:00,658.88,EUR,settled,REFUND
T00003185,C000258,A001481,2026-05-21T11:23:33+00:00,1314.72,INR,reversed,REFUND
T00003186,C000791,A000394,2026-06-16T04:05:04+00:00,1869.71,EUR,settled,REFUND
T00003187,C000612,A000844,2026-08-14T02:04:11+00:00,1758.21,USD,pending,REFUND
T00003188,C000949,A001395,2026-08-07T02:37:37+00:00,3069.15,INR,settled,ADJUSTMENT
T00003189,C000930,A000479,2025-05-23T07:59:21+00:00,1208.21,GBP,settled,REFUND
T00003190,C000416,A000532,2026-08-01T15:19:44+00:00,4924.09,EUR,failed,TRANSFER
T00003191,C000781,A000316,2025-01-06T17:15:50+00:00,3419.30,INR,failed,ADJUSTMENT
T00003192,C000136,A000389,2025-03-28T20:24:39+00:00,4657.86,INR,failed,ADJUSTMENT
T00003193,C000458,A000429,2025-12-26T09:47:04+00:00,4320.21,INR,reversed,SALE
T00003194,C000568,A000070,2025-07-21T08:07:10+00:00,4302.40,INR,settled,TRANSFER
T00003195,C000450,A001132,2026-08-28T01:14:37+00:00,2686.35,EUR,pending,TRANSFER
T00003196,C000274,A001420,2025-06-25T11:16:14+00:00,8.04,CAD,failed,REFUND
T00003197,C000955,A001315,2025-07-05T09:41:55+00:00,2422.87,USD,settled,SALE
T00003198,C000908,A000171,2025-01-30T19:39:44+00:00,2280.71,USD,settled,ADJUSTMENT
T00003199,C000555,A001332,2025-06-23T08:18:35+00:00,40.47,GBP,pending,SALE
T00003200,C000837,A000982,2026-05-16T08:48:46+00:00,681.64,USD,pending,SALE
T00003201,C000283,A000537,2025-02-07T22:00:41+00:00,4942.98,INR,settled,REFUND
T00003202,C000905,A000480,2025-10-04T06:27:26+00:00,77.00,CAD,reversed,TRANSFER
T00003203,C000251,A000687,2025-05-08T23:20:58+00:00,3375.69,INR,failed,REFUND
T00003204,C000140,A000978,2026-07-02T00:01:13+00:00,4217.81,GBP,pending,REFUND
T00003205,C000439,A001141,2026-05-06T20:42:05+00:00,958.72,USD,pending,TRANSFER
T00003206,C000840,A000884,2025-06-02T16:45:09+00:00,2057.62,GBP,reversed,REFUND
T00003207,C000406,A000705,2026-05-06T14:51:41+00:00,400.30,GBP,failed,ADJUSTMENT
T00003208,C000122,A000790,2026-08-21T22:36:11+00:00,4276.03,CAD,settled,ADJUSTMENT
T00003209,C000396,A001123,2025-11-18T02:42:14+00:00,1483.30,INR,settled,REFUND
T00003210,C000607,A001279,2025-12-23T10:06:05+00:00,972.47,CAD,settled,ADJUSTMENT
T00003211,C000317,A000882,2025-04-16T05:30:22+00:00,4726.02,USD,reversed,SALE
T00003212,C000302,A001386,2025-06-10T16:09:41+00:00,2875.45,INR,settled,ADJUSTMENT
T00003213,C000570,A000774,2025-01-18T09:14:34+00:00,3254.41,INR,failed,REFUND
T00003214,C000412,A000691,2025-09-05T21:11:40+00:00,2364.20,GBP,pending,SALE
T00003215,C000068,A000231,2026-08-02T04:31:42+00:00,2010.99,INR,reversed,REFUND
T00003216,C000035,A000426,2025-01-13T07:55:12+00:00,4561.77,CAD,settled,ADJUSTMENT
T00003217,C000657,A000067,2026-07-11T10:58:48+00:00,1718.92,USD,failed,ADJUSTMENT
T00003218,C000514,A000054,2026-01-16T19:26:12+00:00,3034.88,EUR,reversed,REFUND
T00003219,C000951,A000602,2026-03-13T14:40:02+00:00,4097.76,INR,reversed,TRANSFER
T00003220,C000637,A000367,2026-01-21T15:06:21+00:00,387.44,GBP,reversed,TRANSFER
T00003221,C000826,A000566,2026-03-26T23:30:20+00:00,1898.05,GBP,failed,SALE
T00003222,C000172,A000800,2026-07-17T13:00:36+00:00,2429.73,USD,reversed,ADJUSTMENT
T00003223,C000385,A000500,2025-04-01T08:19:32+00:00,3033.76,INR,pending,ADJUSTMENT
T00003224,C000645,A000442,2026-02-11T01:46:57+00:00,1917.12,CAD,pending,REFUND
T00003225,C000258,A000256,2025-05-21T05:53:41+00:00,4232.73,CAD,failed,REFUND
T00003226,C000764,A000798,2025-03-28T21:53:57+00:00,2357.96,INR,failed,TRANSFER
T00003227,C000398,A000556,2026-05-09T18:25:29+00:00,3754.98,CAD,pending,TRANSFER
T00003228,C000616,A000547,2025-07-16T19:25:58+00:00,256.79,EUR,failed,REFUND
T00003229,C000832,A000792,2025-08-18T09:04:23+00:00,1927.15,INR,pending,TRANSFER
T00003230,C000119,A000577,2026-07-25T04:35:43+00:00,1287.45,GBP,pending,ADJUSTMENT
T00003231,C000495,A001490,2026-08-12T18:48:37+00:00,3097.13,INR,settled,TRANSFER
T00003232,C000774,A000984,2025-06-29T09:21:02+00:00,1873.51,INR,failed,SALE
T00003233,C000999,A000643,2026-08-14T02:01:13+00:00,1017.11,USD,failed,TRANSFER
T00003234,C000570,A000774,2025-03-09T08:34:58+00:00,1393.87,INR,reversed,REFUND
T00003235,C000228,A000799,2026-03-06T13:52:36+00:00,2605.51,INR,failed,ADJUSTMENT
T00003236,C000754,A000233,2025-10-22T06:08:55+00:00,258.26,GBP,failed,TRANSFER
T00003237,C000848,A001321,2026-01-01T08:31:30+00:00,609.02,CAD,settled,SALE
T00003238,C000756,A000953,2025-10-09T08:51:35+00:00,2501.44,USD,reversed,SALE
T00003239,C000843,A000864,2026-09-04T11:22:59+00:00,1912.20,CAD,reversed,REFUND
T00003240,C000706,A000169,2026-03-31T18:41:58+00:00,1842.69,GBP,failed,TRANSFER
T00003241,C000412,A001035,2025-09-23T08:39:56+00:00,1904.31,INR,pending,SALE
T00003242,C000200,A000104,2025-02-25T19:37:08+00:00,3663.40,CAD,pending,TRANSFER
T00003243,C000325,A000318,2025-10-15T13:45:45+00:00,2283.78,EUR,settled,TRANSFER
T00003244,C000324,A000669,2026-04-06T19:08:12+00:00,872.42,GBP,pending,SALE
T00003245,C000001,A000842,2026-04-01T11:29:49+00:00,4518.46,USD,pending,REFUND
T00003246,C000240,A000773,2025-07-30T22:01:12+00:00,1614.90,USD,reversed,REFUND
T00003247,C000877,A000886,2025-05-02T15:09:21+00:00,2219.68,INR,reversed,TRANSFER
T00003248,C000290,A000298,2025-11-13T14:19:23+00:00,616.00,INR,failed,TRANSFER
T00003249,C000495,A000777,2026-03-05T19:32:05+00:00,1932.99,CAD,failed,ADJUSTMENT
T00003250,C000069,A001442,2025-10-17T11:07:58+00:00,350.82,INR,pending,ADJUSTMENT
T00003251,C000492,A001122,2025-05-19T21:13:48+00:00,1043.32,INR,settled,SALE
T00003252,C000001,A001313,2025-07-06T13:06:33+00:00,3002.47,EUR,failed,REFUND
T00003253,C000181,A000481,2026-05-10T11:27:24+00:00,2786.89,EUR,reversed,SALE
T00003254,C000205,A001146,2025-08-17T00:23:29+00:00,1679.15,EUR,settled,TRANSFER
T00003255,C000384,A000686,2025-04-19T04:11:59+00:00,4476.04,GBP,pending,TRANSFER
T00003256,C000882,A000109,2026-03-11T19:31:49+00:00,1028.84,CAD,failed,ADJUSTMENT
T00003257,C000320,A001139,2025-10-29T19:14:11+00:00,1203.10,CAD,settled,ADJUSTMENT
T00003258,C000777,A000754,2026-06-18T19:16:14+00:00,1877.00,INR,failed,REFUND
T00003259,C000841,A001437,2026-05-20T05:19:03+00:00,4802.00,EUR,reversed,REFUND
T00003260,C000652,A000336,2025-10-13T07:33:15+00:00,738.49,EUR,settled,TRANSFER
T00003261,C000259,A000471,2025-07-03T02:31:33+00:00,4402.22,CAD,failed,TRANSFER
T00003262,C000130,A001012,2026-07-01T15:38:33+00:00,4914.21,CAD,failed,TRANSFER
T00003263,C000734,A001008,2025-11-29T19:17:32+00:00,2166.19,CAD,reversed,ADJUSTMENT
T00003264,C000237,A000431,2026-02-27T20:08:23+00:00,1781.91,USD,reversed,REFUND
T00003265,C000929,A001170,2025-04-23T07:42:43+00:00,1305.86,USD,settled,SALE
T00003266,C000344,A000621,2026-01-27T23:38:54+00:00,1425.62,INR,pending,ADJUSTMENT
T00003267,C000888,A001403,2025-12-04T12:48:04+00:00,4171.27,CAD,pending,TRANSFER
T00003268,C000189,A000529,2026-02-21T09:01:00+00:00,3212.54,CAD,settled,REFUND
T00003269,C000617,A000368,2026-02-10T04:30:04+00:00,1816.27,EUR,reversed,SALE
T00003270,C000978,A001232,2025-06-09T22:00:30+00:00,4079.94,USD,pending,TRANSFER
T00003271,C000079,A000028,2026-07-01T02:49:14+00:00,64.78,GBP,pending,REFUND
T00003272,C000449,A000685,2025-10-17T20:09:38+00:00,2212.46,EUR,failed,ADJUSTMENT
T00003273,C000385,A000500,2025-02-12T05:53:53+00:00,3533.16,INR,pending,TRANSFER
T00003274,C000573,A001388,2025-12-25T17:10:42+00:00,2334.12,GBP,reversed,SALE
T00003275,C000498,A000268,2026-03-12T18:29:46+00:00,3679.07,INR,settled,SALE
T00003276,C000566,A000155,2025-07-18T04:59:43+00:00,261.19,GBP,failed,ADJUSTMENT
T00003277,C000616,A001494,2026-09-04T18:43:34+00:00,198.50,USD,settled,ADJUSTMENT
T00003278,C000181,A000481,2025-09-15T02:38:33+00:00,529.82,EUR,reversed,REFUND
T00003279,C000274,A001062,2025-05-10T20:00:00+00:00,486.16,USD,failed,REFUND
T00003280,C000463,A001114,2025-12-11T13:49:06+00:00,4709.52,USD,failed,TRANSFER
T00003281,C000826,A000839,2025-10-03T12:39:34+00:00,4387.58,GBP,failed,ADJUSTMENT
T00003282,C000216,A001285,2025-12-04T02:05:09+00:00,3647.01,INR,settled,ADJUSTMENT
T00003283,C000014,A000245,2025-10-27T09:41:23+00:00,3085.77,INR,failed,TRANSFER
T00003284,C000923,A000032,2025-07-04T00:05:39+00:00,2935.01,GBP,failed,TRANSFER
T00003285,C000097,A000269,2026-01-31T06:56:46+00:00,1752.61,EUR,reversed,REFUND
T00003286,C000790,A001495,2025-03-29T12:47:23+00:00,3672.52,INR,settled,ADJUSTMENT
T00003287,C000935,A000265,2025-04-14T18:15:33+00:00,4541.88,INR,settled,SALE
T00003288,C000745,A000518,2025-02-23T00:39:42+00:00,3635.39,USD,pending,REFUND
T00003289,C000273,A000851,2025-07-07T20:10:58+00:00,3725.25,INR,settled,SALE
T00003290,C000801,A001413,2026-01-18T06:55:55+00:00,3073.42,INR,failed,ADJUSTMENT
T00003291,C000883,A000906,2025-04-10T19:18:49+00:00,2963.20,GBP,reversed,ADJUSTMENT
T00003292,C000195,A000189,2025-05-08T16:05:19+00:00,3148.29,INR,settled,ADJUSTMENT
T00003293,C000955,A001315,2025-08-17T02:55:39+00:00,1624.02,USD,reversed,ADJUSTMENT
T00003294,C000995,A000742,2025-09-24T13:56:41+00:00,1485.84,CAD,failed,REFUND
T00003295,C000670,A000814,2026-05-02T06:56:37+00:00,3655.28,USD,settled,REFUND
T00003296,C000517,A001447,2025-02-02T21:16:50+00:00,649.98,GBP,reversed,ADJUSTMENT
T00003297,C000888,A000498,2026-03-31T15:11:51+00:00,1347.50,INR,settled,TRANSFER
T00003298,C000652,A000336,2025-11-29T23:54:29+00:00,2378.98,EUR,reversed,REFUND
T00003299,C000351,A000681,2025-03-22T17:06:05+00:00,2537.99,EUR,pending,REFUND
T00003300,C000376,A000866,2026-05-12T22:35:22+00:00,1375.33,GBP,pending,TRANSFER
T00003301,C000646,A001095,2025-08-23T04:12:50+00:00,2856.13,INR,pending,TRANSFER
T00003302,C000259,A000343,2025-08-15T08:41:32+00:00,3933.08,GBP,failed,SALE
T00003303,C000698,A001432,2026-06-04T18:54:07+00:00,2910.59,USD,settled,TRANSFER
T00003304,C000915,A000752,2025-08-28T16:18:33+00:00,4833.98,EUR,failed,TRANSFER
T00003305,C000102,A001011,2026-06-11T01:22:13+00:00,316.67,CAD,reversed,ADJUSTMENT
T00003306,C000733,A000921,2026-03-10T14:57:27+00:00,2349.78,CAD,failed,ADJUSTMENT
T00003307,C000432,A000183,2026-01-31T17:39:38+00:00,3924.32,INR,settled,TRANSFER
T00003308,C000510,A000659,2026-07-14T04:58:45+00:00,4968.63,USD,pending,TRANSFER
T00003309,C000547,A000902,2025-07-26T13:00:24+00:00,4719.00,EUR,pending,SALE
T00003310,C000006,A000874,2025-07-09T19:26:25+00:00,528.29,USD,failed,TRANSFER
T00003311,C000952,A000053,2026-06-21T20:11:32+00:00,1468.05,INR,pending,TRANSFER
T00003312,C000555,A000388,2026-02-23T16:52:42+00:00,954.10,INR,settled,SALE
T00003313,C000273,A001416,2025-08-19T12:14:14+00:00,4861.10,INR,settled,SALE
T00003314,C000406,A000665,2025-11-24T08:01:49+00:00,3835.05,GBP,settled,ADJUSTMENT
T00003315,C000011,A000274,2025-02-25T00:22:53+00:00,492.50,INR,failed,TRANSFER
T00003316,C000161,A001219,2026-03-10T17:47:35+00:00,121.69,GBP,reversed,REFUND
T00003317,C000894,A001358,2025-04-27T00:01:19+00:00,1563.97,USD,failed,TRANSFER
T00003318,C000872,A001483,2026-07-07T02:19:32+00:00,3664.92,GBP,reversed,TRANSFER
T00003319,C000416,A000532,2025-03-02T05:57:14+00:00,2233.53,EUR,reversed,TRANSFER
T00003320,C000023,A001308,2025-11-11T09:13:12+00:00,3218.73,EUR,settled,ADJUSTMENT
T00003321,C000900,A001258,2026-01-26T07:24:06+00:00,3783.27,CAD,pending,TRANSFER
T00003322,C000833,A001197,2025-07-09T02:30:30+00:00,2193.16,EUR,reversed,TRANSFER
T00003323,C000146,A000880,2025-08-09T15:13:03+00:00,728.43,CAD,pending,ADJUSTMENT
T00003324,C000256,A000883,2025-11-09T23:29:55+00:00,477.07,CAD,pending,TRANSFER
T00003325,C000959,A001283,2026-03-26T14:55:25+00:00,4526.46,EUR,failed,ADJUSTMENT
T00003326,C000517,A000259,2025-05-23T07:58:42+00:00,711.54,USD,reversed,ADJUSTMENT
T00003327,C000877,A001044,2025-12-19T15:12:10+00:00,3985.57,EUR,reversed,TRANSFER
T00003328,C000935,A000265,2025-11-24T09:35:10+00:00,3163.16,INR,settled,TRANSFER
T00003329,C000845,A001449,2026-04-24T23:07:13+00:00,4688.65,EUR,pending,SALE
T00003330,C000272,A000795,2026-07-25T22:26:51+00:00,3560.65,GBP,settled,SALE
T00003331,C000013,A001148,2025-11-06T20:58:21+00:00,4527.54,GBP,pending,REFUND
T00003332,C000367,A001161,2025-08-09T23:37:40+00:00,2688.59,USD,failed,ADJUSTMENT
T00003333,C000239,A000167,2025-09-09T14:26:50+00:00,4660.38,GBP,failed,ADJUSTMENT
T00003334,C000465,A001208,2026-04-12T19:11:55+00:00,3178.68,EUR,settled,SALE
T00003335,C000256,A000615,2025-08-20T07:18:46+00:00,3781.94,EUR,reversed,SALE
T00003336,C000243,A001130,2026-09-01T00:48:13+00:00,652.96,CAD,reversed,ADJUSTMENT
T00003337,C000459,A000923,2025-08-08T20:29:29+00:00,4675.67,INR,settled,ADJUSTMENT
T00003338,C000899,A000726,2026-02-26T03:15:48+00:00,3989.70,EUR,failed,SALE
T00003339,C000531,A000009,2025-03-26T20:15:55+00:00,3452.08,CAD,settled,SALE
T00003340,C000086,A000251,2025-01-21T01:55:29+00:00,4750.56,EUR,failed,REFUND
T00003341,C000321,A000177,2026-05-25T23:28:19+00:00,608.46,USD,settled,TRANSFER
T00003342,C000619,A000926,2025-12-16T07:57:53+00:00,3104.37,USD,failed,SALE
T00003343,C000001,A000284,2025-07-31T17:10:23+00:00,4732.38,GBP,settled,SALE
T00003344,C000340,A000817,2025-06-21T02:28:24+00:00,2025.40,USD,reversed,SALE
T00003345,C000743,A000787,2025-12-24T03:30:31+00:00,1022.16,EUR,settled,TRANSFER
T00003346,C000933,A000900,2026-06-08T14:33:00+00:00,3079.90,USD,failed,REFUND
T00003347,C000142,A000211,2026-04-15T18:18:50+00:00,2556.16,USD,reversed,REFUND
T00003348,C000372,A000195,2026-05-29T09:14:56+00:00,1587.28,USD,failed,TRANSFER
T00003349,C000796,A000587,2025-03-21T11:55:39+00:00,4418.51,USD,pending,ADJUSTMENT
T00003350,C000837,A000725,2026-07-27T13:41:56+00:00,288.62,CAD,settled,REFUND
T00003351,C000646,A001095,2025-02-15T02:36:50+00:00,2634.83,INR,settled,SALE
T00003352,C000512,A000099,2026-06-24T11:05:56+00:00,4587.03,USD,pending,REFUND
T00003353,C000159,A000344,2025-05-09T06:13:40+00:00,654.23,EUR,failed,ADJUSTMENT
T00003354,C000589,A000077,2025-06-11T16:42:17+00:00,1398.06,CAD,pending,SALE
T00003355,C000257,A001188,2026-03-25T13:22:43+00:00,2052.61,CAD,failed,TRANSFER
T00003356,C000747,A001216,2025-11-12T17:53:36+00:00,2912.75,INR,settled,TRANSFER
T00003357,C000724,A000586,2026-04-11T03:40:07+00:00,3153.21,CAD,reversed,REFUND
T00003358,C000482,A001256,2026-02-10T11:31:32+00:00,147.96,INR,pending,SALE
T00003359,C000978,A001024,2026-06-11T15:51:40+00:00,3534.39,USD,pending,ADJUSTMENT
T00003360,C000531,A000059,2025-10-17T05:24:56+00:00,3497.13,GBP,pending,ADJUSTMENT
T00003361,C000035,A000426,2026-04-19T02:42:22+00:00,1115.31,CAD,settled,SALE
T00003362,C000512,A000099,2026-07-12T04:12:29+00:00,1977.64,USD,failed,REFUND
T00003363,C000572,A001013,2026-01-07T07:27:15+00:00,259.52,USD,failed,ADJUSTMENT
T00003364,C000544,A000973,2025-08-02T11:24:26+00:00,918.63,CAD,reversed,SALE
T00003365,C000518,A000915,2025-10-30T18:36:32+00:00,940.38,GBP,settled,ADJUSTMENT
T00003366,C000344,A000621,2025-05-08T20:32:20+00:00,4712.08,INR,failed,REFUND
T00003367,C000521,A000967,2025-10-24T02:38:16+00:00,2631.81,INR,failed,TRANSFER
T00003368,C000839,A001468,2026-04-05T00:36:00+00:00,3862.75,EUR,failed,SALE
T00003369,C000372,A000878,2025-05-19T09:08:54+00:00,3504.25,EUR,pending,SALE
T00003370,C000091,A001193,2025-08-19T02:09:14+00:00,3433.49,CAD,settled,SALE
T00003371,C000566,A000730,2026-05-30T19:59:41+00:00,3472.44,GBP,failed,REFUND
T00003372,C000008,A000082,2025-05-13T05:55:15+00:00,3750.44,INR,pending,REFUND
T00003373,C000017,A000840,2026-05-15T12:27:09+00:00,3529.68,CAD,settled,SALE
T00003374,C000056,A000303,2025-03-06T15:57:50+00:00,1888.18,GBP,pending,ADJUSTMENT
T00003375,C000743,A000731,2026-04-30T13:41:27+00:00,3364.46,USD,pending,ADJUSTMENT
T00003376,C000217,A000487,2026-06-06T23:37:32+00:00,4031.45,INR,pending,TRANSFER
T00003377,C000411,A000897,2025-10-28T16:16:42+00:00,1377.36,GBP,reversed,REFUND
T00003378,C000577,A000930,2025-08-10T11:30:33+00:00,2716.16,USD,settled,SALE
T00003379,C000895,A000257,2026-06-12T04:45:52+00:00,435.54,EUR,pending,SALE
T00003380,C000114,A000370,2025-12-24T12:13:29+00:00,3736.60,GBP,failed,REFUND
T00003381,C000534,A000357,2026-06-08T02:35:40+00:00,1873.25,INR,reversed,ADJUSTMENT
T00003382,C000619,A000926,2025-05-24T04:48:28+00:00,2549.56,USD,failed,SALE
T00003383,C000248,A000830,2026-05-30T23:19:15+00:00,3200.83,CAD,settled,TRANSFER
T00003384,C000251,A000687,2025-02-13T01:44:00+00:00,20.84,INR,reversed,TRANSFER
T00003385,C000432,A000183,2025-12-02T05:45:08+00:00,1657.62,INR,settled,SALE
T00003386,C000389,A001101,2025-11-26T20:52:18+00:00,3871.27,USD,pending,REFUND
T00003387,C000852,A000679,2025-10-27T00:30:00+00:00,59.58,INR,pending,SALE
T00003388,C000450,A001132,2026-06-16T15:44:12+00:00,3835.68,EUR,reversed,TRANSFER
T00003389,C000001,A000100,2025-10-06T21:20:36+00:00,2902.44,USD,failed,REFUND
T00003390,C000019,A001178,2026-06-24T04:42:07+00:00,2164.65,INR,settled,TRANSFER
T00003391,C000766,A000608,2025-02-11T02:21:55+00:00,2538.24,USD,settled,SALE
T00003392,C000218,A000185,2025-12-01T04:16:28+00:00,454.70,EUR,failed,REFUND
T00003393,C000632,A000934,2025-10-15T23:55:35+00:00,3449.30,EUR,pending,SALE
T00003394,C000888,A001403,2025-04-30T11:50:30+00:00,2924.81,CAD,settled,ADJUSTMENT
T00003395,C000514,A000054,2025-01-28T00:10:50+00:00,1406.18,EUR,reversed,ADJUSTMENT
T00003396,C000111,A000616,2025-09-14T17:19:20+00:00,1686.99,INR,reversed,TRANSFER
T00003397,C000214,A001454,2025-04-16T18:40:37+00:00,2818.80,EUR,failed,ADJUSTMENT
T00003398,C000314,A000856,2025-03-25T03:32:27+00:00,4967.36,EUR,reversed,TRANSFER
T00003399,C000983,A000486,2026-05-08T10:50:36+00:00,4781.56,CAD,pending,SALE
T00003400,C000517,A001108,2026-04-10T10:33:53+00:00,4784.36,CAD,failed,TRANSFER
T00003401,C000694,A000575,2025-09-26T15:02:03+00:00,383.44,GBP,reversed,SALE
T00003402,C000453,A000421,2026-02-13T11:36:41+00:00,3056.27,GBP,reversed,TRANSFER
T00003403,C000126,A001343,2026-07-23T16:40:29+00:00,3583.18,INR,failed,SALE
T00003404,C000517,A001108,2026-01-13T00:21:48+00:00,127.27,CAD,settled,REFUND
T00003405,C000784,A000849,2025-11-24T00:42:51+00:00,3620.73,USD,reversed,TRANSFER
T00003406,C000576,A000249,2026-04-24T13:56:06+00:00,1994.41,GBP,settled,REFUND
T00003407,C000652,A000336,2025-04-06T18:06:35+00:00,2604.83,EUR,reversed,TRANSFER
T00003408,C000468,A000626,2026-08-26T09:10:54+00:00,740.65,GBP,pending,ADJUSTMENT
T00003409,C000610,A000006,2026-05-20T23:12:53+00:00,2444.84,CAD,reversed,REFUND
T00003410,C000921,A000372,2026-01-26T16:47:33+00:00,1306.32,INR,reversed,ADJUSTMENT
T00003411,C000135,A000544,2026-02-06T07:11:18+00:00,1551.09,USD,failed,REFUND
T00003412,C000795,A000376,2025-02-10T13:19:03+00:00,4173.68,GBP,pending,TRANSFER
T00003413,C000143,A000165,2025-07-27T04:47:11+00:00,2498.42,GBP,settled,SALE
T00003414,C000044,A000542,2025-10-23T17:48:09+00:00,822.27,USD,pending,REFUND
T00003415,C000315,A001226,2025-06-08T04:22:57+00:00,1352.99,USD,settled,REFUND
T00003416,C000983,A000486,2026-08-19T14:59:35+00:00,4018.21,CAD,settled,TRANSFER
T00003417,C000866,A000722,2025-06-30T03:26:55+00:00,4720.62,EUR,failed,TRANSFER
T00003418,C000341,A000029,2025-04-10T09:35:24+00:00,1630.21,INR,failed,ADJUSTMENT
T00003419,C000562,A000905,2026-08-27T06:35:43+00:00,1673.70,EUR,reversed,TRANSFER
T00003420,C000956,A000206,2025-09-19T14:44:42+00:00,518.79,CAD,pending,REFUND
T00003421,C000189,A000529,2025-06-30T22:12:11+00:00,3318.84,CAD,reversed,ADJUSTMENT
T00003422,C000193,A001464,2025-10-11T05:42:29+00:00,3751.90,GBP,pending,REFUND
T00003423,C000666,A001094,2025-12-23T15:20:46+00:00,2305.42,USD,reversed,TRANSFER
T00003424,C000792,A000717,2026-05-19T17:07:25+00:00,4670.08,EUR,settled,ADJUSTMENT
T00003425,C000271,A000992,2026-08-31T05:02:07+00:00,3641.13,CAD,reversed,TRANSFER
T00003426,C000075,A001370,2026-06-08T17:45:31+00:00,3458.25,CAD,settled,SALE
T00003427,C000239,A000855,2026-08-21T21:32:28+00:00,3410.27,USD,settled,ADJUSTMENT
T00003428,C000619,A001059,2026-03-25T14:31:58+00:00,452.07,INR,reversed,TRANSFER
T00003429,C000230,A000444,2026-01-05T12:55:29+00:00,4886.89,USD,settled,TRANSFER
T00003430,C000546,A001004,2025-11-02T09:17:03+00:00,2076.30,EUR,failed,REFUND
T00003431,C000399,A000428,2025-10-24T15:38:35+00:00,3715.57,INR,settled,REFUND
T00003432,C000372,A000878,2026-04-21T09:37:05+00:00,3059.21,EUR,pending,SALE
T00003433,C000865,A001320,2025-05-25T03:12:11+00:00,1877.34,INR,failed,REFUND
T00003434,C000518,A000283,2025-10-21T16:43:35+00:00,4800.96,USD,pending,TRANSFER
T00003435,C000359,A000841,2025-11-07T05:57:05+00:00,1815.69,GBP,settled,TRANSFER
T00003436,C000519,A000656,2025-10-01T00:28:24+00:00,17.28,EUR,pending,REFUND
T00003437,C000311,A001066,2025-06-11T09:22:47+00:00,1859.25,USD,failed,TRANSFER
T00003438,C000686,A001043,2026-03-09T18:06:26+00:00,3657.49,USD,failed,REFUND
T00003439,C000866,A000964,2025-12-25T02:39:49+00:00,4722.35,EUR,failed,REFUND
T00003440,C000887,A000888,2026-06-05T05:09:49+00:00,869.66,CAD,pending,TRANSFER
T00003441,C000619,A000862,2026-01-03T05:03:09+00:00,2154.11,GBP,pending,ADJUSTMENT
T00003442,C000432,A000183,2025-09-03T14:28:39+00:00,1329.02,INR,settled,SALE
T00003443,C000543,A000631,2026-05-05T05:25:16+00:00,1825.05,CAD,pending,REFUND
T00003444,C000326,A000552,2026-07-14T09:29:12+00:00,2018.28,CAD,pending,REFUND
T00003445,C000737,A001242,2026-07-31T15:03:48+00:00,4291.97,INR,pending,ADJUSTMENT
T00003446,C000237,A000593,2026-06-15T05:22:47+00:00,2606.17,INR,failed,REFUND
T00003447,C000699,A000912,2026-03-20T11:13:20+00:00,2576.59,EUR,settled,ADJUSTMENT
T00003448,C000871,A001091,2025-02-02T04:26:03+00:00,2285.03,INR,pending,REFUND
T00003449,C000795,A000591,2025-09-20T17:48:17+00:00,4756.69,EUR,pending,TRANSFER
T00003450,C000952,A000053,2025-01-18T10:06:39+00:00,1639.20,INR,pending,ADJUSTMENT
T00003451,C000764,A001027,2026-06-03T14:02:55+00:00,3494.37,GBP,failed,TRANSFER
T00003452,C000405,A001072,2026-05-24T20:27:51+00:00,3891.32,USD,failed,REFUND
T00003453,C000773,A001177,2026-02-05T22:41:31+00:00,2647.77,CAD,reversed,ADJUSTMENT
T00003454,C000887,A000888,2025-05-04T16:21:28+00:00,4529.37,CAD,pending,REFUND
T00003455,C000502,A000748,2025-09-10T00:42:26+00:00,151.23,INR,reversed,REFUND
T00003456,C000416,A000262,2026-05-29T15:16:34+00:00,3687.50,USD,pending,ADJUSTMENT
T00003457,C000706,A000169,2026-08-18T07:25:33+00:00,2995.98,GBP,failed,TRANSFER
T00003458,C000813,A001155,2026-09-09T05:02:17+00:00,2872.44,USD,settled,ADJUSTMENT
T00003459,C000259,A000471,2026-07-22T03:59:39+00:00,3143.37,CAD,reversed,TRANSFER
T00003460,C000076,A000757,2025-08-05T00:00:16+00:00,1378.79,CAD,settled,REFUND
T00003461,C000097,A001438,2026-08-04T11:25:05+00:00,2356.06,GBP,failed,REFUND
T00003462,C000791,A001305,2025-09-08T17:38:42+00:00,1746.21,CAD,reversed,SALE
T00003463,C000460,A000843,2026-06-06T18:02:44+00:00,2857.93,GBP,reversed,ADJUSTMENT
T00003464,C000476,A001436,2025-03-07T10:21:55+00:00,1725.67,CAD,failed,TRANSFER
T00003465,C000516,A001167,2026-07-27T22:11:50+00:00,346.22,CAD,failed,REFUND
T00003466,C000074,A000892,2026-05-09T20:55:56+00:00,3572.38,USD,failed,SALE
T00003467,C000007,A000282,2026-04-19T19:08:15+00:00,778.34,USD,failed,SALE
T00003468,C000889,A001318,2025-03-30T15:32:15+00:00,1427.02,EUR,reversed,REFUND
T00003469,C000647,A000037,2025-09-14T12:29:00+00:00,844.73,INR,settled,SALE
T00003470,C000014,A000245,2025-09-11T08:57:42+00:00,1150.00,INR,pending,SALE
T00003471,C000935,A000306,2026-01-01T07:54:33+00:00,1055.23,EUR,pending,SALE
T00003472,C000135,A001162,2025-10-15T00:51:36+00:00,383.73,CAD,pending,REFUND
T00003473,C000110,A000600,2025-01-21T15:21:32+00:00,389.57,USD,pending,TRANSFER
T00003474,C000318,A001319,2026-01-22T19:48:58+00:00,1781.34,EUR,settled,ADJUSTMENT
T00003475,C000317,A000261,2025-06-27T12:00:58+00:00,802.76,USD,failed,TRANSFER
T00003476,C000251,A000687,2025-09-02T20:12:07+00:00,2575.61,INR,failed,ADJUSTMENT
T00003477,C000292,A000485,2025-06-21T21:02:15+00:00,1365.60,EUR,pending,TRANSFER
T00003478,C000557,A000147,2026-01-12T04:30:27+00:00,4628.21,CAD,pending,SALE
T00003479,C000772,A001260,2025-07-23T14:15:55+00:00,3644.94,EUR,failed,SALE
T00003480,C000184,A000760,2026-04-24T18:37:35+00:00,2643.48,USD,settled,TRANSFER
T00003481,C000118,A000954,2026-07-02T06:24:18+00:00,1161.83,EUR,pending,TRANSFER
T00003482,C000448,A000001,2026-01-14T12:06:26+00:00,707.24,USD,failed,REFUND
T00003483,C000105,A000744,2025-10-27T04:56:25+00:00,192.45,EUR,settled,REFUND
T00003484,C000536,A001211,2026-02-07T17:41:48+00:00,2671.40,CAD,reversed,ADJUSTMENT
T00003485,C000471,A001028,2025-10-25T22:27:09+00:00,1735.12,GBP,reversed,TRANSFER
T00003486,C000572,A001013,2025-02-20T15:46:29+00:00,409.32,USD,failed,REFUND
T00003487,C000769,A000241,2025-04-13T05:20:23+00:00,3236.10,USD,pending,REFUND
T00003488,C000674,A000114,2026-02-06T22:15:00+00:00,1030.37,CAD,pending,REFUND
T00003489,C000445,A000680,2025-02-15T11:05:45+00:00,2593.58,USD,pending,SALE
T00003490,C000384,A000767,2025-06-10T05:56:43+00:00,178.68,USD,pending,ADJUSTMENT
T00003491,C000317,A000261,2025-09-26T16:38:31+00:00,435.28,USD,pending,TRANSFER
T00003492,C000463,A000460,2025-02-14T17:40:10+00:00,4317.10,CAD,settled,REFUND
T00003493,C000432,A000987,2025-03-03T15:37:01+00:00,1250.24,EUR,settled,SALE
T00003494,C000536,A001211,2026-06-05T18:45:47+00:00,2876.89,CAD,failed,TRANSFER
T00003495,C000109,A001467,2025-01-28T09:28:15+00:00,4255.34,EUR,reversed,TRANSFER
T00003496,C000396,A001493,2025-12-04T23:53:34+00:00,462.63,USD,pending,REFUND
T00003497,C000644,A001020,2025-01-11T15:45:26+00:00,4880.98,USD,pending,ADJUSTMENT
T00003498,C000577,A000930,2025-09-14T01:28:58+00:00,3197.40,USD,settled,REFUND
T00003499,C000101,A001201,2026-07-12T12:21:05+00:00,1804.88,CAD,pending,SALE
T00003500,C000058,A001104,2025-04-03T09:44:54+00:00,2713.18,USD,settled,ADJUSTMENT
T00003501,C000091,A001193,2026-04-07T23:40:17+00:00,2969.25,CAD,failed,SALE
T00003502,C000641,A000502,2025-10-13T10:20:31+00:00,1715.89,USD,failed,ADJUSTMENT
T00003503,C000256,A000148,2025-11-09T08:05:44+00:00,928.53,INR,failed,TRANSFER
T00003504,C000887,A000350,2025-03-19T14:05:12+00:00,4665.52,INR,reversed,REFUND
T00003505,C000965,A001022,2025-07-11T02:21:31+00:00,514.66,EUR,failed,ADJUSTMENT
T00003506,C000466,A001304,2025-11-04T03:31:54+00:00,3167.13,GBP,pending,SALE
T00003507,C000159,A000983,2025-11-10T20:38:32+00:00,1953.92,GBP,reversed,REFUND
T00003508,C000034,A000801,2026-07-14T09:52:51+00:00,1185.40,CAD,pending,REFUND
T00003509,C000317,A000882,2025-09-07T14:35:23+00:00,463.26,USD,pending,TRANSFER
T00003510,C000643,A000107,2025-11-13T09:36:14+00:00,1022.43,USD,settled,ADJUSTMENT
T00003511,C000945,A000286,2026-05-03T18:23:50+00:00,2741.06,USD,reversed,SALE
T00003512,C000248,A000830,2026-03-20T03:02:35+00:00,3278.93,CAD,settled,SALE
T00003513,C000249,A001435,2025-07-15T06:08:11+00:00,2232.87,INR,settled,SALE
T00003514,C000622,A000193,2026-07-20T10:54:13+00:00,2492.28,USD,failed,ADJUSTMENT
T00003515,C000774,A001239,2026-02-02T02:56:22+00:00,403.67,INR,reversed,REFUND
T00003516,C000899,A001147,2025-03-01T15:19:13+00:00,4762.95,GBP,failed,TRANSFER
T00003517,C000756,A000496,2026-06-20T15:00:45+00:00,2885.11,GBP,pending,ADJUSTMENT
T00003518,C000193,A001198,2025-12-28T08:15:45+00:00,2768.80,EUR,reversed,ADJUSTMENT
T00003519,C000256,A000148,2025-01-18T06:25:58+00:00,379.53,INR,failed,ADJUSTMENT
T00003520,C000492,A000995,2026-07-04T22:57:57+00:00,1691.92,GBP,reversed,TRANSFER
T00003521,C000793,A001157,2026-04-06T23:53:15+00:00,4018.56,EUR,pending,SALE
T00003522,C000431,A001307,2026-01-26T13:09:06+00:00,979.51,CAD,settled,REFUND
T00003523,C000700,A000815,2025-05-24T12:14:48+00:00,2415.85,INR,settled,TRANSFER
T00003524,C000762,A000086,2026-08-17T09:30:41+00:00,3544.65,GBP,failed,TRANSFER
T00003525,C000318,A001125,2025-06-13T07:12:53+00:00,4998.59,USD,failed,REFUND
T00003526,C000857,A000341,2025-02-15T06:09:46+00:00,2947.88,USD,pending,SALE
T00003527,C000641,A000502,2025-10-25T23:05:50+00:00,2320.00,USD,failed,ADJUSTMENT
T00003528,C000384,A000686,2026-08-29T02:20:49+00:00,2554.87,GBP,failed,SALE
T00003529,C000527,A000157,2025-11-29T03:01:32+00:00,3570.61,USD,pending,TRANSFER
T00003530,C000988,A000280,2026-05-31T06:24:40+00:00,2898.30,GBP,failed,SALE
T00003531,C000048,A000741,2026-07-13T20:02:22+00:00,2653.44,EUR,settled,REFUND
T00003532,C000914,A000305,2026-08-03T02:39:44+00:00,2876.66,CAD,settled,REFUND
T00003533,C000929,A000778,2025-01-13T14:53:19+00:00,1239.64,USD,settled,TRANSFER
T00003534,C000101,A001201,2025-10-04T19:41:14+00:00,3575.22,CAD,failed,SALE
T00003535,C000116,A000413,2025-05-16T13:17:10+00:00,1550.27,USD,pending,ADJUSTMENT
T00003536,C000899,A000526,2026-07-22T20:58:09+00:00,747.52,CAD,settled,SALE
T00003537,C000048,A000741,2025-03-18T06:32:44+00:00,4320.22,EUR,pending,REFUND
T00003538,C000259,A000570,2026-08-07T13:57:01+00:00,4553.98,CAD,failed,TRANSFER
T00003539,C000270,A001455,2025-11-19T15:53:38+00:00,4332.09,INR,reversed,REFUND
T00003540,C000335,A000397,2026-08-26T03:30:22+00:00,1807.96,GBP,reversed,REFUND
T00003541,C000583,A000207,2026-06-22T20:02:19+00:00,702.01,GBP,pending,ADJUSTMENT
T00003542,C000888,A001403,2025-10-15T07:49:03+00:00,3422.85,CAD,settled,TRANSFER
T00003543,C000044,A001052,2026-01-21T17:40:27+00:00,2803.48,GBP,pending,SALE
T00003544,C000851,A000326,2025-02-12T21:57:03+00:00,2290.51,CAD,settled,TRANSFER
T00003545,C000296,A001126,2025-02-10T13:22:59+00:00,3527.43,EUR,pending,TRANSFER
T00003546,C000643,A000107,2025-06-30T20:31:40+00:00,1568.32,USD,failed,ADJUSTMENT
T00003547,C000739,A000617,2025-02-23T15:22:17+00:00,4541.51,GBP,failed,ADJUSTMENT
T00003548,C000699,A000543,2025-12-31T19:43:30+00:00,1390.18,USD,settled,ADJUSTMENT
T00003549,C000888,A001403,2026-05-03T13:37:46+00:00,2741.54,CAD,settled,REFUND
T00003550,C000308,A000601,2026-08-03T22:44:12+00:00,303.55,GBP,settled,SALE
T00003551,C000606,A001425,2026-05-21T08:55:10+00:00,4474.32,USD,settled,REFUND
T00003552,C000985,A001223,2026-06-05T21:38:27+00:00,818.39,GBP,settled,REFUND
T00003553,C000806,A000721,2026-01-05T04:49:39+00:00,4820.12,INR,reversed,SALE
T00003554,C000447,A000605,2025-10-02T09:49:17+00:00,4678.31,INR,pending,TRANSFER
T00003555,C000454,A000736,2025-10-01T04:30:25+00:00,1782.86,INR,reversed,REFUND
T00003556,C000205,A001146,2026-04-14T12:22:32+00:00,73.63,EUR,pending,ADJUSTMENT
T00003557,C000044,A001342,2025-04-05T14:19:52+00:00,2659.95,USD,pending,ADJUSTMENT
T00003558,C000864,A000339,2025-11-07T19:51:34+00:00,4483.34,CAD,pending,TRANSFER
T00003559,C000109,A001014,2026-08-10T11:34:55+00:00,2457.13,INR,reversed,TRANSFER
T00003560,C000321,A000177,2026-07-09T16:35:31+00:00,3693.41,USD,settled,SALE
T00003561,C000110,A000600,2025-07-04T12:02:24+00:00,4004.59,USD,pending,TRANSFER
T00003562,C000146,A001399,2025-03-04T14:18:07+00:00,2897.74,USD,reversed,ADJUSTMENT
T00003563,C000276,A001434,2025-10-01T00:55:45+00:00,2048.14,CAD,failed,REFUND
T00003564,C000901,A000255,2026-04-17T13:50:25+00:00,1992.59,EUR,failed,TRANSFER
T00003565,C000094,A001143,2025-02-26T23:28:20+00:00,3619.08,GBP,settled,SALE
T00003566,C000792,A000717,2026-04-06T01:34:53+00:00,3432.04,EUR,settled,SALE
T00003567,C000901,A001248,2026-04-17T03:21:09+00:00,1486.94,INR,pending,SALE
T00003568,C000753,A001418,2025-05-23T01:12:54+00:00,328.67,INR,settled,REFUND
T00003569,C000398,A000556,2025-12-03T11:52:50+00:00,4942.25,CAD,settled,TRANSFER
T00003570,C000301,A000025,2026-08-11T22:15:47+00:00,4018.84,USD,pending,ADJUSTMENT
T00003571,C000102,A001011,2025-02-16T04:37:19+00:00,2942.83,CAD,pending,REFUND
T00003572,C000605,A000031,2025-05-04T15:58:52+00:00,2355.63,CAD,settled,TRANSFER
T00003573,C000734,A001008,2025-07-15T21:49:34+00:00,1512.33,CAD,pending,SALE
T00003574,C000748,A001124,2025-06-20T16:54:59+00:00,4813.80,EUR,pending,TRANSFER
T00003575,C000396,A001023,2025-10-14T00:12:26+00:00,3392.47,USD,reversed,ADJUSTMENT
T00003576,C000318,A000711,2026-02-21T21:00:08+00:00,4440.91,GBP,pending,ADJUSTMENT
T00003577,C000411,A000897,2025-03-26T13:50:41+00:00,4062.86,GBP,reversed,REFUND
T00003578,C000286,A000056,2025-02-02T19:35:34+00:00,298.94,EUR,failed,SALE
T00003579,C000753,A000482,2025-02-19T07:58:39+00:00,2023.07,GBP,pending,SALE
T00003580,C000978,A001024,2025-05-27T01:38:44+00:00,3084.59,USD,settled,ADJUSTMENT
T00003581,C000626,A000588,2025-10-23T08:54:38+00:00,3369.90,EUR,settled,REFUND
T00003582,C000237,A000593,2025-01-14T18:57:21+00:00,4381.58,INR,reversed,REFUND
T00003583,C000822,A001484,2026-01-14T05:16:31+00:00,3346.41,USD,pending,SALE
T00003584,C000572,A000524,2026-05-13T16:29:24+00:00,4673.01,USD,pending,REFUND
T00003585,C000360,A000081,2025-02-04T09:05:11+00:00,2820.74,GBP,settled,TRANSFER
T00003586,C000251,A000687,2025-05-08T16:47:55+00:00,2113.24,INR,reversed,SALE
T00003587,C000001,A000100,2025-01-05T16:04:34+00:00,4591.03,USD,reversed,SALE
T00003588,C000471,A000946,2025-01-16T05:24:30+00:00,4077.44,USD,failed,REFUND
T00003589,C000206,A000012,2026-08-10T09:10:22+00:00,2873.67,CAD,failed,TRANSFER
T00003590,C000664,A000342,2025-04-15T06:58:26+00:00,1243.46,CAD,pending,TRANSFER
T00003591,C000004,A001381,2025-12-08T01:23:57+00:00,2969.60,GBP,pending,SALE
T00003592,C000133,A000715,2025-07-25T16:40:46+00:00,946.82,USD,failed,REFUND
T00003593,C000940,A000610,2025-12-17T23:54:52+00:00,543.08,GBP,failed,REFUND
T00003594,C000668,A000204,2026-09-06T10:12:02+00:00,691.84,CAD,pending,REFUND
T00003595,C000164,A000833,2025-09-10T03:34:20+00:00,759.88,CAD,reversed,ADJUSTMENT
T00003596,C000027,A000551,2026-03-10T03:59:36+00:00,140.95,GBP,pending,REFUND
T00003597,C000877,A000886,2026-07-15T08:15:45+00:00,703.75,INR,failed,TRANSFER
T00003598,C000321,A001479,2025-06-17T13:05:47+00:00,1914.91,EUR,reversed,REFUND
T00003599,C000113,A000328,2025-11-27T06:16:24+00:00,3277.82,INR,reversed,SALE
T00003600,C000492,A001122,2026-05-29T12:54:49+00:00,1182.30,INR,reversed,REFUND
T00003601,C000215,A001354,2026-05-08T08:54:40+00:00,3494.46,CAD,failed,TRANSFER
T00003602,C000426,A001383,2026-07-02T14:51:39+00:00,2034.58,INR,failed,TRANSFER
T00003603,C000452,A000965,2026-01-30T21:56:23+00:00,2133.38,GBP,reversed,REFUND
T00003604,C000001,A000284,2026-06-03T21:29:28+00:00,241.21,GBP,settled,REFUND
T00003605,C000013,A001002,2026-02-21T18:12:41+00:00,2175.53,INR,pending,TRANSFER
T00003606,C000195,A000470,2025-07-26T08:26:17+00:00,2985.40,USD,reversed,ADJUSTMENT
T00003607,C000804,A001409,2025-04-14T19:19:31+00:00,3118.63,USD,pending,ADJUSTMENT
T00003608,C000461,A001489,2026-07-30T05:34:10+00:00,2148.19,CAD,failed,TRANSFER
T00003609,C000004,A000637,2025-10-26T06:57:58+00:00,3234.21,INR,pending,REFUND
T00003610,C000146,A001399,2025-11-22T01:53:01+00:00,4253.98,USD,pending,REFUND
T00003611,C000266,A000201,2025-06-23T15:24:13+00:00,862.52,INR,pending,REFUND
T00003612,C000426,A000044,2025-02-27T08:26:45+00:00,2581.26,USD,settled,ADJUSTMENT
T00003613,C000463,A000460,2025-05-12T13:15:28+00:00,1632.46,CAD,failed,REFUND
T00003614,C000700,A000815,2025-06-15T00:01:32+00:00,4059.56,INR,reversed,REFUND
T00003615,C000576,A001474,2025-01-09T01:50:03+00:00,4349.76,USD,reversed,REFUND
T00003616,C000265,A001422,2025-06-29T10:41:35+00:00,2358.95,CAD,reversed,SALE
T00003617,C000562,A000905,2025-06-15T01:33:48+00:00,3746.81,EUR,reversed,REFUND
T00003618,C000414,A000361,2026-08-23T00:35:30+00:00,4634.30,EUR,failed,SALE
T00003619,C000567,A000509,2025-09-17T14:37:16+00:00,1088.69,INR,reversed,ADJUSTMENT
T00003620,C000873,A001007,2025-01-17T03:00:17+00:00,707.60,EUR,failed,TRANSFER
T00003621,C000379,A000919,2026-05-20T06:00:11+00:00,2692.68,USD,settled,ADJUSTMENT
T00003622,C000658,A000094,2025-01-18T02:14:02+00:00,2052.96,INR,settled,TRANSFER
T00003623,C000272,A001394,2025-03-25T04:34:56+00:00,910.99,INR,settled,REFUND
T00003624,C000840,A000884,2026-06-14T18:05:32+00:00,533.73,GBP,reversed,REFUND
T00003625,C000581,A000931,2025-12-19T03:27:52+00:00,136.96,INR,settled,ADJUSTMENT
T00003626,C000406,A000955,2025-02-03T12:08:53+00:00,694.07,CAD,pending,TRANSFER
T00003627,C000510,A000010,2025-01-14T16:54:30+00:00,2441.20,GBP,failed,TRANSFER
T00003628,C000760,A000281,2026-02-18T13:40:36+00:00,948.47,EUR,pending,REFUND
T00003629,C000351,A001375,2025-05-01T01:34:56+00:00,1592.28,USD,failed,TRANSFER
T00003630,C000259,A000471,2025-02-23T17:06:02+00:00,2511.60,CAD,settled,SALE
T00003631,C000397,A000247,2025-05-21T18:01:44+00:00,2142.17,INR,settled,TRANSFER
T00003632,C000772,A001260,2026-07-22T18:34:00+00:00,4795.46,EUR,settled,REFUND
T00003633,C000568,A000070,2025-06-18T00:01:23+00:00,2863.03,INR,settled,SALE
T00003634,C000773,A001177,2026-04-24T10:42:12+00:00,4037.82,CAD,reversed,TRANSFER
T00003635,C000571,A000205,2025-08-18T08:29:16+00:00,2551.62,EUR,pending,ADJUSTMENT
T00003636,C000593,A000872,2026-06-30T17:07:36+00:00,1800.44,CAD,settled,TRANSFER
T00003637,C000815,A000581,2025-05-21T01:46:18+00:00,717.06,INR,pending,REFUND
T00003638,C000940,A000610,2025-11-24T07:45:06+00:00,3827.83,GBP,pending,TRANSFER
T00003639,C000763,A000452,2026-09-08T18:50:44+00:00,2677.39,INR,reversed,SALE
T00003640,C000616,A000547,2026-07-19T21:41:42+00:00,3384.73,EUR,failed,TRANSFER
T00003641,C000700,A000066,2025-06-19T11:43:02+00:00,2482.33,CAD,failed,TRANSFER
T00003642,C000159,A000983,2025-09-24T18:52:10+00:00,3298.50,GBP,reversed,SALE
T00003643,C000655,A001079,2025-07-24T04:12:01+00:00,4431.28,INR,settled,REFUND
T00003644,C000717,A000595,2026-08-17T18:12:21+00:00,3027.51,EUR,failed,ADJUSTMENT
T00003645,C000269,A000174,2025-04-08T18:07:43+00:00,4841.36,EUR,reversed,TRANSFER
T00003646,C000955,A000304,2025-11-22T04:45:06+00:00,1100.59,EUR,reversed,SALE
T00003647,C000996,A000136,2025-06-16T18:36:29+00:00,2261.01,CAD,reversed,TRANSFER
T00003648,C000845,A001449,2025-09-05T14:23:43+00:00,146.70,EUR,failed,ADJUSTMENT
T00003649,C000395,A000580,2025-07-06T10:08:41+00:00,3447.55,INR,pending,REFUND
T00003650,C000166,A001382,2025-01-23T23:31:51+00:00,1969.34,USD,settled,REFUND
T00003651,C000050,A000302,2025-09-15T04:42:55+00:00,559.76,USD,pending,TRANSFER
T00003652,C000873,A000213,2025-02-06T07:43:51+00:00,1097.84,INR,pending,SALE
T00003653,C000821,A000045,2025-11-23T10:33:11+00:00,2008.60,EUR,reversed,SALE
T00003654,C000697,A000877,2025-05-25T00:42:28+00:00,987.75,USD,pending,SALE
T00003655,C000968,A000273,2025-02-27T23:36:47+00:00,2636.48,INR,pending,REFUND
T00003656,C000969,A000091,2025-02-01T16:57:47+00:00,198.40,CAD,pending,ADJUSTMENT
T00003657,C000870,A000436,2026-05-25T11:04:52+00:00,1914.70,USD,settled,ADJUSTMENT
T00003658,C000619,A000534,2025-08-20T00:57:34+00:00,2328.34,USD,reversed,ADJUSTMENT
T00003659,C000084,A000024,2026-04-03T16:46:31+00:00,2433.39,USD,reversed,REFUND
T00003660,C000311,A001391,2025-05-18T16:29:06+00:00,1939.90,CAD,settled,REFUND
T00003661,C000093,A001379,2026-02-23T15:18:08+00:00,2930.53,CAD,pending,SALE
T00003662,C000521,A000967,2025-04-10T16:34:21+00:00,2143.92,INR,reversed,ADJUSTMENT
T00003663,C000197,A000246,2025-03-13T20:18:05+00:00,2642.41,EUR,pending,ADJUSTMENT
T00003664,C000647,A000848,2026-05-04T13:44:06+00:00,596.49,GBP,reversed,REFUND
T00003665,C000753,A001418,2026-04-16T08:35:48+00:00,2288.71,INR,settled,TRANSFER
T00003666,C000793,A000969,2026-05-14T07:11:42+00:00,3040.03,CAD,pending,SALE
T00003667,C000727,A001345,2025-04-14T08:50:27+00:00,4979.30,CAD,pending,SALE
T00003668,C000796,A000879,2026-04-09T07:54:21+00:00,3124.77,CAD,pending,REFUND
T00003669,C000700,A000815,2025-05-05T06:33:51+00:00,4934.19,INR,settled,REFUND
T00003670,C000400,A000986,2025-01-29T21:39:14+00:00,3706.26,CAD,pending,REFUND
T00003671,C000961,A001224,2025-11-08T10:26:40+00:00,1044.39,INR,pending,ADJUSTMENT
T00003672,C000623,A000409,2026-01-30T18:06:13+00:00,4345.42,CAD,reversed,REFUND
T00003673,C000504,A000949,2025-10-26T00:22:40+00:00,965.93,EUR,failed,SALE
T00003674,C000055,A000295,2025-05-03T00:07:14+00:00,1032.46,GBP,pending,REFUND
T00003675,C000069,A001500,2025-03-18T11:10:24+00:00,1054.82,INR,settled,REFUND
T00003676,C000801,A001413,2025-02-20T13:45:53+00:00,628.75,INR,settled,TRANSFER
T00003677,C000782,A000124,2026-08-15T08:20:25+00:00,3793.62,GBP,reversed,TRANSFER
T00003678,C000539,A000694,2025-10-03T05:15:25+00:00,1942.24,GBP,pending,REFUND
T00003679,C000588,A001492,2026-06-02T08:24:23+00:00,1189.63,GBP,pending,ADJUSTMENT
T00003680,C000411,A000897,2025-08-19T20:27:23+00:00,162.90,GBP,settled,TRANSFER
T00003681,C000295,A000858,2025-02-16T08:44:53+00:00,4425.75,CAD,pending,SALE
T00003682,C000397,A000247,2025-10-04T04:21:28+00:00,3244.26,INR,failed,ADJUSTMENT
T00003683,C000397,A000247,2026-06-14T20:07:02+00:00,3749.09,INR,pending,SALE
T00003684,C000376,A000917,2025-03-23T17:25:55+00:00,4124.10,EUR,settled,TRANSFER
T00003685,C000058,A000074,2025-10-20T20:41:42+00:00,4727.24,INR,pending,REFUND
T00003686,C000066,A000020,2025-06-19T17:23:46+00:00,1638.93,CAD,pending,REFUND
T00003687,C000153,A000156,2026-05-22T11:06:45+00:00,3583.71,CAD,failed,SALE
T00003688,C000853,A000127,2026-08-28T17:00:11+00:00,2435.43,INR,failed,ADJUSTMENT
T00003689,C000298,A000022,2025-03-08T22:51:42+00:00,3118.52,CAD,pending,SALE
T00003690,C000007,A001480,2025-08-20T07:15:38+00:00,3365.35,EUR,pending,REFUND
T00003691,C000427,A000408,2025-04-27T06:26:18+00:00,1934.54,EUR,failed,SALE
T00003692,C000362,A000724,2026-01-03T13:02:55+00:00,870.49,EUR,reversed,ADJUSTMENT
T00003693,C000624,A001415,2026-02-28T15:57:26+00:00,3460.40,USD,reversed,REFUND
T00003694,C000871,A001091,2025-09-20T19:25:51+00:00,2858.63,INR,pending,REFUND
T00003695,C000018,A000126,2026-07-28T08:07:58+00:00,3072.66,EUR,failed,TRANSFER
T00003696,C000928,A000215,2025-06-25T13:10:26+00:00,1782.67,CAD,settled,REFUND
T00003697,C000701,A000364,2025-02-15T00:57:45+00:00,4341.49,GBP,pending,ADJUSTMENT
T00003698,C000892,A000950,2025-04-23T12:06:27+00:00,3763.02,USD,pending,REFUND
T00003699,C000445,A000340,2025-12-15T12:39:55+00:00,340.47,GBP,reversed,ADJUSTMENT
T00003700,C000229,A000924,2026-09-07T08:52:20+00:00,2686.45,INR,failed,TRANSFER
T00003701,C000600,A000688,2026-02-09T08:51:45+00:00,2896.48,GBP,pending,REFUND
T00003702,C000889,A001184,2026-05-10T00:31:55+00:00,4089.60,EUR,reversed,TRANSFER
T00003703,C000647,A000848,2026-01-11T05:06:36+00:00,1854.41,GBP,reversed,TRANSFER
T00003704,C000633,A000133,2025-12-08T00:52:17+00:00,4729.16,EUR,reversed,TRANSFER
T00003705,C000333,A000414,2025-11-05T20:12:57+00:00,3256.44,EUR,failed,ADJUSTMENT
T00003706,C000679,A000354,2026-03-26T23:49:46+00:00,3018.61,CAD,settled,REFUND
T00003707,C000433,A000097,2025-09-02T12:28:37+00:00,896.51,INR,pending,ADJUSTMENT
T00003708,C000541,A001246,2026-08-30T20:25:16+00:00,1451.63,USD,pending,TRANSFER
T00003709,C000256,A000023,2025-11-14T20:28:42+00:00,4390.55,CAD,failed,REFUND
T00003710,C000026,A000188,2026-07-19T19:13:52+00:00,1466.05,INR,pending,SALE
T00003711,C000109,A001014,2026-09-01T01:25:16+00:00,3527.44,INR,pending,SALE
T00003712,C000795,A000376,2025-03-13T20:09:09+00:00,149.91,GBP,pending,ADJUSTMENT
T00003713,C000901,A001248,2026-07-21T06:21:53+00:00,2929.83,INR,failed,REFUND
T00003714,C000056,A000303,2025-03-26T09:15:36+00:00,1491.62,GBP,failed,ADJUSTMENT
T00003715,C000788,A000366,2025-04-12T11:09:16+00:00,4528.36,EUR,pending,ADJUSTMENT
T00003716,C000518,A000915,2026-07-08T04:21:04+00:00,2499.58,GBP,failed,TRANSFER
T00003717,C000867,A000125,2025-08-27T02:47:33+00:00,2625.72,USD,settled,SALE
T00003718,C000318,A001125,2026-06-05T22:56:52+00:00,937.04,USD,pending,ADJUSTMENT
T00003719,C000483,A001050,2026-03-29T21:39:04+00:00,1877.12,INR,reversed,SALE
T00003720,C000956,A000206,2026-03-23T01:23:56+00:00,3649.68,CAD,reversed,SALE
T00003721,C000231,A001351,2025-05-08T14:22:56+00:00,26.71,CAD,settled,SALE
T00003722,C000573,A001331,2025-05-23T04:26:01+00:00,3331.99,USD,settled,REFUND
T00003723,C000919,A000582,2025-12-27T13:24:14+00:00,3182.70,EUR,pending,REFUND
T00003724,C000580,A000590,2025-09-07T02:12:21+00:00,2522.52,EUR,failed,REFUND
T00003725,C000286,A000475,2025-11-20T22:28:25+00:00,398.39,CAD,pending,TRANSFER
T00003726,C000013,A001002,2025-05-24T09:57:59+00:00,1451.82,INR,failed,SALE
T00003727,C000350,A001280,2025-10-29T07:25:41+00:00,4993.12,EUR,failed,REFUND
T00003728,C000441,A001107,2025-04-16T17:48:06+00:00,560.53,USD,reversed,TRANSFER
T00003729,C000955,A000304,2025-08-12T15:11:05+00:00,3436.84,EUR,settled,TRANSFER
T00003730,C000575,A000929,2025-12-03T18:01:07+00:00,702.19,INR,failed,TRANSFER
T00003731,C000958,A001175,2025-04-04T13:34:37+00:00,2854.55,USD,pending,ADJUSTMENT
T00003732,C000270,A000719,2026-06-24T04:03:45+00:00,2064.87,USD,reversed,TRANSFER
T00003733,C000318,A001319,2025-04-27T14:08:39+00:00,226.33,EUR,reversed,SALE
T00003734,C000627,A001476,2026-09-12T14:03:44+00:00,3986.83,INR,pending,ADJUSTMENT
T00003735,C000091,A001193,2026-09-04T14:30:37+00:00,2183.07,CAD,pending,REFUND
T00003736,C000361,A000374,2026-07-04T00:27:49+00:00,1663.41,USD,pending,TRANSFER
T00003737,C000135,A000544,2026-05-10T04:40:35+00:00,408.32,USD,reversed,TRANSFER
T00003738,C000238,A000396,2025-07-16T01:17:31+00:00,2136.59,USD,pending,REFUND
T00003739,C000611,A000776,2025-10-30T14:09:40+00:00,4875.85,INR,settled,SALE
T00003740,C000869,A001346,2026-01-10T13:40:32+00:00,565.55,USD,reversed,REFUND
T00003741,C000460,A000911,2026-02-15T19:29:48+00:00,1225.71,GBP,settled,TRANSFER
T00003742,C000016,A000873,2026-05-21T17:38:12+00:00,2175.04,CAD,pending,TRANSFER
T00003743,C000080,A000845,2026-07-14T20:23:49+00:00,4397.83,CAD,reversed,SALE
T00003744,C000922,A000865,2026-01-07T05:14:08+00:00,2097.86,GBP,settled,TRANSFER
T00003745,C000870,A000918,2025-02-26T00:47:01+00:00,2915.46,USD,failed,SALE
T00003746,C000807,A000135,2026-04-01T13:15:48+00:00,2560.95,GBP,pending,TRANSFER
T00003747,C000894,A000563,2026-02-02T16:40:17+00:00,143.16,CAD,reversed,ADJUSTMENT
T00003748,C000471,A001028,2025-05-31T10:02:01+00:00,1067.34,GBP,reversed,TRANSFER
T00003749,C000008,A000935,2025-09-04T08:48:24+00:00,1959.22,EUR,reversed,SALE
T00003750,C000870,A000436,2026-01-12T17:15:28+00:00,3216.90,USD,pending,ADJUSTMENT
T00003751,C000372,A000878,2026-08-21T02:05:45+00:00,3480.78,EUR,pending,ADJUSTMENT
T00003752,C000555,A001444,2025-08-15T01:13:10+00:00,2307.84,GBP,settled,REFUND
T00003753,C000780,A001402,2025-12-03T16:48:04+00:00,2727.79,INR,reversed,TRANSFER
T00003754,C000682,A001276,2025-05-01T11:56:59+00:00,4518.23,CAD,pending,TRANSFER
T00003755,C000357,A000349,2025-12-19T16:35:01+00:00,2231.05,USD,reversed,TRANSFER
T00003756,C000818,A000187,2026-04-14T13:56:23+00:00,1612.09,GBP,pending,SALE
T00003757,C000463,A000466,2026-07-04T17:39:15+00:00,3247.27,CAD,failed,TRANSFER
T00003758,C000960,A000449,2026-03-16T13:43:48+00:00,1264.78,INR,pending,ADJUSTMENT
T00003759,C000082,A001365,2026-08-19T01:53:30+00:00,3460.75,INR,failed,REFUND
T00003760,C000755,A001036,2026-06-05T23:30:25+00:00,2469.88,INR,failed,ADJUSTMENT
T00003761,C000017,A000840,2026-07-19T21:04:46+00:00,4738.70,CAD,pending,ADJUSTMENT
T00003762,C000173,A001199,2025-08-31T14:26:38+00:00,3754.39,EUR,reversed,REFUND
T00003763,C000791,A001305,2025-04-09T21:28:38+00:00,1020.91,CAD,failed,REFUND
T00003764,C000611,A000776,2025-12-02T10:05:38+00:00,3723.92,INR,pending,TRANSFER
T00003765,C000184,A000760,2025-02-10T15:33:45+00:00,2400.65,USD,failed,TRANSFER
T00003766,C000520,A000072,2026-06-03T21:28:18+00:00,1400.80,INR,pending,REFUND
T00003767,C000872,A001483,2025-09-28T03:36:46+00:00,2417.16,GBP,failed,SALE
T00003768,C000292,A000485,2026-06-13T22:29:04+00:00,3833.92,EUR,reversed,ADJUSTMENT
T00003769,C000704,A000628,2025-11-21T18:01:29+00:00,886.01,GBP,pending,ADJUSTMENT
T00003770,C000372,A000878,2025-10-05T14:33:35+00:00,959.07,EUR,settled,REFUND
T00003771,C000506,A001103,2026-08-08T02:18:20+00:00,1202.45,GBP,reversed,REFUND
T00003772,C000994,A001078,2026-06-23T02:07:02+00:00,4544.92,USD,reversed,ADJUSTMENT
T00003773,C000495,A001281,2025-07-26T01:53:53+00:00,1733.30,EUR,settled,SALE
T00003774,C000048,A000741,2026-04-03T12:32:36+00:00,2008.38,EUR,settled,REFUND
T00003775,C000894,A001358,2026-04-11T15:01:22+00:00,2013.80,USD,failed,ADJUSTMENT
T00003776,C000960,A000170,2026-09-07T08:01:38+00:00,318.32,EUR,failed,REFUND
T00003777,C000085,A000612,2026-01-13T19:38:35+00:00,3015.70,INR,reversed,TRANSFER
T00003778,C000757,A001306,2026-02-17T07:18:17+00:00,3383.33,EUR,pending,TRANSFER
T00003779,C000258,A000256,2026-08-20T15:25:58+00:00,1235.19,CAD,reversed,SALE
T00003780,C000514,A001134,2025-03-23T16:35:44+00:00,4780.60,USD,reversed,ADJUSTMENT
T00003781,C000403,A001060,2025-09-25T13:14:37+00:00,847.58,CAD,pending,SALE
T00003782,C000419,A000176,2026-09-01T16:29:56+00:00,3271.19,EUR,settled,TRANSFER
T00003783,C000782,A000124,2025-12-06T19:30:07+00:00,4955.23,GBP,settled,REFUND
T00003784,C000374,A001160,2026-02-20T17:48:15+00:00,4944.67,EUR,settled,ADJUSTMENT
T00003785,C000814,A000375,2025-09-15T22:06:05+00:00,2532.32,CAD,pending,TRANSFER
T00003786,C000423,A000875,2025-01-31T15:35:31+00:00,4146.22,GBP,pending,SALE
T00003787,C000600,A000688,2025-04-05T13:46:11+00:00,1056.38,GBP,reversed,SALE
T00003788,C000168,A000184,2025-08-26T09:39:44+00:00,2700.23,USD,failed,SALE
T00003789,C000822,A001484,2025-04-30T11:04:47+00:00,2927.22,USD,settled,REFUND
T00003790,C000008,A000082,2026-02-16T23:51:08+00:00,4231.65,INR,failed,REFUND
T00003791,C000252,A001433,2025-04-25T22:41:13+00:00,3106.78,EUR,settled,TRANSFER
T00003792,C000265,A001204,2025-06-08T04:06:01+00:00,2146.27,INR,pending,ADJUSTMENT
T00003793,C000758,A000493,2025-08-14T17:21:29+00:00,1184.89,USD,failed,ADJUSTMENT
T00003794,C000198,A001090,2026-01-17T08:41:10+00:00,2501.18,INR,failed,ADJUSTMENT
T00003795,C000584,A000881,2026-05-29T16:30:32+00:00,2555.94,EUR,failed,TRANSFER
T00003796,C000004,A000637,2025-02-18T13:48:52+00:00,2955.62,INR,pending,TRANSFER
T00003797,C000094,A001065,2026-03-20T16:21:09+00:00,4435.76,CAD,reversed,REFUND
T00003798,C000431,A001307,2025-11-05T12:03:38+00:00,1360.90,CAD,pending,TRANSFER
T00003799,C000579,A000329,2025-08-02T03:15:59+00:00,1824.38,INR,failed,SALE
T00003800,C000357,A001387,2025-05-17T05:55:56+00:00,2530.09,INR,failed,ADJUSTMENT
T00003801,C000159,A000983,2026-05-06T14:03:04+00:00,4965.81,GBP,settled,REFUND
T00003802,C000813,A001155,2026-07-18T10:00:30+00:00,4447.76,USD,failed,REFUND
T00003803,C000643,A000143,2026-02-15T16:09:21+00:00,1548.30,CAD,settled,REFUND
T00003804,C000853,A000209,2025-10-14T23:07:46+00:00,4886.86,GBP,settled,ADJUSTMENT
T00003805,C000713,A000683,2025-08-17T23:04:23+00:00,85.42,INR,reversed,TRANSFER
T00003806,C000761,A000836,2026-02-18T04:29:45+00:00,2072.42,USD,pending,REFUND
T00003807,C000377,A000850,2025-05-22T01:14:12+00:00,1015.69,GBP,failed,SALE
T00003808,C000492,A001122,2025-12-28T16:41:54+00:00,4924.25,INR,pending,REFUND
T00003809,C000135,A001162,2025-04-22T19:55:46+00:00,804.74,CAD,settled,SALE
T00003810,C000938,A001088,2026-04-13T19:06:04+00:00,1311.91,INR,pending,TRANSFER
T00003811,C000738,A001158,2026-02-25T09:43:29+00:00,4044.39,GBP,settled,ADJUSTMENT
T00003812,C000091,A000660,2025-05-02T03:27:59+00:00,247.84,USD,reversed,TRANSFER
T00003813,C000285,A001286,2025-12-10T03:43:57+00:00,1521.93,INR,pending,SALE
T00003814,C000079,A000028,2025-12-19T23:12:26+00:00,74.08,GBP,settled,TRANSFER
T00003815,C000234,A000087,2025-02-02T10:11:04+00:00,3197.72,CAD,pending,SALE
T00003816,C000399,A000428,2025-12-19T16:38:56+00:00,609.93,INR,failed,SALE
T00003817,C000101,A000386,2025-09-01T14:18:15+00:00,533.93,GBP,failed,REFUND
T00003818,C000740,A000315,2025-12-07T19:31:03+00:00,334.82,CAD,failed,SALE
T00003819,C000116,A000179,2026-03-21T21:21:52+00:00,4316.63,EUR,reversed,ADJUSTMENT
T00003820,C000624,A000085,2025-12-24T15:33:59+00:00,2191.76,GBP,failed,ADJUSTMENT
T00003821,C000675,A000105,2025-04-09T20:16:21+00:00,184.01,EUR,settled,SALE
T00003822,C000274,A000395,2025-09-12T20:52:09+00:00,2383.77,CAD,failed,ADJUSTMENT
T00003823,C000357,A000349,2026-08-29T16:25:01+00:00,498.28,USD,reversed,SALE
T00003824,C000737,A001242,2025-08-04T17:54:01+00:00,3950.53,INR,reversed,ADJUSTMENT
T00003825,C000616,A001494,2026-06-23T11:34:55+00:00,1491.48,USD,settled,SALE
T00003826,C000629,A000243,2026-02-11T10:04:55+00:00,4896.35,CAD,reversed,TRANSFER
T00003827,C000712,A000420,2026-01-15T22:13:21+00:00,370.30,CAD,failed,SALE
T00003828,C000320,A000270,2025-09-29T21:33:50+00:00,4.35,INR,reversed,SALE
T00003829,C000482,A000948,2026-05-17T13:17:58+00:00,1654.52,CAD,reversed,TRANSFER
T00003830,C000754,A000233,2025-03-19T11:41:55+00:00,4774.26,GBP,reversed,SALE
T00003831,C000811,A001475,2025-06-30T17:39:38+00:00,3359.81,USD,failed,SALE
T00003832,C000325,A000318,2025-10-18T21:56:52+00:00,3192.72,EUR,pending,ADJUSTMENT
T00003833,C000774,A000984,2026-05-12T14:12:42+00:00,1244.65,INR,pending,SALE
T00003834,C000104,A001112,2025-02-04T20:03:44+00:00,1347.49,CAD,pending,REFUND
T00003835,C000013,A001148,2025-01-30T00:13:38+00:00,1103.37,GBP,pending,TRANSFER
T00003836,C000433,A000235,2026-07-05T15:17:52+00:00,2246.92,CAD,failed,REFUND
T00003837,C000006,A000874,2025-02-20T00:49:05+00:00,4052.63,USD,reversed,ADJUSTMENT
T00003838,C000483,A001050,2025-07-04T10:21:24+00:00,1210.79,INR,reversed,TRANSFER
T00003839,C000529,A000178,2025-10-18T15:50:52+00:00,4777.13,CAD,pending,ADJUSTMENT
T00003840,C000159,A000983,2025-04-17T15:36:01+00:00,223.74,GBP,settled,TRANSFER
T00003841,C000896,A001428,2026-09-02T01:59:03+00:00,2685.28,INR,pending,ADJUSTMENT
T00003842,C000168,A001337,2026-05-26T03:16:16+00:00,4146.51,USD,failed,ADJUSTMENT
T00003843,C000963,A000484,2026-08-27T07:25:26+00:00,2940.78,CAD,failed,ADJUSTMENT
T00003844,C000205,A001146,2025-03-23T11:16:35+00:00,914.77,EUR,reversed,REFUND
T00003845,C000555,A000388,2025-05-30T08:20:02+00:00,1794.42,INR,reversed,SALE
T00003846,C000602,A000871,2026-08-13T12:28:40+00:00,4422.73,USD,failed,ADJUSTMENT
T00003847,C000916,A000771,2026-05-18T05:46:53+00:00,687.52,EUR,settled,SALE
T00003848,C000743,A000731,2025-09-04T12:18:56+00:00,2069.92,USD,settled,TRANSFER
T00003849,C000096,A001376,2025-08-12T20:51:17+00:00,2440.46,USD,settled,SALE
T00003850,C000978,A001232,2026-01-29T17:36:55+00:00,4360.77,USD,reversed,REFUND
T00003851,C000580,A000655,2026-02-12T07:31:10+00:00,4194.90,USD,reversed,SALE
T00003852,C000647,A000848,2026-03-22T06:32:03+00:00,2048.09,GBP,failed,TRANSFER
T00003853,C000428,A000772,2026-04-14T01:03:53+00:00,1671.75,GBP,settled,REFUND
T00003854,C000101,A000386,2025-04-12T14:29:14+00:00,4352.29,GBP,reversed,TRANSFER
T00003855,C000807,A001302,2025-11-02T21:24:50+00:00,3473.79,EUR,failed,ADJUSTMENT
T00003856,C000521,A000158,2026-04-30T23:42:23+00:00,702.92,EUR,pending,TRANSFER
T00003857,C000753,A001082,2026-04-30T05:28:50+00:00,2251.04,INR,settled,REFUND
T00003858,C000893,A000118,2025-11-17T17:31:15+00:00,4715.72,CAD,pending,TRANSFER
T00003859,C000044,A000542,2025-05-25T14:06:45+00:00,3868.20,USD,reversed,ADJUSTMENT
T00003860,C000589,A000648,2025-10-22T02:02:38+00:00,4310.77,USD,reversed,TRANSFER
T00003861,C000970,A000682,2026-03-21T08:13:29+00:00,1097.69,INR,pending,REFUND
T00003862,C000116,A000413,2025-05-04T11:34:27+00:00,1907.93,USD,reversed,TRANSFER
T00003863,C000576,A001474,2026-09-08T13:15:38+00:00,4154.82,USD,failed,TRANSFER
T00003864,C000114,A000829,2025-02-14T20:45:19+00:00,2882.36,EUR,settled,SALE
T00003865,C000511,A001451,2026-02-06T19:47:42+00:00,1969.05,EUR,reversed,SALE
T00003866,C000928,A000381,2025-01-05T10:19:09+00:00,4965.55,EUR,settled,SALE
T00003867,C000366,A001045,2025-07-23T04:22:43+00:00,3419.05,CAD,settled,TRANSFER
T00003868,C000755,A000766,2025-07-02T19:10:46+00:00,3860.91,GBP,settled,ADJUSTMENT
T00003869,C000005,A000569,2025-04-02T11:03:28+00:00,4012.02,CAD,pending,TRANSFER
T00003870,C000811,A001475,2026-04-08T02:43:24+00:00,3369.27,USD,reversed,TRANSFER
T00003871,C000570,A000746,2025-01-12T19:54:04+00:00,3363.14,GBP,reversed,REFUND
T00003872,C000555,A000388,2025-03-16T19:19:04+00:00,4857.86,INR,failed,TRANSFER
T00003873,C000283,A000145,2025-06-03T20:46:35+00:00,312.29,CAD,reversed,ADJUSTMENT
T00003874,C000965,A001022,2026-01-04T03:14:32+00:00,4372.00,EUR,reversed,REFUND
T00003875,C000764,A000798,2026-06-26T22:03:49+00:00,146.53,INR,failed,REFUND
T00003876,C000713,A000683,2025-10-26T13:06:55+00:00,1899.12,INR,settled,REFUND
T00003877,C000205,A001400,2025-05-12T03:07:35+00:00,3406.59,EUR,reversed,REFUND
T00003878,C000895,A000257,2025-11-06T06:08:32+00:00,3549.96,EUR,settled,TRANSFER
T00003879,C000757,A001306,2025-08-01T09:13:15+00:00,4385.49,EUR,pending,SALE
T00003880,C000706,A000169,2025-03-07T15:49:29+00:00,584.13,GBP,pending,ADJUSTMENT
T00003881,C000266,A000201,2025-02-26T15:05:09+00:00,3053.92,INR,settled,TRANSFER
T00003882,C000529,A000178,2025-07-12T11:09:14+00:00,3449.25,CAD,failed,ADJUSTMENT
T00003883,C000095,A000501,2025-09-11T07:19:53+00:00,3573.28,EUR,pending,REFUND
T00003884,C000461,A000293,2025-01-31T15:04:03+00:00,2358.87,GBP,failed,TRANSFER
T00003885,C000120,A001255,2025-11-07T04:50:57+00:00,651.80,GBP,reversed,ADJUSTMENT
T00003886,C000136,A000759,2025-04-06T08:59:55+00:00,375.52,GBP,pending,TRANSFER
T00003887,C000941,A000981,2025-04-15T15:47:53+00:00,1654.68,EUR,settled,SALE
T00003888,C000345,A000377,2025-04-13T13:44:36+00:00,1150.15,GBP,settled,ADJUSTMENT
T00003889,C000416,A001429,2026-01-20T09:46:15+00:00,3317.95,GBP,pending,REFUND
T00003890,C000319,A000625,2025-03-13T06:13:54+00:00,753.03,USD,pending,SALE
T00003891,C000764,A001430,2025-08-27T19:06:23+00:00,4009.06,CAD,settled,SALE
T00003892,C000554,A000050,2025-12-26T04:48:12+00:00,4372.43,INR,settled,SALE
T00003893,C000425,A001339,2025-07-08T12:42:01+00:00,1873.86,CAD,failed,SALE
T00003894,C000693,A000824,2025-08-13T21:24:24+00:00,3540.45,EUR,pending,TRANSFER
T00003895,C000857,A000341,2026-02-02T19:52:18+00:00,3368.84,USD,reversed,SALE
T00003896,C000539,A000694,2025-12-29T07:59:07+00:00,341.17,GBP,pending,TRANSFER
T00003897,C000691,A001411,2026-07-19T14:08:58+00:00,626.57,EUR,failed,TRANSFER
T00003898,C000925,A001393,2025-03-06T21:26:32+00:00,3053.87,INR,settled,ADJUSTMENT
T00003899,C000769,A000241,2026-06-03T21:35:11+00:00,2413.90,USD,reversed,SALE
T00003900,C000951,A000602,2025-02-15T21:46:03+00:00,1245.79,INR,reversed,SALE
T00003901,C000691,A001411,2026-07-23T08:37:52+00:00,2612.53,EUR,settled,ADJUSTMENT
T00003902,C000624,A000085,2025-01-02T17:38:36+00:00,3982.43,GBP,failed,SALE
T00003903,C000014,A000210,2026-08-07T22:05:14+00:00,4647.86,EUR,pending,ADJUSTMENT
T00003904,C000981,A000765,2026-05-09T08:03:16+00:00,2848.91,INR,reversed,REFUND
T00003905,C000306,A000308,2026-01-27T07:32:07+00:00,1484.57,GBP,failed,REFUND
T00003906,C000026,A000188,2025-03-02T12:06:27+00:00,3884.40,INR,failed,SALE
T00003907,C000839,A001468,2025-12-30T04:23:35+00:00,4592.39,EUR,reversed,TRANSFER
T00003908,C000316,A000584,2026-04-20T02:23:03+00:00,4573.90,GBP,reversed,REFUND
T00003909,C000283,A000714,2025-03-31T11:25:33+00:00,2166.63,USD,reversed,TRANSFER
T00003910,C000738,A000560,2026-08-12T01:47:50+00:00,1761.79,USD,failed,SALE
T00003911,C000903,A001067,2026-01-25T20:23:38+00:00,4113.00,CAD,pending,REFUND
T00003912,C000610,A000006,2025-04-04T17:02:08+00:00,3236.45,CAD,pending,ADJUSTMENT
T00003913,C000918,A000061,2025-05-28T01:36:21+00:00,3860.87,EUR,pending,REFUND
T00003914,C000529,A000178,2026-05-15T08:44:38+00:00,3497.96,CAD,failed,SALE
T00003915,C000476,A001176,2025-10-14T10:12:56+00:00,4346.91,CAD,pending,SALE
T00003916,C000507,A001049,2026-05-18T08:32:57+00:00,2562.82,USD,reversed,ADJUSTMENT
T00003917,C000864,A000339,2025-01-08T07:34:39+00:00,3827.58,CAD,pending,SALE
T00003918,C000622,A001450,2026-01-23T22:40:20+00:00,492.54,EUR,settled,TRANSFER
T00003919,C000433,A000097,2026-04-09T02:53:37+00:00,297.48,INR,failed,REFUND
T00003920,C000929,A000778,2025-02-12T17:21:21+00:00,2093.49,USD,pending,SALE
T00003921,C000373,A001294,2026-03-21T09:20:39+00:00,426.66,USD,settled,TRANSFER
T00003922,C000698,A001432,2026-09-07T10:06:36+00:00,4864.66,USD,pending,SALE
T00003923,C000781,A000323,2025-10-28T03:14:04+00:00,3223.86,USD,settled,SALE
T00003924,C000216,A001285,2026-01-19T02:26:46+00:00,4814.43,INR,reversed,TRANSFER
T00003925,C000661,A000214,2025-08-12T15:45:16+00:00,2405.99,CAD,settled,ADJUSTMENT
T00003926,C000871,A000568,2025-09-03T18:35:17+00:00,2803.74,CAD,settled,TRANSFER
T00003927,C000923,A000032,2026-01-10T06:22:09+00:00,3677.67,GBP,pending,REFUND
T00003928,C000396,A000676,2026-04-07T17:31:16+00:00,4881.12,USD,reversed,REFUND
T00003929,C000832,A001252,2025-01-13T03:11:17+00:00,4078.03,CAD,reversed,TRANSFER
T00003930,C000432,A000987,2025-02-28T04:41:44+00:00,2414.01,EUR,failed,TRANSFER
T00003931,C000643,A000143,2026-08-08T12:13:03+00:00,2180.79,CAD,pending,REFUND
T00003932,C000257,A001188,2026-05-15T06:31:55+00:00,3833.26,CAD,failed,SALE
T00003933,C000791,A000321,2025-08-15T00:57:12+00:00,3636.23,CAD,failed,REFUND
T00003934,C000821,A000045,2026-07-05T15:26:24+00:00,2918.75,EUR,pending,TRANSFER
T00003935,C000505,A000164,2026-04-11T12:49:12+00:00,646.77,USD,reversed,TRANSFER
T00003936,C000838,A000723,2025-10-13T22:48:11+00:00,3380.60,CAD,reversed,REFUND
T00003937,C000109,A001467,2025-04-17T23:06:17+00:00,4877.32,EUR,reversed,ADJUSTMENT
T00003938,C000961,A001224,2025-04-08T17:15:06+00:00,4511.02,INR,failed,TRANSFER
T00003939,C000555,A000437,2025-03-16T12:09:44+00:00,2126.15,CAD,pending,ADJUSTMENT
T00003940,C000350,A001280,2026-08-25T06:48:01+00:00,3577.28,EUR,failed,TRANSFER
T00003941,C000949,A000224,2026-04-09T20:29:54+00:00,3182.47,INR,reversed,REFUND
T00003942,C000895,A000257,2026-04-18T19:13:22+00:00,991.27,EUR,failed,ADJUSTMENT
T00003943,C000096,A001376,2025-09-14T15:15:08+00:00,4332.87,USD,settled,ADJUSTMENT
T00003944,C000945,A000286,2025-07-09T05:56:13+00:00,4076.33,USD,failed,REFUND
T00003945,C000924,A001497,2025-05-12T20:11:06+00:00,810.16,EUR,failed,SALE
T00003946,C000023,A001308,2026-08-08T03:17:06+00:00,1100.13,EUR,failed,SALE
T00003947,C000427,A000408,2025-11-16T21:27:52+00:00,711.87,EUR,pending,SALE
T00003948,C000125,A001083,2026-04-11T17:19:33+00:00,2273.01,CAD,failed,SALE
T00003949,C000704,A000628,2026-07-18T04:05:05+00:00,4711.35,GBP,settled,REFUND
T00003950,C000480,A000296,2026-07-10T13:37:26+00:00,2702.89,GBP,pending,TRANSFER
T00003951,C000747,A001216,2026-05-19T06:41:20+00:00,3069.35,INR,settled,TRANSFER
T00003952,C000399,A000150,2025-06-25T15:03:11+00:00,3890.17,EUR,reversed,REFUND
T00003953,C000350,A001427,2026-07-25T02:32:53+00:00,4787.72,USD,failed,TRANSFER
T00003954,C000402,A000512,2025-10-08T07:09:07+00:00,869.50,GBP,reversed,ADJUSTMENT
T00003955,C000960,A000538,2025-03-24T22:31:50+00:00,1158.86,CAD,failed,TRANSFER
T00003956,C000686,A000925,2025-02-28T07:22:40+00:00,4908.19,USD,reversed,TRANSFER
T00003957,C000958,A001175,2025-09-18T04:51:44+00:00,1775.08,USD,reversed,ADJUSTMENT
T00003958,C000565,A000173,2025-10-09T06:58:51+00:00,1591.63,USD,pending,ADJUSTMENT
T00003959,C000318,A001125,2025-08-31T18:19:22+00:00,3364.29,USD,settled,TRANSFER
T00003960,C000114,A000829,2026-04-25T13:48:35+00:00,1553.66,EUR,settled,ADJUSTMENT
T00003961,C000015,A000910,2025-07-13T03:15:12+00:00,1410.79,CAD,settled,SALE
T00003962,C000461,A001489,2025-07-22T09:48:42+00:00,3341.92,CAD,failed,ADJUSTMENT
T00003963,C000936,A000647,2025-08-18T16:12:26+00:00,1593.76,USD,settled,SALE
T00003964,C000362,A000724,2025-03-18T21:58:34+00:00,1809.14,EUR,failed,TRANSFER
T00003965,C000004,A000222,2025-07-13T10:38:58+00:00,583.75,GBP,pending,SALE
T00003966,C000571,A000423,2026-08-18T20:15:39+00:00,2543.98,USD,failed,REFUND
T00003967,C000565,A000173,2026-05-24T13:45:34+00:00,1729.80,USD,reversed,ADJUSTMENT
T00003968,C000297,A000666,2025-05-29T01:47:01+00:00,977.20,CAD,reversed,SALE
T00003969,C000856,A000353,2026-01-30T21:55:42+00:00,4220.98,USD,settled,SALE
T00003970,C000212,A000805,2025-10-26T23:02:07+00:00,544.08,INR,pending,REFUND
T00003971,C000396,A001023,2025-01-14T21:42:21+00:00,2549.20,USD,settled,TRANSFER
T00003972,C000279,A000071,2026-08-19T06:53:32+00:00,3177.51,USD,failed,ADJUSTMENT
T00003973,C000868,A000463,2025-04-24T20:23:57+00:00,467.97,GBP,reversed,REFUND
T00003974,C000506,A001103,2025-07-12T09:33:42+00:00,2431.22,GBP,reversed,SALE
T00003975,C000066,A000020,2025-08-09T20:24:11+00:00,3908.81,CAD,failed,SALE
T00003976,C000126,A001039,2025-11-26T21:58:45+00:00,2525.53,INR,settled,REFUND
T00003977,C000846,A001487,2026-06-05T09:53:31+00:00,4365.79,EUR,pending,SALE
T00003978,C000740,A000553,2026-05-07T18:14:02+00:00,2801.14,INR,pending,ADJUSTMENT
T00003979,C000531,A000059,2026-05-22T01:37:29+00:00,2792.07,GBP,settled,ADJUSTMENT
T00003980,C000782,A001371,2025-03-27T16:01:14+00:00,1550.67,CAD,pending,ADJUSTMENT
T00003981,C000521,A000967,2025-11-18T08:43:07+00:00,4075.18,INR,pending,ADJUSTMENT
T00003982,C000420,A001227,2025-12-17T18:14:29+00:00,4211.94,USD,settled,ADJUSTMENT
T00003983,C000138,A000980,2025-03-17T05:48:43+00:00,379.22,CAD,settled,SALE
T00003984,C000511,A000728,2025-01-03T23:35:14+00:00,3873.86,GBP,pending,TRANSFER
T00003985,C000224,A000944,2026-02-16T07:18:10+00:00,481.44,EUR,settled,ADJUSTMENT
T00003986,C000839,A001468,2025-09-02T18:17:31+00:00,14.43,EUR,failed,TRANSFER
T00003987,C000007,A000282,2026-05-27T21:45:30+00:00,785.85,USD,pending,ADJUSTMENT
T00003988,C000074,A000892,2025-11-14T21:01:00+00:00,4132.03,USD,reversed,REFUND
T00003989,C000706,A000169,2025-12-22T02:35:46+00:00,529.13,GBP,reversed,REFUND
T00003990,C000901,A000128,2025-09-10T23:04:47+00:00,1409.84,CAD,pending,REFUND
T00003991,C000199,A000317,2025-02-15T14:17:13+00:00,2294.27,USD,failed,ADJUSTMENT
T00003992,C000048,A000741,2026-03-23T07:31:05+00:00,4398.37,EUR,reversed,REFUND
T00003993,C000320,A001139,2025-12-14T11:52:24+00:00,4045.88,CAD,failed,SALE
T00003994,C000773,A001177,2026-02-16T20:57:36+00:00,1526.17,CAD,failed,SALE
T00003995,C000145,A001172,2026-01-03T05:53:21+00:00,4125.07,EUR,settled,REFUND
T00003996,C000340,A001182,2025-02-15T02:11:32+00:00,3465.32,INR,pending,ADJUSTMENT
T00003997,C000576,A001292,2025-12-09T15:59:26+00:00,3442.58,CAD,pending,SALE
T00003998,C000865,A001320,2025-06-27T00:09:46+00:00,1168.73,INR,failed,ADJUSTMENT
T00003999,C000945,A000456,2025-01-30T10:03:37+00:00,3405.58,USD,failed,REFUND
T00004000,C000516,A001167,2025-11-23T06:35:18+00:00,1002.99,CAD,settled,REFUND
T00004001,C000832,A000792,2026-06-20T04:22:59+00:00,1233.65,INR,pending,REFUND
T00004002,C000539,A001063,2026-02-20T15:14:37+00:00,4192.68,EUR,reversed,ADJUSTMENT
T00004003,C000645,A000442,2026-05-13T00:24:56+00:00,1050.81,CAD,reversed,TRANSFER
T00004004,C000908,A000390,2026-05-04T03:40:15+00:00,4427.66,CAD,reversed,TRANSFER
T00004005,C000048,A001377,2025-04-19T13:32:44+00:00,3423.52,INR,settled,REFUND
T00004006,C000658,A000599,2025-05-11T16:14:23+00:00,2773.50,CAD,failed,REFUND
T00004007,C000580,A000590,2025-06-17T09:03:36+00:00,3128.44,EUR,pending,SALE
T00004008,C000654,A000225,2025-11-08T22:07:01+00:00,4222.79,CAD,reversed,REFUND
T00004009,C000950,A001291,2025-07-04T02:43:12+00:00,4294.26,CAD,settled,TRANSFER
T00004010,C000491,A000530,2026-02-20T01:06:09+00:00,976.07,INR,pending,ADJUSTMENT
T00004011,C000602,A000871,2025-08-16T08:52:52+00:00,1258.68,USD,settled,SALE
T00004012,C000267,A000137,2025-05-31T12:59:31+00:00,1893.33,USD,settled,ADJUSTMENT
T00004013,C000493,A001032,2026-05-23T00:36:27+00:00,4378.90,GBP,failed,ADJUSTMENT
T00004014,C000588,A001492,2026-07-07T20:50:36+00:00,3941.41,GBP,settled,SALE
T00004015,C000496,A001195,2026-09-02T06:58:33+00:00,2707.76,CAD,reversed,SALE
T00004016,C000455,A001233,2025-03-21T19:30:10+00:00,360.49,GBP,failed,REFUND
T00004017,C000256,A000745,2026-07-29T11:58:27+00:00,4532.43,GBP,pending,SALE
T00004018,C000193,A001198,2025-08-03T13:41:11+00:00,4445.99,EUR,pending,SALE
T00004019,C000913,A000345,2025-07-08T03:01:11+00:00,3884.60,USD,failed,REFUND
T00004020,C000781,A000316,2025-05-05T05:14:24+00:00,2065.62,INR,failed,SALE
T00004021,C000316,A000049,2025-08-16T01:39:52+00:00,4482.01,INR,settled,SALE
T00004022,C000890,A000854,2026-02-03T10:29:11+00:00,4058.43,USD,failed,REFUND
T00004023,C000807,A000942,2026-04-12T14:53:30+00:00,1758.54,CAD,failed,TRANSFER
T00004024,C000562,A000783,2025-04-17T18:53:21+00:00,3625.88,CAD,reversed,TRANSFER
T00004025,C000109,A000793,2026-01-23T00:27:23+00:00,1126.56,USD,settled,ADJUSTMENT
T00004026,C000657,A000067,2025-10-13T05:14:36+00:00,80.19,USD,failed,SALE
T00004027,C000930,A000379,2025-08-30T08:23:23+00:00,4809.63,GBP,settled,ADJUSTMENT
T00004028,C000037,A000196,2026-07-16T16:16:32+00:00,3045.93,INR,settled,ADJUSTMENT
T00004029,C000115,A000861,2025-06-02T16:32:37+00:00,1203.41,EUR,reversed,SALE
T00004030,C000634,A001006,2026-04-02T09:42:25+00:00,2423.34,USD,failed,REFUND
T00004031,C000930,A000379,2026-06-15T03:20:32+00:00,1582.94,GBP,settled,SALE
T00004032,C000325,A000318,2026-07-31T05:22:28+00:00,4256.50,EUR,reversed,ADJUSTMENT
T00004033,C000146,A000415,2025-05-28T20:48:42+00:00,1411.54,GBP,failed,TRANSFER
T00004034,C000452,A000541,2026-04-22T15:46:24+00:00,2128.99,EUR,pending,REFUND
T00004035,C000752,A000674,2025-09-18T22:06:36+00:00,2006.06,USD,settled,SALE
T00004036,C000531,A000941,2025-09-04T01:54:10+00:00,3768.14,EUR,reversed,ADJUSTMENT
T00004037,C000472,A000597,2025-01-24T12:17:43+00:00,3763.64,GBP,pending,REFUND
T00004038,C000058,A000535,2025-11-21T10:58:01+00:00,1119.97,INR,failed,REFUND
T00004039,C000751,A001498,2025-09-30T14:50:26+00:00,3619.40,CAD,settled,ADJUSTMENT
T00004040,C000777,A000754,2025-02-01T23:31:22+00:00,3895.29,INR,reversed,REFUND
T00004041,C000994,A001078,2025-04-28T10:14:23+00:00,1795.86,USD,settled,SALE
T00004042,C000691,A000182,2025-03-13T15:44:46+00:00,144.03,USD,pending,REFUND
T00004043,C000506,A001419,2025-09-17T10:47:41+00:00,4692.03,CAD,reversed,ADJUSTMENT
T00004044,C000137,A000473,2025-10-10T20:38:07+00:00,2778.46,GBP,failed,REFUND
T00004045,C000714,A000200,2025-08-09T11:01:48+00:00,3380.31,EUR,pending,REFUND
T00004046,C000426,A000876,2026-02-12T14:18:39+00:00,2283.81,CAD,reversed,TRANSFER
T00004047,C000074,A001021,2025-06-09T20:38:40+00:00,2005.91,EUR,pending,ADJUSTMENT
T00004048,C000908,A000457,2026-04-08T14:52:53+00:00,1160.07,GBP,failed,TRANSFER
T00004049,C000164,A000833,2026-04-23T17:56:25+00:00,3681.70,CAD,reversed,SALE
T00004050,C000414,A000361,2025-03-19T00:49:41+00:00,3085.12,EUR,failed,TRANSFER
T00004051,C000901,A001248,2025-03-15T01:07:35+00:00,169.15,INR,failed,ADJUSTMENT
T00004052,C000578,A000015,2026-03-29T10:21:56+00:00,4830.29,GBP,settled,TRANSFER
T00004053,C000733,A000921,2025-09-21T05:35:44+00:00,4770.60,CAD,settled,REFUND
T00004054,C000807,A001302,2025-08-01T17:20:25+00:00,1403.75,EUR,settled,SALE
T00004055,C000495,A000557,2025-11-21T12:10:13+00:00,3775.46,GBP,reversed,TRANSFER
T00004056,C000195,A001128,2026-03-24T03:54:43+00:00,539.22,GBP,settled,ADJUSTMENT
T00004057,C000291,A001180,2026-05-09T22:56:15+00:00,4521.85,CAD,failed,SALE
T00004058,C000576,A001292,2025-09-20T18:19:25+00:00,509.83,CAD,settled,ADJUSTMENT
T00004059,C000780,A001402,2025-07-26T22:46:02+00:00,4928.70,INR,pending,SALE
T00004060,C000903,A000208,2025-10-13T10:29:24+00:00,327.21,GBP,pending,REFUND
T00004061,C000659,A000933,2026-08-22T00:51:46+00:00,2698.17,CAD,failed,SALE
T00004062,C000277,A001401,2025-10-14T17:08:35+00:00,1218.90,USD,failed,ADJUSTMENT
T00004063,C000553,A001398,2026-06-14T00:00:50+00:00,4505.07,INR,reversed,ADJUSTMENT
T00004064,C000941,A000981,2026-05-07T03:40:54+00:00,3921.79,EUR,pending,REFUND
T00004065,C000828,A000708,2025-08-25T23:57:05+00:00,3488.79,GBP,pending,ADJUSTMENT
T00004066,C000271,A000992,2026-05-30T20:08:21+00:00,3684.25,CAD,reversed,SALE
T00004067,C000697,A000877,2025-10-17T14:33:51+00:00,3851.30,USD,settled,REFUND
T00004068,C000060,A000238,2026-07-09T23:14:39+00:00,3067.04,GBP,failed,TRANSFER
T00004069,C000670,A000276,2025-01-25T03:51:46+00:00,4492.15,GBP,settled,SALE
T00004070,C000001,A000284,2026-03-28T01:04:23+00:00,2370.94,GBP,reversed,REFUND
T00004071,C000816,A000079,2025-04-19T17:03:54+00:00,2512.23,CAD,failed,TRANSFER
T00004072,C000508,A001206,2025-03-03T02:26:58+00:00,1896.74,INR,settled,TRANSFER
T00004073,C000291,A001328,2025-04-02T19:24:51+00:00,1713.66,CAD,reversed,TRANSFER
T00004074,C000909,A000781,2025-06-14T05:57:56+00:00,742.04,CAD,pending,ADJUSTMENT
T00004075,C000166,A001424,2025-04-27T02:35:18+00:00,3920.15,EUR,pending,TRANSFER
T00004076,C000202,A001452,2026-03-16T01:26:08+00:00,2620.61,GBP,settled,ADJUSTMENT
T00004077,C000882,A000960,2025-09-06T23:06:09+00:00,3367.70,USD,settled,SALE
T00004078,C000837,A000725,2026-01-07T11:57:27+00:00,1977.20,CAD,pending,REFUND
T00004079,C000505,A000164,2025-08-19T12:31:03+00:00,3578.67,USD,settled,REFUND
T00004080,C000889,A001318,2025-02-07T08:12:13+00:00,3037.84,EUR,reversed,REFUND
T00004081,C000256,A000615,2025-10-23T20:44:36+00:00,1506.10,EUR,pending,TRANSFER
T00004082,C000788,A000366,2026-06-29T00:45:05+00:00,2553.15,EUR,settled,SALE
T00004083,C000662,A000347,2026-01-25T07:01:24+00:00,3759.50,CAD,failed,ADJUSTMENT
T00004084,C000860,A000464,2026-08-10T17:58:03+00:00,1778.05,CAD,failed,TRANSFER
T00004085,C000985,A001040,2025-04-25T15:39:38+00:00,1281.96,INR,failed,REFUND
T00004086,C000328,A000331,2025-10-17T02:52:18+00:00,4510.55,EUR,failed,ADJUSTMENT
T00004087,C000026,A000188,2025-08-06T04:33:25+00:00,1088.38,INR,settled,SALE
T00004088,C000570,A000746,2026-02-24T17:58:52+00:00,4177.40,GBP,settled,REFUND
T00004089,C000019,A000439,2026-08-29T03:43:29+00:00,4937.09,USD,failed,SALE
T00004090,C000668,A000204,2025-05-03T11:02:26+00:00,739.50,CAD,reversed,SALE
T00004091,C000550,A000134,2026-03-12T12:53:07+00:00,3300.69,GBP,pending,TRANSFER
T00004092,C000300,A000495,2026-06-27T08:37:17+00:00,2920.11,INR,failed,TRANSFER
T00004093,C000189,A001270,2026-03-31T23:00:11+00:00,1466.52,GBP,pending,ADJUSTMENT
T00004094,C000930,A001189,2025-06-07T02:35:52+00:00,3475.77,GBP,reversed,TRANSFER
T00004095,C000959,A000410,2026-03-25T15:16:23+00:00,4235.80,CAD,settled,REFUND
T00004096,C000341,A000029,2025-09-22T21:04:24+00:00,1812.86,INR,failed,TRANSFER
T00004097,C000116,A000242,2026-01-16T03:08:04+00:00,4875.34,GBP,failed,TRANSFER
T00004098,C000316,A000264,2025-12-05T04:47:19+00:00,1732.79,GBP,settled,SALE
T00004099,C000803,A001385,2025-03-02T06:50:56+00:00,3682.00,EUR,reversed,SALE
T00004100,C000955,A001228,2026-01-05T22:55:01+00:00,2194.29,EUR,settled,ADJUSTMENT
T00004101,C000510,A000659,2026-05-16T18:29:52+00:00,3013.91,USD,failed,ADJUSTMENT
T00004102,C000813,A000562,2025-12-08T08:06:28+00:00,303.36,CAD,failed,REFUND
T00004103,C000800,A001210,2026-07-07T19:17:11+00:00,850.81,USD,pending,REFUND
T00004104,C000549,A000139,2026-07-13T02:08:22+00:00,1077.66,CAD,failed,REFUND
T00004105,C000419,A000216,2025-09-10T02:29:59+00:00,2481.60,USD,reversed,REFUND
T00004106,C000402,A000297,2025-02-13T00:12:30+00:00,4035.57,EUR,failed,TRANSFER
T00004107,C000385,A000500,2025-07-05T15:39:18+00:00,2212.47,INR,pending,REFUND
T00004108,C000822,A000732,2025-10-11T23:56:01+00:00,2173.68,GBP,pending,REFUND
T00004109,C000714,A000419,2026-07-23T22:27:54+00:00,2916.97,USD,failed,REFUND
T00004110,C000769,A000241,2025-07-31T11:01:46+00:00,2697.23,USD,failed,ADJUSTMENT
T00004111,C000753,A000482,2026-04-20T00:09:44+00:00,606.58,GBP,reversed,REFUND
T00004112,C000304,A000867,2025-03-01T14:18:48+00:00,2910.73,INR,pending,ADJUSTMENT
T00004113,C000520,A000072,2025-10-05T11:04:33+00:00,2679.48,INR,pending,REFUND
T00004114,C000091,A000907,2025-08-19T21:26:57+00:00,2352.76,USD,settled,REFUND
T00004115,C000971,A001070,2025-09-10T09:32:06+00:00,4307.86,INR,failed,SALE
T00004116,C000155,A000417,2026-06-10T11:00:33+00:00,2970.46,USD,reversed,SALE
T00004117,C000784,A000849,2026-06-30T20:58:20+00:00,4820.73,USD,pending,REFUND
T00004118,C000069,A000702,2026-06-20T05:09:30+00:00,1230.76,GBP,pending,ADJUSTMENT
T00004119,C000935,A000306,2026-05-14T11:44:50+00:00,4106.71,EUR,settled,ADJUSTMENT
T00004120,C000211,A001373,2025-08-06T10:04:49+00:00,4345.98,INR,failed,TRANSFER
T00004121,C000923,A000032,2025-02-17T21:08:13+00:00,421.59,GBP,reversed,REFUND
T00004122,C000833,A001355,2025-01-24T10:28:00+00:00,4522.10,USD,reversed,REFUND
T00004123,C000848,A000132,2025-11-30T17:14:30+00:00,2743.34,CAD,pending,SALE
T00004124,C000634,A001019,2026-04-22T01:43:41+00:00,3301.21,USD,failed,SALE
T00004125,C000833,A000806,2025-09-22T01:07:44+00:00,2044.78,GBP,settled,SALE
T00004126,C000581,A000531,2026-01-17T09:13:59+00:00,4573.48,EUR,reversed,ADJUSTMENT
T00004127,C000617,A000199,2025-12-03T05:10:39+00:00,1932.44,EUR,pending,REFUND
T00004128,C000382,A000275,2025-06-21T13:00:45+00:00,886.99,INR,failed,TRANSFER
T00004129,C000267,A000137,2025-03-29T21:53:50+00:00,1323.42,USD,pending,ADJUSTMENT
T00004130,C000543,A000631,2025-08-15T08:19:20+00:00,2785.72,CAD,reversed,TRANSFER
T00004131,C000919,A000582,2026-04-22T19:34:10+00:00,1135.25,EUR,settled,SALE
T00004132,C000326,A000552,2025-04-08T23:38:37+00:00,4617.84,CAD,reversed,ADJUSTMENT
T00004133,C000706,A000169,2026-04-12T11:20:34+00:00,318.19,GBP,settled,TRANSFER
T00004134,C000349,A000893,2025-01-16T00:28:00+00:00,79.97,USD,failed,SALE
T00004135,C000118,A000649,2025-03-12T11:42:22+00:00,1105.52,INR,settled,REFUND
T00004136,C000075,A001370,2026-07-23T03:08:02+00:00,3299.23,CAD,pending,TRANSFER
T00004137,C000206,A000012,2025-06-13T08:16:41+00:00,4675.54,CAD,pending,SALE
T00004138,C000155,A000417,2025-07-09T19:31:37+00:00,1803.69,USD,reversed,ADJUSTMENT
T00004139,C000815,A000581,2026-01-27T15:15:16+00:00,1032.40,INR,pending,SALE
T00004140,C000597,A001361,2026-08-04T22:33:14+00:00,4559.74,EUR,reversed,SALE
T00004141,C000320,A001139,2025-03-05T00:06:39+00:00,2226.75,CAD,settled,ADJUSTMENT
T00004142,C000837,A000982,2025-07-25T02:50:15+00:00,1834.66,USD,settled,ADJUSTMENT
T00004143,C000345,A000377,2026-06-27T20:08:48+00:00,4420.75,GBP,reversed,REFUND
T00004144,C000005,A000226,2025-05-16T11:20:48+00:00,714.94,CAD,settled,ADJUSTMENT
T00004145,C000896,A001428,2025-07-22T18:17:22+00:00,4841.26,INR,failed,REFUND
T00004146,C000494,A000248,2025-08-31T03:28:19+00:00,1870.16,GBP,pending,REFUND
T00004147,C000752,A000674,2025-11-20T09:39:37+00:00,1245.88,USD,settled,ADJUSTMENT
T00004148,C000315,A001226,2025-05-23T11:01:14+00:00,2614.76,USD,settled,SALE
T00004149,C000654,A000225,2026-05-22T14:06:21+00:00,4188.50,CAD,pending,REFUND
T00004150,C000566,A000155,2025-07-19T02:22:09+00:00,1002.01,GBP,reversed,REFUND
T00004151,C000161,A000572,2026-07-26T12:00:40+00:00,2881.52,GBP,pending,SALE
T00004152,C000960,A000449,2025-02-12T03:53:49+00:00,1985.57,INR,settled,SALE
T00004153,C000470,A001461,2025-01-29T02:09:15+00:00,2513.16,EUR,failed,SALE
T00004154,C000036,A000622,2026-01-05T00:00:20+00:00,2942.27,GBP,pending,TRANSFER
T00004155,C000429,A000837,2025-04-21T09:01:21+00:00,2312.64,EUR,settled,TRANSFER
T00004156,C000896,A000047,2025-04-04T22:15:56+00:00,1330.67,GBP,settled,SALE
T00004157,C000460,A000911,2026-05-10T21:23:32+00:00,612.09,GBP,reversed,SALE
T00004158,C000399,A000150,2025-02-18T12:37:46+00:00,464.22,EUR,reversed,TRANSFER
T00004159,C000753,A001082,2025-11-01T06:42:17+00:00,1554.59,INR,pending,REFUND
T00004160,C000064,A001085,2025-09-24T07:41:51+00:00,3511.57,USD,pending,SALE
T00004161,C000641,A000502,2025-10-19T01:36:20+00:00,271.20,USD,reversed,ADJUSTMENT
T00004162,C000161,A001219,2025-11-15T11:31:47+00:00,1967.09,GBP,pending,REFUND
T00004163,C000069,A001500,2025-11-07T22:49:48+00:00,1780.78,INR,settled,SALE
T00004164,C000694,A001338,2026-03-07T14:02:41+00:00,4519.73,EUR,reversed,REFUND
T00004165,C000590,A000149,2026-07-28T12:25:37+00:00,2006.33,GBP,pending,REFUND
T00004166,C000412,A001035,2026-08-27T14:29:23+00:00,2108.83,INR,settled,ADJUSTMENT
T00004167,C000596,A000042,2025-06-11T21:47:13+00:00,372.77,EUR,reversed,REFUND
T00004168,C000543,A000230,2026-05-02T18:35:50+00:00,15.14,EUR,pending,ADJUSTMENT
T00004169,C000380,A001269,2026-06-19T16:23:41+00:00,905.90,EUR,failed,TRANSFER
T00004170,C000162,A000996,2025-05-01T23:18:00+00:00,2940.42,CAD,pending,SALE
T00004171,C000580,A000590,2025-10-21T12:21:28+00:00,4661.80,EUR,reversed,SALE
T00004172,C000818,A000187,2025-12-21T04:31:05+00:00,1711.98,GBP,settled,TRANSFER
T00004173,C000593,A000872,2026-07-25T06:12:27+00:00,4695.45,CAD,pending,SALE
T00004174,C000232,A001359,2025-06-11T02:26:16+00:00,4010.59,INR,pending,TRANSFER
T00004175,C000219,A000016,2026-01-04T11:31:50+00:00,726.67,USD,reversed,REFUND
T00004176,C000248,A000903,2026-08-16T18:35:10+00:00,4987.17,CAD,failed,TRANSFER
T00004177,C000252,A001433,2026-06-09T03:58:03+00:00,2602.18,EUR,pending,TRANSFER
T00004178,C000590,A000149,2026-09-02T23:37:58+00:00,650.96,GBP,reversed,ADJUSTMENT
T00004179,C000479,A001366,2026-04-06T13:36:06+00:00,3896.41,CAD,settled,ADJUSTMENT
T00004180,C000643,A000143,2026-04-26T11:42:50+00:00,2277.73,CAD,reversed,SALE
T00004181,C000243,A001130,2025-05-24T16:52:51+00:00,3623.04,CAD,pending,SALE
T00004182,C000959,A000410,2026-06-28T22:49:01+00:00,1873.28,CAD,failed,TRANSFER
T00004183,C000301,A001312,2026-09-03T03:56:03+00:00,662.49,CAD,failed,SALE
T00004184,C000945,A000402,2025-06-20T06:45:25+00:00,2574.83,CAD,pending,REFUND
T00004185,C000638,A000932,2026-02-01T18:59:02+00:00,4756.11,CAD,pending,SALE
T00004186,C000156,A001259,2025-08-14T05:00:10+00:00,1506.85,INR,reversed,SALE
T00004187,C000381,A001389,2025-06-14T23:48:04+00:00,1568.65,INR,pending,ADJUSTMENT
T00004188,C000210,A001097,2025-03-18T11:30:50+00:00,4344.87,INR,failed,REFUND
T00004189,C000028,A000228,2025-01-09T19:12:53+00:00,2564.61,EUR,reversed,SALE
T00004190,C000796,A000503,2025-02-18T17:01:17+00:00,4455.51,USD,pending,ADJUSTMENT
T00004191,C000469,A001324,2025-09-20T03:12:16+00:00,4443.35,INR,failed,REFUND
T00004192,C000314,A001029,2025-02-13T07:11:55+00:00,2900.15,EUR,settled,ADJUSTMENT
T00004193,C000332,A001426,2026-02-25T10:26:13+00:00,3107.74,CAD,failed,REFUND
T00004194,C000727,A001345,2025-01-06T14:09:39+00:00,2663.48,CAD,reversed,SALE
T00004195,C000593,A000872,2025-06-14T09:40:02+00:00,4510.47,CAD,settled,ADJUSTMENT
T00004196,C000907,A001205,2025-01-08T01:23:21+00:00,1097.97,CAD,settled,TRANSFER
T00004197,C000969,A000091,2025-02-18T02:24:31+00:00,1359.28,CAD,reversed,REFUND
T00004198,C000168,A001337,2026-08-13T22:16:04+00:00,3344.02,USD,pending,REFUND
T00004199,C000575,A000929,2026-07-30T02:31:36+00:00,2314.68,INR,settled,ADJUSTMENT
T00004200,C000828,A000522,2026-09-06T14:51:42+00:00,273.99,USD,settled,SALE
T00004201,C000963,A000484,2025-01-06T23:04:46+00:00,1188.27,CAD,pending,REFUND
T00004202,C000440,A000234,2025-12-22T10:25:03+00:00,4936.33,GBP,reversed,TRANSFER
T00004203,C000051,A000168,2026-04-20T20:38:06+00:00,3312.29,CAD,failed,ADJUSTMENT
T00004204,C000289,A001284,2026-06-22T15:18:05+00:00,2962.60,INR,pending,ADJUSTMENT
T00004205,C000282,A001496,2025-10-19T19:04:57+00:00,1627.49,CAD,pending,ADJUSTMENT
T00004206,C000802,A000985,2025-05-31T00:56:47+00:00,3934.66,CAD,failed,TRANSFER
T00004207,C000399,A000428,2026-04-19T13:00:40+00:00,2652.63,INR,settled,REFUND
T00004208,C000514,A000564,2026-08-28T03:04:01+00:00,2018.33,EUR,failed,REFUND
T00004209,C000568,A001098,2026-08-30T06:31:39+00:00,3341.67,EUR,settled,TRANSFER
T00004210,C000949,A000224,2026-05-19T02:01:10+00:00,891.62,INR,pending,SALE
T00004211,C000762,A000086,2025-07-01T07:06:32+00:00,1590.92,GBP,failed,TRANSFER
T00004212,C000738,A001158,2026-05-18T15:14:12+00:00,1579.87,GBP,settled,TRANSFER
T00004213,C000682,A000239,2025-08-26T03:42:18+00:00,2577.40,EUR,pending,TRANSFER
T00004214,C000293,A001472,2025-07-24T04:13:14+00:00,4855.82,CAD,failed,REFUND
T00004215,C000752,A000674,2025-03-13T03:53:28+00:00,89.29,USD,settled,TRANSFER
T00004216,C000165,A001459,2026-06-07T13:53:20+00:00,1074.93,CAD,pending,ADJUSTMENT
T00004217,C000469,A001324,2026-09-06T19:05:23+00:00,4171.87,INR,failed,SALE
T00004218,C000167,A000252,2025-02-01T06:02:27+00:00,3484.16,CAD,failed,ADJUSTMENT
T00004219,C000848,A000132,2025-11-13T00:19:06+00:00,276.61,CAD,settled,TRANSFER
T00004220,C000351,A000847,2025-09-11T05:30:07+00:00,4126.98,CAD,failed,ADJUSTMENT
T00004221,C000153,A000156,2026-09-12T02:27:55+00:00,4347.85,CAD,failed,REFUND
T00004222,C000756,A000496,2025-06-03T20:15:20+00:00,216.86,GBP,pending,REFUND
T00004223,C000033,A001462,2025-08-28T00:54:14+00:00,2758.24,EUR,pending,TRANSFER
T00004224,C000957,A001151,2026-01-28T03:11:04+00:00,4072.63,EUR,pending,SALE
T00004225,C000322,A000634,2026-03-04T22:11:28+00:00,4340.02,GBP,reversed,ADJUSTMENT
T00004226,C000782,A000162,2026-08-12T21:48:43+00:00,3240.26,EUR,failed,SALE
T00004227,C000694,A000575,2026-05-30T13:04:31+00:00,207.30,GBP,reversed,ADJUSTMENT
T00004228,C000010,A000141,2025-02-20T01:20:56+00:00,4494.92,USD,reversed,REFUND
T00004229,C000325,A000318,2026-04-16T18:51:57+00:00,739.76,EUR,pending,SALE
T00004230,C000014,A001423,2025-11-20T17:02:15+00:00,4249.52,EUR,reversed,SALE
T00004231,C000655,A001074,2025-06-30T04:55:28+00:00,1743.66,USD,failed,ADJUSTMENT
T00004232,C000085,A000612,2026-08-01T20:33:57+00:00,3326.83,INR,reversed,SALE
T00004233,C000164,A000833,2026-05-06T12:15:53+00:00,1118.89,CAD,reversed,ADJUSTMENT
T00004234,C000120,A001255,2025-01-25T07:16:59+00:00,2904.66,GBP,failed,SALE
T00004235,C000925,A000914,2026-08-09T16:37:33+00:00,2988.36,INR,settled,TRANSFER
T00004236,C000554,A001244,2026-04-14T08:10:44+00:00,496.62,CAD,pending,TRANSFER
T00004237,C000291,A001180,2026-03-30T17:03:09+00:00,464.87,CAD,reversed,SALE
T00004238,C000510,A000010,2026-05-11T18:49:36+00:00,3052.60,GBP,settled,SALE
T00004239,C000942,A001138,2025-08-25T14:39:30+00:00,3679.92,GBP,settled,REFUND
T00004240,C000072,A001457,2026-02-19T09:57:32+00:00,994.94,INR,settled,REFUND
T00004241,C000894,A001358,2025-09-05T00:21:41+00:00,900.46,USD,failed,REFUND
T00004242,C000062,A001109,2026-03-11T01:30:15+00:00,4016.75,CAD,pending,ADJUSTMENT
T00004243,C000343,A001230,2025-10-19T14:40:46+00:00,901.38,EUR,pending,ADJUSTMENT
T00004244,C000981,A000765,2026-03-16T12:16:52+00:00,3015.93,INR,settled,SALE
T00004245,C000488,A000823,2025-07-01T17:49:46+00:00,1376.16,INR,pending,REFUND
T00004246,C000546,A001150,2025-11-12T05:12:12+00:00,1026.95,USD,settled,REFUND
T00004247,C000333,A001187,2025-12-22T20:31:49+00:00,4789.92,USD,failed,ADJUSTMENT
T00004248,C000655,A001079,2025-04-08T01:10:23+00:00,4041.37,INR,failed,TRANSFER
T00004249,C000870,A000918,2025-06-17T18:33:36+00:00,2189.65,USD,settled,ADJUSTMENT
T00004250,C000344,A000523,2025-06-30T01:06:19+00:00,114.89,GBP,failed,SALE
T00004251,C000105,A000744,2026-01-30T02:32:16+00:00,1923.24,EUR,pending,ADJUSTMENT
T00004252,C000397,A000247,2025-10-10T07:46:29+00:00,1197.58,INR,pending,SALE
T00004253,C000717,A000030,2025-10-14T12:53:17+00:00,2595.64,EUR,pending,REFUND
T00004254,C000619,A000534,2025-07-14T21:18:16+00:00,3747.14,USD,failed,TRANSFER
T00004255,C000285,A001286,2025-05-23T07:59:51+00:00,766.19,INR,settled,ADJUSTMENT
T00004256,C000864,A000339,2025-10-21T03:23:21+00:00,385.89,CAD,reversed,SALE
T00004257,C000758,A000493,2025-01-08T14:09:38+00:00,4289.40,USD,pending,SALE
T00004258,C000234,A000123,2025-09-17T10:04:13+00:00,4940.66,GBP,failed,TRANSFER
T00004259,C000289,A000740,2025-04-09T05:22:12+00:00,448.90,INR,settled,TRANSFER
T00004260,C000743,A000787,2026-01-01T13:10:21+00:00,2441.24,EUR,reversed,TRANSFER
T00004261,C000131,A001445,2025-07-03T10:06:36+00:00,1126.41,EUR,reversed,REFUND
T00004262,C000441,A001325,2025-10-05T16:23:54+00:00,707.67,INR,failed,TRANSFER
T00004263,C000543,A000230,2026-02-11T15:54:18+00:00,1441.56,EUR,reversed,TRANSFER
T00004264,C000373,A000796,2025-12-19T03:57:24+00:00,1732.62,GBP,reversed,REFUND
T00004265,C000956,A000901,2025-07-24T20:16:07+00:00,2165.45,GBP,reversed,SALE
T00004266,C000488,A000823,2025-05-29T05:11:04+00:00,3978.36,INR,pending,ADJUSTMENT
T00004267,C000925,A001137,2025-08-14T12:13:57+00:00,2394.06,EUR,settled,REFUND
T00004268,C000748,A001124,2025-10-12T13:33:16+00:00,4855.71,EUR,failed,TRANSFER
T00004269,C000764,A001430,2025-04-12T11:14:00+00:00,932.35,CAD,failed,SALE
T00004270,C000406,A000705,2025-10-10T02:51:38+00:00,3925.21,GBP,pending,SALE
T00004271,C000580,A000655,2025-12-21T09:37:19+00:00,4255.44,USD,settled,ADJUSTMENT
T00004272,C000332,A000258,2026-04-19T20:02:26+00:00,662.12,GBP,reversed,SALE
T00004273,C000388,A000130,2025-01-23T16:43:21+00:00,3984.57,EUR,failed,ADJUSTMENT
T00004274,C000534,A001335,2025-12-02T04:36:10+00:00,3502.07,USD,failed,ADJUSTMENT
T00004275,C000590,A000149,2025-10-03T13:51:56+00:00,1696.00,GBP,settled,SALE
T00004276,C000899,A000526,2026-01-05T07:20:21+00:00,4677.64,CAD,settled,REFUND
T00004277,C000432,A000987,2026-08-02T16:03:31+00:00,1706.97,EUR,settled,ADJUSTMENT
T00004278,C000896,A000047,2025-10-22T04:01:21+00:00,2639.98,GBP,reversed,REFUND
T00004279,C000814,A000375,2026-05-12T23:13:43+00:00,3556.98,CAD,settled,TRANSFER
T00004280,C000836,A000335,2025-08-10T08:07:49+00:00,2615.85,CAD,reversed,REFUND
T00004281,C000249,A001131,2025-10-07T09:21:54+00:00,132.77,GBP,pending,REFUND
T00004282,C000277,A001275,2025-02-15T20:06:05+00:00,601.05,CAD,failed,REFUND
T00004283,C000985,A001384,2025-02-22T15:46:24+00:00,4333.58,EUR,settled,TRANSFER
T00004284,C000113,A000975,2026-04-19T20:37:12+00:00,2549.60,USD,failed,ADJUSTMENT
T00004285,C000852,A000533,2025-03-31T21:32:17+00:00,3050.67,GBP,pending,SALE
T00004286,C000286,A000056,2026-07-27T10:29:14+00:00,4950.24,EUR,settled,TRANSFER
T00004287,C000492,A001122,2025-11-04T04:20:59+00:00,1488.81,INR,reversed,TRANSFER
T00004288,C000101,A001201,2026-02-14T02:34:08+00:00,1162.38,CAD,pending,ADJUSTMENT
T00004289,C000397,A000968,2026-02-09T00:06:25+00:00,1284.11,GBP,failed,SALE
T00004290,C000365,A001214,2026-06-02T08:04:54+00:00,284.05,EUR,pending,SALE
T00004291,C000099,A000218,2026-01-02T15:00:08+00:00,532.13,EUR,failed,REFUND
T00004292,C000320,A001139,2026-07-29T00:55:10+00:00,4607.30,CAD,settled,REFUND
T00004293,C000922,A000401,2025-06-08T11:43:06+00:00,4438.10,USD,reversed,REFUND
T00004294,C000384,A000686,2026-07-18T20:24:33+00:00,3913.12,GBP,settled,SALE
T00004295,C000510,A000010,2025-05-04T09:11:54+00:00,3304.55,GBP,pending,ADJUSTMENT
T00004296,C000588,A001492,2026-09-01T14:46:01+00:00,4157.59,GBP,reversed,ADJUSTMENT
T00004297,C000981,A001458,2026-06-16T16:49:01+00:00,475.50,INR,pending,REFUND
T00004298,C000019,A001178,2026-03-13T16:31:27+00:00,2345.49,INR,settled,ADJUSTMENT
T00004299,C000084,A000024,2025-10-29T18:49:17+00:00,3765.87,USD,reversed,ADJUSTMENT
T00004300,C000644,A000604,2025-10-23T14:31:55+00:00,1427.67,CAD,reversed,SALE
T00004301,C000365,A001214,2025-04-29T23:34:16+00:00,1040.69,EUR,reversed,REFUND
T00004302,C000878,A001243,2025-05-31T03:27:32+00:00,4867.06,CAD,pending,ADJUSTMENT
T00004303,C000845,A001340,2025-04-01T05:16:55+00:00,3742.04,EUR,pending,REFUND
T00004304,C000883,A000906,2026-01-16T11:50:01+00:00,3065.66,GBP,settled,SALE
T00004305,C000126,A001343,2026-09-08T20:40:34+00:00,2307.22,INR,settled,REFUND
T00004306,C000316,A000584,2026-05-03T13:47:52+00:00,3587.38,GBP,settled,ADJUSTMENT
T00004307,C000665,A000263,2025-04-17T12:44:57+00:00,3749.00,CAD,settled,TRANSFER
T00004308,C000277,A001275,2025-12-30T14:22:18+00:00,279.21,CAD,failed,ADJUSTMENT
T00004309,C000305,A000638,2025-11-09T18:19:29+00:00,2410.82,EUR,failed,ADJUSTMENT
T00004310,C000583,A000207,2026-03-20T04:54:34+00:00,3075.83,GBP,pending,SALE
T00004311,C000837,A000455,2026-01-17T03:02:11+00:00,4980.27,CAD,settled,SALE
T00004312,C000234,A000123,2025-01-16T03:39:56+00:00,1873.00,GBP,reversed,ADJUSTMENT
T00004313,C000530,A001209,2026-06-13T14:24:05+00:00,3171.88,USD,settled,TRANSFER
T00004314,C000005,A001282,2026-02-08T16:36:05+00:00,4944.01,INR,pending,REFUND
T00004315,C000955,A000304,2025-05-05T05:57:57+00:00,2396.79,EUR,pending,TRANSFER
T00004316,C000724,A000586,2025-08-02T19:36:26+00:00,447.29,CAD,reversed,TRANSFER
T00004317,C000886,A000762,2025-09-15T23:45:48+00:00,3753.30,INR,settled,ADJUSTMENT
T00004318,C000856,A000353,2025-08-29T15:44:41+00:00,741.27,USD,reversed,TRANSFER
T00004319,C000935,A000265,2025-08-06T21:11:17+00:00,133.77,INR,settled,SALE
T00004320,C000716,A000641,2025-04-09T04:10:43+00:00,4629.25,EUR,reversed,TRANSFER
T00004321,C000965,A000142,2025-01-27T09:31:57+00:00,997.22,USD,pending,TRANSFER
T00004322,C000449,A000571,2025-09-02T15:38:54+00:00,4311.12,USD,reversed,REFUND
T00004323,C000896,A000047,2026-01-04T09:19:20+00:00,3311.94,GBP,pending,REFUND
T00004324,C000416,A000262,2025-03-27T02:50:21+00:00,1047.24,USD,reversed,ADJUSTMENT
T00004325,C000205,A001400,2025-08-28T04:28:07+00:00,3172.01,EUR,settled,ADJUSTMENT
T00004326,C000924,A001378,2025-03-04T18:49:06+00:00,2890.42,CAD,reversed,ADJUSTMENT
T00004327,C000840,A000884,2025-02-19T09:36:39+00:00,2106.23,GBP,pending,ADJUSTMENT
T00004328,C000261,A001092,2025-08-05T11:26:09+00:00,3982.66,CAD,failed,SALE
T00004329,C000848,A001321,2026-01-27T17:00:23+00:00,2767.77,CAD,failed,TRANSFER
T00004330,C000554,A000050,2025-10-17T03:57:01+00:00,2151.81,INR,reversed,ADJUSTMENT
T00004331,C000371,A000784,2025-01-05T04:08:48+00:00,332.56,GBP,reversed,REFUND
T00004332,C000912,A001357,2026-06-05T08:39:42+00:00,2963.98,USD,pending,REFUND
T00004333,C000318,A000711,2025-10-16T11:42:54+00:00,1049.00,GBP,settled,TRANSFER
T00004334,C000100,A000554,2026-05-01T05:28:54+00:00,1744.03,EUR,failed,SALE
T00004335,C000022,A000065,2025-10-06T03:36:08+00:00,1447.47,EUR,settled,REFUND
T00004336,C000862,A001207,2025-04-02T01:24:01+00:00,4442.04,GBP,settled,REFUND
T00004337,C000252,A001433,2026-07-24T07:13:25+00:00,1304.29,EUR,pending,SALE
T00004338,C000753,A001418,2025-09-23T13:02:12+00:00,1308.64,INR,settled,ADJUSTMENT
T00004339,C000190,A000559,2026-01-06T00:43:01+00:00,3356.47,GBP,pending,TRANSFER
T00004340,C000465,A000920,2025-12-13T17:35:03+00:00,2925.92,GBP,reversed,SALE
T00004341,C000751,A001498,2026-04-20T05:53:36+00:00,2013.32,CAD,failed,REFUND
T00004342,C000550,A000916,2026-06-08T14:03:12+00:00,3099.83,USD,failed,ADJUSTMENT
T00004343,C000398,A000894,2026-02-07T11:14:27+00:00,1231.81,INR,settled,TRANSFER
T00004344,C000305,A000652,2026-06-12T15:14:23+00:00,560.91,GBP,settled,TRANSFER
T00004345,C000664,A000342,2025-08-09T02:03:18+00:00,3374.36,CAD,reversed,ADJUSTMENT
T00004346,C000822,A001484,2025-05-19T04:19:11+00:00,2896.93,USD,pending,ADJUSTMENT
T00004347,C000737,A001242,2025-11-23T12:41:42+00:00,1859.59,INR,settled,TRANSFER
T00004348,C000109,A001014,2025-02-27T15:56:22+00:00,1057.10,INR,reversed,TRANSFER
T00004349,C000605,A000497,2025-06-15T22:03:51+00:00,1716.60,INR,pending,REFUND
T00004350,C000793,A000969,2025-05-27T04:56:12+00:00,203.95,CAD,pending,REFUND
T00004351,C000960,A000170,2025-10-13T10:05:39+00:00,920.01,EUR,failed,REFUND
T00004352,C000292,A000485,2025-06-21T19:39:15+00:00,1223.57,EUR,settled,TRANSFER
T00004353,C000190,A000559,2026-03-25T15:13:28+00:00,2838.71,GBP,reversed,SALE
T00004354,C000106,A000527,2026-06-19T04:14:05+00:00,2620.09,USD,reversed,SALE
T00004355,C000331,A001316,2025-01-22T18:02:51+00:00,2895.03,EUR,pending,SALE
T00004356,C000678,A000699,2025-03-19T22:26:48+00:00,50.16,EUR,reversed,REFUND
T00004357,C000277,A001401,2026-01-29T09:57:24+00:00,4303.41,USD,failed,REFUND
T00004358,C000949,A001395,2025-03-08T08:16:31+00:00,1282.99,INR,pending,REFUND
T00004359,C000168,A000324,2025-08-07T23:50:05+00:00,3304.19,INR,reversed,ADJUSTMENT
T00004360,C000700,A000815,2025-03-08T20:24:28+00:00,2511.50,INR,reversed,REFUND
T00004361,C000709,A000515,2025-05-20T14:18:35+00:00,2817.15,GBP,pending,SALE
T00004362,C000567,A000509,2025-02-13T17:46:54+00:00,3076.27,INR,reversed,REFUND
T00004363,C000069,A001181,2025-06-05T07:46:30+00:00,692.52,GBP,reversed,TRANSFER
T00004364,C000544,A000596,2026-01-15T14:28:57+00:00,3163.09,GBP,failed,SALE
T00004365,C000602,A000871,2025-12-03T12:04:09+00:00,1282.65,USD,settled,ADJUSTMENT
T00004366,C000791,A000394,2025-02-03T13:59:31+00:00,4795.91,EUR,reversed,TRANSFER
T00004367,C000980,A001362,2025-06-19T10:30:06+00:00,3310.57,USD,settled,SALE
T00004368,C000385,A000500,2025-12-14T09:51:56+00:00,220.30,INR,pending,ADJUSTMENT
T00004369,C000644,A000093,2025-03-11T21:35:03+00:00,2311.27,EUR,failed,REFUND
T00004370,C000885,A000055,2026-06-28T17:49:45+00:00,206.60,GBP,settled,SALE
T00004371,C000852,A000533,2025-01-13T09:06:45+00:00,2651.78,GBP,settled,REFUND
T00004372,C000925,A001137,2026-07-02T02:49:21+00:00,1818.27,EUR,reversed,REFUND
T00004373,C000686,A000925,2026-05-15T19:13:10+00:00,3303.15,USD,pending,TRANSFER
T00004374,C000305,A000638,2025-03-05T17:01:37+00:00,4272.34,EUR,pending,TRANSFER
T00004375,C000116,A000785,2026-03-22T01:50:02+00:00,2251.28,GBP,failed,SALE
T00004376,C000234,A000113,2026-07-09T21:29:49+00:00,2654.65,CAD,settled,REFUND
T00004377,C000975,A000363,2025-01-21T18:55:38+00:00,2641.39,CAD,settled,REFUND
T00004378,C000973,A000668,2025-08-27T08:21:58+00:00,4153.87,GBP,pending,REFUND
T00004379,C000949,A000224,2025-10-26T21:26:07+00:00,1890.45,INR,failed,REFUND
T00004380,C000756,A000953,2025-10-10T05:24:26+00:00,1638.27,USD,settled,TRANSFER
T00004381,C000111,A000616,2025-08-17T09:49:43+00:00,909.89,INR,failed,TRANSFER
T00004382,C000260,A000468,2025-07-06T20:20:27+00:00,4856.69,EUR,reversed,TRANSFER
T00004383,C000667,A000330,2026-03-20T03:06:06+00:00,2353.76,GBP,failed,SALE
T00004384,C000852,A000244,2026-01-02T05:53:03+00:00,3583.20,GBP,reversed,SALE
T00004385,C000279,A000291,2025-06-21T17:03:35+00:00,2632.86,CAD,pending,REFUND
T00004386,C000403,A001060,2025-08-03T03:44:09+00:00,1284.08,CAD,failed,TRANSFER
T00004387,C000150,A000161,2025-11-28T02:54:49+00:00,2199.95,INR,pending,REFUND
T00004388,C000447,A000605,2026-08-23T06:19:43+00:00,4069.21,INR,failed,REFUND
T00004389,C000406,A000705,2026-08-21T04:24:05+00:00,4808.30,GBP,failed,SALE
T00004390,C000568,A001250,2025-12-31T07:42:10+00:00,2159.11,GBP,settled,ADJUSTMENT
T00004391,C000804,A001409,2025-12-21T14:33:51+00:00,489.55,USD,reversed,SALE
T00004392,C000287,A001149,2025-12-04T03:14:44+00:00,1511.41,GBP,reversed,SALE
T00004393,C000833,A001355,2025-10-29T13:40:36+00:00,103.57,USD,failed,TRANSFER
T00004394,C000173,A001311,2025-06-11T02:47:28+00:00,1854.81,USD,settled,TRANSFER
T00004395,C000637,A000700,2026-01-19T07:13:58+00:00,4081.66,CAD,settled,ADJUSTMENT
T00004396,C000449,A001421,2026-05-26T08:39:14+00:00,927.36,CAD,reversed,TRANSFER
T00004397,C000595,A000477,2025-01-23T22:46:43+00:00,4106.10,USD,settled,REFUND
T00004398,C000505,A000332,2026-07-30T10:39:03+00:00,1284.98,CAD,pending,SALE
T00004399,C000017,A000327,2025-10-17T13:56:34+00:00,3600.25,EUR,settled,REFUND
T00004400,C000093,A001379,2025-10-22T23:42:07+00:00,3718.11,CAD,pending,REFUND
T00004401,C000299,A000382,2026-04-29T13:41:33+00:00,826.01,CAD,failed,SALE
T00004402,C000510,A001144,2025-02-04T13:54:27+00:00,2565.37,GBP,reversed,SALE
T00004403,C000500,A001084,2025-06-28T17:44:40+00:00,4800.41,INR,settled,REFUND
T00004404,C000492,A001122,2025-08-08T19:22:26+00:00,3539.53,INR,failed,SALE
T00004405,C000576,A001292,2025-12-06T10:31:07+00:00,1804.05,CAD,pending,SALE
T00004406,C000108,A000657,2025-01-07T03:06:29+00:00,3600.51,INR,failed,REFUND
T00004407,C000746,A000314,2026-04-30T11:51:24+00:00,3950.43,GBP,failed,TRANSFER
T00004408,C000581,A001169,2025-02-20T21:48:20+00:00,2531.06,USD,pending,TRANSFER
T00004409,C000008,A001111,2026-01-23T19:17:13+00:00,4461.48,USD,pending,SALE
T00004410,C000350,A001427,2025-07-22T20:29:55+00:00,174.34,USD,failed,SALE
T00004411,C000304,A000867,2025-04-27T05:08:24+00:00,3423.15,INR,settled,SALE
T00004412,C000636,A001136,2025-06-16T18:28:52+00:00,4136.72,GBP,failed,ADJUSTMENT
T00004413,C000554,A000050,2025-04-11T18:59:13+00:00,2442.25,INR,settled,REFUND
T00004414,C000269,A000371,2026-07-26T12:24:55+00:00,3700.45,CAD,reversed,REFUND
T00004415,C000261,A001092,2026-03-22T12:34:29+00:00,4200.80,CAD,settled,REFUND
T00004416,C000656,A000338,2025-04-20T01:46:12+00:00,4575.37,GBP,reversed,SALE
T00004417,C000738,A000384,2025-05-10T01:43:22+00:00,2562.53,CAD,pending,ADJUSTMENT
T00004418,C000494,A000516,2025-11-07T03:53:32+00:00,4257.02,GBP,reversed,REFUND
T00004419,C000349,A000893,2026-04-09T17:33:54+00:00,918.32,USD,reversed,REFUND
T00004420,C000852,A000533,2025-08-14T16:56:35+00:00,1073.51,GBP,settled,ADJUSTMENT
T00004421,C000531,A000075,2026-02-10T15:48:54+00:00,2261.62,USD,reversed,TRANSFER
T00004422,C000549,A000416,2026-01-29T20:54:48+00:00,1172.72,EUR,settled,TRANSFER
T00004423,C000617,A000199,2025-11-06T21:51:24+00:00,4464.94,EUR,settled,TRANSFER
T00004424,C000027,A000551,2025-05-06T10:56:04+00:00,3688.63,GBP,settled,ADJUSTMENT
T00004425,C000965,A001022,2025-12-21T03:00:42+00:00,1621.35,EUR,reversed,REFUND
T00004426,C000652,A001113,2026-01-05T02:58:01+00:00,1216.25,GBP,reversed,ADJUSTMENT
T00004427,C000712,A000068,2026-08-13T10:04:57+00:00,1305.57,EUR,pending,SALE
T00004428,C000686,A000966,2026-03-17T20:40:14+00:00,931.20,GBP,pending,SALE
T00004429,C000817,A000476,2026-06-08T14:33:32+00:00,2826.79,CAD,pending,TRANSFER
T00004430,C000734,A001008,2026-07-16T15:30:54+00:00,3364.13,CAD,reversed,REFUND
T00004431,C000830,A000279,2025-04-12T02:40:42+00:00,876.69,GBP,failed,REFUND
T00004432,C000599,A000653,2026-06-16T10:57:06+00:00,1131.68,INR,pending,SALE
T00004433,C000053,A000138,2025-09-22T03:19:27+00:00,1009.15,CAD,failed,ADJUSTMENT
T00004434,C000342,A000870,2026-04-04T11:02:38+00:00,1020.41,GBP,settled,REFUND
T00004435,C000893,A001037,2025-06-26T09:02:45+00:00,1384.56,EUR,failed,SALE
T00004436,C000852,A000679,2025-04-15T20:02:33+00:00,4805.39,INR,failed,ADJUSTMENT
T00004437,C000224,A000084,2026-02-27T17:51:28+00:00,4619.83,GBP,pending,SALE
T00004438,C000273,A001416,2025-09-22T03:27:28+00:00,3787.42,INR,reversed,REFUND
T00004439,C000103,A000383,2025-01-10T17:50:10+00:00,2647.61,CAD,failed,REFUND
T00004440,C000947,A000970,2026-06-09T19:31:55+00:00,4838.19,INR,failed,ADJUSTMENT
T00004441,C000580,A000655,2025-11-08T17:58:02+00:00,4141.27,USD,pending,SALE
T00004442,C000125,A001083,2025-09-18T01:38:42+00:00,3847.96,CAD,settled,SALE
T00004443,C000062,A001109,2025-06-09T19:10:48+00:00,4815.14,CAD,failed,REFUND
T00004444,C000865,A000645,2025-05-21T23:18:19+00:00,3064.07,INR,failed,TRANSFER
T00004445,C000495,A001281,2026-04-20T16:53:19+00:00,245.35,EUR,pending,TRANSFER
T00004446,C000440,A000809,2026-03-31T22:51:39+00:00,3623.97,GBP,pending,ADJUSTMENT
T00004447,C000806,A000721,2025-06-15T02:34:15+00:00,4485.26,INR,reversed,TRANSFER
T00004448,C000111,A000616,2026-01-28T22:01:23+00:00,4882.64,INR,reversed,ADJUSTMENT
T00004449,C000091,A001025,2025-06-11T16:08:43+00:00,3185.31,EUR,reversed,TRANSFER
T00004450,C000258,A001481,2025-07-14T04:07:55+00:00,2947.25,INR,pending,SALE
T00004451,C000387,A000646,2025-12-20T13:20:36+00:00,2275.47,INR,pending,TRANSFER
T00004452,C000202,A001452,2026-06-23T18:52:59+00:00,23.82,GBP,reversed,TRANSFER
T00004453,C000479,A000073,2025-04-21T18:16:31+00:00,2867.79,USD,pending,REFUND
T00004454,C000010,A000141,2026-05-27T22:40:56+00:00,4466.12,USD,reversed,SALE
T00004455,C000876,A001186,2025-12-30T05:50:32+00:00,3332.81,EUR,settled,REFUND
T00004456,C000305,A000638,2026-06-06T21:46:38+00:00,2146.45,EUR,pending,SALE
T00004457,C000798,A000939,2025-03-11T18:44:43+00:00,3952.28,USD,settled,ADJUSTMENT
T00004458,C000553,A001398,2026-03-24T04:25:31+00:00,1326.50,INR,settled,REFUND
T00004459,C000870,A000918,2025-12-04T08:37:35+00:00,4995.34,USD,pending,REFUND
T00004460,C000670,A000276,2026-07-03T22:43:18+00:00,123.70,GBP,settled,SALE
T00004461,C000806,A000721,2026-03-15T19:01:43+00:00,3217.10,INR,pending,TRANSFER
T00004462,C000738,A000384,2025-12-21T12:02:11+00:00,24.13,CAD,failed,ADJUSTMENT
T00004463,C000220,A000952,2026-05-10T15:46:52+00:00,4049.48,EUR,pending,SALE
T00004464,C000585,A001278,2026-01-22T04:04:35+00:00,626.17,EUR,settled,TRANSFER
T00004465,C000396,A001493,2026-03-07T22:22:55+00:00,3592.92,USD,pending,ADJUSTMENT
T00004466,C000783,A000021,2025-02-17T07:38:19+00:00,3068.88,GBP,pending,TRANSFER
T00004467,C000821,A000387,2025-06-16T00:45:31+00:00,272.77,EUR,settled,REFUND
T00004468,C000656,A000704,2025-06-19T22:15:38+00:00,4135.16,GBP,reversed,SALE
T00004469,C000877,A001044,2025-01-09T10:43:52+00:00,3827.35,EUR,pending,REFUND
T00004470,C000168,A000184,2026-04-03T07:21:18+00:00,549.43,USD,settled,TRANSFER
T00004471,C000764,A001430,2025-05-26T15:09:30+00:00,3367.81,CAD,failed,TRANSFER
T00004472,C000637,A000367,2025-10-17T15:14:42+00:00,2053.40,GBP,settled,TRANSFER
T00004473,C000801,A000831,2026-07-26T13:10:26+00:00,3178.05,USD,reversed,SALE
T00004474,C000465,A001208,2025-03-23T19:40:42+00:00,2696.73,EUR,settled,REFUND
T00004475,C000229,A000111,2025-10-26T04:29:49+00:00,1354.02,CAD,reversed,TRANSFER
T00004476,C000340,A000817,2025-12-19T14:24:24+00:00,2587.98,USD,reversed,SALE
T00004477,C000675,A000642,2026-09-03T10:10:22+00:00,2489.73,INR,failed,ADJUSTMENT
T00004478,C000283,A000537,2025-05-24T11:49:53+00:00,1943.60,INR,reversed,REFUND
T00004479,C000389,A001296,2025-02-11T03:30:09+00:00,1625.26,USD,pending,REFUND
T00004480,C000183,A000644,2025-05-27T01:07:07+00:00,4635.23,GBP,pending,TRANSFER
T00004481,C000983,A000486,2025-01-26T15:14:00+00:00,1015.36,CAD,settled,REFUND
T00004482,C000774,A001239,2025-08-04T21:09:21+00:00,273.24,INR,pending,ADJUSTMENT
T00004483,C000168,A000425,2026-03-15T17:27:44+00:00,1422.31,CAD,pending,SALE
T00004484,C000650,A000355,2025-04-10T03:40:08+00:00,3851.42,USD,pending,REFUND
T00004485,C000952,A000053,2025-01-28T11:15:27+00:00,2224.99,INR,reversed,ADJUSTMENT
T00004486,C000679,A000354,2026-08-03T14:56:36+00:00,3719.77,CAD,pending,ADJUSTMENT
T00004487,C000402,A000297,2026-04-07T14:08:51+00:00,3749.89,EUR,pending,ADJUSTMENT
T00004488,C000714,A000419,2025-06-08T08:46:08+00:00,4130.53,USD,reversed,REFUND
T00004489,C000793,A000969,2025-08-23T11:57:00+00:00,884.70,CAD,reversed,ADJUSTMENT
T00004490,C000229,A001174,2026-05-24T12:15:35+00:00,732.00,CAD,reversed,ADJUSTMENT
T00004491,C000905,A000480,2026-06-25T09:45:01+00:00,3384.75,CAD,pending,ADJUSTMENT
T00004492,C000530,A001209,2025-09-06T13:29:55+00:00,2434.63,USD,pending,SALE
T00004493,C000726,A000080,2026-04-13T22:45:49+00:00,2156.72,USD,pending,REFUND
T00004494,C000605,A000031,2026-04-07T17:22:03+00:00,3663.64,CAD,failed,ADJUSTMENT
T00004495,C000008,A000240,2025-04-14T05:52:01+00:00,974.96,GBP,reversed,REFUND
T00004496,C000231,A001351,2026-01-06T13:58:01+00:00,1385.10,CAD,pending,ADJUSTMENT
T00004497,C000244,A001289,2025-10-01T08:21:27+00:00,302.74,CAD,reversed,SALE
T00004498,C000956,A000206,2026-06-19T05:06:39+00:00,637.18,CAD,pending,SALE
T00004499,C000646,A001095,2025-08-22T06:59:28+00:00,198.25,INR,failed,TRANSFER
T00004500,C000580,A000655,2026-05-20T02:47:19+00:00,1842.44,USD,failed,TRANSFER
T00004501,C000519,A000656,2025-07-07T07:00:54+00:00,1607.50,EUR,settled,ADJUSTMENT
T00004502,C000229,A001174,2025-03-23T02:27:31+00:00,736.01,CAD,failed,SALE
T00004503,C000069,A001442,2026-03-09T08:04:27+00:00,1697.93,INR,failed,SALE
T00004504,C000777,A001017,2026-08-19T12:28:05+00:00,1120.14,EUR,pending,ADJUSTMENT
T00004505,C000894,A000563,2025-10-20T15:11:13+00:00,71.72,CAD,settled,TRANSFER
T00004506,C000603,A001116,2025-01-20T17:34:04+00:00,2059.46,GBP,reversed,ADJUSTMENT
T00004507,C000400,A000986,2025-01-07T10:06:56+00:00,1411.69,CAD,failed,SALE
T00004508,C000141,A001271,2025-09-29T02:49:51+00:00,824.99,CAD,failed,REFUND
T00004509,C000959,A000410,2025-03-25T04:15:21+00:00,85.70,CAD,settled,SALE
T00004510,C000385,A000500,2025-07-31T07:38:21+00:00,4092.39,INR,pending,TRANSFER
T00004511,C000321,A000177,2026-08-03T17:20:19+00:00,1058.91,USD,reversed,TRANSFER
T00004512,C000893,A001075,2025-11-14T12:29:28+00:00,119.66,INR,settled,ADJUSTMENT
T00004513,C000228,A000799,2025-04-01T13:27:20+00:00,1898.48,INR,settled,SALE
T00004514,C000332,A001426,2025-09-20T21:34:24+00:00,1677.46,CAD,pending,ADJUSTMENT
T00004515,C000452,A000965,2025-04-23T14:02:26+00:00,842.43,GBP,failed,TRANSFER
T00004516,C000055,A000393,2025-11-27T06:24:30+00:00,632.27,CAD,pending,SALE
T00004517,C000419,A000216,2025-03-22T09:30:03+00:00,421.58,USD,settled,ADJUSTMENT
T00004518,C000489,A000511,2026-04-06T21:07:57+00:00,4748.56,INR,pending,ADJUSTMENT
T00004519,C000888,A000089,2025-12-30T20:04:17+00:00,1736.34,EUR,pending,ADJUSTMENT
T00004520,C000416,A001429,2025-05-18T03:06:48+00:00,3493.17,GBP,reversed,TRANSFER
T00004521,C000626,A001081,2026-06-18T14:43:34+00:00,4891.31,INR,failed,TRANSFER
T00004522,C000609,A000819,2025-04-15T11:52:30+00:00,3163.67,CAD,settled,REFUND
T00004523,C000036,A000622,2026-07-20T23:51:52+00:00,4464.20,GBP,settled,REFUND
T00004524,C000335,A001491,2026-03-14T08:07:52+00:00,13.07,INR,settled,ADJUSTMENT
T00004525,C000597,A001361,2026-05-14T04:52:25+00:00,374.55,EUR,failed,TRANSFER
T00004526,C000091,A000907,2025-05-24T16:18:52+00:00,3020.13,USD,failed,TRANSFER
T00004527,C000576,A000249,2026-03-18T17:43:11+00:00,3702.13,GBP,pending,SALE
T00004528,C000617,A000368,2025-12-07T08:49:48+00:00,3358.54,EUR,reversed,REFUND
T00004529,C000708,A000974,2025-06-30T06:37:17+00:00,1738.98,GBP,pending,TRANSFER
T00004530,C000405,A001072,2025-05-20T13:23:45+00:00,4396.62,USD,reversed,REFUND
T00004531,C000005,A001168,2025-02-01T12:08:46+00:00,2111.11,EUR,reversed,REFUND
T00004532,C000780,A001402,2025-03-11T15:37:15+00:00,1115.63,INR,settled,TRANSFER
T00004533,C000068,A000231,2026-04-11T22:01:34+00:00,553.85,INR,reversed,ADJUSTMENT
T00004534,C000615,A001218,2025-03-01T23:25:41+00:00,404.19,INR,settled,ADJUSTMENT
T00004535,C000822,A000052,2026-04-11T08:42:00+00:00,1026.32,GBP,reversed,ADJUSTMENT
T00004536,C000624,A000459,2025-10-02T04:24:06+00:00,2362.25,GBP,reversed,SALE
T00004537,C000624,A000085,2026-05-03T05:42:53+00:00,206.65,GBP,pending,TRANSFER
T00004538,C000959,A000410,2025-11-06T19:26:49+00:00,634.02,CAD,failed,REFUND
T00004539,C000567,A000609,2025-07-15T11:50:36+00:00,1301.64,GBP,settled,TRANSFER
T00004540,C000518,A000999,2026-08-28T12:23:28+00:00,4699.32,USD,settled,ADJUSTMENT
T00004541,C000373,A000796,2026-06-27T01:21:28+00:00,3388.03,GBP,reversed,SALE
T00004542,C000292,A000232,2026-03-12T13:04:35+00:00,84.69,INR,reversed,SALE
T00004543,C000162,A000996,2025-12-11T20:44:49+00:00,2519.98,CAD,failed,TRANSFER
T00004544,C000287,A001149,2025-02-19T11:22:21+00:00,1096.26,GBP,reversed,TRANSFER
T00004545,C000627,A001042,2025-09-23T20:00:42+00:00,3596.16,USD,failed,ADJUSTMENT
T00004546,C000975,A000102,2025-02-22T10:51:50+00:00,3565.22,INR,pending,ADJUSTMENT
T00004547,C000954,A000821,2025-02-13T01:46:40+00:00,1248.31,EUR,reversed,REFUND
T00004548,C000374,A000583,2025-03-04T21:30:38+00:00,4753.51,GBP,reversed,SALE
T00004549,C000116,A000413,2026-03-26T01:13:17+00:00,3124.89,USD,settled,REFUND
T00004550,C000511,A000728,2026-08-22T10:39:52+00:00,71.79,GBP,reversed,ADJUSTMENT
T00004551,C000573,A001388,2026-09-01T21:24:15+00:00,4126.34,GBP,reversed,ADJUSTMENT
T00004552,C000801,A001413,2025-07-10T19:06:47+00:00,2426.04,INR,pending,REFUND
T00004553,C000279,A000071,2025-09-12T17:16:08+00:00,1037.46,USD,settled,ADJUSTMENT
T00004554,C000088,A000424,2026-06-18T06:14:05+00:00,610.06,GBP,settled,REFUND
T00004555,C000138,A000980,2026-09-09T20:00:01+00:00,2630.36,CAD,settled,SALE
T00004556,C000597,A001361,2025-08-13T22:23:32+00:00,4487.45,EUR,reversed,ADJUSTMENT
T00004557,C000700,A000066,2025-11-08T13:06:10+00:00,34.12,CAD,pending,ADJUSTMENT
T00004558,C000533,A000312,2026-02-19T07:23:10+00:00,121.45,EUR,settled,REFUND
T00004559,C000014,A000245,2026-07-02T06:32:24+00:00,1678.12,INR,reversed,TRANSFER
T00004560,C000731,A001041,2025-05-04T16:12:21+00:00,1692.68,EUR,pending,TRANSFER
T00004561,C000985,A001223,2026-01-16T18:54:51+00:00,3410.23,GBP,settled,SALE
T00004562,C000326,A000552,2025-08-28T17:48:00+00:00,1298.29,CAD,failed,ADJUSTMENT
T00004563,C000543,A000631,2026-01-06T08:30:41+00:00,1409.79,CAD,settled,SALE
T00004564,C000896,A001428,2026-08-27T20:27:59+00:00,1328.89,INR,reversed,TRANSFER
T00004565,C000602,A000871,2025-12-02T05:18:28+00:00,972.29,USD,settled,TRANSFER
T00004566,C000104,A001112,2025-10-21T02:08:21+00:00,4917.75,CAD,reversed,TRANSFER
T00004567,C000482,A001256,2025-10-25T08:11:47+00:00,1904.13,INR,pending,SALE
T00004568,C000220,A000952,2026-05-28T07:37:20+00:00,3153.94,EUR,failed,SALE
T00004569,C000413,A000181,2026-09-02T22:27:09+00:00,4017.03,CAD,settled,REFUND
T00004570,C000839,A001203,2026-08-08T20:12:28+00:00,2528.60,GBP,settled,SALE
T00004571,C000172,A000800,2025-10-24T20:49:52+00:00,454.99,USD,failed,SALE
T00004572,C000047,A000101,2026-06-17T06:00:20+00:00,2934.08,GBP,reversed,ADJUSTMENT
T00004573,C000523,A000237,2026-01-30T01:31:52+00:00,2112.91,CAD,failed,TRANSFER
T00004574,C000130,A001257,2026-01-06T09:41:49+00:00,4791.68,CAD,failed,ADJUSTMENT
T00004575,C000371,A000784,2026-07-29T04:18:48+00:00,216.95,GBP,reversed,SALE
T00004576,C000807,A000957,2025-11-20T14:24:18+00:00,1743.88,GBP,settled,ADJUSTMENT
T00004577,C000620,A001431,2026-07-22T11:41:20+00:00,2036.72,USD,failed,TRANSFER
T00004578,C000758,A000493,2026-08-09T15:18:17+00:00,2794.40,USD,pending,SALE
T00004579,C000919,A000927,2026-08-05T11:00:12+00:00,1111.27,EUR,reversed,SALE
T00004580,C000316,A000049,2025-09-23T17:17:03+00:00,3694.49,INR,pending,SALE
T00004581,C000949,A000567,2025-11-16T09:08:45+00:00,1292.52,CAD,reversed,TRANSFER
T00004582,C000837,A000725,2026-05-02T14:15:52+00:00,1644.91,CAD,pending,SALE
T00004583,C000822,A001484,2026-01-15T19:15:30+00:00,1808.45,USD,pending,ADJUSTMENT
T00004584,C000398,A000894,2026-05-07T19:05:34+00:00,4124.75,INR,failed,REFUND
T00004585,C000928,A000215,2026-03-08T19:10:35+00:00,3256.36,CAD,reversed,ADJUSTMENT
T00004586,C000878,A000458,2025-07-26T09:55:17+00:00,4756.18,USD,reversed,TRANSFER
T00004587,C000638,A000675,2025-05-06T11:17:43+00:00,1011.14,CAD,settled,ADJUSTMENT
T00004588,C000008,A000935,2026-01-01T05:56:37+00:00,4593.26,EUR,pending,REFUND
T00004589,C000554,A001244,2025-06-09T07:23:29+00:00,3097.05,CAD,failed,ADJUSTMENT
T00004590,C000007,A000632,2025-02-25T11:18:29+00:00,1717.12,GBP,settled,SALE
T00004591,C000256,A000883,2026-04-14T20:25:34+00:00,1549.29,CAD,pending,REFUND
T00004592,C000691,A000633,2026-01-27T23:23:35+00:00,1403.09,CAD,settled,TRANSFER
T00004593,C000830,A000279,2025-03-20T00:00:49+00:00,2295.80,GBP,reversed,ADJUSTMENT
T00004594,C000518,A000999,2025-01-23T12:18:40+00:00,3047.57,USD,settled,REFUND
T00004595,C000862,A001207,2026-03-18T20:57:25+00:00,1770.02,GBP,reversed,SALE
T00004596,C000270,A000719,2026-06-27T06:42:44+00:00,3605.74,USD,reversed,REFUND
T00004597,C000328,A000197,2025-01-19T09:05:37+00:00,4491.29,CAD,failed,TRANSFER
T00004598,C000933,A000959,2025-11-22T05:28:22+00:00,3570.38,CAD,failed,SALE
T00004599,C000555,A001444,2026-02-04T01:17:50+00:00,2479.41,GBP,failed,SALE
T00004600,C000132,A001031,2025-10-29T11:48:55+00:00,2157.27,EUR,pending,ADJUSTMENT
T00004601,C000756,A000496,2025-01-16T02:22:30+00:00,3703.68,GBP,reversed,ADJUSTMENT
T00004602,C000229,A000111,2025-09-17T17:01:21+00:00,2735.76,CAD,pending,REFUND
T00004603,C000691,A001411,2025-08-28T04:58:22+00:00,2084.19,EUR,failed,TRANSFER
T00004604,C000013,A000440,2026-01-13T01:27:20+00:00,181.60,CAD,pending,TRANSFER
T00004605,C000801,A000831,2025-08-16T08:29:01+00:00,291.28,USD,settled,REFUND
T00004606,C000495,A001281,2025-07-06T07:55:49+00:00,2764.91,EUR,reversed,SALE
T00004607,C000734,A001008,2025-04-11T04:57:11+00:00,383.01,CAD,reversed,REFUND
T00004608,C000871,A001091,2025-01-26T23:38:43+00:00,2216.29,INR,failed,SALE
T00004609,C000109,A000793,2026-02-09T01:33:22+00:00,1686.67,USD,pending,ADJUSTMENT
T00004610,C000566,A000033,2026-07-07T20:03:28+00:00,1410.80,EUR,pending,SALE
T00004611,C000090,A000928,2025-03-29T10:34:35+00:00,2616.81,EUR,reversed,SALE
T00004612,C000084,A001333,2025-04-23T15:25:42+00:00,4428.94,EUR,pending,ADJUSTMENT
T00004613,C000074,A001021,2025-10-01T12:26:33+00:00,725.17,EUR,reversed,ADJUSTMENT
T00004614,C000638,A000675,2026-04-24T06:01:25+00:00,620.04,CAD,failed,REFUND
T00004615,C000470,A001461,2025-04-15T10:09:05+00:00,4036.34,EUR,pending,REFUND
T00004616,C000347,A000129,2025-01-03T07:03:28+00:00,2286.55,USD,failed,ADJUSTMENT
T00004617,C000656,A001341,2025-08-03T00:22:19+00:00,976.64,CAD,pending,SALE
T00004618,C000710,A001038,2026-03-31T18:08:12+00:00,4341.49,USD,settled,REFUND
T00004619,C000022,A000065,2025-10-08T16:09:50+00:00,958.72,EUR,failed,TRANSFER
T00004620,C000777,A000578,2025-04-26T18:56:56+00:00,111.04,USD,pending,REFUND
T00004621,C000399,A000150,2025-02-03T09:26:14+00:00,1397.11,EUR,settled,ADJUSTMENT
T00004622,C000248,A000903,2026-09-06T18:58:59+00:00,3896.71,CAD,pending,ADJUSTMENT
T00004623,C000008,A000935,2025-07-17T10:31:47+00:00,2641.15,EUR,failed,SALE
T00004624,C000214,A001348,2025-05-17T22:30:45+00:00,4389.59,GBP,reversed,TRANSFER
T00004625,C000867,A000125,2026-04-05T07:02:36+00:00,3484.02,USD,pending,TRANSFER
T00004626,C000655,A000802,2025-07-31T09:54:38+00:00,3184.03,INR,pending,REFUND
T00004627,C000833,A001355,2025-05-01T04:48:17+00:00,1307.41,USD,pending,ADJUSTMENT
T00004628,C000067,A000589,2025-04-26T17:04:32+00:00,4460.55,INR,failed,SALE
T00004629,C000452,A000541,2025-11-03T11:07:13+00:00,4878.84,EUR,failed,TRANSFER
T00004630,C000371,A000784,2025-03-20T17:46:49+00:00,4196.57,GBP,pending,SALE
T00004631,C000146,A000415,2025-12-09T20:00:32+00:00,2728.70,GBP,reversed,ADJUSTMENT
T00004632,C000919,A000689,2025-12-16T08:47:41+00:00,2524.07,INR,settled,REFUND
T00004633,C000189,A000529,2025-07-14T05:02:24+00:00,3979.99,CAD,pending,SALE
T00004634,C000058,A000074,2026-04-26T09:42:05+00:00,2486.46,INR,failed,REFUND
T00004635,C000268,A001262,2026-03-23T17:28:26+00:00,451.10,INR,reversed,ADJUSTMENT
T00004636,C000266,A000014,2025-09-18T21:31:51+00:00,2191.24,USD,reversed,SALE
T00004637,C000238,A000396,2026-06-16T15:17:49+00:00,189.30,USD,failed,SALE
T00004638,C000240,A000773,2026-05-05T11:56:04+00:00,820.98,USD,settled,REFUND
T00004639,C000402,A000512,2025-02-23T12:47:56+00:00,241.28,GBP,pending,REFUND
T00004640,C000837,A000982,2025-10-12T04:55:01+00:00,4676.45,USD,settled,REFUND
T00004641,C000605,A000497,2025-06-09T07:15:03+00:00,2105.93,INR,pending,TRANSFER
T00004642,C000365,A001404,2025-03-28T14:41:41+00:00,2397.53,CAD,reversed,REFUND
T00004643,C000109,A001014,2025-12-15T04:49:15+00:00,1565.97,INR,pending,REFUND
T00004644,C000839,A001468,2025-07-11T16:28:04+00:00,4736.09,EUR,failed,REFUND
T00004645,C000697,A000260,2026-06-30T05:57:31+00:00,2574.01,USD,settled,ADJUSTMENT
T00004646,C000978,A001232,2025-04-01T16:35:48+00:00,559.33,USD,pending,ADJUSTMENT
T00004647,C000531,A000941,2025-07-11T00:59:13+00:00,4143.06,EUR,settled,SALE
T00004648,C000639,A000365,2026-09-03T06:42:57+00:00,2963.52,EUR,settled,TRANSFER
T00004649,C000895,A000257,2025-08-18T13:17:39+00:00,4742.60,EUR,failed,ADJUSTMENT
T00004650,C000833,A001355,2025-08-05T19:47:18+00:00,1078.10,USD,failed,SALE
T00004651,C000434,A000514,2026-09-02T18:37:17+00:00,3669.93,GBP,pending,ADJUSTMENT
T00004652,C000118,A000954,2025-05-31T06:11:29+00:00,2152.42,EUR,settled,TRANSFER
T00004653,C000189,A000529,2026-03-10T16:04:16+00:00,1272.14,CAD,failed,ADJUSTMENT
T00004654,C000619,A000534,2025-09-12T07:46:55+00:00,2898.63,USD,settled,REFUND
T00004655,C000116,A000179,2025-11-05T11:39:23+00:00,2497.25,EUR,failed,REFUND
T00004656,C000125,A001083,2025-05-24T17:09:50+00:00,1606.99,CAD,reversed,SALE
T00004657,C000816,A001196,2025-09-13T06:08:12+00:00,4634.58,USD,reversed,REFUND
T00004658,C000903,A000208,2026-01-31T06:40:04+00:00,4508.58,GBP,settled,TRANSFER
T00004659,C000809,A001212,2025-03-09T06:34:40+00:00,2076.80,GBP,settled,REFUND
T00004660,C000852,A001322,2025-01-12T20:22:19+00:00,3920.41,INR,pending,TRANSFER
T00004661,C000274,A001420,2025-01-09T09:56:40+00:00,415.33,CAD,reversed,REFUND
T00004662,C000962,A000623,2026-06-24T02:58:13+00:00,3253.52,USD,failed,TRANSFER
T00004663,C000639,A000365,2026-01-14T00:14:16+00:00,1308.83,EUR,failed,REFUND
T00004664,C000647,A000619,2025-01-01T01:33:14+00:00,1531.97,INR,pending,TRANSFER
T00004665,C000700,A000227,2025-04-30T13:32:17+00:00,3799.46,EUR,failed,TRANSFER
T00004666,C000915,A000752,2026-06-22T11:10:21+00:00,1855.81,EUR,settled,REFUND
T00004667,C000119,A001048,2025-05-29T21:58:59+00:00,2280.92,INR,settled,TRANSFER
T00004668,C000518,A001234,2026-03-05T05:19:12+00:00,3190.58,GBP,settled,REFUND
T00004669,C000441,A000433,2026-01-09T12:00:37+00:00,3629.05,INR,reversed,REFUND
T00004670,C000675,A000642,2025-11-14T09:28:30+00:00,1233.25,INR,pending,ADJUSTMENT
T00004671,C000017,A000327,2025-06-20T01:08:28+00:00,4555.08,EUR,pending,SALE
T00004672,C000178,A000117,2025-06-18T02:51:01+00:00,1417.99,INR,pending,REFUND
T00004673,C000593,A000872,2026-07-26T05:46:26+00:00,3376.47,CAD,failed,TRANSFER
T00004674,C000084,A001333,2026-06-03T11:32:39+00:00,2036.22,EUR,failed,REFUND
T00004675,C000066,A000020,2025-07-01T08:52:32+00:00,3660.21,CAD,failed,TRANSFER
T00004676,C000955,A000304,2025-04-06T23:00:53+00:00,4966.74,EUR,settled,TRANSFER
T00004677,C000531,A000075,2025-10-08T05:35:53+00:00,3705.81,USD,settled,TRANSFER
T00004678,C000969,A001465,2025-08-23T21:21:50+00:00,2853.76,USD,failed,TRANSFER
T00004679,C000602,A000163,2026-04-30T10:20:26+00:00,2643.85,EUR,settled,REFUND
T00004680,C000940,A000610,2026-02-02T20:17:06+00:00,1256.01,GBP,failed,ADJUSTMENT
T00004681,C000916,A000613,2025-05-01T22:37:33+00:00,1753.41,INR,pending,REFUND
T00004682,C000611,A000701,2026-05-01T07:08:52+00:00,2410.19,USD,failed,ADJUSTMENT
T00004683,C000747,A000083,2025-05-05T13:19:30+00:00,4231.82,USD,reversed,TRANSFER
T00004684,C000261,A000036,2025-09-29T14:34:52+00:00,1754.45,INR,reversed,SALE
T00004685,C000791,A000394,2026-05-19T02:54:20+00:00,959.29,EUR,failed,ADJUSTMENT
T00004686,C000235,A000521,2026-03-15T08:24:49+00:00,3635.83,CAD,pending,TRANSFER
T00004687,C000644,A000450,2026-06-10T08:49:36+00:00,4106.15,INR,failed,REFUND
T00004688,C000038,A000561,2025-07-30T11:36:49+00:00,12.33,GBP,failed,ADJUSTMENT
T00004689,C000939,A000407,2026-07-21T14:49:32+00:00,1960.60,CAD,failed,SALE
T00004690,C000589,A000648,2026-08-17T17:45:01+00:00,2088.81,USD,failed,TRANSFER
T00004691,C000406,A000955,2025-07-24T18:54:28+00:00,1134.38,CAD,pending,TRANSFER
T00004692,C000949,A001395,2026-02-02T13:04:40+00:00,4762.53,INR,pending,REFUND
T00004693,C000274,A001062,2026-07-09T14:44:15+00:00,2164.92,USD,reversed,REFUND
T00004694,C000612,A000844,2026-07-13T10:57:12+00:00,3400.66,USD,reversed,SALE
T00004695,C000533,A000312,2025-10-24T20:34:12+00:00,3145.19,EUR,reversed,TRANSFER
T00004696,C000643,A001016,2025-07-18T14:40:49+00:00,3432.02,INR,failed,SALE
T00004697,C000316,A000584,2025-11-07T09:40:41+00:00,3849.86,GBP,settled,ADJUSTMENT
T00004698,C000113,A000975,2025-05-30T21:52:50+00:00,4302.22,USD,reversed,SALE
T00004699,C000371,A000784,2025-11-23T19:52:29+00:00,4569.06,GBP,reversed,REFUND
T00004700,C000668,A000204,2025-11-13T18:50:17+00:00,3529.32,CAD,pending,REFUND
T00004701,C000925,A000914,2025-07-02T07:03:59+00:00,2113.97,INR,failed,ADJUSTMENT
T00004702,C000439,A001141,2026-07-05T08:59:50+00:00,52.28,USD,pending,ADJUSTMENT
T00004703,C000297,A000756,2025-01-19T00:02:34+00:00,2293.40,USD,reversed,REFUND
T00004704,C000969,A000051,2025-03-18T14:24:55+00:00,1017.07,USD,failed,TRANSFER
T00004705,C000918,A000061,2026-07-19T19:45:24+00:00,4026.29,EUR,failed,REFUND
T00004706,C000647,A000037,2025-02-03T19:08:37+00:00,4899.94,INR,reversed,TRANSFER
T00004707,C000801,A001413,2026-03-19T01:10:36+00:00,1948.46,INR,settled,ADJUSTMENT
T00004708,C000655,A001074,2026-08-10T19:19:17+00:00,489.44,USD,failed,SALE
T00004709,C000807,A000942,2026-04-28T08:43:48+00:00,1218.80,CAD,settled,SALE
T00004710,C000008,A000082,2025-04-06T11:15:58+00:00,662.05,INR,reversed,TRANSFER
T00004711,C000018,A000126,2025-03-25T13:44:51+00:00,1296.83,EUR,failed,ADJUSTMENT
T00004712,C000229,A000111,2025-08-07T06:05:57+00:00,4755.71,CAD,pending,ADJUSTMENT
T00004713,C000321,A000177,2025-05-16T10:41:28+00:00,544.13,USD,pending,ADJUSTMENT
T00004714,C000573,A001388,2026-02-14T22:15:05+00:00,1423.10,GBP,reversed,TRANSFER
T00004715,C000447,A000605,2025-04-01T07:57:56+00:00,2809.27,INR,pending,ADJUSTMENT
T00004716,C000605,A000031,2026-07-07T22:40:59+00:00,3192.90,CAD,reversed,REFUND
T00004717,C000614,A001364,2025-08-23T08:56:01+00:00,1073.34,GBP,failed,TRANSFER
T00004718,C000371,A000784,2025-05-13T05:17:58+00:00,1343.70,GBP,reversed,TRANSFER
T00004719,C000386,A001469,2025-06-20T01:42:13+00:00,400.29,INR,failed,TRANSFER
T00004720,C000801,A000831,2026-08-04T00:56:10+00:00,1129.64,USD,pending,TRANSFER
T00004721,C000568,A000070,2026-07-15T19:48:39+00:00,2193.21,INR,failed,SALE
T00004722,C000990,A000697,2025-04-10T08:13:41+00:00,2955.78,EUR,settled,SALE
T00004723,C000713,A000683,2025-07-22T13:14:02+00:00,620.88,INR,reversed,ADJUSTMENT
T00004724,C000114,A000088,2025-12-10T11:51:31+00:00,4603.95,CAD,failed,SALE
T00004725,C000821,A000627,2025-06-06T20:21:18+00:00,2614.78,CAD,pending,ADJUSTMENT
T00004726,C000115,A000861,2025-12-27T00:28:55+00:00,1442.49,EUR,settled,TRANSFER
T00004727,C000893,A001037,2025-09-19T03:56:28+00:00,3178.95,EUR,pending,ADJUSTMENT
T00004728,C000084,A000024,2026-08-31T15:32:13+00:00,4816.69,USD,failed,TRANSFER
T00004729,C000505,A000164,2025-11-09T07:56:57+00:00,890.44,USD,reversed,ADJUSTMENT
T00004730,C000330,A001417,2026-09-02T11:05:00+00:00,9.18,INR,failed,TRANSFER
T00004731,C000419,A000216,2026-01-13T03:16:02+00:00,1760.27,USD,pending,TRANSFER
T00004732,C000130,A001012,2025-05-06T12:41:46+00:00,1118.83,CAD,reversed,TRANSFER
T00004733,C000949,A000224,2025-06-13T12:40:33+00:00,1974.23,INR,reversed,REFUND
T00004734,C000054,A000217,2026-03-29T12:47:25+00:00,358.51,CAD,pending,REFUND
T00004735,C000949,A001395,2025-10-12T08:31:16+00:00,1407.66,INR,pending,REFUND
T00004736,C000416,A001429,2026-04-05T11:01:19+00:00,3381.41,GBP,reversed,ADJUSTMENT
T00004737,C000924,A000369,2025-06-27T23:55:40+00:00,4046.05,USD,failed,SALE
T00004738,C000619,A000926,2026-06-04T03:48:22+00:00,3319.16,USD,pending,ADJUSTMENT
T00004739,C000570,A000746,2025-10-23T12:57:24+00:00,1810.20,GBP,reversed,TRANSFER
T00004740,C000046,A000112,2026-03-21T14:05:28+00:00,3090.90,GBP,settled,SALE
T00004741,C000018,A000126,2025-11-07T00:08:40+00:00,3121.63,EUR,pending,TRANSFER
T00004742,C000287,A000909,2026-04-23T15:54:19+00:00,130.50,USD,failed,SALE
T00004743,C000753,A001082,2025-06-17T23:59:20+00:00,3683.19,INR,pending,REFUND
T00004744,C000709,A000515,2025-08-21T08:25:06+00:00,892.87,GBP,settled,REFUND
T00004745,C000064,A001299,2025-12-01T08:44:24+00:00,3728.55,EUR,settled,SALE
T00004746,C000951,A000602,2025-10-12T07:46:40+00:00,4077.58,INR,settled,TRANSFER
T00004747,C000575,A000929,2025-09-23T18:46:31+00:00,3251.56,INR,failed,TRANSFER
T00004748,C000634,A000348,2026-01-13T12:50:22+00:00,3174.56,CAD,pending,ADJUSTMENT
T00004749,C000265,A001422,2025-10-13T04:28:53+00:00,2197.01,CAD,pending,SALE
T00004750,C000652,A001113,2025-09-14T21:35:23+00:00,1860.31,GBP,settled,SALE
T00004751,C000488,A000823,2025-05-26T04:53:18+00:00,2512.38,INR,settled,TRANSFER
T00004752,C000834,A001397,2025-09-19T17:05:07+00:00,4941.86,USD,failed,TRANSFER
T00004753,C000956,A000206,2026-05-23T12:36:18+00:00,1731.14,CAD,reversed,REFUND
T00004754,C000664,A000342,2025-01-27T12:46:30+00:00,2787.93,CAD,failed,SALE
T00004755,C000975,A000102,2026-06-22T12:30:41+00:00,4589.95,INR,failed,REFUND
T00004756,C000973,A000668,2025-07-30T20:32:48+00:00,553.23,GBP,failed,ADJUSTMENT
T00004757,C000796,A000879,2026-03-31T15:19:10+00:00,1173.97,CAD,failed,REFUND
T00004758,C000616,A001494,2025-08-15T22:29:44+00:00,1094.19,USD,failed,SALE
T00004759,C000377,A000835,2025-09-26T15:36:59+00:00,2309.54,USD,failed,TRANSFER
T00004760,C000767,A001477,2026-02-09T18:14:46+00:00,1970.05,CAD,pending,SALE
T00004761,C000936,A000647,2026-01-16T16:09:54+00:00,4901.84,USD,settled,TRANSFER
T00004762,C000568,A001098,2025-05-10T02:40:49+00:00,3368.27,EUR,pending,REFUND
T00004763,C000801,A000831,2025-08-17T14:59:37+00:00,2672.21,USD,reversed,TRANSFER
T00004764,C000850,A001171,2026-05-16T18:40:52+00:00,4592.72,GBP,reversed,TRANSFER
T00004765,C000237,A000869,2026-04-02T22:12:11+00:00,2208.39,INR,failed,SALE
T00004766,C000589,A000077,2026-08-23T05:08:19+00:00,204.37,CAD,failed,TRANSFER
T00004767,C000922,A000865,2025-12-12T09:44:28+00:00,1129.80,GBP,failed,SALE
T00004768,C000643,A000143,2026-03-06T22:35:00+00:00,152.51,CAD,settled,ADJUSTMENT
T00004769,C000565,A000173,2025-09-21T04:18:54+00:00,3437.06,USD,pending,TRANSFER
T00004770,C000813,A000192,2026-08-09T05:40:03+00:00,3054.54,INR,pending,TRANSFER
T00004771,C000270,A000719,2025-11-25T03:05:12+00:00,2526.56,USD,pending,REFUND
T00004772,C000324,A000669,2025-02-19T16:29:49+00:00,463.66,GBP,settled,REFUND
T00004773,C000006,A000874,2025-12-20T14:13:44+00:00,2765.53,USD,pending,REFUND
T00004774,C000873,A000213,2026-06-20T13:51:12+00:00,3849.21,INR,pending,TRANSFER
T00004775,C000803,A000301,2025-02-05T01:55:29+00:00,2887.55,USD,pending,ADJUSTMENT
T00004776,C000543,A000631,2025-07-24T02:04:57+00:00,870.52,CAD,settled,ADJUSTMENT
T00004777,C000058,A000299,2025-10-29T12:07:17+00:00,985.19,EUR,failed,TRANSFER
T00004778,C000372,A000195,2025-06-11T04:51:14+00:00,2005.04,USD,reversed,TRANSFER
T00004779,C000272,A001394,2026-06-12T16:21:09+00:00,3712.93,INR,reversed,REFUND
T00004780,C000573,A001388,2025-07-15T19:28:29+00:00,4799.03,GBP,failed,SALE
T00004781,C000838,A001290,2026-05-27T11:40:57+00:00,329.31,CAD,settled,SALE
T00004782,C000766,A000608,2025-10-13T03:48:45+00:00,2859.32,USD,settled,SALE
T00004783,C000962,A000623,2026-07-01T12:27:34+00:00,1689.33,USD,settled,TRANSFER
T00004784,C000095,A000667,2025-07-17T15:32:01+00:00,4636.14,INR,settled,ADJUSTMENT
T00004785,C000589,A000648,2026-05-31T16:28:43+00:00,200.03,USD,pending,REFUND
T00004786,C000597,A001361,2025-04-19T11:34:16+00:00,3403.83,EUR,pending,SALE
T00004787,C000321,A000177,2026-03-05T07:01:42+00:00,4504.69,USD,failed,ADJUSTMENT
T00004788,C000543,A000631,2026-02-25T09:12:58+00:00,526.71,CAD,pending,TRANSFER
T00004789,C000055,A000393,2025-02-07T05:58:04+00:00,4308.10,CAD,settled,REFUND
T00004790,C000706,A000169,2025-03-06T18:07:55+00:00,2590.18,GBP,pending,SALE
T00004791,C000314,A000856,2025-05-13T16:18:31+00:00,3559.77,EUR,failed,REFUND
T00004792,C000100,A000554,2026-01-12T02:19:29+00:00,2857.08,EUR,pending,ADJUSTMENT
T00004793,C000339,A001263,2026-03-30T13:39:06+00:00,3206.13,EUR,reversed,REFUND
T00004794,C000960,A000538,2026-03-05T20:46:48+00:00,489.15,CAD,settled,ADJUSTMENT
T00004795,C000015,A000910,2025-01-08T12:59:47+00:00,3311.25,CAD,failed,ADJUSTMENT
T00004796,C000685,A000432,2026-05-10T17:12:43+00:00,3689.88,GBP,reversed,TRANSFER
T00004797,C000104,A000011,2026-07-12T08:22:24+00:00,1135.28,CAD,failed,REFUND
T00004798,C000930,A001189,2025-06-02T11:31:33+00:00,547.48,GBP,reversed,TRANSFER
T00004799,C000969,A001298,2025-04-03T02:24:53+00:00,3179.47,EUR,pending,TRANSFER
T00004800,C000547,A000902,2026-05-29T21:36:53+00:00,3724.17,EUR,settled,ADJUSTMENT
T00004801,C000150,A000585,2025-07-11T23:25:32+00:00,1707.73,EUR,settled,SALE
T00004802,C000531,A001323,2025-03-23T11:54:20+00:00,952.86,EUR,reversed,ADJUSTMENT
T00004803,C000242,A000804,2026-01-18T14:59:41+00:00,644.19,CAD,failed,SALE
T00004804,C000901,A001248,2026-06-16T16:38:21+00:00,1310.67,INR,reversed,REFUND
T00004805,C000269,A000507,2025-01-11T19:28:34+00:00,3121.57,EUR,pending,TRANSFER
T00004806,C000892,A000950,2026-06-29T15:16:23+00:00,1090.15,USD,failed,TRANSFER
T00004807,C000658,A000121,2025-10-07T02:34:49+00:00,2537.18,EUR,reversed,TRANSFER
T00004808,C000425,A001339,2026-06-01T13:25:21+00:00,3064.74,CAD,pending,REFUND
T00004809,C000796,A000879,2025-04-27T03:52:04+00:00,2371.21,CAD,failed,SALE
T00004810,C000023,A000896,2025-08-17T12:37:15+00:00,2106.89,EUR,pending,TRANSFER
T00004811,C000340,A001182,2026-04-25T04:16:19+00:00,1372.54,INR,pending,ADJUSTMENT
T00004812,C000784,A000849,2026-01-29T21:14:47+00:00,4840.82,USD,failed,REFUND
T00004813,C000402,A000297,2026-05-01T11:13:32+00:00,4795.63,EUR,pending,TRANSFER
T00004814,C000222,A000175,2026-06-09T04:30:13+00:00,940.73,GBP,failed,TRANSFER
T00004815,C000737,A000322,2025-08-17T21:07:30+00:00,2704.88,INR,pending,TRANSFER
T00004816,C000492,A000995,2026-07-07T23:54:53+00:00,4373.92,GBP,settled,TRANSFER
T00004817,C000105,A000744,2025-09-30T12:45:47+00:00,4791.12,EUR,settled,SALE
T00004818,C000184,A000490,2025-12-03T22:50:46+00:00,593.63,USD,reversed,REFUND
T00004819,C000136,A000389,2025-08-17T12:04:39+00:00,980.68,INR,reversed,REFUND
T00004820,C000067,A000618,2025-07-20T12:02:29+00:00,434.33,EUR,pending,SALE
T00004821,C000501,A000753,2025-08-15T20:12:51+00:00,1851.86,INR,settled,SALE
T00004822,C000792,A000717,2026-02-23T06:39:35+00:00,1163.00,EUR,reversed,SALE
T00004823,C000612,A001073,2025-05-05T00:51:02+00:00,1820.80,GBP,pending,TRANSFER
T00004824,C000220,A000639,2026-05-05T12:08:02+00:00,4749.40,CAD,failed,REFUND
T00004825,C000214,A001348,2025-08-20T13:08:15+00:00,980.24,GBP,failed,SALE
T00004826,C000888,A000498,2025-02-24T04:14:56+00:00,3837.42,INR,pending,SALE
T00004827,C000907,A000399,2025-03-18T14:19:37+00:00,4377.87,USD,settled,REFUND
T00004828,C000870,A000918,2025-02-17T02:53:01+00:00,1047.41,USD,settled,REFUND
T00004829,C000784,A000849,2026-01-19T14:49:28+00:00,3824.06,USD,failed,ADJUSTMENT
T00004830,C000332,A001369,2026-07-10T20:42:33+00:00,2120.53,USD,reversed,REFUND
T00004831,C000960,A000538,2026-02-04T20:44:20+00:00,1642.22,CAD,pending,TRANSFER
T00004832,C000852,A001322,2026-06-24T02:27:13+00:00,2962.77,INR,pending,SALE
T00004833,C000013,A000440,2026-08-07T06:12:44+00:00,4495.91,CAD,failed,TRANSFER
T00004834,C000287,A000991,2025-05-08T07:10:41+00:00,1472.90,CAD,reversed,REFUND
T00004835,C000015,A001499,2025-12-29T10:54:21+00:00,117.54,EUR,reversed,TRANSFER
T00004836,C000109,A000793,2025-07-28T04:20:53+00:00,300.24,USD,reversed,SALE
T00004837,C000332,A001426,2025-09-04T20:17:59+00:00,1884.98,CAD,reversed,TRANSFER
T00004838,C000125,A000013,2026-04-06T12:14:45+00:00,4306.89,USD,pending,REFUND
T00004839,C000396,A000676,2025-06-20T08:05:40+00:00,3105.17,USD,reversed,SALE
T00004840,C000079,A000028,2025-04-14T10:58:22+00:00,3482.79,GBP,failed,TRANSFER
T00004841,C000064,A001299,2026-01-22T21:57:26+00:00,2897.86,EUR,failed,TRANSFER
T00004842,C000159,A000983,2026-06-25T03:28:39+00:00,4150.42,GBP,failed,ADJUSTMENT
T00004843,C000867,A001238,2025-03-18T21:33:10+00:00,3609.24,USD,pending,REFUND
T00004844,C000494,A000248,2025-05-11T10:53:54+00:00,3100.19,GBP,settled,TRANSFER
T00004845,C000083,A000309,2025-04-13T03:41:44+00:00,2828.21,GBP,reversed,ADJUSTMENT
T00004846,C000886,A000474,2026-07-25T13:15:21+00:00,2181.98,INR,pending,SALE
T00004847,C000261,A001092,2025-04-07T14:41:21+00:00,480.62,CAD,failed,REFUND
T00004848,C000807,A000135,2025-12-28T20:27:02+00:00,710.52,GBP,settled,REFUND
T00004849,C000854,A000285,2026-05-05T03:23:43+00:00,696.86,USD,settled,REFUND
T00004850,C000583,A000207,2026-01-28T20:20:11+00:00,4797.48,GBP,pending,ADJUSTMENT
T00004851,C000058,A000299,2025-02-24T19:47:59+00:00,1741.42,EUR,failed,SALE
T00004852,C000003,A000733,2025-05-05T22:04:17+00:00,4442.66,INR,failed,REFUND
T00004853,C000033,A001462,2026-03-10T20:00:44+00:00,3497.59,EUR,failed,SALE
T00004854,C000467,A001127,2025-10-18T20:28:21+00:00,2326.47,USD,reversed,SALE
T00004855,C000489,A000511,2025-01-19T03:14:20+00:00,4.01,INR,reversed,REFUND
T00004856,C000890,A000854,2026-06-22T13:59:59+00:00,1598.65,USD,reversed,SALE
T00004857,C000928,A000576,2026-07-30T15:00:35+00:00,1176.98,GBP,failed,REFUND
T00004858,C000316,A000264,2026-03-28T06:27:44+00:00,13.88,GBP,pending,ADJUSTMENT
T00004859,C000162,A000636,2025-12-13T14:45:02+00:00,1888.42,INR,pending,TRANSFER
T00004860,C000674,A000548,2026-04-07T01:50:07+00:00,2968.30,CAD,pending,REFUND
T00004861,C000045,A000040,2025-02-06T16:10:07+00:00,4032.76,GBP,pending,REFUND
T00004862,C000522,A000998,2025-12-08T20:14:45+00:00,1571.99,USD,settled,ADJUSTMENT
T00004863,C000584,A000881,2025-06-16T03:08:44+00:00,4716.40,EUR,failed,TRANSFER
T00004864,C000590,A000149,2025-05-03T15:52:29+00:00,4400.17,GBP,settled,REFUND
T00004865,C000713,A000418,2025-01-07T06:33:27+00:00,1726.87,EUR,reversed,TRANSFER
T00004866,C000503,A000606,2026-01-22T10:57:20+00:00,2773.98,CAD,failed,TRANSFER
T00004867,C000054,A000217,2025-07-07T08:09:10+00:00,853.51,CAD,reversed,TRANSFER
T00004868,C000978,A001232,2025-11-27T17:12:55+00:00,3928.97,USD,failed,SALE
T00004869,C000602,A000871,2026-08-25T14:16:31+00:00,2296.74,USD,reversed,TRANSFER
T00004870,C000901,A001248,2025-07-20T03:28:03+00:00,4529.65,INR,pending,REFUND
T00004871,C000886,A000762,2026-05-19T10:38:51+00:00,2210.85,INR,failed,SALE
T00004872,C000461,A001489,2026-01-26T14:45:50+00:00,2179.75,CAD,failed,REFUND
T00004873,C000102,A001011,2026-07-14T10:17:42+00:00,4049.08,CAD,reversed,ADJUSTMENT
T00004874,C000442,A000146,2025-02-03T23:12:00+00:00,4533.00,INR,settled,TRANSFER
T00004875,C000491,A000530,2025-12-16T06:17:49+00:00,71.38,INR,pending,SALE
T00004876,C000981,A000765,2026-03-22T17:56:15+00:00,3878.68,INR,pending,TRANSFER
T00004877,C000648,A000735,2025-10-16T14:39:40+00:00,1172.43,USD,settled,REFUND
T00004878,C000518,A000283,2025-09-02T17:01:35+00:00,4388.26,USD,pending,ADJUSTMENT
T00004879,C000833,A001076,2025-03-12T20:20:24+00:00,3252.57,EUR,failed,ADJUSTMENT
T00004880,C000889,A001184,2025-11-26T08:25:48+00:00,2368.78,EUR,failed,REFUND
T00004881,C000747,A001216,2026-07-10T11:25:12+00:00,3470.35,INR,failed,TRANSFER
T00004882,C000440,A000809,2026-03-10T03:47:59+00:00,4905.36,GBP,pending,TRANSFER
T00004883,C000265,A001204,2025-08-17T16:33:17+00:00,139.33,INR,reversed,ADJUSTMENT
T00004884,C000786,A000467,2026-09-04T18:53:02+00:00,2722.26,EUR,settled,REFUND
T00004885,C000697,A000260,2025-09-24T23:37:36+00:00,4571.56,USD,reversed,TRANSFER
T00004886,C000184,A000490,2026-04-25T02:16:12+00:00,2249.96,USD,failed,SALE
T00004887,C000773,A000868,2026-04-14T01:09:33+00:00,1127.07,EUR,reversed,SALE
T00004888,C000626,A000292,2025-10-23T09:32:52+00:00,4946.38,CAD,settled,SALE
T00004889,C000302,A000106,2025-07-13T18:15:46+00:00,1591.27,INR,reversed,REFUND
T00004890,C000780,A001402,2026-06-12T23:53:41+00:00,2928.02,INR,pending,SALE
T00004891,C000168,A000324,2025-01-05T07:22:03+00:00,1949.64,INR,failed,ADJUSTMENT
T00004892,C000837,A001266,2026-08-25T12:21:59+00:00,4044.40,INR,reversed,REFUND
T00004893,C000940,A000018,2025-01-09T09:23:03+00:00,3670.35,USD,pending,ADJUSTMENT
T00004894,C000248,A000830,2025-04-11T10:35:04+00:00,1377.59,CAD,settled,ADJUSTMENT
T00004895,C000519,A000656,2026-01-29T16:42:54+00:00,2851.16,EUR,settled,ADJUSTMENT
T00004896,C000387,A000646,2026-02-02T23:15:59+00:00,230.80,INR,pending,ADJUSTMENT
T00004897,C000069,A000702,2025-12-03T05:17:56+00:00,1306.73,GBP,settled,TRANSFER
T00004898,C000104,A000011,2025-06-03T09:23:02+00:00,3019.59,CAD,failed,TRANSFER
T00004899,C000200,A000104,2026-01-14T15:31:02+00:00,1592.51,CAD,reversed,REFUND
T00004900,C000047,A000101,2026-03-02T22:38:18+00:00,1881.35,GBP,reversed,ADJUSTMENT
T00004901,C000396,A001493,2025-06-14T08:52:51+00:00,4234.69,USD,failed,TRANSFER
T00004902,C000836,A001473,2026-01-06T02:23:00+00:00,4416.75,GBP,settled,TRANSFER
T00004903,C000509,A000761,2025-06-17T09:41:42+00:00,1786.57,EUR,pending,REFUND
T00004904,C000899,A000726,2026-01-23T05:53:34+00:00,1857.35,EUR,failed,SALE
T00004905,C000907,A000399,2025-11-12T18:36:27+00:00,1405.47,USD,failed,REFUND
T00004906,C000686,A000925,2026-06-20T22:34:33+00:00,1520.93,USD,failed,ADJUSTMENT
T00004907,C000694,A000575,2026-04-21T15:01:44+00:00,49.75,GBP,settled,ADJUSTMENT
T00004908,C000121,A001405,2025-02-14T17:01:08+00:00,818.06,GBP,reversed,REFUND
T00004909,C000665,A000263,2025-09-01T16:06:18+00:00,79.78,CAD,pending,REFUND
T00004910,C000184,A000490,2025-01-18T19:00:25+00:00,645.56,USD,failed,TRANSFER
T00004911,C000434,A000826,2025-04-05T02:36:35+00:00,2604.73,EUR,reversed,ADJUSTMENT
T00004912,C000361,A000374,2025-01-22T15:32:50+00:00,2269.09,USD,pending,ADJUSTMENT
T00004913,C000305,A000638,2025-01-11T12:36:12+00:00,4215.80,EUR,failed,ADJUSTMENT
T00004914,C000308,A000601,2025-09-19T18:38:44+00:00,1851.80,GBP,pending,TRANSFER
T00004915,C000564,A000539,2025-01-31T08:58:14+00:00,45.05,INR,failed,ADJUSTMENT
T00004916,C000901,A000255,2026-08-26T17:28:55+00:00,2576.59,EUR,settled,SALE
T00004917,C000713,A001179,2026-07-30T12:49:13+00:00,2754.74,INR,reversed,REFUND
T00004918,C000301,A000025,2025-05-01T08:05:17+00:00,2066.98,USD,failed,ADJUSTMENT
T00004919,C000619,A000534,2025-04-15T09:18:45+00:00,3786.95,USD,failed,REFUND
T00004920,C000945,A000456,2026-06-04T06:09:04+00:00,4796.70,USD,pending,ADJUSTMENT
T00004921,C000287,A001149,2025-04-19T07:34:30+00:00,439.45,GBP,failed,TRANSFER
T00004922,C000246,A001253,2025-02-06T20:15:21+00:00,1582.99,GBP,failed,REFUND
T00004923,C000576,A001292,2025-05-21T16:31:06+00:00,1635.55,CAD,reversed,ADJUSTMENT
T00004924,C000708,A000060,2026-02-27T13:35:10+00:00,1465.40,USD,settled,TRANSFER
T00004925,C000483,A001050,2025-08-22T11:13:39+00:00,3423.09,INR,failed,SALE
T00004926,C000790,A000278,2026-03-16T22:08:47+00:00,4078.59,INR,settled,ADJUSTMENT
T00004927,C000085,A000612,2026-01-19T13:59:49+00:00,769.92,INR,failed,REFUND
T00004928,C000080,A000845,2025-03-15T20:15:46+00:00,1821.28,CAD,reversed,TRANSFER
T00004929,C000086,A000251,2025-12-02T16:21:49+00:00,532.39,EUR,pending,SALE
T00004930,C000839,A001203,2026-09-01T21:13:45+00:00,2371.27,GBP,settled,SALE
T00004931,C000442,A000504,2026-01-05T22:51:54+00:00,2751.72,CAD,pending,SALE
T00004932,C000069,A001448,2025-01-20T22:03:38+00:00,1583.56,EUR,pending,SALE
T00004933,C000881,A001117,2025-09-27T01:20:15+00:00,915.42,USD,failed,SALE
T00004934,C000459,A001220,2025-04-19T04:35:55+00:00,396.47,CAD,reversed,REFUND
T00004935,C000010,A000141,2025-07-19T22:09:03+00:00,2937.56,USD,settled,ADJUSTMENT
T00004936,C000979,A000494,2025-01-18T21:56:43+00:00,4474.48,INR,failed,SALE
T00004937,C000377,A000850,2025-06-07T04:31:36+00:00,3805.97,GBP,pending,SALE
T00004938,C000214,A001454,2025-01-27T08:48:01+00:00,2139.71,EUR,failed,SALE
T00004939,C000425,A000629,2025-02-01T18:45:28+00:00,2533.37,EUR,reversed,REFUND
T00004940,C000622,A000193,2025-06-20T15:02:57+00:00,3350.92,USD,reversed,SALE
T00004941,C000335,A001491,2025-08-09T14:48:09+00:00,4280.96,INR,failed,TRANSFER
T00004942,C000373,A001194,2025-11-27T19:51:30+00:00,4296.03,USD,reversed,REFUND
T00004943,C000279,A000071,2025-05-01T20:53:39+00:00,2311.80,USD,settled,TRANSFER
T00004944,C000399,A000428,2026-04-05T22:00:02+00:00,1293.06,INR,reversed,ADJUSTMENT
T00004945,C000839,A001468,2025-07-12T03:16:21+00:00,2035.99,EUR,pending,SALE
T00004946,C000017,A000327,2025-01-21T07:32:02+00:00,3613.18,EUR,settled,SALE
T00004947,C000314,A000856,2026-07-28T14:02:40+00:00,1663.30,EUR,settled,REFUND
T00004948,C000155,A000607,2026-07-21T15:06:50+00:00,3881.94,CAD,settled,SALE
T00004949,C000866,A000722,2025-02-16T23:19:42+00:00,3998.40,EUR,reversed,REFUND
T00004950,C000579,A000943,2026-01-02T02:16:45+00:00,1124.97,USD,pending,TRANSFER
T00004951,C000092,A000885,2026-05-15T22:24:23+00:00,2488.94,INR,settled,REFUND
T00004952,C000981,A000765,2025-04-11T11:30:00+00:00,4267.04,INR,settled,ADJUSTMENT
T00004953,C000259,A000570,2025-08-29T03:37:59+00:00,987.26,CAD,failed,ADJUSTMENT
T00004954,C000471,A001028,2025-01-20T22:49:22+00:00,4208.57,GBP,reversed,TRANSFER
T00004955,C000709,A000515,2026-06-30T04:09:33+00:00,4869.53,GBP,pending,REFUND
T00004956,C000283,A000714,2025-06-19T16:15:07+00:00,3105.42,USD,reversed,SALE
T00004957,C000256,A000148,2026-05-31T09:33:02+00:00,3092.22,INR,settled,TRANSFER
T00004958,C000506,A001103,2025-10-30T13:37:25+00:00,259.21,GBP,failed,ADJUSTMENT
T00004959,C000197,A000246,2025-05-22T13:59:05+00:00,1825.87,EUR,settled,SALE
T00004960,C000439,A001141,2026-03-30T22:26:24+00:00,4209.05,USD,pending,TRANSFER
T00004961,C000973,A000989,2026-02-27T18:30:12+00:00,94.98,INR,pending,ADJUSTMENT
T00004962,C000461,A001489,2025-11-08T02:10:53+00:00,1945.00,CAD,reversed,TRANSFER
T00004963,C000303,A000961,2025-01-21T13:54:33+00:00,2175.97,EUR,reversed,REFUND
T00004964,C000389,A001296,2026-06-28T11:45:31+00:00,4633.19,USD,reversed,TRANSFER
T00004965,C000272,A001394,2025-03-25T02:06:15+00:00,2671.68,INR,settled,SALE
T00004966,C000662,A000347,2025-11-19T15:02:06+00:00,1209.59,CAD,failed,SALE
T00004967,C000899,A001147,2026-04-20T03:42:33+00:00,4895.81,GBP,settled,REFUND
T00004968,C000568,A000070,2025-04-24T18:40:13+00:00,2151.46,INR,reversed,REFUND
T00004969,C000220,A000639,2026-05-28T08:41:41+00:00,1078.64,CAD,reversed,SALE
T00004970,C000132,A001031,2025-07-21T05:32:34+00:00,2428.74,EUR,settled,TRANSFER
T00004971,C000543,A001441,2025-05-21T22:43:38+00:00,2632.99,EUR,reversed,SALE
T00004972,C000655,A000802,2025-12-16T20:55:21+00:00,136.56,INR,failed,SALE
T00004973,C000229,A000743,2026-05-20T18:09:22+00:00,1522.24,USD,failed,ADJUSTMENT
T00004974,C000383,A000043,2025-02-14T10:05:56+00:00,4365.01,INR,reversed,TRANSFER
T00004975,C000658,A001159,2025-07-23T05:29:23+00:00,4633.20,INR,settled,SALE
T00004976,C000234,A000113,2026-07-12T13:16:10+00:00,1313.03,CAD,pending,REFUND
T00004977,C000970,A000682,2026-07-21T09:30:08+00:00,2822.94,INR,failed,TRANSFER
T00004978,C000896,A001428,2026-03-10T17:31:55+00:00,2130.68,INR,settled,ADJUSTMENT
T00004979,C000082,A001365,2025-11-05T09:39:33+00:00,4493.07,INR,failed,SALE
T00004980,C000678,A000699,2026-06-12T15:35:41+00:00,3295.57,EUR,reversed,REFUND
T00004981,C000822,A000052,2026-05-21T11:18:48+00:00,1573.29,GBP,settled,SALE
T00004982,C000806,A000693,2025-04-13T12:01:43+00:00,3431.73,CAD,settled,REFUND
T00004983,C000929,A000778,2026-01-08T09:18:48+00:00,1128.59,USD,reversed,SALE
T00004984,C000055,A000295,2025-03-21T23:25:24+00:00,544.01,GBP,pending,ADJUSTMENT
T00004985,C000338,A000229,2025-05-31T04:35:05+00:00,1839.91,USD,failed,REFUND
T00004986,C000589,A000648,2025-11-12T23:02:49+00:00,1870.91,USD,reversed,TRANSFER
T00004987,C000960,A000538,2025-02-25T04:11:57+00:00,1127.62,CAD,reversed,REFUND
T00004988,C000173,A001311,2025-08-31T16:51:55+00:00,1414.17,USD,pending,REFUND
T00004989,C000580,A000590,2025-11-16T20:00:43+00:00,3311.86,EUR,pending,TRANSFER
T00004990,C000277,A000951,2025-10-12T19:58:40+00:00,4103.06,GBP,reversed,REFUND
T00004991,C000655,A001079,2026-05-18T05:26:09+00:00,1578.84,INR,reversed,SALE
T00004992,C000168,A001337,2025-08-09T20:20:26+00:00,4917.66,USD,reversed,SALE
T00004993,C000166,A001382,2026-09-07T20:06:41+00:00,1245.45,USD,settled,ADJUSTMENT
T00004994,C000912,A000573,2026-06-19T15:25:57+00:00,3211.29,GBP,pending,SALE
T00004995,C000366,A001045,2026-06-16T18:26:20+00:00,1915.30,CAD,settled,REFUND
T00004996,C000164,A000833,2025-07-23T13:10:49+00:00,41.08,CAD,reversed,SALE
T00004997,C000069,A001087,2026-04-02T03:27:32+00:00,1378.45,USD,pending,SALE
T00004998,C000257,A001188,2026-01-26T12:23:15+00:00,1892.54,CAD,settled,TRANSFER
T00004999,C000092,A000885,2025-01-09T17:33:55+00:00,4529.94,INR,settled,ADJUSTMENT
T00005000,C000865,A000645,2026-07-23T06:56:26+00:00,3821.01,INR,settled,ADJUSTMENT
T00005001,C000069,A001181,2026-03-18T16:52:41+00:00,2783.76,GBP,reversed,TRANSFER
T00005002,C000282,A001496,2025-12-27T08:59:13+00:00,394.99,CAD,pending,REFUND
T00005003,C000056,A000483,2026-08-15T23:28:43+00:00,1345.50,USD,settled,SALE
T00005004,C000602,A000871,2025-12-22T06:17:04+00:00,4084.74,USD,settled,ADJUSTMENT
T00005005,C000870,A000807,2026-03-05T13:58:14+00:00,4828.02,INR,settled,REFUND
T00005006,C000796,A000503,2025-02-21T14:05:26+00:00,561.66,USD,failed,ADJUSTMENT
T00005007,C000777,A001017,2025-01-05T11:44:45+00:00,4434.32,EUR,settled,ADJUSTMENT
T00005008,C000455,A001233,2026-05-24T18:54:39+00:00,2104.97,GBP,pending,TRANSFER
T00005009,C000839,A001468,2026-08-23T20:52:28+00:00,1844.73,EUR,failed,ADJUSTMENT
T00005010,C000909,A000781,2026-03-22T06:20:05+00:00,3135.70,CAD,reversed,SALE
T00005011,C000955,A001228,2025-04-09T14:25:53+00:00,3002.19,EUR,pending,ADJUSTMENT
T00005012,C000786,A000467,2026-08-15T09:19:32+00:00,1338.71,EUR,failed,SALE
T00005013,C000885,A000055,2025-01-27T05:24:38+00:00,4648.97,GBP,pending,ADJUSTMENT
T00005014,C000492,A001229,2025-04-14T21:11:29+00:00,4166.52,EUR,failed,TRANSFER
T00005015,C000566,A000033,2025-11-11T12:23:59+00:00,200.22,EUR,failed,ADJUSTMENT
T00005016,C000758,A000493,2025-06-05T14:05:15+00:00,4505.90,USD,reversed,ADJUSTMENT
T00005017,C000637,A000367,2025-08-07T18:47:06+00:00,2797.69,GBP,reversed,ADJUSTMENT
T00005018,C000119,A000577,2025-05-20T22:30:44+00:00,4298.25,GBP,failed,SALE
T00005019,C000391,A001068,2026-04-04T15:39:02+00:00,2659.41,INR,reversed,TRANSFER
T00005020,C000076,A000757,2025-04-30T01:27:49+00:00,2933.34,CAD,pending,REFUND
T00005021,C000567,A000509,2026-04-22T12:10:46+00:00,2867.33,INR,failed,REFUND
T00005022,C000441,A001107,2026-05-13T06:35:07+00:00,2519.54,USD,pending,TRANSFER
T00005023,C000626,A001081,2026-01-12T13:52:05+00:00,4374.46,INR,settled,ADJUSTMENT
T00005024,C000117,A000120,2025-04-02T05:34:00+00:00,629.21,INR,failed,REFUND
T00005025,C000268,A001262,2026-02-02T08:23:54+00:00,1584.89,INR,settled,ADJUSTMENT
T00005026,C000226,A000737,2026-09-08T09:07:17+00:00,4104.64,GBP,pending,SALE
T00005027,C000700,A000227,2026-08-08T01:19:10+00:00,3758.90,EUR,reversed,REFUND
T00005028,C000747,A001163,2025-09-20T18:55:31+00:00,1078.25,GBP,reversed,ADJUSTMENT
T00005029,C000560,A000289,2026-05-04T23:30:26+00:00,2457.68,EUR,reversed,ADJUSTMENT
T00005030,C000619,A000534,2026-03-26T23:20:35+00:00,2945.11,USD,pending,REFUND
T00005031,C000888,A000498,2025-02-16T22:25:52+00:00,2207.41,INR,pending,ADJUSTMENT
T00005032,C000130,A001257,2026-07-13T13:43:31+00:00,3940.42,CAD,reversed,TRANSFER
T00005033,C000482,A001256,2025-07-24T05:10:50+00:00,2665.35,INR,failed,TRANSFER
T00005034,C000015,A001499,2025-04-28T13:11:56+00:00,4668.62,EUR,settled,SALE
T00005035,C000966,A000219,2026-04-02T04:31:47+00:00,1951.42,INR,failed,TRANSFER
T00005036,C000407,A001247,2026-05-20T01:50:55+00:00,3019.39,EUR,failed,ADJUSTMENT
T00005037,C000357,A001387,2026-06-01T13:47:22+00:00,1415.84,INR,failed,ADJUSTMENT
T00005038,C000373,A000796,2026-03-20T09:59:40+00:00,2310.66,GBP,pending,ADJUSTMENT
T00005039,C000961,A000378,2026-07-01T22:26:14+00:00,1432.21,INR,failed,REFUND
T00005040,C000830,A000279,2025-03-29T12:14:23+00:00,3153.69,GBP,failed,ADJUSTMENT
T00005041,C000737,A000322,2025-06-13T23:43:03+00:00,439.55,INR,reversed,TRANSFER
T00005042,C000945,A000286,2026-03-01T05:03:11+00:00,1189.38,USD,failed,REFUND
T00005043,C000154,A000891,2025-01-14T13:55:54+00:00,2479.10,CAD,pending,SALE
T00005044,C000909,A000997,2025-03-31T11:04:08+00:00,3399.27,USD,failed,ADJUSTMENT
T00005045,C000220,A000250,2025-06-05T16:06:01+00:00,2437.07,EUR,reversed,ADJUSTMENT
T00005046,C000961,A000378,2025-06-17T04:04:49+00:00,4574.66,INR,failed,SALE
T00005047,C000125,A000013,2026-04-24T04:15:35+00:00,2712.60,USD,settled,ADJUSTMENT
T00005048,C000503,A001347,2026-04-28T11:16:56+00:00,4556.08,INR,settled,SALE
T00005049,C000587,A001086,2026-05-06T05:58:56+00:00,1604.26,GBP,pending,SALE
T00005050,C000624,A001415,2026-09-11T10:53:03+00:00,86.10,USD,reversed,SALE
T00005051,C000974,A001053,2025-11-19T22:19:14+00:00,277.54,EUR,settled,TRANSFER
T00005052,C000492,A000995,2025-10-01T21:55:47+00:00,3091.86,GBP,failed,ADJUSTMENT
T00005053,C000918,A000061,2025-10-13T16:08:21+00:00,2721.29,EUR,settled,ADJUSTMENT
T00005054,C000315,A001226,2025-05-02T10:12:26+00:00,2695.30,USD,settled,TRANSFER
T00005055,C000780,A001402,2025-01-02T00:41:20+00:00,339.91,INR,reversed,ADJUSTMENT
T00005056,C000584,A000881,2026-01-30T08:39:31+00:00,2961.87,EUR,settled,TRANSFER
T00005057,C000994,A001119,2025-06-12T23:22:45+00:00,486.72,EUR,pending,REFUND
T00005058,C000328,A001486,2025-03-21T04:37:43+00:00,1341.62,CAD,settled,ADJUSTMENT
T00005059,C000568,A001098,2026-04-30T01:10:43+00:00,784.95,EUR,settled,TRANSFER
T00005060,C000753,A000482,2025-11-15T18:23:06+00:00,4814.67,GBP,failed,REFUND
T00005061,C000268,A001390,2026-05-28T21:59:14+00:00,572.75,INR,failed,ADJUSTMENT
T00005062,C000757,A001306,2026-06-05T00:01:55+00:00,4991.20,EUR,failed,REFUND
T00005063,C000240,A000773,2026-07-11T02:23:39+00:00,2937.27,USD,failed,REFUND
T00005064,C000959,A001283,2025-08-01T09:00:54+00:00,293.43,EUR,reversed,SALE
T00005065,C000960,A000538,2026-04-04T11:44:11+00:00,3488.71,CAD,pending,REFUND
T00005066,C000924,A000976,2025-10-09T23:36:19+00:00,3924.60,EUR,settled,ADJUSTMENT
T00005067,C000908,A000457,2026-06-03T12:01:59+00:00,4326.06,GBP,settled,SALE
T00005068,C000035,A000426,2026-02-10T11:53:00+00:00,1801.77,CAD,settled,SALE
T00005069,C000168,A000184,2025-06-30T18:25:58+00:00,4646.34,USD,pending,ADJUSTMENT
T00005070,C000150,A000161,2025-01-06T05:03:42+00:00,2492.64,INR,reversed,TRANSFER
T00005071,C000314,A001029,2025-05-17T10:50:14+00:00,3396.72,EUR,pending,TRANSFER
T00005072,C000069,A001181,2025-12-11T14:49:03+00:00,1060.90,GBP,pending,TRANSFER
T00005073,C000513,A000319,2026-08-21T01:35:03+00:00,1571.51,GBP,reversed,ADJUSTMENT
T00005074,C000471,A000734,2025-01-01T17:05:24+00:00,4358.17,INR,failed,ADJUSTMENT
T00005075,C000786,A001350,2026-06-30T03:10:54+00:00,321.18,CAD,failed,TRANSFER
T00005076,C000137,A000473,2026-02-10T23:11:08+00:00,608.39,GBP,settled,REFUND
T00005077,C000840,A000152,2025-05-22T20:10:45+00:00,3503.99,GBP,settled,REFUND
T00005078,C000268,A001262,2025-02-15T08:17:17+00:00,1085.80,INR,pending,SALE
T00005079,C000527,A000786,2025-10-12T20:58:19+00:00,2366.22,USD,pending,ADJUSTMENT
T00005080,C000530,A001209,2025-11-08T23:00:24+00:00,3819.86,USD,failed,TRANSFER
T00005081,C000747,A000083,2025-07-20T11:22:12+00:00,4044.02,USD,failed,TRANSFER
T00005082,C000568,A001250,2025-06-27T02:12:06+00:00,3903.20,GBP,settled,ADJUSTMENT
T00005083,C000955,A000304,2025-07-18T02:06:31+00:00,3138.51,EUR,failed,ADJUSTMENT
T00005084,C000892,A000950,2026-04-22T16:43:35+00:00,1436.20,USD,failed,ADJUSTMENT
T00005085,C000616,A000547,2025-06-10T03:30:22+00:00,3229.15,EUR,pending,SALE
T00005086,C000320,A000270,2025-08-09T08:15:47+00:00,4897.71,INR,failed,ADJUSTMENT
T00005087,C000377,A000835,2025-08-11T02:19:50+00:00,3017.78,USD,pending,TRANSFER
T00005088,C000249,A001435,2026-01-28T07:01:32+00:00,2941.39,INR,pending,SALE
T00005089,C000084,A001333,2025-10-11T17:47:20+00:00,29.15,EUR,settled,SALE
T00005090,C000691,A000633,2026-07-14T10:31:07+00:00,321.55,CAD,pending,TRANSFER
T00005091,C000283,A000714,2025-05-05T10:24:02+00:00,440.68,USD,pending,TRANSFER
T00005092,C000058,A000535,2026-04-30T11:35:09+00:00,4612.17,INR,settled,ADJUSTMENT
T00005093,C000670,A000276,2025-11-17T06:44:58+00:00,2520.27,GBP,settled,TRANSFER
T00005094,C000802,A000063,2025-01-02T12:33:34+00:00,3733.31,GBP,failed,ADJUSTMENT
T00005095,C000764,A000403,2025-02-22T10:19:43+00:00,508.42,GBP,settled,REFUND
T00005096,C000200,A000104,2025-09-17T16:43:00+00:00,4142.32,CAD,reversed,ADJUSTMENT
T00005097,C000650,A000355,2026-09-07T02:39:48+00:00,3721.46,USD,settled,REFUND
T00005098,C000127,A001096,2025-10-30T04:55:27+00:00,2114.28,USD,settled,TRANSFER
T00005099,C000753,A001082,2025-03-26T07:41:48+00:00,3607.11,INR,settled,TRANSFER
T00005100,C000893,A001037,2026-05-28T01:13:25+00:00,1231.33,EUR,reversed,SALE
T00005101,C000773,A000868,2026-01-05T08:47:57+00:00,893.74,EUR,pending,SALE
T00005102,C000069,A001181,2025-03-14T14:16:21+00:00,4764.15,GBP,reversed,REFUND
T00005103,C000534,A000357,2026-01-09T22:41:05+00:00,3812.20,INR,failed,REFUND
T00005104,C000851,A000325,2025-01-12T19:01:56+00:00,1059.48,USD,settled,REFUND
T00005105,C000093,A001379,2025-05-14T18:00:12+00:00,2396.05,CAD,pending,TRANSFER
T00005106,C000007,A000632,2025-09-14T17:30:30+00:00,633.10,GBP,reversed,REFUND
T00005107,C000869,A001346,2025-06-29T11:52:50+00:00,4077.82,USD,failed,SALE
T00005108,C000983,A000346,2026-07-14T01:56:39+00:00,3623.76,INR,settled,SALE
T00005109,C000479,A000073,2026-05-29T02:36:18+00:00,2368.32,USD,pending,ADJUSTMENT
T00005110,C000471,A000734,2025-04-12T09:05:27+00:00,1856.04,INR,failed,TRANSFER
T00005111,C000894,A000563,2025-07-19T18:05:50+00:00,610.44,CAD,failed,REFUND
T00005112,C000713,A000038,2025-11-24T00:52:28+00:00,1904.83,USD,reversed,SALE
T00005113,C000091,A000907,2025-07-15T00:51:07+00:00,1737.26,USD,reversed,ADJUSTMENT
T00005114,C000573,A001388,2026-02-15T01:30:41+00:00,43.54,GBP,failed,ADJUSTMENT
T00005115,C000760,A000281,2025-06-27T09:29:18+00:00,495.86,EUR,failed,ADJUSTMENT
T00005116,C000117,A000120,2025-05-13T13:40:11+00:00,3735.14,INR,failed,SALE
T00005117,C000273,A001416,2026-06-06T14:49:35+00:00,3319.96,INR,pending,REFUND
T00005118,C000854,A000838,2026-07-06T04:15:40+00:00,1173.88,CAD,failed,TRANSFER
T00005119,C000340,A000684,2025-06-27T18:54:22+00:00,4551.09,CAD,failed,ADJUSTMENT
T00005120,C000258,A000712,2025-04-16T14:30:07+00:00,1954.66,INR,settled,ADJUSTMENT
T00005121,C000669,A001446,2026-04-14T05:01:42+00:00,845.39,CAD,settled,TRANSFER
T00005122,C000088,A000424,2025-11-18T04:50:44+00:00,87.20,GBP,pending,SALE
T00005123,C000589,A000648,2026-04-21T17:00:53+00:00,2240.71,USD,reversed,TRANSFER
T00005124,C000893,A000118,2026-06-08T01:39:58+00:00,3883.89,CAD,failed,SALE
T00005125,C000489,A000511,2026-03-25T08:35:53+00:00,1407.30,INR,settled,REFUND
T00005126,C000084,A001333,2025-02-04T20:25:01+00:00,1128.91,EUR,settled,TRANSFER
T00005127,C000467,A000360,2025-05-20T20:27:59+00:00,3958.35,CAD,pending,ADJUSTMENT
T00005128,C000010,A000141,2025-05-15T15:22:25+00:00,3461.95,USD,failed,SALE
T00005129,C000740,A000553,2025-02-04T15:10:40+00:00,4169.78,INR,pending,REFUND
T00005130,C000806,A000721,2026-05-27T13:26:13+00:00,880.08,INR,settled,SALE
T00005131,C000927,A000690,2025-01-02T20:30:33+00:00,2782.92,EUR,reversed,TRANSFER
T00005132,C000955,A001228,2025-11-25T02:54:22+00:00,4088.66,EUR,settled,SALE
T00005133,C000434,A000514,2025-12-01T02:21:07+00:00,4466.75,GBP,settled,SALE
T00005134,C000335,A001491,2025-08-12T01:46:00+00:00,3337.12,INR,failed,SALE
T00005135,C000647,A000037,2026-03-02T23:46:14+00:00,421.66,INR,settled,TRANSFER
T00005136,C000740,A000315,2025-06-15T20:30:16+00:00,1520.82,CAD,settled,ADJUSTMENT
T00005137,C000219,A001055,2026-03-26T08:40:12+00:00,4025.18,CAD,pending,ADJUSTMENT
T00005138,C000441,A001325,2025-06-18T07:06:35+00:00,585.21,INR,pending,SALE
T00005139,C000333,A001460,2025-06-16T14:46:41+00:00,2591.97,CAD,settled,SALE
T00005140,C000145,A001172,2025-10-06T06:17:10+00:00,1658.58,EUR,reversed,SALE
T00005141,C000836,A000506,2025-05-08T07:00:43+00:00,632.02,INR,failed,TRANSFER
T00005142,C000962,A000623,2025-02-21T17:17:17+00:00,2087.92,USD,settled,TRANSFER
T00005143,C000504,A000949,2026-06-17T00:33:38+00:00,582.02,EUR,settled,SALE
T00005144,C000632,A000934,2026-01-08T06:37:22+00:00,268.06,EUR,reversed,REFUND
T00005145,C000652,A001113,2025-01-11T02:34:14+00:00,4004.53,GBP,settled,SALE
T00005146,C000219,A001055,2026-04-11T15:09:50+00:00,3553.57,CAD,settled,SALE
T00005147,C000557,A000147,2025-11-17T22:02:42+00:00,1638.85,CAD,failed,ADJUSTMENT
T00005148,C000283,A000537,2025-01-14T10:59:47+00:00,4712.15,INR,pending,SALE
T00005149,C000930,A000379,2026-07-07T01:11:18+00:00,4858.39,GBP,pending,TRANSFER
T00005150,C000667,A000330,2026-01-29T12:38:25+00:00,4197.45,GBP,settled,SALE
T00005151,C000279,A000071,2025-08-14T04:21:07+00:00,2166.19,USD,failed,ADJUSTMENT
T00005152,C000344,A000621,2025-01-04T16:43:19+00:00,264.32,INR,pending,REFUND
T00005153,C000145,A001106,2026-03-14T05:53:37+00:00,4835.41,GBP,reversed,ADJUSTMENT
T00005154,C000686,A000966,2026-09-03T22:54:05+00:00,850.85,GBP,failed,REFUND
T00005155,C000761,A000836,2025-09-05T08:37:52+00:00,2179.40,USD,pending,ADJUSTMENT
T00005156,C000837,A000982,2025-10-08T13:03:57+00:00,2541.49,USD,reversed,SALE
T00005157,C000562,A000783,2025-05-25T15:14:13+00:00,252.83,CAD,failed,TRANSFER
T00005158,C000698,A001432,2026-09-07T18:54:04+00:00,3487.34,USD,pending,ADJUSTMENT
T00005159,C000389,A001296,2025-04-08T16:17:50+00:00,1279.79,USD,settled,REFUND
T00005160,C000852,A000533,2025-05-05T11:18:26+00:00,2043.06,GBP,settled,REFUND
T00005161,C000035,A000426,2025-05-09T13:42:47+00:00,2608.43,CAD,settled,REFUND
T00005162,C000067,A000589,2026-05-12T07:10:17+00:00,1409.77,INR,reversed,SALE
T00005163,C000269,A000174,2025-10-06T17:43:10+00:00,815.79,EUR,reversed,TRANSFER
T00005164,C000930,A001189,2026-03-12T03:21:59+00:00,3386.10,GBP,reversed,TRANSFER
T00005165,C000420,A001227,2025-06-11T08:31:27+00:00,449.78,USD,reversed,ADJUSTMENT
T00005166,C000328,A001486,2025-02-04T23:45:19+00:00,659.28,CAD,pending,SALE
T00005167,C000252,A001433,2026-01-25T15:37:00+00:00,211.01,EUR,reversed,ADJUSTMENT
T00005168,C000507,A000979,2025-09-13T20:13:53+00:00,326.46,CAD,pending,SALE
T00005169,C000283,A000714,2026-06-09T10:53:20+00:00,2457.78,USD,pending,ADJUSTMENT
T00005170,C000839,A001468,2025-07-17T11:48:48+00:00,3531.80,EUR,settled,ADJUSTMENT
T00005171,C000952,A000053,2026-04-09T07:41:04+00:00,1266.19,INR,reversed,SALE
T00005172,C000329,A000488,2025-04-26T16:33:10+00:00,1157.87,GBP,failed,REFUND
T00005173,C000509,A000453,2026-07-21T05:07:08+00:00,4014.65,CAD,pending,SALE
T00005174,C000842,A000095,2025-12-31T09:06:03+00:00,2921.04,USD,pending,REFUND
T00005175,C000813,A000192,2026-05-26T06:24:54+00:00,1959.48,INR,settled,SALE
T00005176,C000632,A000934,2025-06-01T08:46:03+00:00,543.02,EUR,settled,SALE
T00005177,C000069,A001500,2025-09-28T06:42:31+00:00,433.67,INR,reversed,REFUND
T00005178,C000877,A000886,2025-11-20T22:49:36+00:00,875.03,INR,pending,TRANSFER
T00005179,C000858,A001407,2025-04-28T15:04:57+00:00,260.53,CAD,failed,SALE
T00005180,C000146,A001399,2025-04-27T02:31:27+00:00,2735.31,USD,pending,ADJUSTMENT
T00005181,C000479,A000073,2025-11-22T00:49:03+00:00,2976.38,USD,failed,SALE
T00005182,C000114,A000829,2025-11-29T04:14:15+00:00,2915.23,EUR,reversed,ADJUSTMENT
T00005183,C000389,A001101,2025-02-23T11:34:18+00:00,2499.33,USD,pending,ADJUSTMENT
T00005184,C000091,A001025,2026-08-28T06:27:17+00:00,1638.87,EUR,reversed,TRANSFER
T00005185,C000111,A000616,2026-04-10T17:01:34+00:00,4839.75,INR,settled,ADJUSTMENT
T00005186,C000106,A000709,2025-04-14T19:35:16+00:00,1929.68,INR,reversed,REFUND
T00005187,C000573,A001388,2026-01-21T15:36:09+00:00,1066.24,GBP,settled,TRANSFER
T00005188,C000187,A000692,2025-05-11T14:25:57+00:00,3360.74,CAD,settled,TRANSFER
T00005189,C000442,A000504,2025-08-30T04:30:12+00:00,4923.95,CAD,pending,TRANSFER
T00005190,C000056,A000483,2025-10-29T05:00:31+00:00,2121.86,USD,reversed,SALE
T00005191,C000015,A001499,2025-04-14T09:17:07+00:00,3815.46,EUR,pending,SALE
T00005192,C000704,A000628,2025-06-29T01:31:03+00:00,4374.28,GBP,settled,ADJUSTMENT
T00005193,C000581,A000931,2025-01-04T13:40:10+00:00,2302.77,INR,failed,TRANSFER
T00005194,C000627,A001476,2026-09-11T04:07:57+00:00,4001.73,INR,reversed,TRANSFER
T00005195,C000038,A000739,2026-01-14T04:49:50+00:00,490.55,GBP,failed,TRANSFER
T00005196,C000291,A001180,2025-05-25T01:15:14+00:00,1646.82,CAD,pending,ADJUSTMENT
T00005197,C000892,A000813,2025-10-30T19:43:48+00:00,4550.29,INR,settled,TRANSFER
T00005198,C000256,A000023,2025-07-27T16:42:56+00:00,2813.75,CAD,settled,TRANSFER
T00005199,C000003,A000733,2025-10-13T14:34:57+00:00,2203.32,INR,reversed,TRANSFER
T00005200,C000075,A001336,2026-05-31T11:17:13+00:00,496.24,CAD,failed,TRANSFER
T00005201,C000159,A000983,2026-01-17T08:41:01+00:00,880.24,GBP,settled,TRANSFER
T00005202,C000597,A001361,2026-01-10T01:19:07+00:00,1202.31,EUR,failed,SALE
T00005203,C000531,A000059,2025-02-05T13:54:26+00:00,2934.18,GBP,pending,TRANSFER
T00005204,C000480,A000296,2025-03-20T23:58:07+00:00,69.96,GBP,reversed,ADJUSTMENT
T00005205,C000969,A000051,2025-07-17T11:34:29+00:00,197.34,USD,pending,TRANSFER
T00005206,C000891,A001288,2025-04-24T20:51:07+00:00,4015.93,INR,failed,TRANSFER
T00005207,C000084,A001333,2025-01-18T22:11:59+00:00,639.28,EUR,reversed,REFUND
T00005208,C000347,A000129,2025-01-09T16:39:13+00:00,1656.44,USD,failed,ADJUSTMENT
T00005209,C000084,A001333,2025-01-12T16:54:05+00:00,2019.35,EUR,pending,SALE
T00005210,C000634,A001019,2026-07-28T21:39:31+00:00,4423.90,USD,failed,ADJUSTMENT
T00005211,C000572,A001200,2025-05-17T06:26:47+00:00,3319.46,INR,settled,TRANSFER
T00005212,C000909,A000781,2025-08-15T13:56:00+00:00,515.06,CAD,failed,TRANSFER
T00005213,C000194,A001064,2025-04-06T03:21:43+00:00,3237.54,USD,reversed,TRANSFER
T00005214,C000693,A000824,2025-01-19T15:33:50+00:00,393.30,EUR,failed,SALE
T00005215,C000452,A001235,2025-04-27T16:37:46+00:00,237.23,CAD,failed,REFUND
T00005216,C000795,A000591,2025-02-24T03:08:51+00:00,3159.56,EUR,pending,ADJUSTMENT
T00005217,C000946,A001071,2025-05-31T23:22:32+00:00,4764.11,EUR,pending,SALE
T00005218,C000268,A001317,2025-01-14T23:47:56+00:00,901.28,CAD,settled,ADJUSTMENT
T00005219,C000256,A000023,2026-08-08T23:33:43+00:00,3824.96,CAD,pending,REFUND
T00005220,C000546,A001004,2025-02-17T20:48:57+00:00,2791.09,EUR,pending,ADJUSTMENT
T00005221,C000218,A000185,2026-08-24T15:51:31+00:00,4675.30,EUR,reversed,ADJUSTMENT
T00005222,C000129,A000803,2026-04-17T21:21:58+00:00,3895.69,GBP,reversed,REFUND
T00005223,C000960,A000449,2025-11-18T21:21:57+00:00,2204.58,INR,settled,TRANSFER
T00005224,C000759,A000713,2026-07-29T20:03:03+00:00,3987.14,EUR,reversed,REFUND
T00005225,C000518,A000915,2026-03-23T19:20:10+00:00,2410.57,GBP,reversed,TRANSFER
T00005226,C000616,A000706,2025-10-08T17:23:30+00:00,1947.82,INR,settled,SALE
T00005227,C000899,A000526,2026-07-13T06:39:57+00:00,3261.75,CAD,failed,TRANSFER
T00005228,C000193,A001198,2025-07-19T14:19:25+00:00,4516.16,EUR,pending,REFUND
T00005229,C000753,A000482,2025-03-28T10:00:09+00:00,4747.84,GBP,reversed,REFUND
T00005230,C000555,A000388,2026-02-16T08:23:42+00:00,4195.39,INR,pending,REFUND
T00005231,C000287,A000664,2025-01-18T05:21:11+00:00,966.76,GBP,pending,SALE
T00005232,C000886,A000762,2026-07-24T18:12:11+00:00,4874.34,INR,failed,ADJUSTMENT
T00005233,C000980,A001362,2026-04-06T10:44:39+00:00,2494.15,USD,settled,ADJUSTMENT
T00005234,C000155,A000417,2026-01-23T21:49:44+00:00,3215.25,USD,settled,SALE
T00005235,C000819,A001470,2025-02-02T08:29:34+00:00,3245.61,EUR,failed,TRANSFER
T00005236,C000959,A000410,2026-07-02T19:55:07+00:00,1908.21,CAD,failed,ADJUSTMENT
T00005237,C000001,A001313,2025-03-14T20:35:45+00:00,3209.81,EUR,pending,SALE
T00005238,C000850,A001171,2025-09-15T06:13:46+00:00,835.36,GBP,pending,ADJUSTMENT
T00005239,C000492,A001122,2025-10-22T09:44:10+00:00,3475.23,INR,pending,TRANSFER
T00005240,C000518,A000915,2025-03-23T14:00:11+00:00,4217.51,GBP,settled,REFUND
T00005241,C000531,A000059,2026-06-01T04:11:57+00:00,3818.69,GBP,reversed,ADJUSTMENT
T00005242,C000727,A001345,2025-07-12T09:47:35+00:00,2875.34,CAD,reversed,TRANSFER
T00005243,C000433,A000235,2025-06-23T15:18:32+00:00,2499.58,CAD,reversed,REFUND
T00005244,C000784,A000849,2026-06-16T19:29:29+00:00,3558.09,USD,reversed,SALE
T00005245,C000698,A001432,2025-10-29T09:07:17+00:00,1361.37,USD,failed,TRANSFER
T00005246,C000270,A001455,2025-09-12T20:11:37+00:00,2893.65,INR,reversed,TRANSFER
T00005247,C000624,A001415,2025-01-04T04:16:37+00:00,483.30,USD,pending,TRANSFER
T00005248,C000318,A001125,2026-02-28T23:32:03+00:00,1875.03,USD,failed,ADJUSTMENT
T00005249,C000946,A001071,2025-03-24T00:17:40+00:00,3309.16,EUR,pending,SALE
T00005250,C000324,A000669,2025-04-06T07:29:00+00:00,3588.97,GBP,failed,ADJUSTMENT
T00005251,C000047,A000101,2025-04-23T15:50:11+00:00,796.35,GBP,failed,SALE
T00005252,C000298,A000022,2025-01-02T21:54:17+00:00,4178.11,CAD,reversed,ADJUSTMENT
T00005253,C000335,A000397,2026-05-19T20:33:22+00:00,1904.03,GBP,pending,REFUND
T00005254,C000958,A001175,2026-09-09T07:17:09+00:00,3802.57,USD,failed,TRANSFER
T00005255,C000058,A000074,2026-03-29T16:05:00+00:00,3243.09,INR,failed,REFUND
T00005256,C000300,A000495,2025-09-13T01:07:34+00:00,1863.39,INR,settled,SALE
T00005257,C000633,A000133,2026-07-30T01:18:35+00:00,1105.25,EUR,pending,TRANSFER
T00005258,C000047,A000677,2025-01-29T05:43:01+00:00,614.70,EUR,settled,SALE
T00005259,C000631,A001356,2026-08-29T19:05:44+00:00,27.39,INR,settled,TRANSFER
T00005260,C000019,A001178,2026-04-01T11:32:20+00:00,4842.47,INR,failed,REFUND
T00005261,C000146,A001399,2025-07-19T14:23:40+00:00,2112.51,USD,settled,ADJUSTMENT
T00005262,C000239,A000855,2026-08-19T07:00:14+00:00,513.45,USD,reversed,REFUND
T00005263,C000802,A000985,2025-03-06T21:57:56+00:00,3458.16,CAD,settled,REFUND
T00005264,C000173,A001311,2026-09-04T06:43:36+00:00,887.19,USD,failed,SALE
T00005265,C000710,A000478,2026-05-15T15:45:58+00:00,1594.00,USD,failed,REFUND
T00005266,C000103,A000383,2026-02-02T04:45:36+00:00,4313.90,CAD,reversed,SALE
T00005267,C000624,A000085,2026-05-23T20:53:54+00:00,3668.61,GBP,failed,SALE
T00005268,C000965,A001022,2025-01-29T14:06:32+00:00,4394.83,EUR,reversed,TRANSFER
T00005269,C000605,A000031,2026-03-28T18:14:05+00:00,3260.95,CAD,pending,ADJUSTMENT
T00005270,C000527,A000157,2025-12-07T16:00:36+00:00,3967.83,USD,pending,TRANSFER
T00005271,C000821,A000627,2025-12-17T03:22:39+00:00,3626.12,CAD,reversed,SALE
T00005272,C000376,A000866,2025-03-31T05:49:08+00:00,113.45,GBP,pending,TRANSFER
T00005273,C000507,A001049,2025-11-29T07:30:25+00:00,1018.62,USD,reversed,REFUND
T00005274,C000343,A001230,2026-08-01T21:52:36+00:00,1932.05,EUR,failed,REFUND
T00005275,C000427,A001329,2026-06-13T16:31:45+00:00,713.53,USD,reversed,REFUND
T00005276,C000396,A000676,2025-07-01T23:13:54+00:00,741.39,USD,pending,SALE
T00005277,C000126,A001039,2025-05-24T23:56:56+00:00,1449.64,INR,reversed,REFUND
T00005278,C000441,A001325,2025-08-06T17:34:40+00:00,3553.37,INR,pending,SALE
T00005279,C000295,A000858,2026-01-22T16:44:21+00:00,2473.45,CAD,settled,SALE
T00005280,C000629,A000243,2025-05-20T20:13:20+00:00,4915.48,CAD,settled,REFUND
T00005281,C000423,A000875,2025-11-27T20:04:42+00:00,120.79,GBP,reversed,ADJUSTMENT
T00005282,C000634,A001006,2026-07-21T05:55:05+00:00,3192.19,USD,failed,SALE
T00005283,C000796,A000587,2025-03-19T12:57:54+00:00,1513.95,USD,reversed,SALE
T00005284,C000940,A000610,2025-08-23T19:26:35+00:00,3372.78,GBP,settled,ADJUSTMENT
T00005285,C000574,A001396,2025-12-02T20:01:44+00:00,314.20,GBP,reversed,REFUND
T00005286,C000266,A000201,2025-07-21T18:28:02+00:00,1917.89,INR,failed,SALE
T00005287,C000842,A000095,2026-08-01T12:52:18+00:00,2784.53,USD,failed,SALE
T00005288,C000398,A000894,2026-07-17T10:51:15+00:00,779.67,INR,pending,ADJUSTMENT
T00005289,C000094,A001143,2025-04-30T06:49:59+00:00,3362.77,GBP,reversed,TRANSFER
T00005290,C000613,A000764,2026-06-30T12:41:39+00:00,350.68,EUR,reversed,TRANSFER
T00005291,C000700,A000066,2026-01-24T18:27:19+00:00,167.75,CAD,failed,ADJUSTMENT
T00005292,C000969,A001298,2025-05-07T21:49:34+00:00,79.63,EUR,pending,REFUND
T00005293,C000788,A000366,2025-05-03T11:23:29+00:00,4046.09,EUR,reversed,ADJUSTMENT
T00005294,C000426,A001056,2025-10-17T06:43:10+00:00,2143.60,GBP,pending,REFUND
T00005295,C000125,A000013,2025-06-16T06:09:32+00:00,853.63,USD,reversed,ADJUSTMENT
T00005296,C000707,A000096,2025-06-01T09:57:12+00:00,3688.70,GBP,settled,ADJUSTMENT
T00005297,C000554,A000050,2026-04-05T10:39:36+00:00,962.43,INR,pending,SALE
T00005298,C000596,A000042,2025-07-31T10:11:20+00:00,3128.66,EUR,failed,SALE
T00005299,C000848,A001321,2025-08-30T07:25:16+00:00,2762.09,CAD,settled,ADJUSTMENT
T00005300,C000146,A001399,2025-02-05T07:36:22+00:00,4332.76,USD,settled,TRANSFER
T00005301,C000433,A000097,2025-09-07T02:02:59+00:00,1858.19,INR,reversed,ADJUSTMENT
T00005302,C000234,A000087,2026-02-16T02:37:59+00:00,3378.36,CAD,reversed,ADJUSTMENT
T00005303,C000162,A000636,2025-07-27T19:28:45+00:00,4005.41,INR,settled,TRANSFER
T00005304,C000983,A000346,2026-07-10T02:42:01+00:00,4843.92,INR,settled,SALE
T00005305,C000290,A000298,2025-10-06T12:26:53+00:00,2164.60,INR,failed,ADJUSTMENT
T00005306,C000128,A000536,2026-06-28T13:22:08+00:00,4182.54,USD,settled,TRANSFER
T00005307,C000318,A001125,2025-12-02T09:38:49+00:00,18.33,USD,reversed,SALE
T00005308,C000629,A000243,2026-04-04T16:04:55+00:00,2746.45,CAD,pending,ADJUSTMENT
T00005309,C000892,A000813,2026-02-02T17:22:54+00:00,2354.85,INR,failed,REFUND
T00005310,C000965,A001022,2026-06-10T02:51:48+00:00,3217.61,EUR,reversed,SALE
T00005311,C000056,A000483,2026-02-07T20:33:59+00:00,1159.94,USD,failed,REFUND
T00005312,C000013,A000440,2025-04-14T16:13:25+00:00,4314.02,CAD,pending,ADJUSTMENT
T00005313,C000097,A000269,2026-04-27T16:57:55+00:00,3931.76,EUR,failed,REFUND
T00005314,C000930,A001189,2025-06-26T01:36:28+00:00,3617.57,GBP,pending,TRANSFER
T00005315,C000091,A000907,2025-10-14T07:00:09+00:00,2837.61,USD,settled,TRANSFER
T00005316,C000876,A001186,2025-07-23T13:24:15+00:00,4832.44,EUR,reversed,ADJUSTMENT
T00005317,C000764,A001027,2026-01-28T16:20:59+00:00,4693.19,GBP,pending,REFUND
T00005318,C000492,A000995,2025-04-12T01:45:32+00:00,3374.68,GBP,pending,TRANSFER
T00005319,C000873,A000213,2026-02-01T03:20:21+00:00,3347.97,INR,pending,SALE
T00005320,C000238,A000396,2025-06-20T03:25:26+00:00,2630.70,USD,reversed,REFUND
T00005321,C000333,A000489,2026-09-10T10:42:34+00:00,3162.58,EUR,settled,TRANSFER
T00005322,C000407,A001247,2025-09-25T20:06:11+00:00,4996.28,EUR,reversed,SALE
T00005323,C000837,A000725,2026-05-26T18:15:42+00:00,26.29,CAD,settled,REFUND
T00005324,C000697,A000260,2025-12-27T17:13:07+00:00,3390.93,USD,reversed,SALE
T00005325,C000168,A001337,2025-07-16T15:13:39+00:00,2151.13,USD,failed,SALE
T00005326,C000811,A001475,2025-03-12T15:40:26+00:00,4898.97,USD,reversed,TRANSFER
T00005327,C000228,A001374,2025-08-23T02:16:55+00:00,4157.63,USD,pending,SALE
T00005328,C000570,A000746,2026-06-15T18:10:28+00:00,996.92,GBP,pending,REFUND
T00005329,C000508,A001206,2025-12-20T04:22:04+00:00,1824.66,INR,pending,ADJUSTMENT
T00005330,C000942,A001138,2025-05-16T11:46:48+00:00,1334.09,GBP,reversed,SALE
T00005331,C000527,A000157,2025-07-06T17:19:47+00:00,267.94,USD,settled,ADJUSTMENT
T00005332,C000119,A000577,2026-06-10T05:31:22+00:00,2766.80,GBP,failed,TRANSFER
T00005333,C000755,A001036,2026-05-04T14:46:47+00:00,113.19,INR,pending,SALE
T00005334,C000535,A000710,2025-11-03T03:43:41+00:00,258.43,GBP,reversed,ADJUSTMENT
T00005335,C000423,A000875,2025-08-26T04:44:19+00:00,3723.82,GBP,settled,SALE
T00005336,C000279,A000913,2025-07-22T16:10:31+00:00,519.27,EUR,pending,TRANSFER
T00005337,C000287,A000664,2026-05-08T21:12:29+00:00,2028.49,GBP,reversed,SALE
T00005338,C000511,A000728,2025-03-07T10:12:30+00:00,476.73,GBP,pending,TRANSFER
T00005339,C000743,A000787,2025-06-04T15:53:16+00:00,3482.36,EUR,reversed,REFUND
T00005340,C000996,A000136,2025-07-25T16:18:35+00:00,1355.25,CAD,reversed,ADJUSTMENT
T00005341,C000425,A000629,2025-12-30T11:02:47+00:00,1380.89,EUR,settled,ADJUSTMENT
T00005342,C000361,A000374,2025-08-21T05:16:20+00:00,2138.98,USD,failed,REFUND
T00005343,C000467,A000360,2025-10-23T20:14:11+00:00,2782.74,CAD,settled,ADJUSTMENT
T00005344,C000413,A000513,2025-02-20T06:47:07+00:00,220.23,INR,failed,TRANSFER
T00005345,C000518,A001234,2025-11-09T22:13:43+00:00,334.68,GBP,failed,ADJUSTMENT
T00005346,C000277,A001275,2025-08-15T06:07:23+00:00,1762.58,CAD,failed,ADJUSTMENT
T00005347,C000753,A000482,2026-05-15T11:12:30+00:00,1604.44,GBP,failed,ADJUSTMENT
T00005348,C000376,A000917,2025-06-21T11:52:53+00:00,6.56,EUR,reversed,ADJUSTMENT
T00005349,C000877,A001044,2025-09-29T06:40:35+00:00,3449.41,EUR,failed,SALE
T00005350,C000266,A000201,2026-03-06T12:33:17+00:00,4458.29,INR,settled,SALE
T00005351,C000627,A001476,2026-01-18T01:31:37+00:00,1605.93,INR,failed,REFUND
T00005352,C000964,A000122,2025-06-12T08:26:14+00:00,4321.24,INR,reversed,TRANSFER
T00005353,C000150,A000161,2026-07-27T11:23:00+00:00,664.00,INR,pending,REFUND
T00005354,C000331,A001316,2026-04-30T17:26:49+00:00,2478.69,EUR,settled,ADJUSTMENT
T00005355,C000573,A001331,2025-07-12T14:51:33+00:00,2818.68,USD,failed,ADJUSTMENT
T00005356,C000873,A000213,2025-06-02T00:40:01+00:00,4134.54,INR,settled,ADJUSTMENT
T00005357,C000028,A000228,2026-02-17T20:42:50+00:00,18.14,EUR,failed,SALE
T00005358,C000479,A000073,2026-01-31T03:48:59+00:00,3968.30,USD,settled,TRANSFER
T00005359,C000109,A000793,2026-07-15T15:44:27+00:00,1807.55,USD,pending,SALE
T00005360,C000597,A001249,2026-08-21T17:42:51+00:00,3873.26,USD,pending,TRANSFER
T00005361,C000389,A001101,2025-07-27T11:46:07+00:00,3640.38,USD,settled,SALE
T00005362,C000647,A000848,2025-09-26T05:36:03+00:00,391.51,GBP,reversed,REFUND
T00005363,C000786,A001350,2025-04-12T16:02:53+00:00,473.86,CAD,reversed,REFUND
T00005364,C000549,A000416,2026-02-20T16:05:16+00:00,1375.48,EUR,settled,SALE
T00005365,C000888,A000525,2026-06-17T06:47:16+00:00,3228.43,USD,failed,ADJUSTMENT
T00005366,C000832,A001252,2025-04-06T03:14:51+00:00,447.85,CAD,reversed,TRANSFER
T00005367,C000629,A000243,2025-08-11T18:58:32+00:00,1628.68,CAD,failed,TRANSFER
T00005368,C000185,A000392,2025-01-31T12:50:47+00:00,4507.47,INR,failed,SALE
T00005369,C000449,A001421,2025-08-14T15:20:40+00:00,3846.35,CAD,failed,SALE
T00005370,C000688,A000451,2025-09-14T04:19:44+00:00,2923.35,USD,settled,ADJUSTMENT
T00005371,C000303,A000961,2025-03-04T03:26:29+00:00,1342.32,EUR,reversed,TRANSFER
T00005372,C000686,A000925,2026-05-18T19:57:04+00:00,3519.28,USD,settled,ADJUSTMENT
T00005373,C000618,A000990,2025-05-07T01:36:42+00:00,843.66,USD,pending,ADJUSTMENT
T00005374,C000612,A001471,2025-06-17T04:42:28+00:00,575.29,GBP,pending,TRANSFER
T00005375,C000465,A000920,2026-06-05T21:56:12+00:00,3582.90,GBP,settled,SALE
T00005376,C000807,A000942,2025-12-02T20:22:03+00:00,4543.54,CAD,failed,ADJUSTMENT
T00005377,C000091,A000907,2025-03-09T09:48:17+00:00,3990.32,USD,pending,ADJUSTMENT
T00005378,C000484,A000151,2026-07-01T03:37:54+00:00,4341.85,GBP,reversed,SALE
T00005379,C000620,A001431,2026-03-13T21:12:49+00:00,3767.92,USD,reversed,TRANSFER
T00005380,C000757,A001443,2026-04-14T04:11:10+00:00,3222.30,USD,reversed,SALE
T00005381,C000197,A000246,2026-03-07T15:53:00+00:00,646.14,EUR,settled,SALE
T00005382,C000015,A000910,2026-06-05T18:22:30+00:00,520.09,CAD,settled,ADJUSTMENT
T00005383,C000611,A000776,2025-01-02T23:35:02+00:00,823.96,INR,failed,REFUND
T00005384,C000539,A001063,2025-11-23T13:56:59+00:00,492.93,EUR,failed,SALE
T00005385,C000546,A001150,2026-04-23T13:57:58+00:00,4679.52,USD,pending,SALE
T00005386,C000613,A000764,2025-08-27T06:21:37+00:00,1874.05,EUR,settled,REFUND
T00005387,C000286,A000475,2026-05-10T13:58:18+00:00,3863.80,CAD,pending,SALE
T00005388,C000667,A000330,2025-09-14T04:55:25+00:00,170.40,GBP,reversed,TRANSFER
T00005389,C000165,A001459,2025-03-30T01:56:55+00:00,2412.99,CAD,reversed,TRANSFER
T00005390,C000442,A000504,2026-01-26T12:44:37+00:00,1572.85,CAD,reversed,TRANSFER
T00005391,C000109,A001467,2025-07-13T21:13:30+00:00,3737.13,EUR,settled,ADJUSTMENT
T00005392,C000155,A000417,2025-09-14T16:33:55+00:00,2162.49,USD,pending,TRANSFER
T00005393,C000248,A000903,2026-05-31T19:11:35+00:00,4883.68,CAD,pending,ADJUSTMENT
T00005394,C000181,A000481,2025-07-25T10:53:52+00:00,1217.06,EUR,pending,ADJUSTMENT
T00005395,C000697,A000260,2026-09-10T04:31:56+00:00,4802.77,USD,settled,TRANSFER
T00005396,C000076,A001485,2026-02-18T19:28:17+00:00,505.08,INR,settled,ADJUSTMENT
T00005397,C000514,A001134,2025-11-28T10:28:28+00:00,3118.77,USD,pending,SALE
T00005398,C000661,A000214,2026-06-22T10:28:19+00:00,3811.29,CAD,reversed,ADJUSTMENT
T00005399,C000036,A000622,2026-02-14T05:40:06+00:00,4352.41,GBP,reversed,SALE
T00005400,C000347,A000186,2026-04-15T21:43:04+00:00,1511.06,EUR,failed,ADJUSTMENT
T00005401,C000945,A001217,2026-06-18T04:51:37+00:00,1929.26,CAD,pending,REFUND
T00005402,C000788,A000366,2025-09-09T21:11:34+00:00,2242.50,EUR,pending,SALE
T00005403,C000400,A000986,2025-06-20T19:38:05+00:00,4567.27,CAD,pending,REFUND
T00005404,C000351,A000443,2025-10-10T17:17:24+00:00,2388.53,CAD,pending,TRANSFER
T00005405,C000734,A001010,2026-04-09T12:04:50+00:00,2931.36,INR,failed,ADJUSTMENT
T00005406,C000016,A000873,2026-09-05T06:10:40+00:00,3543.75,CAD,reversed,TRANSFER
T00005407,C000425,A001339,2025-10-04T14:34:07+00:00,4888.40,CAD,settled,ADJUSTMENT
T00005408,C000658,A000121,2026-03-28T14:15:27+00:00,354.06,EUR,reversed,ADJUSTMENT
T00005409,C000890,A000854,2026-01-15T22:49:22+00:00,1350.57,USD,failed,ADJUSTMENT
T00005410,C000058,A001104,2026-05-17T11:40:18+00:00,3307.12,USD,settled,SALE
T00005411,C000108,A000657,2025-02-05T11:05:59+00:00,4435.29,INR,settled,ADJUSTMENT
T00005412,C000813,A001046,2026-08-17T02:25:00+00:00,4361.15,INR,reversed,REFUND
T00005413,C000249,A000008,2026-07-05T17:45:42+00:00,1624.83,USD,pending,TRANSFER
T00005414,C000084,A001333,2026-02-26T21:49:08+00:00,1209.95,EUR,reversed,SALE
T00005415,C000058,A001104,2025-01-30T07:13:36+00:00,1794.91,USD,failed,SALE
T00005416,C000092,A000885,2025-12-18T14:39:46+00:00,1560.53,INR,settled,REFUND
T00005417,C000838,A000723,2025-07-12T01:00:11+00:00,3734.06,CAD,settled,REFUND
T00005418,C000886,A000474,2025-01-25T09:28:06+00:00,2047.52,INR,failed,ADJUSTMENT
T00005419,C000425,A001339,2025-06-26T14:38:27+00:00,3928.15,CAD,pending,SALE
T00005420,C000930,A000479,2026-08-30T02:34:14+00:00,351.45,GBP,reversed,TRANSFER
T00005421,C000405,A001072,2025-06-26T03:19:28+00:00,1608.11,USD,reversed,REFUND
T00005422,C000194,A001064,2026-04-15T18:39:05+00:00,4155.83,USD,failed,ADJUSTMENT
T00005423,C000740,A000553,2025-01-24T15:19:38+00:00,3860.60,INR,settled,REFUND
T00005424,C000439,A001141,2026-03-15T10:33:10+00:00,861.27,USD,failed,ADJUSTMENT
T00005425,C000821,A000627,2026-08-06T21:26:34+00:00,498.92,CAD,settled,TRANSFER
T00005426,C000290,A000298,2025-02-19T17:56:07+00:00,2546.21,INR,settled,ADJUSTMENT
T00005427,C000015,A001499,2026-06-27T00:27:05+00:00,318.88,EUR,settled,TRANSFER
T00005428,C000340,A000817,2025-09-16T17:36:39+00:00,3590.21,USD,reversed,REFUND
T00005429,C000554,A001244,2026-03-22T21:33:06+00:00,2330.43,CAD,reversed,ADJUSTMENT
T00005430,C000510,A000010,2025-06-17T08:08:14+00:00,4727.29,GBP,reversed,REFUND
T00005431,C000256,A000615,2025-06-17T10:31:53+00:00,4475.39,EUR,failed,SALE
T00005432,C000136,A000389,2025-11-12T21:10:11+00:00,3570.95,INR,failed,TRANSFER
T00005433,C000963,A000484,2025-06-10T22:35:55+00:00,104.29,CAD,failed,SALE
T00005434,C000674,A000922,2026-03-31T01:29:11+00:00,175.79,EUR,settled,ADJUSTMENT
T00005435,C000153,A000156,2026-09-06T06:36:49+00:00,4849.39,CAD,settled,REFUND
T00005436,C000882,A000109,2025-10-04T11:41:03+00:00,2477.21,CAD,pending,ADJUSTMENT
T00005437,C000852,A001322,2025-09-18T17:30:39+00:00,743.78,INR,pending,TRANSFER
T00005438,C000637,A000367,2026-08-21T10:38:22+00:00,1030.45,GBP,failed,ADJUSTMENT
T00005439,C000276,A001434,2026-02-08T06:34:44+00:00,1492.67,CAD,pending,ADJUSTMENT
T00005440,C000761,A000836,2025-09-18T07:45:23+00:00,2055.92,USD,settled,TRANSFER
T00005441,C000554,A000050,2026-07-08T10:37:14+00:00,1097.25,INR,pending,SALE
T00005442,C000298,A000022,2025-04-04T12:38:23+00:00,4499.53,CAD,pending,TRANSFER
T00005443,C000424,A001267,2026-02-28T19:56:50+00:00,4658.67,EUR,failed,REFUND
T00005444,C000079,A000028,2025-12-03T10:27:45+00:00,880.59,GBP,failed,TRANSFER
T00005445,C000573,A001388,2026-03-20T04:27:13+00:00,439.06,GBP,reversed,REFUND
T00005446,C000555,A000437,2025-04-07T09:01:15+00:00,1502.92,CAD,settled,TRANSFER
T00005447,C000222,A000175,2026-08-29T14:05:36+00:00,1909.72,GBP,failed,TRANSFER
T00005448,C000249,A001131,2025-01-25T09:25:23+00:00,2047.77,GBP,pending,ADJUSTMENT
T00005449,C000550,A000797,2025-04-10T17:17:19+00:00,4687.61,GBP,reversed,REFUND
T00005450,C000694,A000575,2026-07-03T20:14:55+00:00,2812.97,GBP,reversed,ADJUSTMENT
T00005451,C000807,A000942,2025-11-04T08:04:58+00:00,4097.22,CAD,settled,TRANSFER
T00005452,C000495,A000557,2026-04-29T07:49:55+00:00,2370.17,GBP,pending,ADJUSTMENT
T00005453,C000015,A001499,2025-03-15T02:12:26+00:00,3839.53,EUR,failed,REFUND
T00005454,C000320,A000270,2025-10-17T08:29:08+00:00,2488.20,INR,settled,REFUND
T00005455,C000228,A001374,2025-12-22T05:24:27+00:00,2715.28,USD,pending,ADJUSTMENT
T00005456,C000212,A000805,2026-04-30T20:35:50+00:00,2644.59,INR,settled,REFUND
T00005457,C000913,A000345,2026-06-19T14:26:27+00:00,4555.06,USD,failed,TRANSFER
T00005458,C000704,A000628,2025-12-08T07:07:59+00:00,2426.66,GBP,pending,SALE
T00005459,C000566,A000730,2025-01-05T01:36:00+00:00,1743.35,GBP,settled,SALE
T00005460,C000103,A001344,2026-01-17T09:57:24+00:00,1436.15,INR,reversed,TRANSFER
T00005461,C000626,A001081,2026-05-14T14:07:25+00:00,1803.85,INR,failed,ADJUSTMENT
T00005462,C000946,A001071,2026-03-24T13:28:01+00:00,663.82,EUR,reversed,TRANSFER
T00005463,C000961,A001224,2026-04-09T16:49:36+00:00,2988.59,INR,pending,TRANSFER
T00005464,C000157,A000698,2025-03-14T15:49:03+00:00,16.47,CAD,failed,REFUND
T00005465,C000382,A000658,2026-06-28T03:18:11+00:00,3293.49,USD,settled,TRANSFER
T00005466,C000698,A001432,2025-02-01T04:52:27+00:00,2279.79,USD,settled,REFUND
T00005467,C000028,A000755,2026-04-23T22:49:14+00:00,1597.60,GBP,pending,REFUND
T00005468,C000014,A000245,2025-07-17T15:35:26+00:00,103.04,INR,settled,SALE
T00005469,C000949,A000224,2025-11-25T00:54:34+00:00,3506.84,INR,pending,SALE
T00005470,C000384,A000686,2026-07-20T18:08:57+00:00,665.33,GBP,pending,REFUND
T00005471,C000999,A001334,2025-07-23T03:28:07+00:00,4756.93,CAD,failed,TRANSFER
T00005472,C000807,A001302,2026-07-30T15:20:21+00:00,4377.83,EUR,failed,ADJUSTMENT
T00005473,C000345,A000377,2025-07-06T07:44:50+00:00,639.31,GBP,settled,REFUND
T00005474,C000360,A000663,2026-06-12T06:30:46+00:00,3881.95,CAD,pending,TRANSFER
T00005475,C000973,A000668,2026-03-09T18:23:44+00:00,4319.50,GBP,pending,REFUND
T00005476,C000413,A000181,2026-08-19T22:35:40+00:00,3543.58,CAD,reversed,ADJUSTMENT
T00005477,C000404,A000751,2025-08-01T07:49:46+00:00,767.24,CAD,failed,SALE
T00005478,C000413,A000513,2026-05-02T05:11:45+00:00,1807.72,INR,settled,TRANSFER
T00005479,C000097,A001453,2026-02-08T13:15:32+00:00,749.79,EUR,settled,TRANSFER
T00005480,C000096,A001376,2026-04-20T10:25:13+00:00,742.93,USD,failed,ADJUSTMENT
T00005481,C000056,A000303,2026-07-16T11:04:23+00:00,2721.87,GBP,pending,TRANSFER
T00005482,C000406,A000665,2025-08-30T00:03:10+00:00,135.13,GBP,reversed,SALE
T00005483,C000005,A000569,2025-10-23T09:07:23+00:00,1962.80,CAD,pending,TRANSFER
T00005484,C000923,A000166,2026-08-05T08:07:33+00:00,2105.91,GBP,pending,REFUND
T00005485,C000251,A001353,2025-10-13T22:30:46+00:00,230.45,GBP,settled,ADJUSTMENT
T00005486,C000007,A001480,2026-04-20T20:48:18+00:00,4921.68,EUR,failed,SALE
T00005487,C000277,A001275,2026-03-29T11:04:18+00:00,2261.02,CAD,pending,SALE
T00005488,C000166,A001382,2025-12-28T14:25:06+00:00,3290.88,USD,settled,ADJUSTMENT
T00005489,C000358,A000624,2025-10-11T02:14:42+00:00,4931.33,GBP,settled,ADJUSTMENT
T00005490,C000335,A001491,2025-05-29T05:38:15+00:00,918.93,INR,pending,REFUND
T00005491,C000471,A000946,2026-02-09T16:45:08+00:00,1259.77,USD,failed,ADJUSTMENT
T00005492,C000274,A001420,2025-09-17T11:50:03+00:00,1429.67,CAD,settled,SALE
T00005493,C000698,A000492,2025-12-05T00:47:28+00:00,4818.43,INR,pending,REFUND
T00005494,C000654,A000791,2025-01-08T15:20:09+00:00,4604.57,EUR,settled,SALE
T00005495,C000777,A001017,2025-09-24T02:37:50+00:00,3675.54,EUR,settled,REFUND
T00005496,C000442,A000504,2026-04-24T22:15:56+00:00,3054.44,CAD,pending,ADJUSTMENT
T00005497,C000664,A000342,2025-03-15T17:12:59+00:00,2404.98,CAD,pending,ADJUSTMENT
T00005498,C000440,A000412,2026-03-27T07:49:22+00:00,3411.75,EUR,failed,SALE
T00005499,C000242,A000804,2025-11-08T05:52:02+00:00,77.79,CAD,failed,SALE
T00005500,C000520,A000072,2026-07-26T13:17:51+00:00,321.74,INR,reversed,SALE
T00005501,C000504,A000949,2026-01-10T06:04:37+00:00,1931.65,EUR,failed,TRANSFER
T00005502,C000126,A001039,2025-03-28T07:57:08+00:00,4394.85,INR,failed,REFUND
T00005503,C000243,A000058,2025-12-18T14:26:04+00:00,3305.20,GBP,failed,REFUND
T00005504,C000740,A000553,2025-05-25T23:29:45+00:00,911.53,INR,reversed,REFUND
T00005505,C000592,A000782,2025-05-11T08:43:27+00:00,3719.01,GBP,failed,SALE
T00005506,C000933,A000959,2025-01-13T02:10:52+00:00,2552.77,CAD,reversed,SALE
T00005507,C000928,A000576,2025-10-31T01:20:53+00:00,4159.92,GBP,reversed,TRANSFER
T00005508,C000796,A000503,2025-07-17T11:29:23+00:00,1621.01,USD,settled,SALE
T00005509,C000062,A001109,2025-01-16T08:11:13+00:00,1856.98,CAD,reversed,SALE
T00005510,C000301,A000025,2025-10-18T16:16:21+00:00,183.50,USD,settled,SALE
T00005511,C000289,A001284,2026-07-05T10:02:12+00:00,3506.87,INR,pending,REFUND
T00005512,C000919,A000689,2025-11-22T18:07:08+00:00,4314.44,INR,failed,SALE
T00005513,C000535,A000710,2025-03-10T06:33:26+00:00,127.79,GBP,failed,SALE
T00005514,C000978,A001024,2025-05-11T06:45:58+00:00,222.69,USD,pending,SALE
T00005515,C000402,A000297,2026-09-07T19:53:39+00:00,3135.05,EUR,pending,SALE
T00005516,C000357,A001387,2026-04-22T05:48:16+00:00,2655.75,INR,settled,SALE
T00005517,C000483,A001050,2026-06-18T07:26:34+00:00,4870.14,INR,failed,SALE
T00005518,C000873,A001007,2025-10-10T22:01:58+00:00,4246.31,EUR,reversed,REFUND
T00005519,C000178,A000117,2025-06-30T13:27:23+00:00,4031.28,INR,settled,ADJUSTMENT
T00005520,C000694,A000962,2026-05-17T08:23:32+00:00,2841.18,USD,reversed,TRANSFER
T00005521,C000060,A000238,2026-06-17T08:40:46+00:00,351.39,GBP,failed,TRANSFER
T00005522,C000172,A000116,2026-04-24T12:55:25+00:00,2321.47,CAD,failed,SALE
T00005523,C000733,A000921,2026-02-26T05:22:43+00:00,3124.74,CAD,failed,TRANSFER
T00005524,C000957,A001151,2026-02-15T09:25:24+00:00,4089.10,EUR,settled,SALE
T00005525,C000919,A000927,2025-07-02T07:10:21+00:00,565.29,EUR,reversed,REFUND
T00005526,C000351,A000443,2025-07-23T01:23:24+00:00,4768.11,CAD,reversed,REFUND
T00005527,C000169,A000039,2026-04-23T09:42:46+00:00,4877.16,USD,settled,SALE
T00005528,C000397,A000788,2026-09-05T06:16:07+00:00,3042.83,USD,settled,REFUND
T00005529,C000373,A001194,2025-02-13T09:01:00+00:00,2156.27,USD,failed,TRANSFER
T00005530,C000038,A000739,2025-07-29T04:27:55+00:00,2213.61,GBP,failed,TRANSFER
T00005531,C000155,A000417,2025-12-23T05:49:54+00:00,1919.84,USD,reversed,SALE
T00005532,C000169,A000039,2025-02-26T10:54:38+00:00,2169.92,USD,settled,REFUND
T00005533,C000569,A000812,2026-02-03T05:02:08+00:00,1654.94,EUR,pending,SALE
T00005534,C000616,A000547,2026-09-02T19:35:20+00:00,2279.95,EUR,failed,REFUND
T00005535,C000038,A000561,2026-08-10T00:19:49+00:00,3432.92,GBP,pending,REFUND
T00005536,C000919,A000582,2026-01-03T05:03:00+00:00,244.69,EUR,pending,REFUND
T00005537,C000386,A001392,2026-06-01T18:41:30+00:00,3953.73,CAD,settled,TRANSFER
T00005538,C000508,A001206,2025-03-19T17:51:41+00:00,618.87,INR,settled,TRANSFER
T00005539,C000521,A000158,2026-05-09T02:41:22+00:00,3543.42,EUR,pending,ADJUSTMENT
T00005540,C000543,A000230,2025-02-03T19:15:43+00:00,766.76,EUR,pending,TRANSFER
T00005541,C000138,A001352,2025-06-12T04:28:45+00:00,3132.11,CAD,reversed,TRANSFER
T00005542,C000333,A001314,2026-05-09T06:19:43+00:00,1847.87,EUR,reversed,SALE
T00005543,C000787,A000779,2025-01-14T04:43:39+00:00,3320.18,GBP,settled,REFUND
T00005544,C000585,A001278,2025-10-06T02:01:11+00:00,3921.23,EUR,failed,SALE
T00005545,C000908,A000390,2026-02-02T07:15:58+00:00,1247.36,CAD,pending,REFUND
T00005546,C000495,A000777,2025-10-08T14:46:26+00:00,517.49,CAD,failed,REFUND
T00005547,C000386,A001051,2025-01-19T02:37:25+00:00,1408.66,EUR,failed,ADJUSTMENT
T00005548,C000669,A001121,2025-11-15T11:48:25+00:00,4156.58,EUR,reversed,TRANSFER
T00005549,C000494,A000516,2025-11-28T00:35:55+00:00,1242.13,GBP,failed,ADJUSTMENT
T00005550,C000619,A001059,2025-08-20T19:29:14+00:00,2333.24,INR,failed,REFUND
T00005551,C000852,A001322,2025-03-03T23:15:15+00:00,4103.37,INR,failed,REFUND
T00005552,C000946,A001071,2025-08-05T07:00:33+00:00,2714.08,EUR,pending,TRANSFER
T00005553,C000965,A000142,2026-04-19T19:21:41+00:00,4249.10,USD,reversed,REFUND
T00005554,C000658,A001061,2026-06-27T19:36:18+00:00,2933.92,CAD,settled,REFUND
T00005555,C000076,A000757,2025-04-19T04:14:06+00:00,562.67,CAD,settled,SALE
T00005556,C001000,A000115,2026-09-11T09:30:33+00:00,2309.89,GBP,pending,SALE
T00005557,C000479,A000073,2025-09-23T05:35:28+00:00,3527.91,USD,pending,REFUND
T00005558,C000198,A001090,2026-06-29T06:38:39+00:00,3132.19,INR,settled,REFUND
T00005559,C000940,A000610,2025-03-07T10:33:02+00:00,2258.36,GBP,failed,ADJUSTMENT
T00005560,C000005,A001282,2025-10-15T04:26:40+00:00,4278.56,INR,reversed,TRANSFER
T00005561,C000205,A001400,2025-06-23T16:21:42+00:00,558.76,EUR,reversed,TRANSFER
T00005562,C000109,A001467,2026-03-02T03:31:50+00:00,1696.37,EUR,pending,REFUND
T00005563,C000901,A000128,2025-10-23T00:14:17+00:00,2950.43,CAD,reversed,SALE
T00005564,C000945,A001217,2026-05-09T07:02:09+00:00,2713.80,CAD,pending,TRANSFER
T00005565,C000670,A000276,2025-05-11T02:20:54+00:00,2311.17,GBP,failed,ADJUSTMENT
T00005566,C000975,A000363,2026-02-05T05:17:08+00:00,2637.40,CAD,pending,ADJUSTMENT
T00005567,C000215,A001354,2025-11-29T08:38:20+00:00,620.42,CAD,settled,SALE
T00005568,C000572,A001013,2025-08-02T09:18:59+00:00,72.02,USD,reversed,REFUND
T00005569,C000505,A000332,2025-02-04T10:44:11+00:00,4733.65,CAD,failed,REFUND
T00005570,C000652,A001113,2025-07-21T07:58:47+00:00,1774.60,GBP,pending,SALE
T00005571,C000234,A000113,2025-03-30T06:37:42+00:00,2717.92,CAD,pending,TRANSFER
T00005572,C000554,A000050,2025-03-26T05:27:55+00:00,1127.36,INR,failed,REFUND
T00005573,C000477,A001273,2026-07-05T20:33:59+00:00,3050.98,CAD,reversed,REFUND
T00005574,C000292,A000485,2026-02-19T21:12:06+00:00,3680.70,EUR,reversed,REFUND
T00005575,C000240,A001309,2025-12-18T18:01:49+00:00,3085.78,EUR,pending,TRANSFER
T00005576,C000870,A000807,2026-08-31T16:57:27+00:00,4852.17,INR,pending,REFUND
T00005577,C000416,A001429,2025-12-28T03:48:24+00:00,400.45,GBP,reversed,REFUND
T00005578,C000813,A000192,2025-10-29T07:20:07+00:00,1942.51,INR,failed,REFUND
T00005579,C000544,A000973,2026-02-19T16:11:55+00:00,2559.22,CAD,pending,ADJUSTMENT
T00005580,C000344,A000621,2025-03-05T19:32:40+00:00,2667.75,INR,reversed,ADJUSTMENT
T00005581,C000477,A000703,2025-02-27T09:15:36+00:00,1347.08,INR,reversed,REFUND
T00005582,C000312,A000820,2025-08-31T15:58:26+00:00,2503.29,USD,pending,SALE
T00005583,C000981,A001458,2026-08-22T20:34:53+00:00,3519.15,INR,pending,SALE
T00005584,C000265,A001422,2026-02-01T15:55:26+00:00,3970.24,CAD,failed,SALE
T00005585,C000578,A000300,2026-01-27T04:59:06+00:00,355.53,CAD,pending,SALE
T00005586,C000056,A000303,2025-07-17T04:46:10+00:00,917.99,GBP,pending,TRANSFER
T00005587,C000441,A000433,2026-05-09T02:58:48+00:00,2237.95,INR,pending,ADJUSTMENT
T00005588,C000153,A000358,2026-07-23T01:36:36+00:00,199.92,INR,settled,ADJUSTMENT
T00005589,C000200,A001268,2026-04-26T04:15:29+00:00,2609.66,CAD,failed,SALE
T00005590,C000166,A001440,2026-05-25T21:42:17+00:00,59.71,EUR,reversed,REFUND
T00005591,C000026,A001133,2025-09-20T04:53:23+00:00,4502.62,GBP,failed,SALE
T00005592,C000747,A001216,2026-03-03T18:12:29+00:00,3242.20,INR,settled,SALE
T00005593,C000922,A000865,2025-06-01T03:10:36+00:00,4762.12,GBP,pending,SALE
T00005594,C000840,A001466,2025-01-12T06:40:18+00:00,1923.70,USD,failed,TRANSFER
T00005595,C000531,A000059,2025-05-18T07:53:11+00:00,2689.19,GBP,settled,TRANSFER
T00005596,C000871,A001091,2026-03-30T11:20:37+00:00,823.14,INR,settled,REFUND
T00005597,C000117,A000120,2026-03-03T18:08:09+00:00,1825.73,INR,reversed,TRANSFER
T00005598,C000371,A000090,2026-04-04T17:26:51+00:00,3449.83,USD,settled,SALE
T00005599,C000008,A000082,2025-08-28T00:46:08+00:00,3866.50,INR,pending,SALE
T00005600,C000507,A000979,2026-01-28T19:14:55+00:00,197.00,CAD,reversed,REFUND
T00005601,C000424,A001225,2025-01-27T10:07:57+00:00,4940.58,CAD,failed,SALE
T00005602,C000372,A000878,2026-04-17T21:17:10+00:00,4422.76,EUR,reversed,SALE
T00005603,C000488,A000823,2026-09-05T11:24:12+00:00,1835.94,INR,failed,REFUND
T00005604,C000814,A000375,2026-05-30T18:27:31+00:00,4602.84,CAD,settled,TRANSFER
T00005605,C000261,A000036,2025-10-18T09:30:35+00:00,4534.77,INR,failed,REFUND
T00005606,C000424,A001225,2026-06-22T10:12:49+00:00,2693.11,CAD,reversed,TRANSFER
T00005607,C000234,A000087,2026-02-07T03:51:56+00:00,257.07,CAD,failed,REFUND
T00005608,C000141,A001271,2026-06-01T16:19:09+00:00,2943.51,CAD,reversed,SALE
T00005609,C000655,A001414,2025-03-21T01:36:06+00:00,1531.39,EUR,settled,REFUND
T00005610,C000079,A000028,2025-11-23T04:57:10+00:00,1322.86,GBP,reversed,TRANSFER
T00005611,C000930,A000092,2026-01-26T21:50:50+00:00,438.92,USD,failed,TRANSFER
T00005612,C000937,A000558,2026-04-17T12:27:33+00:00,1608.67,CAD,failed,ADJUSTMENT
T00005613,C000983,A000346,2026-06-26T01:20:36+00:00,1337.70,INR,reversed,TRANSFER
T00005614,C000466,A001304,2025-12-07T07:59:50+00:00,3850.61,GBP,settled,TRANSFER
T00005615,C000901,A001248,2026-06-21T15:08:04+00:00,4027.21,INR,reversed,REFUND
T00005616,C000352,A000313,2025-12-25T05:41:35+00:00,4787.81,INR,reversed,SALE
T00005617,C000338,A000229,2025-11-05T01:51:36+00:00,4974.02,USD,failed,TRANSFER
T00005618,C000256,A000148,2025-05-09T10:04:47+00:00,3016.24,INR,failed,ADJUSTMENT
T00005619,C000091,A000660,2026-07-18T08:50:54+00:00,1725.82,USD,reversed,SALE
T00005620,C000543,A000230,2026-01-21T08:58:40+00:00,405.27,EUR,reversed,TRANSFER
T00005621,C000657,A000067,2025-02-22T04:25:29+00:00,2459.80,USD,reversed,TRANSFER
T00005622,C000287,A000664,2026-05-12T07:00:33+00:00,3082.11,GBP,failed,SALE
T00005623,C000153,A000156,2025-08-05T08:48:19+00:00,4366.23,CAD,failed,SALE
T00005624,C000860,A000464,2026-06-30T21:48:34+00:00,2561.83,CAD,pending,TRANSFER
T00005625,C000801,A000004,2025-02-08T10:41:29+00:00,1670.74,GBP,pending,TRANSFER
T00005626,C000700,A000815,2025-10-01T02:20:21+00:00,3382.39,INR,pending,TRANSFER
T00005627,C000995,A000742,2025-03-31T13:37:55+00:00,1654.31,CAD,settled,REFUND
T00005628,C000259,A000570,2025-01-27T01:38:07+00:00,4883.20,CAD,reversed,TRANSFER
T00005629,C000050,A001191,2026-05-25T21:48:22+00:00,2992.26,INR,failed,REFUND
T00005630,C000662,A000347,2026-09-04T08:49:59+00:00,4726.02,CAD,pending,REFUND
T00005631,C000803,A001385,2025-06-06T13:04:00+00:00,2036.15,EUR,reversed,SALE
T00005632,C000700,A000227,2026-08-20T14:03:05+00:00,4471.56,EUR,reversed,REFUND
T00005633,C000854,A000838,2025-08-02T03:35:05+00:00,4858.68,CAD,failed,REFUND
T00005634,C000722,A001439,2025-04-25T00:17:36+00:00,4822.23,GBP,reversed,REFUND
T00005635,C000842,A000095,2025-11-04T15:45:10+00:00,3025.35,USD,failed,TRANSFER
T00005636,C000873,A000213,2026-02-28T07:02:42+00:00,591.88,INR,reversed,ADJUSTMENT
T00005637,C000803,A000301,2025-09-01T10:13:20+00:00,3020.49,USD,reversed,SALE
T00005638,C000961,A001224,2026-01-10T06:30:12+00:00,4946.33,INR,failed,SALE
T00005639,C000035,A000729,2025-01-17T09:02:33+00:00,1596.13,GBP,pending,TRANSFER
T00005640,C000143,A000988,2025-03-24T07:36:37+00:00,1866.96,EUR,reversed,SALE
T00005641,C000925,A001137,2025-10-08T06:18:45+00:00,2477.65,EUR,failed,SALE
T00005642,C000051,A000168,2025-07-22T01:37:53+00:00,4854.68,CAD,settled,SALE
T00005643,C000375,A001145,2025-09-06T18:54:08+00:00,1083.21,USD,reversed,ADJUSTMENT
T00005644,C000311,A001066,2025-11-14T14:59:46+00:00,4252.39,USD,settled,ADJUSTMENT
T00005645,C000961,A000378,2025-05-30T01:04:09+00:00,707.69,INR,reversed,ADJUSTMENT
T00005646,C000903,A000208,2025-07-21T03:34:02+00:00,3461.65,GBP,failed,TRANSFER
T00005647,C000860,A000464,2025-04-24T01:21:45+00:00,2612.70,CAD,failed,TRANSFER
T00005648,C000091,A000907,2025-09-02T18:51:11+00:00,1719.91,USD,pending,REFUND
T00005649,C000713,A000418,2026-05-14T10:51:44+00:00,3173.49,EUR,reversed,SALE
T00005650,C000889,A000671,2026-08-12T14:44:23+00:00,3561.90,CAD,pending,REFUND
T00005651,C000181,A001054,2025-02-02T23:06:51+00:00,3081.51,GBP,settled,REFUND
T00005652,C000301,A000025,2025-07-30T11:41:22+00:00,2386.12,USD,pending,REFUND
T00005653,C000830,A000279,2025-02-04T07:19:39+00:00,563.37,GBP,settled,ADJUSTMENT
T00005654,C000606,A001425,2026-02-22T23:07:12+00:00,396.87,USD,pending,SALE
T00005655,C000033,A001462,2026-04-28T22:42:02+00:00,1883.35,EUR,settled,SALE
T00005656,C000508,A001034,2025-09-29T07:39:20+00:00,1143.37,INR,settled,ADJUSTMENT
T00005657,C000471,A000734,2026-03-20T07:32:11+00:00,2583.89,INR,reversed,REFUND
T00005658,C000206,A000012,2025-05-16T00:16:38+00:00,2788.15,CAD,settled,REFUND
T00005659,C000086,A000251,2026-03-19T17:34:18+00:00,882.94,EUR,reversed,ADJUSTMENT
T00005660,C000106,A000709,2026-03-01T23:22:22+00:00,304.61,INR,pending,SALE
T00005661,C000226,A000598,2026-09-06T03:31:51+00:00,4447.82,EUR,pending,TRANSFER
T00005662,C000838,A000723,2025-04-12T11:31:28+00:00,2561.50,CAD,failed,SALE
T00005663,C000228,A000799,2026-06-20T09:41:20+00:00,1956.64,INR,settled,SALE
T00005664,C000655,A000802,2025-07-04T21:02:13+00:00,4259.19,INR,failed,REFUND
T00005665,C000069,A001087,2025-11-27T21:27:37+00:00,2886.47,USD,failed,ADJUSTMENT
T00005666,C000762,A000086,2026-09-07T19:20:54+00:00,607.44,GBP,settled,REFUND
T00005667,C000492,A000995,2026-09-02T20:43:37+00:00,1778.57,GBP,pending,REFUND
T00005668,C000521,A000158,2026-08-17T14:57:30+00:00,3742.04,EUR,failed,SALE
T00005669,C000888,A000498,2025-08-26T18:40:52+00:00,2986.87,INR,pending,SALE
T00005670,C000131,A001445,2026-05-08T00:47:57+00:00,1970.85,EUR,failed,TRANSFER
T00005671,C000909,A000290,2025-08-19T08:37:55+00:00,2691.11,USD,pending,REFUND
T00005672,C000431,A001307,2025-06-02T00:39:47+00:00,1440.10,CAD,pending,ADJUSTMENT
T00005673,C000389,A001185,2026-03-30T21:56:51+00:00,3183.14,INR,settled,TRANSFER
T00005674,C000674,A000114,2025-01-28T12:03:24+00:00,1928.71,CAD,settled,TRANSFER
T00005675,C000402,A000297,2025-06-20T21:00:14+00:00,1730.94,EUR,settled,SALE
T00005676,C000852,A001322,2026-01-18T14:22:06+00:00,4431.00,INR,settled,REFUND
T00005677,C000118,A000649,2025-05-05T15:58:36+00:00,4801.78,INR,pending,SALE
T00005678,C000945,A000456,2025-07-08T12:38:06+00:00,3791.53,USD,failed,ADJUSTMENT
T00005679,C000389,A001185,2026-01-30T20:42:36+00:00,1102.79,INR,failed,ADJUSTMENT
T00005680,C000184,A000760,2025-10-16T18:26:23+00:00,1503.70,USD,pending,ADJUSTMENT
T00005681,C000745,A000172,2025-01-07T10:52:43+00:00,3315.73,INR,reversed,SALE
T00005682,C000756,A001310,2026-03-29T03:15:39+00:00,2799.16,EUR,settled,REFUND
T00005683,C000433,A000235,2026-03-27T10:12:18+00:00,3610.99,CAD,failed,TRANSFER
T00005684,C000189,A001270,2025-03-11T04:05:46+00:00,1487.78,GBP,settled,REFUND
T00005685,C000606,A001153,2025-12-31T22:50:50+00:00,639.68,GBP,reversed,SALE
T00005686,C000955,A000304,2025-01-23T06:13:19+00:00,3382.77,EUR,pending,SALE
T00005687,C000903,A001067,2026-08-09T06:04:19+00:00,679.71,CAD,pending,REFUND
T00005688,C000227,A000103,2025-12-14T08:35:41+00:00,4320.69,GBP,pending,TRANSFER
T00005689,C000445,A000340,2026-08-14T05:38:46+00:00,2085.71,GBP,settled,SALE
T00005690,C000575,A000929,2025-05-19T20:52:30+00:00,4436.19,INR,reversed,REFUND
T00005691,C000823,A001265,2026-04-06T17:56:00+00:00,1340.35,EUR,settled,REFUND
T00005692,C000016,A000873,2025-09-02T18:39:38+00:00,2848.04,CAD,settled,TRANSFER
T00005693,C000581,A000531,2025-08-18T15:42:12+00:00,1426.68,EUR,reversed,SALE
T00005694,C000740,A000553,2026-06-01T19:15:40+00:00,1607.47,INR,pending,REFUND
T00005695,C000134,A000661,2025-06-14T10:25:35+00:00,3745.63,GBP,settled,REFUND
T00005696,C000918,A000430,2025-03-08T21:55:40+00:00,1588.23,EUR,settled,ADJUSTMENT
T00005697,C000739,A000617,2026-07-03T01:18:59+00:00,79.06,GBP,settled,TRANSFER
T00005698,C000822,A001484,2025-01-13T00:04:14+00:00,2198.68,USD,reversed,REFUND
T00005699,C000896,A000936,2026-02-07T08:02:18+00:00,2372.78,USD,settled,ADJUSTMENT
T00005700,C000450,A001132,2026-08-09T11:00:51+00:00,1669.50,EUR,failed,REFUND
T00005701,C000433,A000235,2026-03-08T22:38:33+00:00,4785.63,CAD,pending,TRANSFER
T00005702,C000527,A000786,2026-07-04T16:52:44+00:00,2292.28,USD,settled,REFUND
T00005703,C000277,A000908,2025-06-05T16:03:23+00:00,3278.07,USD,pending,SALE
T00005704,C000564,A000832,2026-06-08T16:19:49+00:00,3210.16,INR,failed,TRANSFER
T00005705,C000606,A001153,2025-04-20T15:40:58+00:00,1091.20,GBP,pending,SALE
T00005706,C000836,A001473,2025-05-12T17:50:57+00:00,4212.31,GBP,settled,REFUND
T00005707,C000487,A000398,2026-07-02T08:13:53+00:00,1479.37,INR,pending,SALE
T00005708,C000199,A000317,2026-07-04T15:24:50+00:00,1292.55,USD,failed,ADJUSTMENT
T00005709,C000664,A000342,2025-04-23T00:15:22+00:00,727.59,CAD,settled,SALE
T00005710,C000717,A000595,2025-07-12T01:53:22+00:00,3588.74,EUR,reversed,REFUND
T00005711,C000654,A000791,2026-07-27T06:59:51+00:00,2794.40,EUR,pending,SALE
T00005712,C000424,A001267,2025-07-10T08:33:23+00:00,2643.70,EUR,pending,ADJUSTMENT
T00005713,C000156,A001259,2025-08-19T12:04:44+00:00,414.73,INR,pending,ADJUSTMENT
T00005714,C000641,A000502,2026-09-06T10:36:21+00:00,1108.28,USD,failed,REFUND
T00005715,C000402,A000512,2025-12-10T23:39:40+00:00,4484.45,GBP,settled,SALE
T00005716,C000069,A001500,2025-04-15T19:39:25+00:00,3620.78,INR,reversed,SALE
T00005717,C000424,A001110,2026-09-09T10:43:27+00:00,2777.62,CAD,pending,SALE
T00005718,C000005,A001282,2025-03-08T03:13:58+00:00,2676.50,INR,settled,ADJUSTMENT
T00005719,C000857,A000341,2026-04-27T05:35:51+00:00,3607.93,USD,pending,ADJUSTMENT
T00005720,C000629,A000651,2026-06-25T10:22:12+00:00,3507.65,GBP,settled,TRANSFER
T00005721,C000399,A000150,2025-06-19T07:48:32+00:00,4366.44,EUR,pending,ADJUSTMENT
T00005722,C000130,A001257,2025-04-25T16:07:15+00:00,1806.99,CAD,pending,SALE
T00005723,C000968,A000273,2025-11-30T22:09:49+00:00,2392.89,INR,reversed,ADJUSTMENT
T00005724,C000821,A000627,2025-06-15T09:09:03+00:00,4338.37,CAD,settled,TRANSFER
T00005725,C000330,A001417,2025-11-25T23:11:00+00:00,3251.54,INR,settled,REFUND
T00005726,C000102,A001011,2026-06-16T11:37:50+00:00,3558.72,CAD,reversed,SALE
T00005727,C000202,A001452,2025-12-20T20:54:36+00:00,4342.01,GBP,reversed,SALE
T00005728,C000150,A000585,2025-04-14T00:45:54+00:00,2469.40,EUR,pending,ADJUSTMENT
T00005729,C000195,A000189,2025-10-16T08:56:15+00:00,2833.94,INR,pending,TRANSFER
T00005730,C000534,A000357,2026-06-15T11:34:49+00:00,1046.75,INR,settled,ADJUSTMENT
T00005731,C000864,A000277,2026-08-09T09:28:54+00:00,1666.02,GBP,failed,TRANSFER
T00005732,C000056,A000303,2025-03-07T00:39:56+00:00,233.44,GBP,pending,REFUND
T00005733,C000416,A000532,2025-05-23T21:05:07+00:00,3447.98,EUR,failed,REFUND
T00005734,C000347,A000129,2025-03-08T21:06:49+00:00,4136.25,USD,settled,SALE
T00005735,C000908,A000171,2026-01-26T08:37:40+00:00,465.31,USD,failed,SALE
T00005736,C000362,A000724,2025-10-10T22:11:01+00:00,666.91,EUR,pending,TRANSFER
T00005737,C000001,A000284,2026-07-19T12:05:26+00:00,3510.72,GBP,reversed,TRANSFER
T00005738,C000019,A000439,2025-09-12T14:21:03+00:00,1839.10,USD,reversed,TRANSFER
T00005739,C000183,A000763,2026-04-27T07:12:46+00:00,4142.38,CAD,reversed,TRANSFER
T00005740,C000639,A000365,2025-01-25T19:55:07+00:00,4237.13,EUR,failed,REFUND
T00005741,C000549,A000416,2026-02-19T16:56:55+00:00,2516.54,EUR,reversed,SALE
T00005742,C000190,A000559,2026-07-25T17:57:53+00:00,545.09,GBP,settled,SALE
T00005743,C000915,A000752,2026-06-01T15:50:41+00:00,2503.59,EUR,failed,REFUND
T00005744,C000017,A000614,2026-06-19T13:57:55+00:00,4660.00,INR,settled,ADJUSTMENT
T00005745,C000162,A000996,2025-09-01T03:33:27+00:00,1388.23,CAD,reversed,ADJUSTMENT
T00005746,C000790,A000278,2025-08-16T10:17:27+00:00,2042.04,INR,failed,TRANSFER
T00005747,C000674,A000548,2025-10-13T14:47:57+00:00,153.80,CAD,settled,REFUND
T00005748,C000285,A001286,2025-07-03T17:55:50+00:00,3105.94,INR,reversed,SALE
T00005749,C000909,A000290,2025-08-02T05:03:15+00:00,3548.60,USD,reversed,TRANSFER
T00005750,C000318,A001319,2025-11-29T02:06:08+00:00,808.28,EUR,reversed,REFUND
T00005751,C000712,A000068,2026-02-11T03:29:37+00:00,919.03,EUR,settled,SALE
T00005752,C000539,A000694,2026-04-06T15:51:59+00:00,4768.80,GBP,pending,ADJUSTMENT
T00005753,C000734,A000899,2026-04-23T17:33:10+00:00,3.53,USD,pending,REFUND
T00005754,C000440,A000809,2025-10-23T19:04:34+00:00,3710.75,GBP,pending,TRANSFER
T00005755,C000684,A001173,2025-08-23T06:45:03+00:00,1465.48,GBP,pending,SALE
T00005756,C000555,A000437,2025-09-23T07:26:52+00:00,1769.11,CAD,reversed,SALE
T00005757,C000424,A001110,2025-06-28T20:16:40+00:00,4388.37,CAD,settled,SALE
T00005758,C000197,A001277,2025-02-13T22:52:24+00:00,2745.93,USD,pending,TRANSFER
T00005759,C000713,A001179,2025-11-28T04:02:21+00:00,4143.15,INR,failed,REFUND
T00005760,C000969,A000091,2026-06-17T13:50:14+00:00,2601.58,CAD,pending,SALE
T00005761,C000467,A001127,2026-08-28T08:19:41+00:00,2607.65,USD,reversed,ADJUSTMENT
T00005762,C000102,A000406,2025-01-27T11:09:32+00:00,2115.88,EUR,reversed,ADJUSTMENT
T00005763,C000222,A001408,2025-07-29T11:08:36+00:00,4357.64,CAD,reversed,SALE
T00005764,C000751,A001498,2025-02-21T10:44:21+00:00,3987.31,CAD,settled,ADJUSTMENT
T00005765,C000228,A001374,2026-04-03T07:12:08+00:00,2172.87,USD,settled,TRANSFER
T00005766,C000428,A000772,2026-02-17T06:06:11+00:00,2360.66,GBP,failed,TRANSFER
T00005767,C000665,A000263,2025-04-05T05:35:27+00:00,8.96,CAD,failed,ADJUSTMENT
T00005768,C000113,A000328,2026-08-20T22:14:10+00:00,4895.08,INR,settled,SALE
T00005769,C000655,A001079,2026-04-03T18:50:14+00:00,320.09,INR,settled,ADJUSTMENT
T00005770,C000412,A000691,2025-02-05T15:03:24+00:00,804.75,GBP,failed,SALE
T00005771,C000514,A000054,2025-01-12T08:03:07+00:00,2460.63,EUR,pending,SALE
T00005772,C000131,A001445,2025-06-23T12:23:02+00:00,3139.09,EUR,failed,TRANSFER
T00005773,C000166,A001440,2025-10-04T09:43:21+00:00,1993.11,EUR,pending,SALE
T00005774,C000325,A000318,2026-09-06T19:49:04+00:00,1841.96,EUR,pending,ADJUSTMENT
T00005775,C000277,A001275,2026-02-18T09:50:53+00:00,2585.75,CAD,settled,TRANSFER
T00005776,C000739,A000617,2026-03-04T10:44:33+00:00,3910.58,GBP,failed,REFUND
T00005777,C000764,A000403,2025-07-12T13:59:10+00:00,2674.85,GBP,failed,TRANSFER
T00005778,C000832,A000792,2026-06-04T13:49:48+00:00,2458.39,INR,reversed,REFUND
T00005779,C000949,A001395,2025-07-04T16:08:02+00:00,462.63,INR,settled,SALE
T00005780,C000953,A000359,2025-03-10T11:24:21+00:00,3823.84,EUR,pending,TRANSFER
T00005781,C000358,A000624,2026-06-18T17:16:28+00:00,2004.81,GBP,pending,TRANSFER
T00005782,C000156,A001259,2025-11-20T20:51:59+00:00,3398.24,INR,failed,ADJUSTMENT
T00005783,C000871,A000568,2025-08-07T03:13:27+00:00,3534.64,CAD,reversed,REFUND
T00005784,C000612,A001073,2026-06-18T11:30:30+00:00,2587.96,GBP,failed,TRANSFER
T00005785,C000889,A001318,2026-02-01T00:55:39+00:00,3570.19,EUR,reversed,ADJUSTMENT
T00005786,C000068,A000231,2025-11-15T11:19:45+00:00,235.75,INR,pending,SALE
T00005787,C000867,A001238,2025-08-12T18:58:35+00:00,721.75,USD,pending,ADJUSTMENT
T00005788,C000273,A000851,2025-05-23T20:54:27+00:00,2288.33,INR,failed,SALE
T00005789,C000476,A000048,2026-07-06T05:32:24+00:00,1128.84,INR,pending,ADJUSTMENT
T00005790,C000214,A001348,2026-03-10T12:55:31+00:00,2984.92,GBP,settled,SALE
T00005791,C000261,A000036,2026-06-15T11:27:20+00:00,2814.77,INR,failed,SALE
T00005792,C000082,A000119,2026-08-05T02:57:34+00:00,4467.60,INR,pending,SALE
T00005793,C000617,A000368,2026-08-18T02:03:38+00:00,1379.53,EUR,reversed,ADJUSTMENT
T00005794,C000896,A001428,2025-01-02T14:33:20+00:00,2287.37,INR,pending,REFUND
T00005795,C000901,A000128,2025-05-26T11:32:45+00:00,4510.91,CAD,reversed,TRANSFER
T00005796,C000522,A000998,2025-02-21T16:52:02+00:00,3927.81,USD,failed,TRANSFER
T00005797,C000757,A001443,2025-04-18T04:07:20+00:00,1043.66,USD,reversed,REFUND
T00005798,C000287,A000664,2026-01-17T19:57:44+00:00,2314.66,GBP,reversed,TRANSFER
T00005799,C000359,A000841,2026-08-25T22:28:04+00:00,2647.17,GBP,settled,SALE
T00005800,C000641,A000502,2025-06-24T20:57:20+00:00,4453.63,USD,reversed,REFUND
T00005801,C000925,A000914,2025-12-29T01:33:14+00:00,3053.67,INR,settled,SALE
T00005802,C000273,A000851,2025-08-09T09:35:41+00:00,3519.55,INR,pending,REFUND
T00005803,C000076,A000757,2025-05-08T07:29:05+00:00,1258.75,CAD,pending,REFUND
T00005804,C000249,A001131,2026-01-05T04:42:45+00:00,1131.84,GBP,reversed,TRANSFER
T00005805,C000308,A000601,2026-05-04T16:48:06+00:00,1707.40,GBP,settled,REFUND
T00005806,C000091,A001025,2025-09-27T20:59:30+00:00,2759.36,EUR,reversed,ADJUSTMENT
T00005807,C000877,A001044,2026-04-05T20:25:24+00:00,1603.89,EUR,settled,SALE
T00005808,C000602,A000871,2026-01-30T22:07:52+00:00,2139.12,USD,failed,ADJUSTMENT
T00005809,C000079,A000028,2026-06-03T06:20:23+00:00,176.97,GBP,settled,SALE
T00005810,C000809,A001212,2025-02-09T12:17:11+00:00,2293.37,GBP,failed,SALE
T00005811,C000970,A000682,2025-04-27T17:15:18+00:00,2037.83,INR,reversed,ADJUSTMENT
T00005812,C000479,A000073,2026-01-05T06:02:50+00:00,4150.74,USD,reversed,REFUND
T00005813,C000550,A000916,2026-04-27T13:13:20+00:00,3858.53,USD,reversed,ADJUSTMENT
T00005814,C000572,A001013,2025-10-23T11:20:46+00:00,3595.11,USD,settled,ADJUSTMENT
T00005815,C000328,A000197,2026-04-06T02:42:08+00:00,1171.83,CAD,failed,SALE
T00005816,C000873,A001007,2025-04-10T14:31:24+00:00,2632.36,EUR,settled,ADJUSTMENT
T00005817,C000203,A000035,2025-05-08T23:29:31+00:00,2607.12,INR,failed,ADJUSTMENT
T00005818,C000425,A001339,2026-05-30T20:46:39+00:00,4632.50,CAD,settled,REFUND
T00005819,C000351,A000443,2025-10-14T22:42:27+00:00,1131.29,CAD,reversed,REFUND
T00005820,C000146,A001399,2026-05-17T01:28:17+00:00,2383.45,USD,failed,ADJUSTMENT
T00005821,C000350,A001427,2026-02-06T03:14:10+00:00,3620.02,USD,settled,REFUND
T00005822,C000362,A000724,2025-08-24T12:18:11+00:00,274.21,EUR,pending,SALE
T00005823,C000793,A000969,2026-07-19T02:55:44+00:00,2814.94,CAD,reversed,SALE
T00005824,C000942,A001138,2026-08-01T12:58:13+00:00,4842.15,GBP,failed,REFUND
T00005825,C000018,A000126,2025-04-07T01:54:07+00:00,567.02,EUR,settled,TRANSFER
T00005826,C000589,A000993,2025-12-06T23:41:25+00:00,2430.09,INR,reversed,REFUND
T00005827,C000836,A000335,2025-08-04T11:40:38+00:00,2425.97,CAD,settled,REFUND
T00005828,C000094,A001143,2026-06-27T12:31:52+00:00,4429.44,GBP,reversed,SALE
T00005829,C000426,A001056,2025-06-24T10:52:33+00:00,2958.64,GBP,reversed,REFUND
T00005830,C000312,A000820,2025-04-30T08:13:06+00:00,4647.63,USD,reversed,ADJUSTMENT
T00005831,C000374,A001160,2026-01-19T21:59:56+00:00,4220.08,EUR,reversed,REFUND
T00005832,C000832,A000792,2025-05-09T04:53:07+00:00,1668.67,INR,failed,SALE
T00005833,C000634,A001019,2025-11-22T17:23:58+00:00,3875.22,USD,reversed,REFUND
T00005834,C000717,A000030,2025-04-14T02:23:59+00:00,3309.88,EUR,settled,ADJUSTMENT
T00005835,C000616,A001494,2025-11-28T01:37:43+00:00,958.50,USD,settled,ADJUSTMENT
T00005836,C000498,A000268,2026-03-31T16:59:35+00:00,3289.23,INR,reversed,SALE
T00005837,C000783,A000021,2026-05-08T17:37:41+00:00,107.41,GBP,settled,ADJUSTMENT
T00005838,C000091,A001193,2025-11-14T19:50:44+00:00,479.62,CAD,reversed,ADJUSTMENT
T00005839,C000014,A001423,2026-04-13T10:41:30+00:00,4714.40,EUR,reversed,TRANSFER
T00005840,C000691,A000633,2025-11-18T04:21:39+00:00,1892.49,CAD,settled,ADJUSTMENT
T00005841,C000001,A001313,2026-03-06T22:28:24+00:00,1691.88,EUR,failed,ADJUSTMENT
T00005842,C000721,A000212,2025-08-09T06:46:08+00:00,3344.55,CAD,failed,REFUND
T00005843,C000650,A000355,2026-05-02T19:31:58+00:00,4197.40,USD,settled,REFUND
T00005844,C000985,A001384,2025-11-20T09:04:58+00:00,1563.27,EUR,pending,SALE
T00005845,C000760,A000540,2025-12-07T04:09:48+00:00,3321.10,EUR,settled,SALE
T00005846,C000079,A000028,2025-03-16T14:57:26+00:00,2624.73,GBP,settled,TRANSFER
T00005847,C000108,A000657,2025-03-22T10:45:48+00:00,3020.90,INR,failed,REFUND
T00005848,C000492,A001122,2025-07-19T11:33:12+00:00,1398.76,INR,pending,REFUND
T00005849,C000259,A000471,2025-01-23T07:58:31+00:00,3761.88,CAD,pending,REFUND
T00005850,C000340,A001182,2025-08-25T10:57:27+00:00,165.42,INR,reversed,REFUND
T00005851,C000650,A000355,2025-05-23T00:40:01+00:00,3823.97,USD,failed,SALE
T00005852,C000384,A000767,2025-11-21T11:24:10+00:00,657.74,USD,failed,TRANSFER
T00005853,C000887,A000888,2026-07-24T02:52:14+00:00,2544.60,CAD,failed,REFUND
T00005854,C000064,A001085,2025-10-13T01:56:27+00:00,4696.11,USD,failed,ADJUSTMENT
T00005855,C000782,A000162,2026-02-21T12:54:25+00:00,258.49,EUR,pending,SALE
T00005856,C000495,A001281,2026-03-13T18:17:26+00:00,4436.05,EUR,pending,ADJUSTMENT
T00005857,C000228,A001374,2025-06-10T01:55:27+00:00,4052.62,USD,reversed,REFUND
T00005858,C000258,A000712,2025-08-19T11:11:02+00:00,456.08,INR,failed,REFUND
T00005859,C000619,A000926,2026-01-01T00:26:46+00:00,1179.42,USD,failed,TRANSFER
T00005860,C000008,A000935,2026-04-01T20:31:03+00:00,1197.62,EUR,reversed,REFUND
T00005861,C000367,A000707,2025-04-18T20:47:35+00:00,1996.39,CAD,failed,TRANSFER
T00005862,C000786,A000026,2026-06-24T15:49:09+00:00,4222.59,CAD,pending,REFUND
T00005863,C000167,A000252,2026-07-22T09:46:59+00:00,2948.55,CAD,reversed,ADJUSTMENT
T00005864,C000560,A000289,2026-05-20T06:52:49+00:00,1150.93,EUR,pending,ADJUSTMENT
T00005865,C000956,A000206,2025-07-29T06:34:27+00:00,1485.58,CAD,failed,SALE
T00005866,C000226,A000598,2025-07-08T16:25:29+00:00,2086.61,EUR,settled,ADJUSTMENT
T00005867,C000234,A000113,2025-09-10T16:51:28+00:00,127.96,CAD,reversed,TRANSFER
T00005868,C000145,A001106,2025-01-24T22:50:01+00:00,1718.37,GBP,failed,ADJUSTMENT
T00005869,C000001,A000100,2025-06-18T07:50:45+00:00,169.69,USD,failed,ADJUSTMENT
T00005870,C000114,A000829,2025-05-18T21:28:41+00:00,3967.62,EUR,pending,ADJUSTMENT
T00005871,C000903,A000696,2025-01-22T13:50:01+00:00,2599.85,GBP,pending,ADJUSTMENT
T00005872,C000288,A000333,2026-08-04T11:16:48+00:00,4886.85,INR,failed,REFUND
T00005873,C000347,A000186,2026-07-08T17:55:35+00:00,2956.52,EUR,pending,SALE
T00005874,C000817,A000476,2025-11-15T18:45:23+00:00,1295.47,CAD,failed,ADJUSTMENT
T00005875,C000738,A000560,2025-08-29T00:26:07+00:00,1124.58,USD,settled,REFUND
T00005876,C000058,A000535,2026-05-25T04:57:16+00:00,3853.31,INR,reversed,ADJUSTMENT
T00005877,C000583,A000207,2026-05-19T01:25:55+00:00,3988.80,GBP,reversed,TRANSFER
T00005878,C000377,A000835,2025-07-09T13:59:47+00:00,4221.73,USD,reversed,TRANSFER
T00005879,C000764,A000798,2026-01-13T06:08:48+00:00,1253.19,INR,failed,TRANSFER
T00005880,C000483,A001050,2026-08-26T05:55:33+00:00,2783.91,INR,pending,TRANSFER
T00005881,C000708,A000060,2025-07-30T12:04:14+00:00,4221.82,USD,pending,SALE
T00005882,C000277,A001275,2025-02-15T01:34:09+00:00,4641.37,CAD,settled,REFUND
T00005883,C000886,A001222,2026-04-04T12:47:23+00:00,1226.96,USD,settled,ADJUSTMENT
T00005884,C000296,A001126,2026-05-15T00:15:24+00:00,1475.07,EUR,failed,SALE
T00005885,C000806,A000693,2026-04-12T18:34:15+00:00,303.93,CAD,reversed,TRANSFER
T00005886,C000568,A001098,2025-01-14T05:53:51+00:00,2955.47,EUR,reversed,TRANSFER
T00005887,C000883,A000906,2025-09-20T08:56:57+00:00,812.56,GBP,pending,TRANSFER
T00005888,C000878,A001243,2025-01-25T23:07:02+00:00,4173.44,CAD,reversed,SALE
T00005889,C000166,A001440,2025-05-08T21:45:53+00:00,3724.37,EUR,failed,REFUND
T00005890,C000628,A000491,2025-05-16T16:00:46+00:00,3715.04,INR,reversed,REFUND
T00005891,C000726,A000080,2025-11-02T13:44:30+00:00,675.58,USD,settled,SALE
T00005892,C000316,A000584,2026-03-26T13:15:12+00:00,3458.82,GBP,failed,ADJUSTMENT
T00005893,C000833,A001355,2025-05-29T04:38:36+00:00,4746.66,USD,failed,SALE
T00005894,C000953,A000221,2026-04-19T16:55:28+00:00,4112.04,USD,failed,TRANSFER
T00005895,C000373,A001294,2025-10-22T20:14:09+00:00,1662.82,USD,pending,SALE
T00005896,C000881,A001117,2025-03-29T11:41:14+00:00,1658.67,USD,pending,ADJUSTMENT
T00005897,C000495,A000777,2026-02-15T22:41:41+00:00,3294.13,CAD,pending,SALE
T00005898,C000183,A000763,2025-05-15T23:28:12+00:00,3425.30,CAD,reversed,TRANSFER
T00005899,C000888,A000089,2025-09-04T02:54:32+00:00,3679.57,EUR,reversed,SALE
T00005900,C000088,A000424,2026-04-20T11:07:32+00:00,2119.51,GBP,pending,REFUND
T00005901,C000816,A001196,2026-01-10T19:40:33+00:00,2983.82,USD,settled,REFUND
T00005902,C000953,A000359,2025-08-11T07:35:08+00:00,1339.92,EUR,settled,SALE
T00005903,C000646,A001095,2025-02-05T09:04:40+00:00,4585.04,INR,reversed,REFUND
T00005904,C000416,A000532,2025-04-21T02:00:37+00:00,1547.50,EUR,failed,TRANSFER
T00005905,C000277,A001401,2026-08-30T05:16:53+00:00,105.20,USD,pending,SALE
T00005906,C000268,A001262,2026-04-14T17:28:53+00:00,2961.29,INR,settled,TRANSFER
T00005907,C000821,A001300,2026-08-26T21:33:21+00:00,642.73,INR,pending,TRANSFER
T00005908,C000200,A001268,2025-11-03T00:08:54+00:00,1118.73,CAD,failed,TRANSFER
T00005909,C000873,A001007,2026-01-26T07:18:42+00:00,3565.94,EUR,settled,REFUND
T00005910,C000562,A000783,2025-12-20T13:31:57+00:00,50.71,CAD,pending,REFUND
T00005911,C000471,A001028,2026-01-23T05:22:26+00:00,3058.00,GBP,failed,REFUND
T00005912,C000878,A001243,2026-07-20T05:29:25+00:00,1991.87,CAD,failed,ADJUSTMENT
T00005913,C000925,A001393,2025-07-16T22:32:57+00:00,1297.76,INR,pending,REFUND
T00005914,C000590,A000149,2026-07-23T13:58:55+00:00,3088.78,GBP,settled,SALE
T00005915,C000923,A000166,2025-03-24T04:41:59+00:00,2415.88,GBP,pending,SALE
T00005916,C000351,A001375,2026-02-24T17:11:19+00:00,3619.59,USD,pending,SALE
T00005917,C000287,A000664,2025-07-01T02:25:01+00:00,2270.14,GBP,pending,SALE
T00005918,C000047,A000101,2025-04-22T08:06:42+00:00,4230.33,GBP,reversed,ADJUSTMENT
T00005919,C000638,A000675,2025-06-01T05:54:19+00:00,1508.92,CAD,reversed,REFUND
T00005920,C000792,A000717,2026-06-24T01:56:37+00:00,3065.00,EUR,pending,SALE
T00005921,C000907,A001241,2025-05-04T03:32:46+00:00,4155.86,GBP,pending,ADJUSTMENT
T00005922,C000103,A000383,2026-05-25T07:17:28+00:00,669.60,CAD,pending,ADJUSTMENT
T00005923,C000228,A001374,2026-04-26T13:24:51+00:00,855.66,USD,failed,TRANSFER
T00005924,C000643,A001016,2025-04-12T15:23:54+00:00,3904.56,INR,reversed,SALE
T00005925,C000674,A000019,2026-03-20T08:00:08+00:00,4335.05,CAD,failed,TRANSFER
T00005926,C000547,A000902,2025-08-08T07:10:26+00:00,2892.01,EUR,pending,ADJUSTMENT
T00005927,C000085,A000612,2025-03-18T06:10:54+00:00,370.27,INR,pending,REFUND
T00005928,C000626,A000588,2025-01-24T21:36:46+00:00,1287.47,EUR,pending,REFUND
T00005929,C000094,A001143,2025-09-15T09:43:40+00:00,1907.73,GBP,failed,SALE
T00005930,C000624,A000459,2025-01-04T07:11:05+00:00,333.85,GBP,settled,ADJUSTMENT
T00005931,C000449,A001421,2025-08-16T02:24:59+00:00,1789.43,CAD,settled,ADJUSTMENT
T00005932,C000127,A001096,2025-04-15T14:20:35+00:00,4344.04,USD,failed,ADJUSTMENT
T00005933,C000104,A001112,2026-04-22T21:41:49+00:00,1600.86,CAD,pending,SALE
T00005934,C000833,A001076,2026-02-18T02:03:00+00:00,3413.60,EUR,failed,TRANSFER
T00005935,C000806,A000721,2025-07-09T22:49:20+00:00,3670.65,INR,settled,REFUND
T00005936,C000101,A000386,2025-01-22T02:17:52+00:00,3413.63,GBP,settled,REFUND
T00005937,C000658,A000599,2026-03-11T19:58:14+00:00,677.44,CAD,pending,ADJUSTMENT
T00005938,C000872,A001483,2026-03-04T14:18:47+00:00,2488.43,GBP,pending,REFUND
T00005939,C000905,A000480,2025-07-25T04:50:39+00:00,4339.50,CAD,failed,TRANSFER
T00005940,C000882,A000960,2025-01-21T17:39:29+00:00,454.45,USD,pending,TRANSFER
T00005941,C000975,A000102,2025-01-17T20:15:19+00:00,1528.58,INR,pending,SALE
T00005942,C000615,A000267,2026-01-31T20:12:58+00:00,1734.21,EUR,reversed,TRANSFER
T00005943,C000905,A000480,2025-07-31T20:48:52+00:00,728.47,CAD,failed,TRANSFER
T00005944,C000476,A001436,2026-08-27T18:21:05+00:00,3358.40,CAD,pending,ADJUSTMENT
T00005945,C000862,A001207,2025-12-20T20:27:37+00:00,3684.46,GBP,failed,REFUND
T00005946,C000833,A000806,2026-02-28T06:34:10+00:00,2510.40,GBP,settled,ADJUSTMENT
T00005947,C000094,A001065,2025-01-04T13:45:02+00:00,3474.47,CAD,failed,REFUND
T00005948,C000498,A001231,2025-02-18T01:27:01+00:00,4784.51,INR,reversed,SALE
T00005949,C000053,A001202,2025-03-05T00:27:27+00:00,1866.15,CAD,pending,TRANSFER
T00005950,C000197,A001018,2025-06-30T18:36:42+00:00,4795.95,USD,settled,SALE
T00005951,C000694,A000575,2025-09-06T03:06:43+00:00,3716.17,GBP,pending,ADJUSTMENT
T00005952,C000249,A001131,2026-04-21T04:10:14+00:00,3592.98,GBP,failed,TRANSFER
T00005953,C000195,A000189,2025-03-14T15:09:40+00:00,4583.04,INR,settled,SALE
T00005954,C000316,A000584,2025-12-10T07:16:44+00:00,2592.52,GBP,failed,SALE
T00005955,C000498,A000268,2025-01-28T00:39:34+00:00,3746.36,INR,reversed,SALE
T00005956,C000798,A000939,2025-02-11T05:42:01+00:00,2757.16,USD,pending,REFUND
T00005957,C000921,A000372,2026-09-11T16:08:27+00:00,2081.12,INR,pending,TRANSFER
T00005958,C000903,A000208,2026-07-27T09:46:31+00:00,3365.23,GBP,settled,TRANSFER
T00005959,C000616,A000706,2026-09-10T01:02:22+00:00,4287.49,INR,settled,TRANSFER
T00005960,C000018,A001303,2025-07-12T02:11:00+00:00,1839.51,EUR,pending,TRANSFER
T00005961,C000288,A000333,2025-03-02T10:29:22+00:00,4287.89,INR,failed,SALE
T00005962,C000833,A001076,2026-01-20T09:23:43+00:00,2373.77,EUR,pending,REFUND
T00005963,C000945,A000456,2026-08-24T20:00:13+00:00,70.09,USD,failed,TRANSFER
T00005964,C000708,A000060,2026-04-22T10:21:08+00:00,1115.26,USD,reversed,ADJUSTMENT
T00005965,C000359,A000373,2025-04-08T19:32:32+00:00,1709.83,INR,pending,ADJUSTMENT
T00005966,C000034,A000801,2026-07-25T17:13:53+00:00,3888.78,CAD,reversed,SALE
T00005967,C000587,A000662,2025-04-25T15:23:46+00:00,2628.02,USD,pending,ADJUSTMENT
T00005968,C000058,A000074,2025-08-12T11:08:29+00:00,4168.21,INR,pending,REFUND
T00005969,C000636,A001136,2025-04-04T00:00:32+00:00,3226.84,GBP,pending,TRANSFER
T00005970,C000826,A000180,2026-04-18T13:41:24+00:00,355.84,CAD,settled,REFUND
T00005971,C000570,A000746,2025-04-13T20:22:22+00:00,1020.13,GBP,reversed,REFUND
T00005972,C000853,A000127,2026-07-20T07:10:00+00:00,944.70,INR,reversed,SALE
T00005973,C000568,A001250,2026-07-05T21:27:53+00:00,1058.26,GBP,settled,ADJUSTMENT
T00005974,C000423,A000519,2026-03-19T12:10:50+00:00,4347.48,USD,failed,TRANSFER
T00005975,C000465,A000920,2026-07-24T10:05:24+00:00,1985.56,GBP,settled,SALE
T00005976,C000519,A000656,2026-05-03T10:17:15+00:00,4870.12,EUR,settled,TRANSFER
T00005977,C000426,A001383,2025-07-08T18:25:53+00:00,867.80,INR,pending,ADJUSTMENT
T00005978,C000686,A001043,2025-04-22T16:52:37+00:00,2975.58,USD,settled,ADJUSTMENT
T00005979,C000047,A000677,2026-05-04T18:23:32+00:00,4673.00,EUR,failed,REFUND
T00005980,C000397,A000247,2025-02-12T00:21:18+00:00,772.32,INR,failed,SALE
T00005981,C000317,A000261,2025-02-11T21:25:08+00:00,274.29,USD,reversed,SALE
T00005982,C000597,A001249,2026-05-15T07:45:50+00:00,590.65,USD,pending,REFUND
T00005983,C000136,A000389,2026-01-24T01:41:51+00:00,3700.77,INR,settled,TRANSFER
T00005984,C000912,A000573,2025-10-23T18:43:33+00:00,2747.14,GBP,reversed,REFUND
T00005985,C000181,A000481,2025-10-02T03:25:07+00:00,2636.19,EUR,pending,REFUND
T00005986,C000270,A000719,2025-08-26T23:27:25+00:00,1575.27,USD,settled,SALE
T00005987,C000965,A000142,2026-03-05T15:07:45+00:00,4250.47,USD,failed,ADJUSTMENT
T00005988,C000272,A000203,2026-02-24T01:42:27+00:00,1824.55,USD,pending,ADJUSTMENT
T00005989,C000403,A001367,2025-03-15T04:47:09+00:00,3365.42,EUR,reversed,SALE
T00005990,C000891,A001288,2026-05-09T13:40:38+00:00,1362.06,INR,reversed,TRANSFER
T00005991,C000985,A001223,2026-02-08T20:15:21+00:00,1362.62,GBP,pending,ADJUSTMENT
T00005992,C000257,A001188,2025-11-11T01:04:30+00:00,4431.70,CAD,reversed,SALE
T00005993,C000114,A000088,2025-03-18T02:44:36+00:00,393.31,CAD,pending,TRANSFER
T00005994,C000617,A000368,2026-08-23T07:55:45+00:00,2081.62,EUR,failed,REFUND
T00005995,C000225,A000027,2025-07-27T21:27:39+00:00,3199.66,CAD,failed,ADJUSTMENT
T00005996,C000286,A000475,2026-02-12T18:46:29+00:00,1662.34,CAD,failed,REFUND
T00005997,C000059,A001478,2026-08-14T09:51:16+00:00,1405.41,EUR,pending,TRANSFER
T00005998,C000949,A000224,2025-09-29T23:32:24+00:00,3694.98,INR,failed,SALE
T00005999,C000343,A001230,2026-02-04T20:58:40+00:00,3007.44,EUR,settled,TRANSFER
T00006000,C000205,A001400,2025-02-20T13:38:42+00:00,991.64,EUR,failed,TRANSFER
T00006001,C000193,A001464,2026-02-15T15:39:03+00:00,3392.78,GBP,failed,ADJUSTMENT
T00006002,C000667,A000330,2025-06-24T07:38:53+00:00,4852.72,GBP,settled,SALE
T00006003,C000127,A000236,2025-03-05T17:06:22+00:00,3723.96,CAD,pending,SALE
T00006004,C000927,A000690,2026-05-23T17:03:18+00:00,3459.70,EUR,reversed,TRANSFER
T00006005,C000359,A000841,2025-09-19T18:36:00+00:00,3794.40,GBP,pending,SALE
T00006006,C000354,A000720,2025-05-19T07:01:52+00:00,4394.33,GBP,settled,ADJUSTMENT
T00006007,C000517,A000259,2026-05-14T10:41:03+00:00,4254.89,USD,pending,REFUND
T00006008,C000450,A001132,2025-02-05T01:47:51+00:00,3346.58,EUR,reversed,SALE
T00006009,C000270,A000822,2025-06-05T07:53:43+00:00,2572.61,USD,settled,ADJUSTMENT
T00006010,C000555,A001332,2026-01-05T23:45:40+00:00,2351.90,GBP,settled,TRANSFER
T00006011,C000606,A001153,2026-01-19T08:16:07+00:00,3267.49,GBP,failed,ADJUSTMENT
T00006012,C000200,A000104,2025-03-07T15:53:44+00:00,3388.92,CAD,pending,TRANSFER
T00006013,C000114,A000370,2025-09-30T08:13:38+00:00,492.10,GBP,reversed,ADJUSTMENT
T00006014,C000499,A000555,2026-07-02T13:43:50+00:00,1764.78,USD,settled,ADJUSTMENT
T00006015,C000074,A000747,2026-04-19T13:42:29+00:00,2118.72,CAD,pending,REFUND
T00006016,C000753,A000482,2025-09-12T12:48:06+00:00,4406.50,GBP,pending,TRANSFER
T00006017,C000885,A000055,2026-03-18T05:31:35+00:00,1412.85,GBP,reversed,SALE
T00006018,C000890,A000854,2025-11-20T22:38:34+00:00,964.17,USD,failed,REFUND
T00006019,C000272,A000795,2026-08-17T04:07:11+00:00,449.19,GBP,settled,REFUND
T00006020,C000299,A000382,2025-08-27T11:40:19+00:00,2909.60,CAD,pending,REFUND
T00006021,C000084,A001333,2025-01-18T17:55:42+00:00,3108.33,EUR,settled,REFUND
T00006022,C000075,A001370,2026-07-22T08:28:57+00:00,2923.80,CAD,failed,TRANSFER
T00006023,C000299,A000382,2026-07-15T07:15:22+00:00,3557.08,CAD,reversed,TRANSFER
T00006024,C000678,A000699,2025-07-02T06:44:55+00:00,2461.62,EUR,failed,ADJUSTMENT
T00006025,C000019,A001178,2025-05-16T01:22:33+00:00,1047.02,INR,reversed,REFUND
T00006026,C000386,A001392,2025-05-18T16:04:41+00:00,2307.25,CAD,failed,ADJUSTMENT
T00006027,C000533,A000312,2025-07-16T06:24:48+00:00,2414.85,EUR,pending,ADJUSTMENT
T00006028,C000038,A000739,2026-03-09T22:01:46+00:00,2526.92,GBP,failed,ADJUSTMENT
T00006029,C000266,A000201,2025-02-26T00:52:03+00:00,1131.35,INR,failed,REFUND
T00006030,C000246,A001253,2025-10-29T18:38:11+00:00,3700.50,GBP,pending,SALE
T00006031,C000579,A000329,2025-05-20T05:04:35+00:00,1149.84,INR,pending,SALE
T00006032,C000376,A000866,2025-03-18T09:07:19+00:00,3081.80,GBP,settled,SALE
T00006033,C000290,A001245,2025-10-29T17:41:08+00:00,3787.01,CAD,pending,ADJUSTMENT
T00006034,C000016,A000873,2025-01-26T10:13:37+00:00,1902.48,CAD,reversed,SALE
T00006035,C000633,A000133,2025-09-22T22:36:31+00:00,410.71,EUR,failed,SALE
T00006036,C000279,A000913,2025-10-18T09:43:57+00:00,3058.27,EUR,pending,REFUND
T00006037,C000331,A001316,2026-03-17T23:50:08+00:00,1345.70,EUR,pending,TRANSFER
T00006038,C000026,A000188,2025-11-01T15:32:00+00:00,1481.65,INR,settled,SALE
T00006039,C000469,A001324,2026-05-28T10:52:37+00:00,3054.11,INR,settled,ADJUSTMENT
T00006040,C000969,A000091,2025-01-27T12:52:33+00:00,3422.22,CAD,reversed,ADJUSTMENT
T00006041,C000698,A000492,2026-06-25T16:49:10+00:00,3655.79,INR,pending,SALE
T00006042,C000168,A001482,2025-04-26T06:44:10+00:00,1294.21,EUR,settled,REFUND
T00006043,C000236,A000003,2026-06-22T22:52:11+00:00,1611.00,EUR,pending,REFUND
T00006044,C000607,A001279,2025-03-03T12:21:20+00:00,2820.65,CAD,settled,SALE
T00006045,C000277,A000951,2025-02-14T14:39:37+00:00,2751.83,GBP,failed,ADJUSTMENT
T00006046,C000888,A000498,2025-10-20T04:58:44+00:00,457.44,INR,failed,ADJUSTMENT
T00006047,C000996,A000136,2025-10-11T01:45:48+00:00,3821.77,CAD,settled,TRANSFER
T00006048,C000907,A001205,2026-04-26T09:33:27+00:00,2420.00,CAD,reversed,REFUND
T00006049,C000777,A001240,2025-11-10T13:20:34+00:00,7.86,USD,pending,ADJUSTMENT
T00006050,C000125,A001083,2025-10-31T00:29:59+00:00,3885.73,CAD,settled,REFUND
T00006051,C000710,A001038,2025-10-20T22:44:15+00:00,935.23,USD,failed,REFUND
T00006052,C000612,A001471,2026-03-15T11:29:54+00:00,2193.70,GBP,failed,REFUND
T00006053,C000694,A000575,2026-09-01T02:16:55+00:00,4700.82,GBP,settled,REFUND
T00006054,C000335,A001491,2026-07-24T15:06:15+00:00,4726.73,INR,settled,REFUND
T00006055,C000639,A000365,2025-03-26T23:03:39+00:00,68.80,EUR,pending,REFUND
T00006056,C000291,A001180,2025-06-05T09:27:19+00:00,1431.29,CAD,pending,SALE
T00006057,C000461,A000293,2025-12-30T05:35:34+00:00,4769.54,GBP,settled,SALE
T00006058,C000274,A000395,2026-04-28T04:34:47+00:00,370.53,CAD,pending,ADJUSTMENT
T00006059,C000442,A000146,2026-07-13T11:50:18+00:00,4138.43,INR,pending,TRANSFER
T00006060,C000382,A000275,2025-11-11T06:03:12+00:00,3979.76,INR,pending,TRANSFER
T00006061,C000539,A001063,2025-06-14T20:22:23+00:00,1839.47,EUR,failed,TRANSFER
T00006062,C000303,A000961,2025-08-19T03:22:01+00:00,998.36,EUR,reversed,REFUND
T00006063,C000029,A000727,2025-01-26T06:15:08+00:00,1559.98,CAD,settled,ADJUSTMENT
T00006064,C000613,A000764,2026-04-02T20:46:42+00:00,183.21,EUR,pending,REFUND
T00006065,C000075,A001370,2026-08-16T17:07:58+00:00,1009.81,CAD,reversed,TRANSFER
T00006066,C000060,A000238,2025-11-03T22:59:12+00:00,3679.11,GBP,reversed,ADJUSTMENT
T00006067,C000492,A000995,2025-01-21T15:00:00+00:00,478.56,GBP,failed,SALE
T00006068,C000471,A000310,2026-05-12T23:38:39+00:00,989.51,EUR,pending,SALE
T00006069,C000162,A000996,2026-02-12T12:09:48+00:00,970.82,CAD,pending,SALE
T00006070,C000576,A001292,2025-06-29T09:44:35+00:00,220.89,CAD,settled,ADJUSTMENT
T00006071,C000482,A001256,2025-03-27T11:21:03+00:00,1546.22,INR,settled,REFUND
T00006072,C000899,A000526,2026-04-16T21:08:38+00:00,4517.42,CAD,reversed,TRANSFER
T00006073,C000229,A001174,2026-07-19T19:51:15+00:00,2270.40,CAD,reversed,TRANSFER
T00006074,C000627,A001042,2026-03-29T12:59:11+00:00,4998.93,USD,failed,TRANSFER
T00006075,C000069,A001442,2026-01-04T14:48:09+00:00,3038.47,INR,reversed,ADJUSTMENT
T00006076,C000315,A001226,2026-04-19T19:42:02+00:00,4477.38,USD,reversed,TRANSFER
T00006077,C000300,A000495,2026-08-07T03:47:26+00:00,3256.10,INR,reversed,SALE
T00006078,C000951,A000602,2025-03-09T14:11:07+00:00,296.34,INR,failed,ADJUSTMENT
T00006079,C000539,A001005,2025-04-10T08:54:09+00:00,4747.10,GBP,pending,TRANSFER
T00006080,C000374,A001160,2025-04-13T15:10:56+00:00,3067.59,EUR,failed,TRANSFER
T00006081,C000725,A000320,2026-01-09T23:34:39+00:00,2174.89,EUR,settled,ADJUSTMENT
T00006082,C000885,A001164,2025-08-14T01:24:26+00:00,3215.57,USD,failed,TRANSFER
T00006083,C000669,A001121,2025-10-29T11:41:36+00:00,1298.42,EUR,settled,SALE
T00006084,C000230,A000958,2026-08-20T13:18:29+00:00,3600.85,EUR,failed,TRANSFER
T00006085,C000693,A000824,2025-01-21T14:38:03+00:00,1732.22,EUR,reversed,TRANSFER
T00006086,C000120,A001030,2025-07-23T04:11:22+00:00,1541.70,CAD,failed,TRANSFER
T00006087,C000145,A001106,2025-08-24T20:57:54+00:00,1823.57,GBP,failed,REFUND
T00006088,C000644,A000450,2026-09-11T06:54:46+00:00,1613.73,INR,reversed,SALE
T00006089,C000738,A001158,2025-10-28T09:28:39+00:00,1857.31,GBP,failed,SALE
T00006090,C000254,A000549,2025-10-11T18:34:04+00:00,61.94,INR,failed,REFUND
T00006091,C000867,A000125,2026-04-09T08:01:23+00:00,2194.05,USD,pending,REFUND
T00006092,C000569,A000812,2026-08-08T00:56:54+00:00,3204.54,EUR,failed,SALE
T00006093,C000975,A000363,2026-01-09T04:47:28+00:00,4319.72,CAD,failed,SALE
T00006094,C000658,A000599,2025-10-12T04:31:17+00:00,967.16,CAD,pending,SALE
T00006095,C000648,A000735,2025-09-17T03:17:22+00:00,4289.81,USD,settled,SALE
T00006096,C000618,A000990,2026-06-12T20:11:00+00:00,199.84,USD,pending,TRANSFER
T00006097,C000181,A000481,2025-05-03T22:44:01+00:00,3288.98,EUR,failed,SALE
T00006098,C000994,A001129,2026-07-19T16:11:09+00:00,1179.05,CAD,failed,TRANSFER
T00006099,C000755,A000766,2025-06-14T23:31:22+00:00,4636.52,GBP,settled,REFUND
T00006100,C000136,A000759,2025-04-19T04:20:08+00:00,2338.11,GBP,reversed,SALE
T00006101,C000365,A001214,2026-01-22T23:49:38+00:00,4325.38,EUR,failed,REFUND
T00006102,C000138,A001352,2025-11-28T09:07:16+00:00,3116.80,CAD,failed,SALE
T00006103,C000889,A000671,2025-06-10T18:29:56+00:00,1397.71,CAD,settled,REFUND
T00006104,C000116,A000413,2025-04-14T00:04:04+00:00,875.84,USD,reversed,REFUND
T00006105,C000492,A001122,2025-08-01T18:06:28+00:00,1422.70,INR,reversed,REFUND
T00006106,C000424,A001267,2025-12-19T21:56:16+00:00,68.54,EUR,settled,ADJUSTMENT
T00006107,C000458,A000429,2025-08-20T10:40:45+00:00,4642.37,INR,settled,TRANSFER
T00006108,C000510,A001144,2025-11-05T10:28:44+00:00,624.06,GBP,reversed,ADJUSTMENT
T00006109,C000670,A000276,2026-02-08T01:41:23+00:00,2165.98,GBP,failed,ADJUSTMENT
T00006110,C000033,A001462,2025-08-07T02:08:28+00:00,4408.30,EUR,failed,REFUND
T00006111,C000691,A001411,2026-04-25T21:05:30+00:00,1511.81,EUR,failed,SALE
T00006112,C000294,A001120,2026-09-09T12:50:49+00:00,1204.67,GBP,pending,REFUND
T00006113,C000193,A001198,2025-07-18T21:50:22+00:00,3971.99,EUR,settled,ADJUSTMENT
T00006114,C000270,A000719,2026-01-11T11:35:46+00:00,681.41,USD,reversed,SALE
T00006115,C000292,A000485,2026-09-03T23:03:59+00:00,3199.74,EUR,reversed,SALE
T00006116,C000708,A000060,2025-05-14T04:10:02+00:00,4104.22,USD,pending,ADJUSTMENT
T00006117,C000102,A000406,2026-06-11T10:45:26+00:00,101.66,EUR,settled,REFUND
T00006118,C000973,A000668,2025-04-17T08:23:59+00:00,4488.88,GBP,settled,ADJUSTMENT
T00006119,C000812,A001105,2025-07-06T16:11:41+00:00,794.16,EUR,pending,TRANSFER
T00006120,C000145,A000294,2026-08-31T20:13:20+00:00,4386.44,USD,reversed,REFUND
T00006121,C000531,A000009,2025-07-04T16:00:09+00:00,4605.35,CAD,failed,SALE
T00006122,C000593,A000223,2025-03-19T03:42:17+00:00,1177.75,INR,failed,ADJUSTMENT
T00006123,C000371,A000090,2025-12-01T21:43:36+00:00,4812.12,USD,pending,SALE
T00006124,C000220,A000250,2026-07-30T00:14:28+00:00,261.68,EUR,settled,SALE
T00006125,C000565,A000173,2026-01-22T13:56:29+00:00,3900.76,USD,settled,ADJUSTMENT
T00006126,C000833,A001076,2025-02-16T04:28:45+00:00,950.76,EUR,reversed,REFUND
T00006127,C000945,A001217,2026-01-07T11:47:20+00:00,901.52,CAD,reversed,REFUND
T00006128,C000694,A000962,2025-04-06T09:39:50+00:00,2255.14,USD,reversed,TRANSFER
T00006129,C000304,A000867,2025-05-03T18:18:37+00:00,3234.40,INR,settled,REFUND
T00006130,C000784,A000849,2025-03-13T13:55:14+00:00,2890.06,USD,settled,ADJUSTMENT
T00006131,C000547,A000902,2026-05-08T21:48:27+00:00,3068.55,EUR,pending,TRANSFER
T00006132,C000373,A000796,2025-06-02T22:32:59+00:00,4339.53,GBP,reversed,SALE
T00006133,C000268,A001390,2025-08-01T21:33:13+00:00,4260.98,INR,reversed,REFUND
T00006134,C000868,A000463,2026-07-17T23:34:33+00:00,4207.92,GBP,settled,ADJUSTMENT
T00006135,C000035,A000729,2025-01-01T05:55:16+00:00,2842.86,GBP,pending,TRANSFER
T00006136,C000573,A001331,2025-01-26T16:09:31+00:00,4999.92,USD,failed,REFUND
T00006137,C000603,A001213,2026-07-14T03:27:36+00:00,2444.17,USD,reversed,REFUND
T00006138,C000903,A000696,2025-12-05T04:50:36+00:00,282.29,GBP,failed,ADJUSTMENT
T00006139,C000427,A001329,2025-07-24T00:16:25+00:00,2276.08,USD,failed,SALE
T00006140,C000249,A001131,2025-01-24T20:56:18+00:00,1881.36,GBP,pending,REFUND
T00006141,C000567,A000509,2025-12-15T06:57:52+00:00,3760.89,INR,failed,REFUND
T00006142,C000061,A001009,2025-08-02T22:33:27+00:00,2979.19,GBP,failed,REFUND
T00006143,C000293,A001472,2025-06-30T15:36:58+00:00,3502.53,CAD,failed,SALE
T00006144,C000508,A001206,2026-02-05T17:15:02+00:00,4802.21,INR,settled,ADJUSTMENT
T00006145,C000492,A001122,2025-12-30T12:48:54+00:00,1110.86,INR,settled,REFUND
T00006146,C000324,A000669,2025-06-15T23:27:27+00:00,3283.04,GBP,reversed,ADJUSTMENT
T00006147,C000286,A000475,2025-09-12T11:04:15+00:00,3861.63,CAD,failed,ADJUSTMENT
T00006148,C000646,A000775,2025-12-15T07:55:33+00:00,1114.12,GBP,failed,SALE
T00006149,C000747,A000083,2026-01-18T13:37:32+00:00,2763.16,USD,pending,ADJUSTMENT
T00006150,C000937,A000558,2025-03-13T11:18:24+00:00,2391.87,CAD,reversed,REFUND
T00006151,C000762,A000086,2025-05-04T11:30:25+00:00,998.71,GBP,reversed,ADJUSTMENT
T00006152,C000004,A001000,2025-10-13T17:49:25+00:00,2268.42,USD,failed,TRANSFER
T00006153,C000187,A000692,2025-03-09T03:31:27+00:00,4653.86,CAD,reversed,REFUND
T00006154,C000142,A000211,2025-01-14T06:45:58+00:00,2411.24,USD,settled,TRANSFER
T00006155,C000184,A000490,2025-02-24T03:10:13+00:00,4948.83,USD,settled,TRANSFER
T00006156,C000018,A001303,2026-08-12T07:17:33+00:00,3052.66,EUR,reversed,TRANSFER
T00006157,C000266,A000201,2025-11-01T03:40:05+00:00,2022.82,INR,failed,TRANSFER
T00006158,C000076,A001485,2025-04-17T04:34:18+00:00,3151.07,INR,settled,ADJUSTMENT
T00006159,C000114,A000088,2026-04-06T21:35:01+00:00,320.34,CAD,failed,TRANSFER
T00006160,C000058,A000074,2026-06-16T22:36:28+00:00,1011.61,INR,failed,REFUND
T00006161,C000838,A000723,2026-03-01T20:01:36+00:00,2573.20,CAD,settled,SALE
T00006162,C000872,A001483,2025-01-11T13:40:47+00:00,3084.82,GBP,reversed,REFUND
T00006163,C000053,A001202,2025-08-04T22:07:23+00:00,2385.26,CAD,settled,REFUND
T00006164,C000608,A000108,2026-08-19T20:28:39+00:00,800.63,USD,reversed,ADJUSTMENT
T00006165,C000249,A001131,2025-03-24T09:59:20+00:00,1729.82,GBP,reversed,REFUND
T00006166,C000890,A000854,2025-07-29T14:48:42+00:00,679.87,USD,failed,TRANSFER
T00006167,C000925,A001393,2026-01-08T15:26:20+00:00,2291.47,INR,failed,SALE
T00006168,C000482,A001256,2026-06-14T23:38:15+00:00,1870.57,INR,failed,SALE
T00006169,C000962,A000623,2025-05-22T09:11:23+00:00,1417.33,USD,pending,SALE
T00006170,C000092,A000885,2025-06-17T16:56:13+00:00,448.72,INR,settled,SALE
T00006171,C000529,A000178,2026-09-11T21:33:09+00:00,3348.59,CAD,failed,SALE
T00006172,C000821,A001300,2025-08-11T15:13:14+00:00,203.74,INR,reversed,SALE
T00006173,C000365,A001214,2025-09-10T09:53:16+00:00,4867.03,EUR,reversed,SALE
T00006174,C000678,A000699,2026-07-30T23:47:28+00:00,2452.51,EUR,pending,ADJUSTMENT
T00006175,C000741,A000971,2025-11-29T22:41:37+00:00,3780.97,INR,pending,ADJUSTMENT
T00006176,C000553,A001398,2026-02-28T15:07:18+00:00,4728.67,INR,settled,ADJUSTMENT
T00006177,C000206,A000012,2025-09-03T13:39:12+00:00,3591.76,CAD,reversed,SALE
T00006178,C000568,A000070,2025-06-05T02:49:31+00:00,3234.44,INR,failed,REFUND
T00006179,C000909,A000781,2026-05-06T16:00:24+00:00,3132.03,CAD,settled,SALE
T00006180,C000973,A000007,2026-01-09T13:37:16+00:00,1150.15,CAD,settled,ADJUSTMENT
T00006181,C000130,A001012,2025-05-29T00:04:35+00:00,3290.88,CAD,failed,REFUND
T00006182,C000772,A001260,2026-02-23T16:20:59+00:00,1356.25,EUR,pending,REFUND
T00006183,C000138,A000980,2025-07-18T12:31:06+00:00,3882.90,CAD,pending,REFUND
T00006184,C000593,A000223,2025-06-25T06:58:23+00:00,3171.17,INR,pending,REFUND
T00006185,C000269,A000507,2025-12-07T13:06:23+00:00,4759.12,EUR,settled,ADJUSTMENT
T00006186,C000195,A001128,2025-05-21T19:24:46+00:00,79.94,GBP,pending,REFUND
T00006187,C000238,A000396,2026-04-29T22:14:37+00:00,2861.26,USD,reversed,SALE
T00006188,C000184,A000490,2026-05-14T20:30:39+00:00,3607.39,USD,failed,TRANSFER
T00006189,C000302,A001386,2025-08-18T01:48:36+00:00,261.08,INR,reversed,TRANSFER
T00006190,C000055,A000295,2026-03-23T00:25:04+00:00,1647.18,GBP,failed,ADJUSTMENT
T00006191,C000197,A001277,2026-08-06T04:56:18+00:00,545.45,USD,pending,TRANSFER
T00006192,C000048,A000741,2025-08-10T15:51:27+00:00,2459.54,EUR,pending,ADJUSTMENT
T00006193,C000725,A000320,2026-07-15T17:38:30+00:00,4669.70,EUR,settled,ADJUSTMENT
T00006194,C000487,A000398,2025-04-06T21:35:25+00:00,1505.63,INR,pending,SALE
T00006195,C000164,A000833,2025-03-24T14:18:01+00:00,1931.55,CAD,pending,REFUND
T00006196,C000010,A000141,2026-01-27T01:14:28+00:00,3416.03,USD,failed,SALE
T00006197,C000050,A000302,2025-12-11T05:35:10+00:00,1206.59,USD,pending,TRANSFER
T00006198,C000539,A001005,2026-08-25T13:07:26+00:00,2331.79,GBP,failed,ADJUSTMENT
T00006199,C000826,A000180,2025-09-19T18:30:27+00:00,1065.25,CAD,settled,TRANSFER
T00006200,C000777,A000754,2025-09-16T10:46:49+00:00,4671.34,INR,settled,REFUND
T00006201,C000721,A000212,2026-07-13T18:49:44+00:00,1430.58,CAD,reversed,REFUND
T00006202,C000790,A001495,2026-02-23T13:32:33+00:00,4132.37,INR,failed,ADJUSTMENT
T00006203,C000290,A000298,2025-01-10T19:48:54+00:00,1479.46,INR,pending,SALE
T00006204,C000926,A000447,2026-08-11T02:13:26+00:00,2639.85,EUR,settled,REFUND
T00006205,C000314,A000856,2025-09-22T14:17:21+00:00,4666.93,EUR,settled,TRANSFER
T00006206,C000084,A000024,2025-05-11T08:20:49+00:00,687.63,USD,reversed,ADJUSTMENT
T00006207,C000161,A000572,2025-04-21T21:16:34+00:00,1152.04,GBP,pending,SALE
T00006208,C000004,A000222,2025-02-03T09:35:59+00:00,2988.47,GBP,failed,TRANSFER
T00006209,C000822,A000052,2026-02-04T04:28:48+00:00,3014.79,GBP,settled,SALE
T00006210,C000566,A000730,2026-04-08T08:37:08+00:00,3579.47,GBP,reversed,TRANSFER
T00006211,C000431,A001307,2025-01-09T13:32:21+00:00,1128.79,CAD,reversed,ADJUSTMENT
T00006212,C000145,A001172,2025-05-21T17:11:18+00:00,1662.95,EUR,pending,TRANSFER
T00006213,C000812,A001105,2025-09-27T12:26:12+00:00,2982.74,EUR,reversed,SALE
T00006214,C000127,A000236,2025-06-03T11:46:54+00:00,3893.42,CAD,reversed,SALE
T00006215,C000503,A001347,2025-11-03T23:19:24+00:00,2851.32,INR,reversed,REFUND
T00006216,C000852,A000679,2026-04-29T03:01:33+00:00,3965.90,INR,settled,SALE
T00006217,C000643,A000107,2026-03-14T03:14:14+00:00,4229.04,USD,settled,ADJUSTMENT
T00006218,C000745,A000518,2025-06-16T21:59:37+00:00,1679.06,USD,failed,REFUND
T00006219,C000256,A000615,2026-05-18T19:41:47+00:00,4874.10,EUR,settled,TRANSFER
T00006220,C000214,A001348,2026-06-20T04:17:04+00:00,1560.45,GBP,failed,ADJUSTMENT
T00006221,C000289,A000740,2026-04-15T06:56:56+00:00,3729.77,INR,failed,SALE
T00006222,C000495,A001490,2025-02-03T07:15:37+00:00,3915.92,INR,settled,REFUND
T00006223,C000033,A001462,2026-05-23T21:41:13+00:00,3900.49,EUR,pending,TRANSFER
T00006224,C000662,A000347,2025-06-20T20:32:52+00:00,3920.09,CAD,settled,TRANSFER
T00006225,C000477,A000703,2026-02-06T14:23:38+00:00,4827.70,INR,reversed,ADJUSTMENT
T00006226,C000796,A000879,2025-11-20T20:17:52+00:00,4142.49,CAD,reversed,SALE
T00006227,C000126,A001039,2026-06-19T08:44:24+00:00,3037.47,INR,reversed,TRANSFER
T00006228,C000270,A000719,2025-08-01T16:11:59+00:00,921.72,USD,failed,REFUND
T00006229,C000684,A001173,2026-05-29T15:47:22+00:00,2728.11,GBP,settled,ADJUSTMENT
T00006230,C000228,A001374,2026-08-19T10:13:29+00:00,826.23,USD,settled,REFUND
T00006231,C000050,A000302,2025-05-25T11:52:22+00:00,3598.67,USD,failed,REFUND
T00006232,C000017,A000840,2026-06-19T18:09:29+00:00,1506.69,CAD,pending,SALE
T00006233,C000796,A000879,2025-01-20T01:05:01+00:00,2549.58,CAD,reversed,SALE
T00006234,C000166,A001440,2026-05-08T02:36:31+00:00,3616.87,EUR,settled,SALE
T00006235,C000420,A001166,2025-08-05T08:24:48+00:00,511.54,CAD,failed,ADJUSTMENT
T00006236,C000035,A001221,2025-12-15T22:21:48+00:00,3265.57,USD,settled,REFUND
T00006237,C000838,A001290,2026-01-26T04:03:07+00:00,3902.80,CAD,pending,ADJUSTMENT
T00006238,C000013,A000440,2025-07-21T19:44:18+00:00,2316.63,CAD,reversed,TRANSFER
T00006239,C000477,A001273,2025-10-28T04:04:29+00:00,3192.75,CAD,failed,SALE
T00006240,C000751,A001498,2025-02-01T17:49:51+00:00,4132.25,CAD,settled,ADJUSTMENT
T00006241,C000623,A000409,2025-03-19T02:30:31+00:00,4624.35,CAD,reversed,SALE
T00006242,C000380,A000956,2026-08-21T15:07:16+00:00,1875.29,INR,reversed,SALE
T00006243,C000116,A000785,2025-09-10T16:19:11+00:00,663.33,GBP,settled,SALE
T00006244,C000574,A001396,2025-04-13T15:51:04+00:00,3507.55,GBP,settled,REFUND
T00006245,C000521,A000967,2025-08-11T04:35:20+00:00,4579.23,INR,settled,TRANSFER
T00006246,C000270,A000822,2026-03-10T01:51:14+00:00,1588.48,USD,failed,ADJUSTMENT
T00006247,C000832,A000792,2025-06-16T12:56:07+00:00,2502.47,INR,settled,REFUND
T00006248,C000645,A000076,2025-01-31T05:52:18+00:00,3255.22,CAD,settled,TRANSFER
T00006249,C000846,A001487,2025-07-31T11:26:27+00:00,4159.96,EUR,pending,SALE
T00006250,C000379,A000508,2026-04-29T01:52:49+00:00,374.35,CAD,failed,REFUND
T00006251,C000380,A001269,2026-03-16T23:05:02+00:00,490.22,EUR,failed,ADJUSTMENT
T00006252,C000664,A000342,2025-01-13T20:01:54+00:00,157.56,CAD,settled,ADJUSTMENT
T00006253,C000922,A000865,2025-09-07T16:26:29+00:00,2442.70,GBP,pending,REFUND
T00006254,C000017,A000889,2025-01-05T19:51:53+00:00,3802.99,EUR,reversed,SALE
T00006255,C000506,A001419,2025-07-14T15:10:39+00:00,2691.81,CAD,settled,ADJUSTMENT
T00006256,C000330,A001417,2025-04-02T15:57:51+00:00,3519.01,INR,pending,REFUND
T00006257,C000636,A001136,2026-03-18T01:04:55+00:00,2464.29,GBP,failed,REFUND
T00006258,C000288,A000333,2025-04-21T15:52:57+00:00,3754.20,INR,reversed,ADJUSTMENT
T00006259,C000046,A000673,2026-03-06T22:30:49+00:00,2085.09,GBP,failed,ADJUSTMENT
T00006260,C000734,A000899,2025-10-07T20:41:11+00:00,3632.49,USD,failed,ADJUSTMENT
T00006261,C000006,A000874,2026-09-05T18:19:37+00:00,3932.62,USD,reversed,SALE
T00006262,C000830,A000279,2025-12-14T20:02:09+00:00,287.33,GBP,pending,REFUND
T00006263,C000712,A000420,2026-01-28T07:49:52+00:00,3465.69,CAD,failed,REFUND
T00006264,C000017,A000327,2026-09-08T20:07:53+00:00,4776.20,EUR,reversed,TRANSFER
T00006265,C000983,A000346,2026-01-20T04:48:39+00:00,50.00,INR,pending,SALE
T00006266,C000611,A000701,2026-05-27T01:25:22+00:00,2438.95,USD,pending,TRANSFER
T00006267,C000411,A000897,2025-11-15T08:33:35+00:00,1401.32,GBP,failed,ADJUSTMENT
T00006268,C000978,A001024,2025-06-21T11:10:51+00:00,1071.62,USD,reversed,TRANSFER
T00006269,C000249,A000008,2026-06-19T17:43:17+00:00,4476.73,USD,failed,SALE
T00006270,C000172,A000800,2026-04-17T11:04:07+00:00,3640.02,USD,settled,TRANSFER
T00006271,C000502,A000748,2026-03-19T00:07:04+00:00,3601.26,INR,settled,REFUND
T00006272,C000061,A000937,2026-06-12T10:26:55+00:00,3745.40,EUR,settled,ADJUSTMENT
T00006273,C000798,A000939,2026-08-23T03:34:24+00:00,2781.50,USD,failed,ADJUSTMENT
T00006274,C000106,A000709,2026-05-02T13:17:54+00:00,4675.36,INR,pending,ADJUSTMENT
T00006275,C000753,A001082,2026-07-24T12:25:26+00:00,2915.91,INR,failed,REFUND
T00006276,C000328,A000331,2026-05-28T05:14:09+00:00,4578.66,EUR,reversed,TRANSFER
T00006277,C000749,A000758,2025-09-15T01:49:36+00:00,4441.37,CAD,failed,REFUND
T00006278,C000376,A000866,2026-02-14T16:44:01+00:00,3952.45,GBP,reversed,SALE
T00006279,C000055,A000393,2025-08-22T03:31:26+00:00,1825.70,CAD,reversed,SALE
T00006280,C000111,A000616,2026-08-02T07:44:53+00:00,1881.10,INR,reversed,TRANSFER
T00006281,C000384,A000767,2026-02-27T06:29:23+00:00,2787.78,USD,settled,REFUND
T00006282,C000374,A001160,2026-04-14T09:58:24+00:00,3201.65,EUR,pending,SALE
T00006283,C000833,A001355,2026-03-12T17:34:16+00:00,1354.50,USD,settled,TRANSFER
T00006284,C000259,A000343,2025-11-12T22:00:10+00:00,4224.08,GBP,settled,TRANSFER
T00006285,C000658,A001061,2025-01-19T22:54:28+00:00,4058.03,CAD,failed,SALE
T00006286,C000878,A000458,2025-02-05T19:42:12+00:00,405.94,USD,pending,SALE
T00006287,C000102,A001011,2025-01-23T13:05:50+00:00,374.63,CAD,failed,TRANSFER
T00006288,C000471,A000734,2025-09-16T05:08:39+00:00,1789.76,INR,reversed,ADJUSTMENT
T00006289,C000722,A000448,2026-04-11T18:25:18+00:00,361.80,GBP,failed,TRANSFER
T00006290,C000928,A000381,2026-02-01T21:37:31+00:00,274.56,EUR,failed,ADJUSTMENT
T00006291,C000599,A000653,2025-09-24T08:33:32+00:00,877.49,INR,settled,TRANSFER
T00006292,C000441,A000433,2025-07-12T01:27:20+00:00,4772.80,INR,reversed,REFUND
T00006293,C000807,A000957,2026-05-01T12:25:57+00:00,751.51,GBP,failed,SALE
T00006294,C000647,A000037,2026-05-20T15:19:31+00:00,4873.64,INR,settled,ADJUSTMENT
T00006295,C000075,A000462,2026-02-04T06:41:43+00:00,1854.12,GBP,failed,REFUND
T00006296,C000790,A001495,2025-01-20T07:17:00+00:00,4649.25,INR,failed,TRANSFER
T00006297,C000373,A001294,2025-01-04T19:49:48+00:00,527.01,USD,pending,REFUND
T00006298,C000460,A000911,2026-07-15T08:50:27+00:00,4330.69,GBP,reversed,ADJUSTMENT
T00006299,C000580,A000816,2025-08-31T01:39:18+00:00,662.44,INR,pending,SALE
T00006300,C000055,A001488,2026-05-29T09:13:45+00:00,3665.11,INR,reversed,REFUND
T00006301,C000099,A001287,2026-08-03T04:19:17+00:00,3301.68,USD,failed,ADJUSTMENT
T00006302,C000610,A000006,2025-07-23T06:34:11+00:00,2489.31,CAD,pending,REFUND
T00006303,C000218,A000185,2026-08-22T22:03:01+00:00,3449.07,EUR,reversed,SALE
T00006304,C000919,A000927,2025-01-15T15:17:28+00:00,2014.44,EUR,pending,ADJUSTMENT
T00006305,C000315,A001226,2025-07-05T23:50:27+00:00,3724.91,USD,failed,ADJUSTMENT
T00006306,C000007,A000632,2025-12-30T17:31:21+00:00,779.65,GBP,pending,SALE
T00006307,C000764,A001027,2025-12-15T10:46:45+00:00,3431.34,GBP,pending,REFUND
T00006308,C000676,A000190,2026-06-05T23:33:26+00:00,3025.28,EUR,reversed,SALE
T00006309,C000665,A000263,2026-07-01T13:09:57+00:00,4480.87,CAD,failed,REFUND
T00006310,C000665,A000768,2026-07-25T09:52:53+00:00,2456.62,EUR,reversed,SALE
T00006311,C000208,A000750,2026-04-28T13:44:25+00:00,3924.86,CAD,settled,ADJUSTMENT
T00006312,C000166,A001424,2026-09-09T04:45:24+00:00,1084.68,EUR,settled,SALE
T00006313,C000106,A000709,2026-05-12T06:34:12+00:00,2692.10,INR,reversed,SALE
T00006314,C000514,A000054,2025-11-15T05:36:05+00:00,4681.55,EUR,failed,REFUND
T00006315,C000617,A000199,2025-05-20T18:00:31+00:00,2628.33,EUR,settled,REFUND
T00006316,C000146,A000880,2025-12-11T20:36:44+00:00,2164.88,CAD,reversed,SALE
T00006317,C000626,A000034,2025-04-17T04:56:37+00:00,1618.31,USD,failed,SALE
T00006318,C000615,A000041,2026-01-12T19:45:32+00:00,439.72,CAD,failed,SALE
T00006319,C000072,A000153,2025-06-29T17:29:04+00:00,2661.55,CAD,reversed,ADJUSTMENT
T00006320,C000564,A000539,2025-06-18T12:25:52+00:00,1780.68,INR,reversed,TRANSFER
T00006321,C000035,A000426,2025-10-01T15:43:18+00:00,972.89,CAD,reversed,SALE
T00006322,C000708,A000060,2026-07-18T09:41:06+00:00,3424.69,USD,failed,TRANSFER
T00006323,C000197,A000441,2025-05-03T03:03:56+00:00,1959.42,EUR,reversed,ADJUSTMENT
T00006324,C000425,A000629,2026-07-02T09:39:29+00:00,2810.09,EUR,failed,REFUND
T00006325,C000146,A000880,2026-06-08T15:28:50+00:00,3636.44,CAD,pending,SALE
T00006326,C000909,A000781,2025-02-12T03:40:22+00:00,1410.54,CAD,settled,SALE
T00006327,C000371,A000090,2025-07-17T09:00:56+00:00,4844.71,USD,settled,SALE
T00006328,C000886,A000762,2025-09-24T03:08:40+00:00,1091.48,INR,failed,ADJUSTMENT
T00006329,C000085,A000612,2026-05-05T04:07:09+00:00,2280.66,INR,reversed,TRANSFER
T00006330,C000792,A000717,2026-01-22T18:50:48+00:00,2602.42,EUR,settled,TRANSFER
T00006331,C000580,A000655,2025-10-21T09:46:05+00:00,202.99,USD,failed,REFUND
T00006332,C000093,A001379,2025-01-23T01:08:14+00:00,2105.05,CAD,reversed,REFUND
T00006333,C000623,A000409,2025-10-30T14:34:02+00:00,1288.99,CAD,failed,REFUND
T00006334,C000995,A000742,2025-09-05T13:40:42+00:00,2337.65,CAD,settled,SALE
T00006335,C000331,A001316,2025-05-28T15:16:08+00:00,4920.56,EUR,settled,ADJUSTMENT
T00006336,C000782,A000124,2025-04-09T19:03:50+00:00,3673.57,GBP,pending,TRANSFER
T00006337,C000302,A000106,2025-11-14T12:32:14+00:00,3045.21,INR,failed,SALE
T00006338,C000581,A000931,2025-12-30T15:51:08+00:00,3165.35,INR,reversed,SALE
T00006339,C000700,A000227,2025-08-25T11:34:35+00:00,2962.02,EUR,settled,TRANSFER
T00006340,C000618,A000990,2025-01-13T10:29:58+00:00,1408.00,USD,settled,TRANSFER
T00006341,C000894,A001358,2026-06-05T02:16:26+00:00,3598.16,USD,failed,ADJUSTMENT
T00006342,C000746,A000314,2026-04-11T15:25:12+00:00,3846.41,GBP,settled,ADJUSTMENT
T00006343,C000759,A000713,2026-06-29T21:48:01+00:00,112.37,EUR,reversed,SALE
T00006344,C000924,A000369,2026-01-16T05:12:46+00:00,2035.56,USD,pending,TRANSFER
T00006345,C000316,A000049,2025-03-11T11:30:59+00:00,754.33,INR,settled,REFUND
T00006346,C000220,A000639,2025-11-08T08:53:46+00:00,3772.81,CAD,failed,ADJUSTMENT
T00006347,C000933,A000900,2026-01-09T11:51:19+00:00,2128.29,USD,failed,TRANSFER
T00006348,C000632,A000934,2026-07-07T12:25:55+00:00,2872.60,EUR,failed,SALE
T00006349,C000619,A000926,2026-06-21T18:21:47+00:00,330.02,USD,reversed,SALE
T00006350,C000225,A000027,2026-02-19T07:44:03+00:00,965.84,CAD,failed,ADJUSTMENT
T00006351,C000930,A001189,2026-05-28T21:56:20+00:00,4262.35,GBP,settled,SALE
T00006352,C000669,A001446,2026-05-26T22:46:47+00:00,1244.24,CAD,settled,ADJUSTMENT
T00006353,C000517,A000259,2025-11-30T06:51:23+00:00,4646.93,USD,pending,SALE
T00006354,C000945,A001272,2025-08-15T18:45:50+00:00,3852.31,GBP,failed,SALE
T00006355,C000626,A000034,2026-01-06T05:41:35+00:00,4709.64,USD,settled,TRANSFER
T00006356,C000970,A000682,2026-02-16T17:07:23+00:00,1581.93,INR,settled,ADJUSTMENT
T00006357,C000896,A000936,2025-03-23T23:20:24+00:00,4926.43,USD,failed,ADJUSTMENT
T00006358,C000357,A001387,2025-08-31T20:02:48+00:00,1737.71,INR,reversed,SALE
T00006359,C000832,A001368,2026-01-22T11:06:39+00:00,2856.39,EUR,settled,TRANSFER
T00006360,C000322,A000634,2025-04-15T19:24:39+00:00,1359.50,GBP,settled,TRANSFER
T00006361,C000772,A001260,2025-06-18T11:01:37+00:00,2366.89,EUR,settled,ADJUSTMENT
T00006362,C000531,A001323,2025-09-21T04:27:10+00:00,2500.92,EUR,reversed,ADJUSTMENT
T00006363,C000602,A000163,2026-04-16T14:49:20+00:00,1299.25,EUR,failed,REFUND
T00006364,C000929,A001170,2026-04-12T05:16:27+00:00,1085.97,USD,pending,SALE
T00006365,C000153,A000358,2026-01-03T08:42:47+00:00,1208.92,INR,pending,SALE
T00006366,C000242,A001047,2025-12-21T13:37:36+00:00,3129.70,INR,pending,SALE
T00006367,C000786,A000467,2025-06-30T01:04:53+00:00,2912.47,EUR,failed,REFUND
T00006368,C000406,A000665,2025-08-19T23:06:57+00:00,741.46,GBP,settled,REFUND
T00006369,C000399,A000150,2025-11-17T01:09:05+00:00,3671.36,EUR,pending,SALE
T00006370,C000434,A000514,2026-06-26T13:41:29+00:00,3421.16,GBP,settled,TRANSFER
T00006371,C000018,A000126,2025-03-06T21:31:13+00:00,3257.74,EUR,reversed,REFUND
T00006372,C000839,A001203,2025-08-29T12:41:42+00:00,1740.91,GBP,settled,ADJUSTMENT
T00006373,C000434,A000514,2026-04-27T09:38:58+00:00,2679.73,GBP,settled,SALE
T00006374,C000796,A000879,2026-06-06T07:29:14+00:00,2053.46,CAD,pending,TRANSFER
T00006375,C000492,A001122,2025-05-25T06:56:02+00:00,3251.24,INR,reversed,REFUND
T00006376,C000371,A000784,2025-11-27T03:30:11+00:00,4184.98,GBP,pending,SALE
T00006377,C000641,A000160,2025-01-19T18:59:29+00:00,1710.71,CAD,settled,SALE
T00006378,C000791,A000321,2025-12-11T22:54:31+00:00,3218.46,CAD,pending,TRANSFER
T00006379,C000836,A001473,2025-05-05T16:56:27+00:00,2537.52,GBP,pending,SALE
T00006380,C000622,A000193,2025-02-19T12:42:39+00:00,2675.34,USD,pending,ADJUSTMENT
T00006381,C000648,A000735,2026-07-07T23:40:17+00:00,2616.15,USD,failed,ADJUSTMENT
T00006382,C000231,A001351,2025-01-19T08:49:32+00:00,1422.83,CAD,settled,ADJUSTMENT
T00006383,C000246,A000825,2026-08-07T12:38:06+00:00,2077.33,CAD,failed,REFUND
T00006384,C000903,A000696,2025-01-04T21:11:43+00:00,3672.84,GBP,failed,TRANSFER
T00006385,C000109,A001014,2025-09-28T11:11:02+00:00,1012.83,INR,pending,TRANSFER
T00006386,C000726,A000635,2025-10-30T08:45:12+00:00,1508.91,GBP,reversed,REFUND
T00006387,C000468,A000626,2025-06-24T09:45:54+00:00,1225.23,GBP,settled,ADJUSTMENT
T00006388,C000161,A000572,2025-07-08T01:54:38+00:00,3518.99,GBP,pending,REFUND
T00006389,C000658,A000599,2025-08-26T06:40:57+00:00,2149.49,CAD,settled,SALE
T00006390,C000190,A000559,2026-03-17T23:15:38+00:00,2198.73,GBP,settled,TRANSFER
T00006391,C000944,A000846,2025-08-18T21:06:35+00:00,90.44,EUR,failed,REFUND
T00006392,C000181,A001054,2025-12-14T03:05:57+00:00,2466.92,GBP,pending,REFUND
T00006393,C000536,A001211,2025-06-15T06:03:04+00:00,2455.25,CAD,settled,REFUND
T00006394,C000860,A000464,2026-01-25T20:32:55+00:00,2233.40,CAD,settled,ADJUSTMENT
T00006395,C000166,A001382,2025-02-27T10:05:40+00:00,3688.15,USD,failed,SALE
T00006396,C000959,A001283,2025-08-21T13:48:29+00:00,59.14,EUR,pending,SALE
T00006397,C000573,A001388,2026-03-02T03:30:11+00:00,676.12,GBP,pending,TRANSFER
T00006398,C000343,A001230,2025-08-10T10:32:40+00:00,1906.97,EUR,settled,TRANSFER
T00006399,C000674,A000922,2026-04-01T21:30:59+00:00,3855.71,EUR,reversed,SALE
T00006400,C000769,A000241,2025-03-28T16:48:27+00:00,3977.76,USD,failed,TRANSFER
T00006401,C000674,A000548,2025-12-30T23:49:53+00:00,289.62,CAD,pending,TRANSFER
T00006402,C000700,A000815,2026-06-11T03:16:09+00:00,1731.65,INR,pending,REFUND
T00006403,C000211,A001373,2026-05-27T10:28:49+00:00,4745.19,INR,pending,SALE
T00006404,C000348,A000017,2025-05-06T14:28:17+00:00,4558.90,USD,settled,TRANSFER
T00006405,C000567,A000609,2025-10-26T13:09:17+00:00,555.38,GBP,failed,TRANSFER
T00006406,C000688,A000451,2025-04-21T16:42:12+00:00,2538.23,USD,reversed,REFUND
T00006407,C000198,A001090,2025-06-07T10:40:22+00:00,3694.77,INR,failed,TRANSFER
T00006408,C000398,A000556,2025-11-19T13:43:40+00:00,2877.36,CAD,pending,TRANSFER
T00006409,C000973,A000007,2025-01-05T08:47:53+00:00,4233.47,CAD,pending,TRANSFER
T00006410,C000780,A001402,2025-08-26T07:53:24+00:00,2670.39,INR,failed,SALE
T00006411,C000469,A001324,2025-01-02T17:21:22+00:00,3783.82,INR,failed,TRANSFER
T00006412,C000833,A001355,2025-09-27T03:26:20+00:00,2737.37,USD,reversed,ADJUSTMENT
T00006413,C000173,A001199,2025-08-04T03:12:09+00:00,4458.73,EUR,failed,ADJUSTMENT
T00006414,C000426,A000044,2026-08-06T21:37:47+00:00,3342.51,USD,failed,REFUND
T00006415,C000947,A000970,2025-11-28T09:00:37+00:00,376.33,INR,failed,ADJUSTMENT
T00006416,C000518,A000999,2026-04-23T10:39:42+00:00,882.66,USD,reversed,REFUND
T00006417,C000146,A000415,2026-07-15T13:03:18+00:00,2027.72,GBP,settled,ADJUSTMENT
T00006418,C000700,A000227,2026-04-18T23:03:35+00:00,445.29,EUR,failed,TRANSFER
T00006419,C000391,A001068,2026-06-10T14:19:34+00:00,1889.26,INR,settled,REFUND
T00006420,C000397,A000788,2026-01-12T17:52:34+00:00,4405.59,USD,settled,SALE
T00006421,C000745,A000518,2025-06-28T12:23:36+00:00,1698.39,USD,failed,REFUND
T00006422,C000008,A000240,2026-04-20T02:29:13+00:00,279.75,GBP,failed,REFUND
T00006423,C000940,A000018,2025-07-29T22:41:57+00:00,732.95,USD,failed,SALE
T00006424,C000380,A001269,2025-01-02T22:49:00+00:00,1563.90,EUR,failed,REFUND
T00006425,C000113,A000975,2026-08-31T14:36:33+00:00,1272.59,USD,reversed,TRANSFER
T00006426,C000205,A001146,2026-01-31T11:03:48+00:00,1163.62,EUR,failed,ADJUSTMENT
T00006427,C000983,A000346,2026-06-15T18:51:58+00:00,4489.32,INR,pending,TRANSFER
T00006428,C000454,A000736,2025-09-26T02:07:33+00:00,1031.75,INR,settled,TRANSFER
T00006429,C000187,A000692,2025-09-22T06:19:19+00:00,4961.24,CAD,pending,TRANSFER
T00006430,C000184,A000760,2026-08-02T05:31:55+00:00,3257.32,USD,failed,REFUND
T00006431,C000344,A000523,2026-06-18T17:23:03+00:00,738.86,GBP,failed,REFUND
T00006432,C000896,A000936,2025-06-21T01:05:35+00:00,4794.40,USD,settled,ADJUSTMENT
T00006433,C000373,A001194,2025-08-18T20:17:41+00:00,3818.09,USD,settled,SALE
T00006434,C000215,A001354,2026-01-02T09:35:59+00:00,842.44,CAD,failed,SALE
T00006435,C000396,A000676,2025-02-04T17:30:46+00:00,1317.79,USD,reversed,ADJUSTMENT
T00006436,C000647,A000619,2025-08-22T11:54:29+00:00,2381.21,INR,pending,SALE
T00006437,C000325,A000318,2026-07-22T19:23:38+00:00,2292.86,EUR,reversed,REFUND
T00006438,C000399,A000428,2025-06-21T23:39:07+00:00,223.60,INR,reversed,TRANSFER
T00006439,C000079,A000028,2025-08-28T15:03:56+00:00,754.35,GBP,pending,SALE
T00006440,C000837,A000725,2025-09-07T00:49:08+00:00,2110.06,CAD,failed,ADJUSTMENT
T00006441,C000745,A000518,2026-03-30T15:03:49+00:00,4982.70,USD,reversed,ADJUSTMENT
T00006442,C000290,A001245,2025-07-06T02:12:37+00:00,1263.05,CAD,reversed,SALE
T00006443,C000806,A000693,2026-05-18T15:11:55+00:00,170.59,CAD,reversed,ADJUSTMENT
T00006444,C000510,A000010,2025-07-11T18:14:00+00:00,820.26,GBP,reversed,ADJUSTMENT
T00006445,C000489,A000511,2025-10-04T02:40:57+00:00,4936.81,INR,pending,TRANSFER
T00006446,C000934,A001093,2025-03-29T21:53:02+00:00,1836.70,INR,pending,ADJUSTMENT
T00006447,C000543,A000631,2025-02-06T02:42:52+00:00,444.86,CAD,pending,ADJUSTMENT
T00006448,C000092,A000885,2025-12-20T16:42:18+00:00,2702.76,INR,pending,SALE
T00006449,C000922,A000401,2025-04-05T10:27:40+00:00,2002.15,USD,settled,TRANSFER
T00006450,C000460,A000843,2026-03-10T04:19:32+00:00,1833.75,GBP,settled,SALE
T00006451,C000848,A001321,2026-01-30T17:21:24+00:00,72.54,CAD,pending,TRANSFER
T00006452,C000837,A000455,2026-07-23T04:20:11+00:00,4537.31,CAD,settled,TRANSFER
T00006453,C000788,A000366,2025-02-27T23:59:16+00:00,3551.84,EUR,settled,SALE
T00006454,C000916,A000613,2025-10-07T04:34:36+00:00,3138.29,INR,failed,REFUND
T00006455,C000300,A000144,2026-08-02T10:05:27+00:00,4659.66,CAD,pending,TRANSFER
T00006456,C000869,A001346,2025-02-04T02:04:05+00:00,911.76,USD,failed,SALE
T00006457,C000218,A000185,2026-04-14T08:34:21+00:00,4840.31,EUR,settled,REFUND
T00006458,C000823,A001265,2025-07-21T17:01:46+00:00,1579.91,EUR,reversed,SALE
T00006459,C000413,A000181,2026-08-12T03:28:14+00:00,491.68,CAD,settled,ADJUSTMENT
T00006460,C000019,A000439,2026-01-20T01:21:54+00:00,3213.97,USD,failed,SALE
T00006461,C000579,A000329,2025-08-18T23:40:20+00:00,1337.95,INR,settled,TRANSFER
T00006462,C000901,A000255,2025-11-28T03:31:50+00:00,1759.28,EUR,failed,TRANSFER
T00006463,C000050,A001191,2025-06-25T08:21:16+00:00,547.51,INR,reversed,ADJUSTMENT
T00006464,C000513,A000352,2025-03-29T07:09:58+00:00,3168.06,GBP,failed,TRANSFER
T00006465,C000572,A001013,2025-10-09T05:06:53+00:00,4887.94,USD,pending,ADJUSTMENT
T00006466,C000912,A000573,2026-08-23T16:18:19+00:00,4099.62,GBP,pending,REFUND
T00006467,C000745,A001033,2026-06-04T07:16:18+00:00,36.94,GBP,pending,ADJUSTMENT
T00006468,C000793,A001157,2025-10-08T12:55:22+00:00,1911.97,EUR,pending,TRANSFER
T00006469,C000498,A000268,2025-01-11T19:10:10+00:00,1237.74,INR,pending,ADJUSTMENT
T00006470,C000170,A000131,2025-06-03T01:25:44+00:00,2828.70,USD,failed,REFUND
T00006471,C000612,A001471,2025-07-29T02:57:44+00:00,1780.35,GBP,pending,SALE
T00006472,C000975,A000363,2026-04-22T06:21:59+00:00,2539.10,CAD,pending,REFUND
T00006473,C000646,A001095,2026-08-11T19:33:47+00:00,2254.95,INR,pending,TRANSFER
T00006474,C000230,A001100,2026-04-05T11:18:15+00:00,610.01,INR,settled,SALE
T00006475,C000793,A001157,2026-06-03T20:43:54+00:00,3241.47,EUR,reversed,ADJUSTMENT
T00006476,C000605,A001297,2026-06-19T14:47:55+00:00,1181.79,INR,settled,REFUND
T00006477,C000886,A000762,2025-12-26T19:11:59+00:00,4062.59,INR,pending,SALE
T00006478,C000521,A000967,2025-11-11T22:02:27+00:00,225.54,INR,pending,TRANSFER
T00006479,C000504,A000949,2025-12-25T11:23:43+00:00,1677.23,EUR,failed,TRANSFER
T00006480,C000610,A000006,2025-08-01T04:59:45+00:00,4718.29,CAD,reversed,TRANSFER
T00006481,C000581,A000931,2025-05-21T10:54:38+00:00,1605.90,INR,settled,SALE
T00006482,C000102,A001011,2025-01-24T15:50:22+00:00,1094.47,CAD,settled,ADJUSTMENT
T00006483,C000812,A001105,2026-01-03T15:53:45+00:00,60.54,EUR,failed,SALE
T00006484,C000629,A000243,2025-08-24T13:06:56+00:00,3805.14,CAD,failed,REFUND
T00006485,C000959,A001283,2025-10-25T04:09:07+00:00,4207.27,EUR,reversed,ADJUSTMENT
T00006486,C000826,A000180,2025-11-15T20:22:23+00:00,186.17,CAD,settled,REFUND
T00006487,C000593,A000223,2026-09-11T06:51:16+00:00,2043.52,INR,reversed,SALE
T00006488,C000807,A001302,2025-02-26T07:40:39+00:00,1878.21,EUR,failed,SALE
T00006489,C000193,A001464,2026-01-07T01:13:59+00:00,996.71,GBP,settled,TRANSFER
T00006490,C000888,A000498,2025-03-30T08:07:36+00:00,1756.30,INR,settled,TRANSFER
T00006491,C000202,A001452,2025-06-27T12:54:11+00:00,3540.29,GBP,reversed,REFUND
T00006492,C000450,A001132,2026-03-01T18:31:34+00:00,2834.52,EUR,failed,REFUND
T00006493,C000510,A000659,2026-08-10T14:45:28+00:00,4252.41,USD,settled,TRANSFER
T00006494,C000420,A001227,2025-07-31T06:36:58+00:00,3659.82,USD,pending,TRANSFER
T00006495,C000399,A000428,2026-07-31T10:46:30+00:00,4602.88,INR,pending,ADJUSTMENT
T00006496,C000113,A000328,2026-05-09T07:47:59+00:00,1094.93,INR,failed,REFUND
T00006497,C000091,A001193,2025-02-19T02:51:36+00:00,3187.01,CAD,settled,TRANSFER
T00006498,C000261,A001092,2025-09-19T02:38:58+00:00,1646.91,CAD,reversed,SALE
T00006499,C000979,A000494,2025-02-28T08:49:10+00:00,4323.38,INR,reversed,TRANSFER
T00006500,C000269,A000174,2025-05-24T14:37:48+00:00,160.13,EUR,settled,ADJUSTMENT
T00006501,C000076,A001485,2025-06-12T08:32:58+00:00,3837.08,INR,reversed,ADJUSTMENT
T00006502,C000870,A000807,2026-09-07T03:48:01+00:00,1631.37,INR,pending,TRANSFER
T00006503,C000790,A001495,2025-08-14T00:32:11+00:00,1995.77,INR,reversed,REFUND
T00006504,C000864,A000339,2025-01-06T16:46:11+00:00,414.29,CAD,pending,REFUND
T00006505,C000027,A000551,2025-04-21T21:55:46+00:00,2622.08,GBP,reversed,REFUND
T00006506,C000554,A000050,2025-07-22T10:38:15+00:00,3996.48,INR,settled,SALE
T00006507,C000919,A000927,2026-01-04T03:11:57+00:00,1615.95,EUR,settled,SALE
T00006508,C000226,A000598,2026-08-20T07:32:48+00:00,4909.91,EUR,pending,REFUND
T00006509,C000751,A001498,2026-05-27T05:57:58+00:00,3204.68,CAD,reversed,REFUND
T00006510,C000429,A001237,2025-11-27T02:45:43+00:00,1979.04,EUR,pending,ADJUSTMENT
T00006511,C000205,A001146,2026-04-03T08:25:15+00:00,4375.67,EUR,settled,REFUND
T00006512,C000286,A000475,2025-06-19T21:53:25+00:00,102.20,CAD,pending,SALE
T00006513,C000758,A000493,2026-06-11T17:20:04+00:00,1236.22,USD,pending,SALE
T00006514,C000695,A000852,2026-06-26T22:36:48+00:00,3470.85,USD,settled,TRANSFER
T00006515,C000129,A000803,2025-11-01T19:41:22+00:00,384.81,GBP,failed,REFUND
T00006516,C000981,A000765,2025-12-25T08:41:42+00:00,3664.74,INR,pending,ADJUSTMENT
T00006517,C000074,A000892,2025-09-01T04:22:49+00:00,2658.61,USD,settled,SALE
T00006518,C000091,A000660,2025-09-10T17:06:47+00:00,501.77,USD,failed,TRANSFER
T00006519,C000840,A001466,2025-11-24T03:16:01+00:00,2095.77,USD,settled,TRANSFER
T00006520,C000187,A000692,2026-07-25T20:18:37+00:00,3972.53,CAD,pending,SALE
T00006521,C000101,A000386,2026-04-26T17:31:19+00:00,747.72,GBP,pending,ADJUSTMENT
T00006522,C000322,A000634,2025-07-26T17:42:21+00:00,54.75,GBP,reversed,REFUND
T00006523,C000271,A000992,2026-01-15T02:22:47+00:00,2320.79,CAD,settled,ADJUSTMENT
T00006524,C000462,A000110,2025-05-02T17:37:28+00:00,4183.66,INR,failed,REFUND
T00006525,C000069,A001448,2025-01-08T19:19:22+00:00,3414.14,EUR,settled,ADJUSTMENT
T00006526,C000593,A000872,2026-01-10T22:25:55+00:00,2659.28,CAD,settled,SALE
T00006527,C000585,A001278,2026-06-14T14:43:11+00:00,2708.51,EUR,pending,REFUND
T00006528,C000265,A001204,2026-07-01T23:06:56+00:00,4716.76,INR,reversed,ADJUSTMENT
T00006529,C000679,A000354,2025-06-13T03:27:02+00:00,2404.68,CAD,failed,TRANSFER
T00006530,C000981,A000765,2026-08-10T04:48:12+00:00,64.62,INR,reversed,ADJUSTMENT
T00006531,C000927,A000690,2026-03-27T11:28:21+00:00,3948.80,EUR,pending,SALE
T00006532,C000358,A000624,2025-03-05T02:14:52+00:00,4491.82,GBP,settled,TRANSFER
T00006533,C000924,A000976,2026-07-22T21:54:59+00:00,4832.31,EUR,reversed,SALE
T00006534,C000268,A001390,2026-05-16T10:13:44+00:00,2380.90,INR,settled,REFUND
T00006535,C000351,A001375,2026-07-09T12:21:43+00:00,2550.92,USD,reversed,REFUND
T00006536,C000272,A000203,2026-01-13T06:30:45+00:00,3547.82,USD,pending,REFUND
T00006537,C000790,A001495,2025-01-28T09:19:41+00:00,2686.86,INR,pending,REFUND
T00006538,C000962,A000623,2026-08-20T03:26:02+00:00,2439.68,USD,reversed,TRANSFER
T00006539,C000888,A000089,2026-03-21T08:12:52+00:00,56.41,EUR,pending,REFUND
T00006540,C000058,A000074,2025-06-22T10:18:49+00:00,559.38,INR,reversed,SALE
T00006541,C000385,A000500,2026-07-13T03:01:49+00:00,4701.15,INR,pending,ADJUSTMENT
T00006542,C000357,A001387,2025-03-18T12:13:36+00:00,1067.12,INR,reversed,ADJUSTMENT
T00006543,C000896,A000620,2026-06-16T16:48:36+00:00,296.34,USD,pending,ADJUSTMENT
T00006544,C000311,A001391,2025-09-29T23:44:43+00:00,3328.85,CAD,failed,SALE
T00006545,C000509,A000453,2025-10-04T22:58:25+00:00,2696.39,CAD,reversed,SALE
T00006546,C000550,A000916,2026-08-22T13:35:34+00:00,2486.54,USD,failed,ADJUSTMENT
T00006547,C000573,A000716,2025-06-09T00:32:10+00:00,4453.69,INR,failed,ADJUSTMENT
T00006548,C000933,A001463,2026-04-13T11:26:48+00:00,787.51,GBP,reversed,TRANSFER
T00006549,C000441,A001107,2025-04-24T03:23:59+00:00,3442.44,USD,failed,TRANSFER
T00006550,C000449,A001421,2025-01-14T13:26:10+00:00,3572.39,CAD,settled,SALE
T00006551,C000202,A001452,2025-04-30T17:24:28+00:00,2978.79,GBP,reversed,REFUND
T00006552,C000866,A000722,2025-07-31T07:45:54+00:00,893.94,EUR,failed,TRANSFER
T00006553,C000581,A000531,2026-07-18T05:32:06+00:00,953.22,EUR,reversed,REFUND
T00006554,C000629,A000651,2025-08-17T05:10:13+00:00,3001.64,GBP,settled,SALE
T00006555,C000567,A000609,2025-02-10T11:51:11+00:00,4005.32,GBP,pending,REFUND
T00006556,C000333,A001187,2025-06-25T12:49:17+00:00,4558.07,USD,pending,SALE
T00006557,C000873,A000213,2025-09-15T16:55:32+00:00,4520.84,INR,pending,ADJUSTMENT
T00006558,C000833,A001355,2026-04-22T22:36:44+00:00,645.41,USD,reversed,TRANSFER
T00006559,C000760,A000281,2025-12-01T18:59:38+00:00,4880.91,EUR,pending,SALE
T00006560,C000046,A000112,2026-03-19T02:20:01+00:00,776.23,GBP,settled,REFUND
T00006561,C000156,A001259,2025-06-19T18:36:04+00:00,2484.98,INR,settled,ADJUSTMENT
T00006562,C000874,A000574,2025-05-30T16:16:09+00:00,1341.80,GBP,failed,TRANSFER
T00006563,C000015,A000910,2026-04-15T05:33:49+00:00,429.10,CAD,pending,REFUND
T00006564,C000405,A001072,2025-02-27T17:38:28+00:00,4800.51,USD,settled,ADJUSTMENT
T00006565,C000009,A000550,2025-09-30T06:26:51+00:00,1694.49,CAD,settled,TRANSFER
T00006566,C000694,A000575,2025-11-25T07:05:36+00:00,3376.48,GBP,pending,TRANSFER
T00006567,C000840,A000884,2026-07-31T10:53:27+00:00,2692.87,GBP,reversed,SALE
T00006568,C000240,A000773,2026-07-23T09:24:34+00:00,4888.72,USD,failed,REFUND
T00006569,C000788,A000366,2025-11-06T01:41:47+00:00,2168.14,EUR,settled,SALE
T00006570,C000467,A001127,2026-02-20T08:19:36+00:00,104.43,USD,settled,TRANSFER
T00006571,C000792,A000717,2025-10-23T02:41:56+00:00,197.35,EUR,reversed,ADJUSTMENT
T00006572,C000035,A000729,2025-04-05T01:51:17+00:00,1186.50,GBP,failed,TRANSFER
T00006573,C000755,A001036,2025-01-22T11:39:46+00:00,1632.28,INR,failed,ADJUSTMENT
T00006574,C000600,A000688,2026-06-23T19:28:06+00:00,1724.04,GBP,settled,REFUND
T00006575,C000915,A000505,2025-06-10T22:58:44+00:00,2001.19,INR,pending,SALE
T00006576,C000127,A000236,2025-11-02T01:41:29+00:00,1259.73,CAD,reversed,SALE
T00006577,C000299,A000382,2026-06-03T10:20:49+00:00,4074.61,CAD,pending,ADJUSTMENT
T00006578,C000786,A000467,2026-01-26T01:19:28+00:00,2770.66,EUR,pending,ADJUSTMENT
T00006579,C000600,A000688,2026-02-15T13:58:13+00:00,4605.09,GBP,pending,REFUND
T00006580,C000015,A000910,2025-01-20T20:54:33+00:00,4736.02,CAD,reversed,TRANSFER
T00006581,C000283,A000714,2026-07-18T05:38:33+00:00,801.34,USD,pending,REFUND
T00006582,C000058,A000535,2025-01-09T00:36:58+00:00,896.77,INR,settled,SALE
T00006583,C000074,A000747,2026-08-22T13:48:00+00:00,1180.26,CAD,reversed,SALE
T00006584,C000331,A001316,2026-01-27T10:44:34+00:00,3431.44,EUR,settled,REFUND
T00006585,C000154,A001410,2025-03-31T17:57:46+00:00,607.20,INR,failed,SALE
T00006586,C000925,A000914,2025-09-29T12:46:27+00:00,810.90,INR,failed,SALE
T00006587,C000116,A000242,2026-09-01T03:52:16+00:00,2675.35,GBP,pending,REFUND
T00006588,C000130,A001012,2026-07-11T21:39:54+00:00,4951.66,CAD,settled,REFUND
T00006589,C000215,A001354,2025-02-24T22:43:21+00:00,1936.22,CAD,reversed,ADJUSTMENT
T00006590,C000099,A000218,2026-06-09T21:33:32+00:00,502.21,EUR,settled,SALE
T00006591,C000945,A001217,2025-11-12T14:05:57+00:00,2414.98,CAD,reversed,SALE
T00006592,C000165,A001459,2025-04-03T11:59:26+00:00,3222.16,CAD,failed,SALE
T00006593,C000983,A000346,2026-05-28T00:56:32+00:00,4610.26,INR,reversed,REFUND
T00006594,C000565,A000173,2025-10-19T00:58:10+00:00,1753.82,USD,pending,ADJUSTMENT
T00006595,C000074,A001021,2025-12-18T08:56:19+00:00,4916.91,EUR,failed,TRANSFER
T00006596,C000835,A000672,2026-07-19T09:55:56+00:00,2385.75,EUR,failed,REFUND
T00006597,C000095,A000501,2026-07-05T20:41:58+00:00,2267.01,EUR,settled,SALE
T00006598,C000908,A000171,2025-03-27T04:53:50+00:00,3966.40,USD,reversed,SALE
T00006599,C000059,A001478,2026-06-30T12:04:32+00:00,1334.25,EUR,failed,ADJUSTMENT
T00006600,C000907,A000399,2026-03-20T04:25:29+00:00,2239.89,USD,settled,SALE
T00006601,C000301,A000025,2026-08-29T19:34:41+00:00,1097.61,USD,pending,TRANSFER
T00006602,C000815,A000581,2026-08-28T22:54:46+00:00,972.72,INR,pending,REFUND
T00006603,C000273,A001416,2025-05-05T09:24:04+00:00,4610.22,INR,pending,TRANSFER
T00006604,C000927,A000690,2025-10-02T13:42:57+00:00,1174.17,EUR,reversed,REFUND
T00006605,C000114,A000829,2025-03-05T10:44:46+00:00,3940.86,EUR,settled,REFUND
T00006606,C000786,A001350,2025-06-13T23:47:06+00:00,4587.67,CAD,reversed,REFUND
T00006607,C000465,A001208,2025-12-12T12:25:43+00:00,3203.43,EUR,failed,ADJUSTMENT
T00006608,C000655,A001079,2025-02-27T04:19:51+00:00,52.08,INR,pending,REFUND
T00006609,C000787,A000779,2026-07-14T10:09:23+00:00,936.29,GBP,settled,ADJUSTMENT
T00006610,C000634,A001019,2025-05-18T22:08:01+00:00,4625.90,USD,settled,SALE
T00006611,C000714,A000419,2025-03-06T22:45:44+00:00,3273.45,USD,settled,REFUND
T00006612,C000434,A000435,2026-05-11T01:19:50+00:00,4337.78,EUR,pending,SALE
T00006613,C000035,A000729,2025-12-16T21:04:43+00:00,1461.78,GBP,failed,SALE
T00006614,C000001,A000284,2025-04-24T01:14:03+00:00,1974.95,GBP,failed,TRANSFER
T00006615,C000302,A000106,2025-03-14T21:55:32+00:00,4184.11,INR,failed,REFUND
T00006616,C000014,A000245,2026-02-08T02:15:49+00:00,1270.92,INR,settled,REFUND
T00006617,C000334,A000834,2026-02-12T11:04:46+00:00,2878.42,USD,failed,ADJUSTMENT
T00006618,C000473,A000938,2025-07-29T03:39:00+00:00,3628.55,GBP,settled,TRANSFER
T00006619,C000009,A000550,2026-06-18T11:17:03+00:00,4464.67,CAD,settled,ADJUSTMENT
T00006620,C000761,A000836,2025-02-16T06:22:45+00:00,1432.22,USD,failed,REFUND
T00006621,C000570,A000746,2025-06-01T16:28:09+00:00,4861.37,GBP,settled,ADJUSTMENT
T00006622,C000326,A000552,2026-01-11T12:27:46+00:00,1848.22,CAD,failed,SALE
T00006623,C000992,A000078,2025-05-27T08:32:04+00:00,3024.07,CAD,reversed,TRANSFER
T00006624,C000145,A001172,2025-09-21T00:54:56+00:00,4903.58,EUR,pending,SALE
T00006625,C000463,A000466,2026-03-27T14:44:00+00:00,3102.87,CAD,pending,SALE
T00006626,C000969,A001298,2025-05-24T17:02:48+00:00,2862.66,EUR,reversed,SALE
T00006627,C000644,A001363,2026-04-07T17:36:11+00:00,2362.25,INR,pending,TRANSFER
T00006628,C000479,A000073,2025-11-28T23:00:54+00:00,767.66,USD,pending,SALE
T00006629,C000236,A000003,2026-03-07T01:27:06+00:00,1954.94,EUR,failed,REFUND
T00006630,C000071,A001215,2026-08-31T10:55:13+00:00,832.06,USD,settled,SALE
T00006631,C000510,A000659,2025-08-04T08:03:45+00:00,2753.24,USD,pending,ADJUSTMENT
T00006632,C000518,A000999,2026-09-03T03:08:02+00:00,64.39,USD,failed,REFUND
T00006633,C000678,A000699,2025-06-18T23:30:03+00:00,1057.70,EUR,settled,REFUND
T00006634,C000602,A000163,2025-11-18T07:25:16+00:00,3067.87,EUR,reversed,REFUND
T00006635,C000405,A001072,2026-05-29T20:42:02+00:00,4108.65,USD,failed,REFUND
T00006636,C000096,A001376,2026-01-18T19:47:36+00:00,1886.78,USD,failed,REFUND
T00006637,C000555,A000437,2026-07-01T09:00:08+00:00,4459.85,CAD,failed,TRANSFER
T00006638,C000159,A000983,2025-11-30T14:39:38+00:00,665.92,GBP,reversed,ADJUSTMENT
T00006639,C000946,A001071,2026-03-05T12:10:51+00:00,3194.44,EUR,failed,SALE
T00006640,C000893,A001075,2025-04-11T13:45:11+00:00,1323.63,INR,failed,REFUND
T00006641,C000892,A000950,2025-03-05T03:05:52+00:00,1474.38,USD,reversed,ADJUSTMENT
T00006642,C000261,A001092,2025-10-06T04:01:51+00:00,4501.51,CAD,settled,TRANSFER
T00006643,C000697,A000260,2026-07-11T01:36:01+00:00,2830.53,USD,failed,SALE
T00006644,C000074,A000892,2026-07-19T14:50:58+00:00,2917.34,USD,settled,ADJUSTMENT
T00006645,C000550,A000134,2026-03-24T16:16:45+00:00,3825.72,GBP,pending,ADJUSTMENT
T00006646,C000380,A000956,2025-07-17T20:20:22+00:00,995.00,INR,reversed,ADJUSTMENT
T00006647,C000146,A001399,2025-05-26T00:50:54+00:00,623.80,USD,failed,REFUND
T00006648,C000886,A000474,2025-10-08T22:58:30+00:00,2269.79,INR,failed,SALE
T00006649,C000193,A000062,2026-06-30T11:13:54+00:00,1507.33,GBP,reversed,SALE
T00006650,C000523,A000237,2025-12-25T07:41:24+00:00,3698.56,CAD,failed,TRANSFER
T00006651,C000838,A001290,2026-06-25T01:41:21+00:00,1414.66,CAD,failed,ADJUSTMENT
T00006652,C000658,A001061,2025-11-11T02:01:41+00:00,4403.31,CAD,settled,SALE
T00006653,C000862,A001207,2025-02-09T01:08:56+00:00,468.69,GBP,pending,TRANSFER
T00006654,C000483,A001050,2025-12-27T00:42:44+00:00,953.14,INR,settled,TRANSFER
T00006655,C000876,A001186,2026-04-13T21:40:35+00:00,4155.45,EUR,failed,TRANSFER
T00006656,C000852,A000244,2025-11-09T04:40:02+00:00,2342.79,GBP,reversed,TRANSFER
T00006657,C000930,A000092,2026-07-21T04:51:22+00:00,1921.50,USD,pending,TRANSFER
T00006658,C000441,A000433,2025-11-26T21:00:50+00:00,3017.76,INR,failed,REFUND
T00006659,C000802,A000985,2026-07-29T14:58:46+00:00,3740.23,CAD,reversed,ADJUSTMENT
T00006660,C000639,A000365,2025-04-17T01:16:48+00:00,2669.22,EUR,settled,TRANSFER
T00006661,C000101,A000386,2026-01-25T02:15:45+00:00,3198.47,GBP,pending,ADJUSTMENT
T00006662,C000885,A001164,2026-03-19T16:38:27+00:00,1743.96,USD,settled,REFUND
T00006663,C000576,A000249,2025-05-10T23:44:23+00:00,1247.34,GBP,failed,TRANSFER
T00006664,C000268,A001317,2025-05-02T16:09:24+00:00,3706.24,CAD,failed,SALE
T00006665,C000398,A000894,2025-04-07T07:49:43+00:00,4752.78,INR,pending,ADJUSTMENT
T00006666,C000496,A001195,2025-12-07T12:20:45+00:00,1827.74,CAD,failed,ADJUSTMENT
T00006667,C000386,A001469,2025-04-07T20:02:53+00:00,4734.15,INR,failed,ADJUSTMENT
T00006668,C000234,A000123,2026-08-23T22:37:58+00:00,3309.56,GBP,reversed,REFUND
T00006669,C000006,A000874,2025-11-21T19:41:29+00:00,2867.50,USD,reversed,SALE
T00006670,C000667,A000330,2025-11-23T14:22:30+00:00,3171.45,GBP,failed,ADJUSTMENT
T00006671,C000141,A001271,2026-07-10T08:37:16+00:00,3494.93,CAD,pending,SALE
T00006672,C000698,A001432,2026-04-01T16:14:35+00:00,3092.68,USD,failed,REFUND
T00006673,C000833,A001076,2026-04-28T03:56:09+00:00,3971.30,EUR,pending,SALE
T00006674,C000684,A001173,2026-01-03T14:24:47+00:00,4899.12,GBP,reversed,TRANSFER
T00006675,C000317,A000882,2025-12-12T17:22:18+00:00,3943.85,USD,settled,SALE
T00006676,C000397,A000968,2026-09-07T13:09:43+00:00,2925.65,GBP,failed,REFUND
T00006677,C000909,A000603,2026-03-26T01:17:42+00:00,430.45,USD,pending,TRANSFER
T00006678,C000203,A000035,2025-05-31T22:57:18+00:00,1302.11,INR,pending,SALE
T00006679,C000792,A000717,2025-06-09T08:29:51+00:00,3043.61,EUR,pending,REFUND
T00006680,C000907,A000399,2025-09-16T17:08:00+00:00,1255.26,USD,failed,TRANSFER
T00006681,C000760,A000540,2025-10-11T10:30:56+00:00,3063.88,EUR,reversed,ADJUSTMENT
T00006682,C000279,A000071,2026-04-28T21:40:38+00:00,707.55,USD,failed,TRANSFER
T00006683,C000837,A000725,2025-10-25T18:09:49+00:00,3552.05,CAD,pending,SALE
T00006684,C000099,A000218,2026-03-22T05:40:16+00:00,4313.58,EUR,pending,SALE
T00006685,C000445,A000680,2025-01-02T22:41:15+00:00,82.20,USD,settled,REFUND
T00006686,C000062,A001109,2025-12-26T06:50:43+00:00,3658.45,CAD,failed,REFUND
T00006687,C000675,A000105,2025-05-03T03:36:54+00:00,192.33,EUR,settled,REFUND
T00006688,C000828,A000271,2025-04-26T06:05:01+00:00,822.86,GBP,reversed,ADJUSTMENT
T00006689,C000385,A000500,2026-07-23T21:16:59+00:00,1505.65,INR,settled,ADJUSTMENT
T00006690,C000350,A001427,2026-03-04T16:22:46+00:00,284.64,USD,reversed,ADJUSTMENT
T00006691,C000511,A000728,2025-05-20T03:40:10+00:00,4551.26,GBP,pending,ADJUSTMENT
T00006692,C000389,A001296,2025-03-09T03:34:36+00:00,2727.95,USD,pending,TRANSFER
T00006693,C000173,A001199,2026-03-20T13:48:57+00:00,337.43,EUR,reversed,ADJUSTMENT
T00006694,C000256,A000745,2025-11-11T16:25:34+00:00,712.53,GBP,reversed,ADJUSTMENT
T00006695,C000936,A000647,2025-07-31T09:29:14+00:00,2453.07,USD,failed,TRANSFER
T00006696,C000449,A000685,2025-08-25T06:19:49+00:00,4579.77,EUR,settled,ADJUSTMENT
T00006697,C000005,A001282,2026-01-04T17:45:47+00:00,3744.95,INR,settled,SALE
T00006698,C000796,A000587,2025-02-09T07:30:47+00:00,1225.48,USD,failed,TRANSFER
T00006699,C000751,A001498,2025-02-17T22:11:31+00:00,2906.67,CAD,failed,REFUND
T00006700,C000357,A001387,2025-07-11T20:38:07+00:00,2532.10,INR,pending,ADJUSTMENT
T00006701,C000061,A000937,2025-02-11T18:21:23+00:00,2364.40,EUR,pending,ADJUSTMENT
T00006702,C000005,A001168,2025-03-28T12:16:16+00:00,4327.00,EUR,settled,TRANSFER
T00006703,C000579,A000329,2026-06-10T18:43:06+00:00,4997.89,INR,failed,TRANSFER
T00006704,C000815,A000581,2025-03-05T03:21:26+00:00,626.51,INR,failed,TRANSFER
T00006705,C000083,A000309,2026-09-03T16:38:36+00:00,4498.56,GBP,failed,REFUND
T00006706,C000745,A001033,2026-02-19T02:20:33+00:00,4004.18,GBP,pending,REFUND
T00006707,C000868,A001080,2025-12-31T14:41:39+00:00,4563.15,USD,settled,ADJUSTMENT
T00006708,C000350,A001280,2026-02-07T06:52:19+00:00,3032.57,EUR,reversed,TRANSFER
T00006709,C000930,A001189,2025-05-28T13:53:51+00:00,3829.62,GBP,failed,TRANSFER
T00006710,C000445,A000680,2025-03-12T17:46:47+00:00,4298.81,USD,settled,REFUND
T00006711,C000841,A001437,2025-07-15T03:59:18+00:00,1804.24,EUR,settled,SALE
T00006712,C000669,A001446,2025-09-18T01:08:38+00:00,2385.52,CAD,pending,SALE
T00006713,C000385,A000500,2026-05-27T11:37:55+00:00,4611.79,INR,settled,ADJUSTMENT
T00006714,C000311,A001066,2026-01-01T04:14:53+00:00,1474.85,USD,pending,TRANSFER
T00006715,C000360,A000663,2025-06-09T03:19:25+00:00,1310.35,CAD,settled,TRANSFER
T00006716,C000508,A001206,2026-07-10T10:45:27+00:00,1602.97,INR,settled,SALE
T00006717,C000168,A000425,2026-06-07T14:40:18+00:00,4113.80,CAD,reversed,TRANSFER
T00006718,C000615,A000267,2025-04-18T10:06:38+00:00,3455.91,EUR,settled,TRANSFER
T00006719,C000985,A001223,2026-03-13T12:25:52+00:00,4311.71,GBP,failed,ADJUSTMENT
T00006720,C000102,A000406,2025-12-28T10:54:03+00:00,2360.87,EUR,settled,TRANSFER
T00006721,C000919,A000582,2026-07-18T22:38:30+00:00,1160.22,EUR,settled,REFUND
T00006722,C000693,A000824,2025-06-07T08:17:26+00:00,3018.22,EUR,pending,ADJUSTMENT
T00006723,C000416,A001429,2026-07-14T10:27:03+00:00,3506.05,GBP,pending,ADJUSTMENT
T00006724,C000833,A001076,2025-12-22T12:02:17+00:00,3716.23,EUR,failed,REFUND
T00006725,C000740,A000315,2025-06-24T11:27:40+00:00,3052.09,CAD,reversed,ADJUSTMENT
T00006726,C000064,A001085,2026-09-02T18:49:03+00:00,1207.36,USD,failed,TRANSFER
T00006727,C000973,A000007,2025-09-01T00:51:02+00:00,66.16,CAD,settled,TRANSFER
T00006728,C000605,A000031,2026-07-30T12:46:17+00:00,3011.51,CAD,settled,SALE
T00006729,C000308,A000546,2026-04-13T01:20:43+00:00,703.24,INR,settled,ADJUSTMENT
T00006730,C000340,A000817,2025-04-29T21:33:50+00:00,3277.14,USD,pending,SALE
T00006731,C000622,A000193,2025-02-26T02:59:23+00:00,4405.87,USD,pending,SALE
T00006732,C000345,A000377,2025-05-07T23:15:28+00:00,1891.03,GBP,pending,TRANSFER
T00006733,C000643,A000107,2025-06-05T00:25:56+00:00,2057.81,USD,reversed,SALE
T00006734,C000940,A000018,2025-08-18T22:34:17+00:00,4741.77,USD,failed,SALE
T00006735,C000015,A000910,2025-03-12T13:59:44+00:00,624.22,CAD,reversed,TRANSFER
T00006736,C000328,A000331,2026-02-07T01:23:36+00:00,2695.61,EUR,pending,SALE
T00006737,C000602,A000871,2026-07-16T16:22:34+00:00,3478.71,USD,pending,TRANSFER
T00006738,C000473,A000938,2025-05-24T00:20:58+00:00,2583.19,GBP,failed,ADJUSTMENT
T00006739,C000091,A000907,2025-12-01T14:15:41+00:00,943.68,USD,reversed,SALE
T00006740,C000249,A001131,2025-02-24T14:08:20+00:00,4165.02,GBP,pending,REFUND
T00006741,C000494,A000202,2026-01-02T05:07:54+00:00,1506.78,CAD,reversed,SALE
T00006742,C000133,A000715,2025-03-18T09:40:40+00:00,1585.38,USD,pending,TRANSFER
T00006743,C000550,A000134,2026-05-19T00:49:11+00:00,4547.24,GBP,reversed,TRANSFER
T00006744,C000873,A001007,2025-08-15T18:20:13+00:00,4160.76,EUR,failed,SALE
T00006745,C000181,A000481,2025-11-19T20:15:42+00:00,1693.28,EUR,pending,REFUND
T00006746,C000996,A000963,2026-01-07T07:28:29+00:00,1299.16,CAD,failed,REFUND
T00006747,C000297,A000756,2025-01-26T19:33:05+00:00,4407.35,USD,reversed,TRANSFER
T00006748,C000670,A000276,2026-01-21T09:27:24+00:00,1887.75,GBP,settled,TRANSFER
T00006749,C000008,A001111,2025-07-12T20:03:04+00:00,4156.91,USD,reversed,REFUND
T00006750,C000357,A001387,2025-12-22T02:18:47+00:00,3691.33,INR,failed,TRANSFER
T00006751,C000270,A000822,2025-04-19T20:11:53+00:00,179.40,USD,settled,SALE
T00006752,C000965,A001022,2026-03-06T14:26:51+00:00,1346.54,EUR,pending,TRANSFER
T00006753,C000243,A000058,2026-04-06T15:03:55+00:00,140.98,GBP,pending,TRANSFER
T00006754,C000291,A001180,2026-08-04T20:17:04+00:00,2578.78,CAD,settled,REFUND
T00006755,C000744,A001099,2025-02-08T13:49:02+00:00,131.15,GBP,reversed,ADJUSTMENT
T00006756,C000698,A000492,2025-03-22T04:00:25+00:00,1919.79,INR,failed,TRANSFER
T00006757,C000066,A000020,2025-05-17T12:16:38+00:00,2423.17,CAD,reversed,REFUND
T00006758,C000251,A000687,2025-06-07T12:40:11+00:00,4255.45,INR,failed,ADJUSTMENT
T00006759,C000388,A000130,2025-12-07T16:22:43+00:00,4218.57,EUR,reversed,SALE
T00006760,C000832,A001252,2025-09-21T07:58:38+00:00,1921.47,CAD,pending,ADJUSTMENT
T00006761,C000060,A000238,2026-02-27T02:46:27+00:00,3755.91,GBP,failed,SALE
T00006762,C000116,A000413,2025-07-08T07:53:44+00:00,121.20,USD,failed,ADJUSTMENT
T00006763,C000266,A000201,2026-08-01T16:18:19+00:00,875.75,INR,failed,SALE
T00006764,C000871,A001091,2026-06-10T15:58:54+00:00,1911.98,INR,pending,SALE
T00006765,C000181,A001054,2026-07-01T02:42:28+00:00,4968.11,GBP,failed,SALE
T00006766,C000067,A000618,2025-01-01T19:41:32+00:00,3696.44,EUR,pending,ADJUSTMENT
T00006767,C000219,A000016,2025-09-20T20:03:44+00:00,685.79,USD,failed,ADJUSTMENT
T00006768,C000270,A000822,2026-07-12T22:13:01+00:00,1875.73,USD,pending,TRANSFER
T00006769,C000403,A001367,2025-04-17T18:49:54+00:00,4833.02,EUR,failed,ADJUSTMENT
T00006770,C000523,A000237,2026-08-04T08:25:21+00:00,630.17,CAD,failed,TRANSFER
T00006771,C000335,A000397,2025-09-12T20:09:45+00:00,3313.45,GBP,settled,REFUND
T00006772,C000924,A000369,2026-08-03T20:29:04+00:00,4756.83,USD,settled,SALE
T00006773,C000268,A001390,2025-10-31T14:56:47+00:00,4497.91,INR,pending,SALE
T00006774,C000487,A000398,2025-01-03T21:37:01+00:00,2721.93,INR,settled,ADJUSTMENT
T00006775,C000159,A000344,2025-11-20T19:43:27+00:00,213.92,EUR,failed,REFUND
T00006776,C000348,A000017,2026-08-11T09:55:41+00:00,986.89,USD,failed,TRANSFER
T00006777,C000069,A001087,2025-07-15T22:53:39+00:00,4012.31,USD,reversed,TRANSFER
T00006778,C000901,A001248,2025-04-19T10:15:39+00:00,2184.14,INR,pending,REFUND
T00006779,C000549,A000139,2026-01-05T18:16:01+00:00,4896.08,CAD,settled,SALE
T00006780,C000120,A001030,2025-12-02T10:32:30+00:00,1724.52,CAD,pending,TRANSFER
T00006781,C000531,A000075,2025-10-22T06:01:37+00:00,1256.25,USD,settled,TRANSFER
T00006782,C000067,A000589,2026-08-22T17:24:32+00:00,3486.46,INR,reversed,ADJUSTMENT
T00006783,C000266,A000014,2025-06-23T17:59:35+00:00,1882.71,USD,settled,SALE
T00006784,C000739,A000617,2026-02-04T20:41:49+00:00,3424.68,GBP,settled,SALE
T00006785,C000954,A000821,2025-04-09T23:14:30+00:00,1914.07,EUR,failed,REFUND
T00006786,C000434,A000435,2025-05-30T17:53:47+00:00,958.12,EUR,pending,TRANSFER
T00006787,C000433,A000235,2025-06-25T18:08:41+00:00,591.69,CAD,failed,REFUND
T00006788,C000399,A000150,2025-04-16T11:36:32+00:00,920.40,EUR,pending,TRANSFER
T00006789,C000550,A000916,2026-03-20T13:07:08+00:00,785.59,USD,failed,SALE
T00006790,C000962,A000623,2025-06-09T02:04:28+00:00,1338.04,USD,settled,TRANSFER
T00006791,C000367,A001161,2026-04-30T21:35:47+00:00,878.55,USD,failed,REFUND
T00006792,C000643,A000107,2026-09-04T07:27:37+00:00,2448.00,USD,pending,REFUND
T00006793,C000479,A001366,2025-06-15T17:52:45+00:00,332.46,CAD,pending,SALE
T00006794,C000903,A000208,2025-11-16T04:27:13+00:00,167.94,GBP,reversed,ADJUSTMENT
T00006795,C000916,A000771,2026-01-07T21:11:18+00:00,4505.22,EUR,pending,ADJUSTMENT
T00006796,C000780,A001402,2025-09-10T19:45:32+00:00,1798.18,INR,failed,ADJUSTMENT
T00006797,C000706,A000169,2025-04-01T00:32:15+00:00,4895.79,GBP,failed,REFUND
T00006798,C000700,A000815,2025-01-06T13:13:09+00:00,1554.68,INR,settled,TRANSFER
T00006799,C000484,A000151,2026-05-21T16:36:27+00:00,3515.73,GBP,pending,ADJUSTMENT
T00006800,C000197,A000246,2025-05-22T08:53:40+00:00,120.51,EUR,failed,TRANSFER
T00006801,C000398,A000894,2025-05-11T12:42:51+00:00,4938.03,INR,pending,ADJUSTMENT
T00006802,C000656,A000338,2026-03-08T22:52:16+00:00,4316.22,GBP,reversed,SALE
T00006803,C000215,A001354,2026-07-07T01:27:35+00:00,2040.14,CAD,settled,SALE
T00006804,C000567,A000509,2025-11-25T15:27:42+00:00,4406.98,INR,settled,TRANSFER
T00006805,C000747,A001216,2026-06-14T20:12:46+00:00,4653.38,INR,reversed,ADJUSTMENT
T00006806,C000269,A000371,2026-07-22T06:33:03+00:00,95.03,CAD,pending,TRANSFER
T00006807,C000740,A000315,2026-01-11T10:29:05+00:00,3269.76,CAD,failed,ADJUSTMENT
T00006808,C000463,A001114,2026-06-30T02:09:15+00:00,1902.23,USD,failed,ADJUSTMENT
T00006809,C000314,A001029,2026-02-15T01:18:29+00:00,4331.23,EUR,settled,ADJUSTMENT
T00006810,C000351,A000847,2025-11-01T08:56:38+00:00,232.51,CAD,settled,TRANSFER
T00006811,C000584,A000881,2026-04-21T12:56:31+00:00,599.12,EUR,reversed,REFUND
T00006812,C000153,A000156,2025-03-10T23:38:21+00:00,4052.66,CAD,reversed,SALE
T00006813,C000587,A000662,2026-03-03T18:31:20+00:00,3679.95,USD,failed,TRANSFER
T00006814,C000530,A001209,2025-08-29T06:03:38+00:00,2865.56,USD,failed,ADJUSTMENT
T00006815,C000787,A000779,2025-07-26T14:34:31+00:00,727.99,GBP,pending,REFUND
T00006816,C000603,A001116,2025-08-22T17:00:13+00:00,2040.87,GBP,settled,REFUND
T00006817,C000826,A000180,2025-02-17T20:55:06+00:00,1208.75,CAD,pending,SALE
T00006818,C000283,A000145,2026-08-19T01:01:40+00:00,3424.38,CAD,reversed,SALE
T00006819,C000790,A000278,2026-08-21T14:41:06+00:00,1405.83,INR,reversed,REFUND
T00006820,C000377,A000850,2025-11-22T06:30:10+00:00,984.52,GBP,reversed,TRANSFER
T00006821,C000632,A000934,2025-11-16T22:41:25+00:00,2721.31,EUR,reversed,ADJUSTMENT
T00006822,C000049,A001156,2025-11-28T16:09:27+00:00,3476.29,USD,failed,ADJUSTMENT
T00006823,C000503,A000606,2025-12-05T17:55:35+00:00,1358.20,CAD,reversed,TRANSFER
T00006824,C000214,A001454,2026-01-21T18:03:18+00:00,3680.25,EUR,reversed,ADJUSTMENT
T00006825,C000832,A001252,2026-03-06T23:54:01+00:00,3228.23,CAD,settled,REFUND
T00006826,C000166,A001382,2026-05-15T16:34:42+00:00,316.31,USD,failed,SALE
T00006827,C000806,A000721,2025-08-14T06:24:34+00:00,3036.34,INR,pending,ADJUSTMENT
T00006828,C000908,A000390,2025-08-07T02:17:54+00:00,1206.82,CAD,failed,ADJUSTMENT
T00006829,C000612,A001471,2025-04-19T13:12:09+00:00,2288.37,GBP,settled,ADJUSTMENT
T00006830,C000969,A000051,2025-06-27T09:41:19+00:00,2019.63,USD,failed,ADJUSTMENT
T00006831,C000005,A000569,2026-01-25T04:37:19+00:00,3351.07,CAD,failed,SALE
T00006832,C000359,A000373,2025-08-16T06:43:22+00:00,3723.26,INR,settled,SALE
T00006833,C000229,A000743,2025-05-30T10:54:37+00:00,3792.91,USD,reversed,ADJUSTMENT
T00006834,C000658,A000094,2026-08-21T21:28:33+00:00,565.27,INR,reversed,ADJUSTMENT
T00006835,C000511,A000940,2025-08-31T02:37:04+00:00,3032.62,GBP,failed,TRANSFER
T00006836,C000137,A000473,2026-08-21T07:39:14+00:00,4022.13,GBP,pending,TRANSFER
T00006837,C000389,A001101,2025-09-22T19:32:00+00:00,2024.08,USD,reversed,SALE
T00006838,C000821,A000627,2025-08-18T15:45:17+00:00,527.09,CAD,settled,ADJUSTMENT
T00006839,C000399,A000428,2026-06-27T20:49:10+00:00,2985.43,INR,failed,SALE
T00006840,C000426,A000044,2025-05-01T00:58:55+00:00,1281.78,USD,settled,SALE
T00006841,C000285,A001286,2026-05-02T20:34:03+00:00,3214.52,INR,failed,REFUND
T00006842,C000287,A001149,2026-02-14T23:37:47+00:00,310.79,GBP,failed,SALE
T00006843,C000014,A000210,2026-07-05T22:48:00+00:00,1973.56,EUR,settled,ADJUSTMENT
T00006844,C000061,A000937,2026-07-16T02:55:33+00:00,1569.17,EUR,failed,ADJUSTMENT
T00006845,C000899,A000726,2025-07-18T14:50:20+00:00,2672.36,EUR,reversed,ADJUSTMENT
T00006846,C000423,A000875,2025-01-23T04:29:35+00:00,4899.04,GBP,reversed,REFUND
T00006847,C000396,A000676,2025-05-23T05:42:23+00:00,3139.37,USD,reversed,SALE
T00006848,C000828,A000271,2025-07-01T17:45:13+00:00,1438.94,GBP,reversed,ADJUSTMENT
T00006849,C000643,A001016,2025-03-27T05:34:17+00:00,1725.46,INR,reversed,ADJUSTMENT
T00006850,C000416,A001429,2025-10-18T14:59:29+00:00,4421.95,GBP,pending,SALE
T00006851,C000445,A000680,2025-05-20T23:15:03+00:00,1463.21,USD,failed,TRANSFER
T00006852,C000429,A000837,2025-04-02T19:20:12+00:00,4425.72,EUR,failed,REFUND
T00006853,C000146,A000880,2025-05-30T14:20:30+00:00,3834.82,CAD,pending,ADJUSTMENT
T00006854,C000539,A000694,2025-01-29T22:16:06+00:00,605.21,GBP,settled,TRANSFER
T00006855,C000479,A001366,2026-04-03T14:12:32+00:00,503.95,CAD,settled,TRANSFER
T00006856,C000131,A001445,2026-09-01T04:32:00+00:00,4225.72,EUR,settled,REFUND
T00006857,C000332,A001426,2025-02-17T13:08:18+00:00,4556.69,CAD,failed,REFUND
T00006858,C000014,A000579,2025-09-01T20:31:35+00:00,3517.34,USD,settled,ADJUSTMENT
T00006859,C000907,A001241,2026-07-01T00:54:46+00:00,4574.37,GBP,pending,TRANSFER
T00006860,C000119,A001048,2026-01-14T19:27:40+00:00,4923.81,INR,reversed,TRANSFER
T00006861,C000106,A000527,2026-02-16T01:38:01+00:00,1881.72,USD,failed,ADJUSTMENT
T00006862,C000137,A000473,2026-07-10T07:14:56+00:00,2050.92,GBP,failed,TRANSFER
T00006863,C000013,A001251,2025-06-28T17:59:47+00:00,3795.18,CAD,reversed,ADJUSTMENT
T00006864,C000242,A000804,2025-12-03T15:59:25+00:00,1011.18,CAD,pending,SALE
T00006865,C000606,A001153,2025-10-20T21:07:47+00:00,619.39,GBP,settled,TRANSFER
T00006866,C000440,A000234,2026-02-21T17:44:40+00:00,4570.18,GBP,failed,ADJUSTMENT
T00006867,C000402,A000512,2025-12-18T01:26:54+00:00,4954.76,GBP,settled,REFUND
T00006868,C000940,A000018,2025-07-03T22:07:12+00:00,4860.09,USD,reversed,TRANSFER
T00006869,C000462,A000110,2026-03-17T20:16:48+00:00,2360.11,INR,pending,SALE
T00006870,C000193,A000062,2025-09-09T14:47:23+00:00,359.71,GBP,settled,SALE
T00006871,C000135,A000544,2026-01-16T14:10:24+00:00,3537.24,USD,failed,SALE
T00006872,C000048,A000741,2025-06-19T04:48:00+00:00,2125.54,EUR,pending,TRANSFER
T00006873,C000377,A000835,2025-03-13T22:30:50+00:00,2132.87,USD,reversed,TRANSFER
T00006874,C000951,A000602,2025-04-19T06:05:54+00:00,3102.04,INR,settled,REFUND
T00006875,C000345,A000377,2025-09-30T21:40:18+00:00,1246.07,GBP,failed,REFUND
T00006876,C000868,A001080,2025-12-07T14:15:56+00:00,1966.53,USD,pending,TRANSFER
T00006877,C000866,A000722,2025-04-12T16:26:08+00:00,4685.91,EUR,pending,TRANSFER
T00006878,C000108,A001154,2025-05-18T12:32:15+00:00,4283.68,EUR,reversed,TRANSFER
T00006879,C000969,A000051,2026-06-08T04:40:50+00:00,287.11,USD,pending,REFUND
T00006880,C000949,A000567,2026-09-03T06:19:49+00:00,3354.91,CAD,failed,SALE
T00006881,C000955,A001228,2025-10-23T10:17:40+00:00,3257.52,EUR,failed,REFUND
T00006882,C000164,A000833,2026-03-08T08:03:21+00:00,4959.71,CAD,pending,ADJUSTMENT
T00006883,C000531,A000059,2025-11-01T21:17:53+00:00,3827.89,GBP,failed,ADJUSTMENT
T00006884,C000414,A000361,2026-02-17T16:34:30+00:00,3076.38,EUR,reversed,TRANSFER
T00006885,C000131,A001445,2025-11-07T22:08:40+00:00,2654.69,EUR,pending,ADJUSTMENT
T00006886,C000576,A001474,2025-02-23T20:24:30+00:00,482.22,USD,failed,ADJUSTMENT
T00006887,C000090,A000928,2025-06-29T21:04:20+00:00,1023.67,EUR,reversed,TRANSFER
T00006888,C000155,A000607,2025-06-05T12:47:55+00:00,2263.56,CAD,settled,ADJUSTMENT
T00006889,C000316,A000584,2026-05-12T14:01:58+00:00,1824.42,GBP,settled,SALE
T00006890,C000072,A000153,2025-06-10T06:46:00+00:00,3965.64,CAD,settled,TRANSFER
T00006891,C000028,A000755,2025-07-04T17:38:34+00:00,7.00,GBP,settled,TRANSFER
T00006892,C000273,A001416,2026-05-17T09:30:37+00:00,4.30,INR,settled,REFUND
T00006893,C000091,A001193,2026-08-01T16:28:23+00:00,1396.12,CAD,reversed,REFUND
T00006894,C000269,A000507,2025-04-06T09:20:10+00:00,2043.52,EUR,reversed,SALE
T00006895,C000935,A000265,2026-08-09T17:40:56+00:00,4730.90,INR,pending,ADJUSTMENT
T00006896,C000882,A000960,2025-02-02T10:40:51+00:00,425.68,USD,pending,SALE
T00006897,C000011,A000274,2025-07-06T02:01:38+00:00,3635.44,INR,failed,ADJUSTMENT
T00006898,C000287,A000909,2025-06-09T19:34:44+00:00,3756.16,USD,reversed,TRANSFER
T00006899,C000634,A000348,2025-04-27T14:18:46+00:00,954.97,CAD,reversed,SALE
T00006900,C000956,A000901,2025-01-08T05:19:17+00:00,3666.41,GBP,failed,REFUND
T00006901,C000527,A000157,2025-08-09T03:57:49+00:00,3680.88,USD,reversed,ADJUSTMENT
T00006902,C000114,A000370,2026-03-06T02:03:57+00:00,231.84,GBP,reversed,ADJUSTMENT
T00006903,C000434,A000435,2026-01-07T20:34:24+00:00,1387.66,EUR,failed,ADJUSTMENT
T00006904,C000903,A000696,2025-08-23T15:28:09+00:00,1090.34,GBP,reversed,REFUND
T00006905,C000965,A001022,2026-01-15T13:50:33+00:00,182.71,EUR,reversed,ADJUSTMENT
T00006906,C000050,A000302,2026-09-05T18:41:06+00:00,4911.64,USD,settled,SALE
T00006907,C000555,A001444,2026-07-11T17:59:55+00:00,2632.25,GBP,failed,SALE
T00006908,C000947,A000970,2026-05-08T01:41:28+00:00,4274.93,INR,settled,TRANSFER
T00006909,C000088,A000424,2025-10-19T14:38:51+00:00,3435.75,GBP,pending,TRANSFER
T00006910,C000398,A000894,2025-09-10T12:22:42+00:00,4161.50,INR,reversed,ADJUSTMENT
T00006911,C000416,A000262,2026-03-12T07:11:45+00:00,2162.44,USD,settled,REFUND
T00006912,C000852,A000244,2026-06-24T22:08:38+00:00,770.89,GBP,pending,ADJUSTMENT
T00006913,C000578,A000015,2025-08-23T06:41:34+00:00,2155.89,GBP,failed,TRANSFER
T00006914,C000579,A000329,2026-06-29T01:54:52+00:00,2315.99,INR,pending,REFUND
T00006915,C000398,A000556,2025-09-20T13:22:46+00:00,432.49,CAD,reversed,ADJUSTMENT
T00006916,C000238,A000220,2025-01-01T09:06:40+00:00,2038.25,INR,reversed,ADJUSTMENT
T00006917,C000664,A000342,2025-10-03T18:53:53+00:00,1161.01,CAD,reversed,TRANSFER
T00006918,C000518,A000915,2026-03-30T23:45:11+00:00,2103.37,GBP,pending,ADJUSTMENT
T00006919,C000377,A000850,2025-04-11T20:16:23+00:00,4636.58,GBP,pending,TRANSFER
T00006920,C000543,A000230,2025-09-09T14:05:40+00:00,97.61,EUR,pending,REFUND
T00006921,C000713,A000038,2026-01-29T06:55:07+00:00,1129.39,USD,pending,SALE
T00006922,C000814,A000670,2025-01-31T08:35:56+00:00,3705.42,GBP,failed,SALE
T00006923,C000399,A000428,2026-07-09T11:41:41+00:00,1890.19,INR,settled,TRANSFER
T00006924,C000853,A000209,2025-04-30T00:12:18+00:00,2959.04,GBP,failed,TRANSFER
T00006925,C000449,A001421,2025-06-17T02:10:56+00:00,3499.35,CAD,pending,SALE
T00006926,C000384,A000767,2025-04-09T18:32:17+00:00,3784.21,USD,pending,ADJUSTMENT
T00006927,C000860,A000464,2026-08-08T05:54:37+00:00,723.92,CAD,pending,TRANSFER
T00006928,C000637,A000592,2025-07-08T01:34:40+00:00,4676.04,EUR,pending,ADJUSTMENT
T00006929,C000400,A000986,2026-04-21T20:52:42+00:00,754.84,CAD,reversed,REFUND
T00006930,C000007,A001480,2025-09-01T06:09:59+00:00,4420.31,EUR,failed,TRANSFER
T00006931,C000329,A000488,2026-02-18T02:28:37+00:00,1159.63,GBP,settled,REFUND
T00006932,C000058,A001104,2026-07-26T06:02:10+00:00,4946.88,USD,settled,TRANSFER
T00006933,C000487,A000398,2026-03-04T22:07:17+00:00,3055.85,INR,reversed,REFUND
T00006934,C000885,A001164,2025-02-08T13:19:57+00:00,2454.78,USD,pending,SALE
T00006935,C000796,A000503,2025-09-26T17:42:27+00:00,3662.21,USD,pending,ADJUSTMENT
T00006936,C000764,A000798,2026-07-01T03:01:39+00:00,4427.36,INR,failed,ADJUSTMENT
T00006937,C000811,A001475,2026-07-05T04:27:59+00:00,2147.07,USD,reversed,TRANSFER
T00006938,C000838,A001290,2025-08-10T06:10:04+00:00,986.57,CAD,pending,TRANSFER
T00006939,C000643,A000143,2025-01-09T08:09:00+00:00,572.06,CAD,settled,SALE
T00006940,C000555,A000388,2026-05-16T16:16:13+00:00,1424.63,INR,pending,REFUND
T00006941,C000132,A001031,2026-04-11T02:19:48+00:00,4199.76,EUR,settled,TRANSFER
T00006942,C000157,A000698,2025-01-20T09:49:56+00:00,2975.04,CAD,failed,REFUND
T00006943,C000999,A001360,2026-05-13T03:07:26+00:00,1762.80,USD,failed,ADJUSTMENT
T00006944,C000502,A000404,2025-02-01T23:45:00+00:00,222.09,INR,settled,SALE
T00006945,C000469,A000770,2025-05-02T14:11:24+00:00,702.84,GBP,reversed,REFUND
T00006946,C000189,A001270,2026-07-23T21:47:41+00:00,2848.92,GBP,settled,SALE
T00006947,C000795,A000376,2025-08-30T11:06:38+00:00,4216.47,GBP,failed,ADJUSTMENT
T00006948,C000442,A000146,2025-01-08T00:27:09+00:00,4664.59,INR,failed,REFUND
T00006949,C000724,A000586,2025-12-20T01:26:21+00:00,4127.40,CAD,failed,ADJUSTMENT
T00006950,C000759,A000098,2026-04-27T01:03:24+00:00,400.80,CAD,pending,TRANSFER
T00006951,C000452,A000541,2025-12-13T21:39:38+00:00,4531.00,EUR,reversed,SALE
T00006952,C000647,A000037,2026-05-29T00:41:46+00:00,1028.78,INR,settled,REFUND
T00006953,C000229,A000924,2025-01-22T02:13:50+00:00,781.67,INR,pending,ADJUSTMENT
T00006954,C000783,A000021,2026-07-14T09:15:26+00:00,887.07,GBP,pending,TRANSFER
T00006955,C000815,A000362,2026-08-11T11:48:49+00:00,3204.32,INR,settled,SALE
T00006956,C000517,A000259,2025-08-19T10:08:39+00:00,1036.23,USD,pending,ADJUSTMENT
T00006957,C000006,A000874,2026-08-19T08:26:01+00:00,3931.11,USD,settled,TRANSFER
T00006958,C000240,A000773,2025-08-20T19:05:41+00:00,2874.38,USD,failed,REFUND
T00006959,C000091,A000660,2025-12-29T04:56:00+00:00,4853.48,USD,pending,REFUND
T00006960,C000211,A001373,2025-07-06T13:16:41+00:00,2182.94,INR,failed,TRANSFER
T00006961,C000094,A001143,2025-10-04T09:08:05+00:00,2390.62,GBP,pending,REFUND
T00006962,C000268,A001262,2025-06-06T00:39:16+00:00,227.11,INR,failed,TRANSFER
T00006963,C000973,A000668,2026-02-11T01:23:55+00:00,2336.27,GBP,failed,SALE
T00006964,C000514,A001134,2026-01-27T22:44:12+00:00,2034.35,USD,reversed,ADJUSTMENT
T00006965,C000017,A000889,2026-08-17T05:55:52+00:00,464.59,EUR,settled,ADJUSTMENT
T00006966,C000450,A001132,2026-06-19T15:48:16+00:00,2383.13,EUR,reversed,TRANSFER
T00006967,C000593,A000223,2025-02-25T17:33:54+00:00,1839.24,INR,reversed,TRANSFER
T00006968,C000268,A001317,2026-07-28T02:08:25+00:00,3135.21,CAD,failed,ADJUSTMENT
T00006969,C000476,A001176,2025-04-23T06:07:03+00:00,1568.90,CAD,reversed,REFUND
T00006970,C000766,A000808,2025-11-01T09:26:21+00:00,1850.02,INR,pending,SALE
T00006971,C000034,A000801,2026-01-18T09:32:38+00:00,4463.58,CAD,settled,TRANSFER
T00006972,C000971,A001015,2025-07-19T08:37:34+00:00,294.98,EUR,pending,ADJUSTMENT
T00006973,C000850,A001171,2025-06-20T14:15:47+00:00,3439.30,GBP,settled,TRANSFER
T00006974,C000878,A000458,2026-05-22T07:09:14+00:00,2899.48,USD,pending,TRANSFER
T00006975,C000773,A000818,2026-07-29T03:14:25+00:00,2601.87,USD,pending,SALE
T00006976,C000445,A000340,2025-03-20T02:41:37+00:00,4130.54,GBP,failed,ADJUSTMENT
T00006977,C000460,A000911,2025-02-11T08:00:03+00:00,168.91,GBP,failed,ADJUSTMENT
T00006978,C000469,A000307,2025-05-29T19:11:41+00:00,4162.11,USD,settled,SALE
T00006979,C000423,A000875,2026-02-22T01:09:31+00:00,4034.17,GBP,reversed,ADJUSTMENT
T00006980,C000494,A000202,2026-06-30T20:46:11+00:00,802.72,CAD,pending,SALE
T00006981,C000969,A001465,2025-04-05T06:47:45+00:00,3281.59,USD,settled,REFUND
T00006982,C000996,A000963,2025-05-20T23:40:41+00:00,268.43,CAD,reversed,REFUND
T00006983,C000059,A001478,2025-08-10T13:14:32+00:00,1661.24,EUR,pending,ADJUSTMENT
T00006984,C000289,A001284,2025-05-04T01:03:26+00:00,895.07,INR,settled,SALE
T00006985,C000466,A001304,2025-02-07T20:24:55+00:00,975.68,GBP,failed,TRANSFER
T00006986,C000251,A001353,2025-02-16T06:05:06+00:00,2028.35,GBP,settled,TRANSFER
T00006987,C000372,A000465,2025-10-22T05:54:35+00:00,2999.99,EUR,reversed,REFUND
T00006988,C000503,A001347,2026-09-07T10:04:10+00:00,3161.80,INR,pending,SALE
T00006989,C000510,A000659,2026-06-13T19:28:53+00:00,1442.97,USD,failed,ADJUSTMENT
T00006990,C000270,A000719,2025-10-06T05:40:16+00:00,4376.44,USD,settled,REFUND
T00006991,C000543,A000438,2025-05-25T06:24:20+00:00,4922.74,USD,settled,REFUND
T00006992,C000804,A001409,2026-01-14T05:36:13+00:00,152.17,USD,settled,ADJUSTMENT
T00006993,C000647,A000037,2025-04-09T23:52:21+00:00,4823.75,INR,reversed,TRANSFER
T00006994,C000096,A001376,2026-02-10T01:51:40+00:00,1523.98,USD,reversed,SALE
T00006995,C000396,A001023,2026-05-04T15:51:04+00:00,588.97,USD,settled,SALE
T00006996,C000140,A000978,2025-06-30T23:56:25+00:00,3174.40,GBP,reversed,ADJUSTMENT
T00006997,C000973,A000007,2026-05-30T17:33:31+00:00,1134.64,CAD,pending,REFUND
T00006998,C000265,A001204,2025-12-13T16:47:12+00:00,3079.72,INR,settled,TRANSFER
T00006999,C000132,A001031,2025-08-28T23:45:24+00:00,4805.55,EUR,reversed,ADJUSTMENT
T00007000,C000759,A000713,2026-05-03T09:57:39+00:00,4596.90,EUR,failed,TRANSFER
T00007001,C000674,A000019,2025-05-15T04:38:52+00:00,79.70,CAD,failed,ADJUSTMENT
T00007002,C000572,A001200,2026-04-28T13:13:19+00:00,4997.90,INR,settled,SALE
T00007003,C000037,A000196,2025-09-25T22:43:59+00:00,1178.17,INR,pending,SALE
T00007004,C000256,A000148,2026-05-13T10:48:45+00:00,2137.06,INR,failed,ADJUSTMENT
T00007005,C000482,A001256,2025-11-20T12:51:31+00:00,1467.49,INR,reversed,SALE
T00007006,C000266,A000014,2025-08-06T02:32:55+00:00,2266.79,USD,settled,TRANSFER
T00007007,C000058,A001104,2025-02-15T19:52:11+00:00,2166.22,USD,settled,ADJUSTMENT
T00007008,C000102,A001456,2025-09-16T04:50:17+00:00,186.50,GBP,settled,ADJUSTMENT
T00007009,C000960,A000449,2025-09-16T07:12:01+00:00,2280.49,INR,pending,TRANSFER
T00007010,C000654,A000225,2026-06-01T04:09:06+00:00,3880.51,CAD,settled,TRANSFER
T00007011,C000547,A000902,2026-07-10T05:11:04+00:00,3037.04,EUR,settled,SALE
T00007012,C000896,A000620,2026-01-02T04:24:48+00:00,3068.08,USD,settled,TRANSFER
T00007013,C000971,A001070,2025-05-19T10:43:20+00:00,4467.85,INR,pending,TRANSFER
T00007014,C000553,A001398,2025-01-24T22:27:13+00:00,417.94,INR,failed,ADJUSTMENT
T00007015,C000495,A001281,2025-09-12T05:46:24+00:00,1783.50,EUR,pending,ADJUSTMENT
T00007016,C000543,A001441,2025-06-08T05:25:21+00:00,1623.00,EUR,reversed,SALE
T00007017,C000610,A000006,2025-01-08T16:17:17+00:00,3101.60,CAD,failed,REFUND
T00007018,C000489,A000511,2025-05-05T18:05:43+00:00,1931.72,INR,pending,ADJUSTMENT
T00007019,C000822,A000052,2026-04-25T15:31:05+00:00,2161.11,GBP,reversed,ADJUSTMENT
T00007020,C000840,A000152,2026-05-31T12:48:21+00:00,3306.70,GBP,pending,TRANSFER
T00007021,C000938,A001088,2026-03-10T19:12:44+00:00,1324.77,INR,pending,TRANSFER
T00007022,C000955,A001315,2025-09-28T17:49:57+00:00,2407.62,USD,reversed,SALE
T00007023,C000360,A000391,2026-01-26T09:38:12+00:00,2621.30,EUR,settled,SALE
T00007024,C000316,A000584,2025-08-06T02:24:32+00:00,1522.32,GBP,settled,REFUND
T00007025,C000472,A000597,2025-09-07T16:48:38+00:00,3704.34,GBP,settled,REFUND
T00007026,C000246,A001253,2026-03-23T20:23:46+00:00,1432.96,GBP,settled,SALE
T00007027,C000495,A001281,2025-08-25T22:16:49+00:00,3639.96,EUR,failed,REFUND
T00007028,C000277,A000908,2026-03-23T08:11:29+00:00,3451.76,USD,reversed,REFUND
T00007029,C000341,A000029,2025-11-14T21:37:15+00:00,1282.05,INR,failed,ADJUSTMENT
T00007030,C000270,A000719,2025-02-06T09:29:04+00:00,79.72,USD,pending,TRANSFER
T00007031,C000136,A000389,2026-01-17T06:31:44+00:00,4573.30,INR,reversed,REFUND
T00007032,C000403,A001367,2026-05-23T19:24:54+00:00,1527.12,EUR,failed,SALE
T00007033,C000909,A000290,2026-02-16T08:30:32+00:00,3805.40,USD,settled,TRANSFER
T00007034,C000650,A000355,2025-03-13T01:42:56+00:00,3989.25,USD,pending,ADJUSTMENT
T00007035,C000568,A001250,2026-07-12T17:48:09+00:00,1545.58,GBP,settled,REFUND
T00007036,C000243,A000058,2025-03-29T01:08:37+00:00,508.33,GBP,settled,SALE
T00007037,C000172,A001057,2026-06-28T12:15:15+00:00,3547.25,USD,reversed,SALE
T00007038,C000268,A001317,2026-06-15T16:52:43+00:00,4898.81,CAD,pending,REFUND
T00007039,C000566,A000033,2026-04-27T22:28:15+00:00,2511.90,EUR,pending,SALE
T00007040,C000205,A001146,2026-07-12T07:13:30+00:00,2594.70,EUR,settled,REFUND
T00007041,C000394,A001254,2026-01-11T17:51:22+00:00,1675.67,USD,failed,ADJUSTMENT
T00007042,C000365,A001214,2025-09-25T06:59:55+00:00,3620.31,EUR,failed,SALE
T00007043,C000019,A001178,2026-01-02T17:44:17+00:00,4088.53,INR,reversed,TRANSFER
T00007044,C000244,A001289,2026-05-05T08:58:31+00:00,1610.35,CAD,settled,REFUND
T00007045,C000208,A000750,2025-09-15T22:50:42+00:00,4330.51,CAD,settled,TRANSFER
T00007046,C000463,A000460,2025-11-09T05:39:13+00:00,981.41,CAD,settled,ADJUSTMENT
T00007047,C000483,A001050,2025-09-07T06:25:30+00:00,3725.75,INR,reversed,SALE
T00007048,C000454,A000736,2025-09-15T07:15:51+00:00,1095.29,INR,reversed,SALE
T00007049,C000848,A001321,2025-09-12T01:30:37+00:00,3702.33,CAD,pending,REFUND
T00007050,C000885,A000055,2025-05-14T00:35:35+00:00,3204.15,GBP,reversed,TRANSFER
T00007051,C000286,A000475,2025-01-18T13:22:12+00:00,2243.44,CAD,reversed,TRANSFER
T00007052,C000963,A000484,2026-01-07T13:22:10+00:00,3939.70,CAD,reversed,ADJUSTMENT
T00007053,C000371,A000784,2026-01-01T13:15:36+00:00,4388.12,GBP,settled,SALE
T00007054,C000101,A001201,2025-01-04T06:13:40+00:00,4038.56,CAD,reversed,SALE
T00007055,C000424,A001110,2025-10-04T02:17:38+00:00,1083.05,CAD,pending,ADJUSTMENT
T00007056,C000441,A000433,2026-04-18T08:58:36+00:00,3241.38,INR,reversed,ADJUSTMENT
T00007057,C000887,A001261,2025-08-17T09:22:23+00:00,142.12,GBP,pending,SALE
T00007058,C000476,A001436,2026-03-20T14:53:58+00:00,3048.83,CAD,settled,REFUND
T00007059,C000493,A001032,2025-02-18T20:14:07+00:00,1423.36,GBP,failed,SALE
T00007060,C000452,A001235,2026-02-11T10:00:03+00:00,1388.97,CAD,reversed,SALE
T00007061,C000004,A001381,2025-04-24T22:53:30+00:00,4782.83,GBP,pending,ADJUSTMENT
T00007062,C000777,A000898,2026-01-29T23:27:51+00:00,290.94,INR,reversed,SALE
T00007063,C000274,A001420,2025-12-16T15:56:05+00:00,3004.42,CAD,settled,REFUND
T00007064,C000836,A000506,2026-05-01T21:10:11+00:00,3348.04,INR,failed,TRANSFER
T00007065,C000080,A001165,2025-01-11T08:01:52+00:00,1186.09,INR,pending,REFUND
T00007066,C000914,A000305,2026-07-13T07:59:18+00:00,818.78,CAD,pending,SALE
T00007067,C000644,A000450,2025-05-02T11:28:26+00:00,2601.07,INR,pending,REFUND
T00007068,C000419,A000176,2026-01-03T07:57:51+00:00,474.93,EUR,reversed,SALE
T00007069,C000858,A001407,2026-01-14T19:57:16+00:00,2959.48,CAD,pending,SALE
T00007070,C000325,A000318,2026-05-29T22:17:01+00:00,4674.12,EUR,settled,TRANSFER
T00007071,C000335,A000397,2026-09-01T05:54:50+00:00,2746.04,GBP,pending,TRANSFER
T00007072,C000576,A001292,2026-02-02T22:28:49+00:00,2511.46,CAD,settled,TRANSFER
T00007073,C000239,A000167,2026-04-08T23:28:09+00:00,2126.81,GBP,settled,TRANSFER
T00007074,C000256,A000148,2025-01-22T05:56:33+00:00,1699.28,INR,pending,TRANSFER
T00007075,C000555,A000388,2025-02-19T15:54:28+00:00,4025.89,INR,failed,SALE
T00007076,C000801,A000004,2026-03-11T18:54:49+00:00,3682.62,GBP,failed,REFUND
T00007077,C000491,A000530,2026-04-16T02:28:30+00:00,4018.93,INR,failed,REFUND
T00007078,C000239,A000167,2026-01-05T23:29:49+00:00,1847.23,GBP,settled,REFUND
T00007079,C000477,A000411,2025-11-22T10:39:22+00:00,4598.78,GBP,reversed,TRANSFER
T00007080,C000130,A001012,2025-11-30T14:56:57+00:00,2212.79,CAD,pending,TRANSFER
T00007081,C000581,A000931,2026-07-04T13:09:46+00:00,1549.28,INR,reversed,TRANSFER
T00007082,C000488,A000823,2025-03-31T11:16:24+00:00,3933.20,INR,settled,SALE
T00007083,C000961,A001224,2026-05-05T22:35:28+00:00,3106.15,INR,reversed,TRANSFER
T00007084,C000096,A001376,2025-10-25T01:52:27+00:00,1038.15,USD,failed,SALE
T00007085,C000397,A000247,2025-01-08T07:20:50+00:00,2859.51,INR,failed,ADJUSTMENT
T00007086,C000258,A000256,2025-10-20T11:20:46+00:00,1541.47,CAD,failed,TRANSFER
T00007087,C000784,A000849,2025-10-24T12:10:01+00:00,1190.33,USD,failed,TRANSFER
T00007088,C000406,A000955,2025-08-10T15:12:21+00:00,572.15,CAD,settled,ADJUSTMENT
T00007089,C000971,A001015,2025-08-26T12:08:52+00:00,1879.37,EUR,failed,SALE
T00007090,C000134,A000661,2026-06-11T16:12:38+00:00,4816.18,GBP,settled,TRANSFER
T00007091,C000434,A000514,2025-05-03T06:11:43+00:00,969.04,GBP,settled,ADJUSTMENT
T00007092,C000046,A000112,2026-03-26T15:07:58+00:00,2949.90,GBP,pending,REFUND
T00007093,C000605,A001297,2025-09-17T11:36:35+00:00,2932.14,INR,pending,TRANSFER
T00007094,C000576,A001292,2025-12-28T13:56:42+00:00,567.93,CAD,failed,TRANSFER
T00007095,C000311,A001391,2025-09-02T04:30:41+00:00,2865.70,CAD,failed,REFUND
T00007096,C000915,A000505,2026-03-31T22:15:57+00:00,801.33,INR,failed,ADJUSTMENT
T00007097,C000402,A000512,2025-02-20T11:12:22+00:00,1763.10,GBP,settled,SALE
T00007098,C000231,A000769,2026-07-14T23:18:03+00:00,1979.96,CAD,settled,SALE
T00007099,C000531,A001323,2025-06-18T13:51:46+00:00,3896.06,EUR,settled,REFUND
T00007100,C000476,A001436,2026-09-05T00:02:18+00:00,4568.89,CAD,reversed,TRANSFER
T00007101,C000753,A001418,2025-04-07T07:34:54+00:00,1753.77,INR,reversed,SALE
T00007102,C000432,A000183,2025-10-05T03:23:09+00:00,3228.07,INR,pending,REFUND
T00007103,C000243,A001130,2025-07-27T08:57:51+00:00,1626.07,CAD,failed,REFUND
T00007104,C000453,A000421,2025-09-16T13:15:22+00:00,2574.20,GBP,reversed,REFUND
T00007105,C000872,A001483,2026-05-01T04:23:52+00:00,3146.54,GBP,failed,ADJUSTMENT
T00007106,C000091,A001025,2025-12-09T15:00:22+00:00,4366.32,EUR,failed,SALE
T00007107,C000168,A000425,2025-08-02T19:16:41+00:00,4233.40,CAD,pending,REFUND
T00007108,C000080,A000845,2026-08-14T17:17:44+00:00,1316.17,CAD,failed,SALE
T00007109,C000239,A000167,2025-09-14T02:05:07+00:00,3457.99,GBP,settled,SALE
T00007110,C000168,A000446,2026-03-23T20:31:37+00:00,1963.03,USD,settled,SALE
T00007111,C000166,A001424,2025-03-19T11:46:33+00:00,333.31,EUR,pending,SALE
T00007112,C000840,A000152,2026-05-30T11:55:42+00:00,3105.84,GBP,settled,SALE
T00007113,C000822,A000732,2025-12-09T22:47:03+00:00,4280.48,GBP,settled,TRANSFER
T00007114,C000265,A001204,2025-09-02T02:52:53+00:00,4811.54,INR,pending,TRANSFER
T00007115,C000091,A000660,2026-06-19T05:43:50+00:00,1482.03,USD,reversed,REFUND
T00007116,C000178,A000117,2025-06-26T15:37:13+00:00,3308.17,INR,pending,ADJUSTMENT
T00007117,C000631,A001356,2026-09-11T22:44:16+00:00,3923.28,INR,reversed,TRANSFER
T00007118,C000140,A000978,2025-06-08T08:16:37+00:00,3184.93,GBP,failed,SALE
T00007119,C000753,A001418,2025-06-15T09:41:31+00:00,4584.35,INR,reversed,SALE
T00007120,C000048,A000356,2026-03-14T18:35:55+00:00,1009.29,EUR,pending,ADJUSTMENT
T00007121,C000915,A000505,2025-07-14T00:45:54+00:00,3380.86,INR,settled,ADJUSTMENT
T00007122,C000461,A000293,2025-09-06T14:17:26+00:00,3689.68,GBP,settled,REFUND
T00007123,C000753,A001082,2025-11-13T11:41:54+00:00,2795.82,INR,failed,ADJUSTMENT
T00007124,C000321,A001479,2025-01-08T05:54:55+00:00,1136.19,EUR,failed,TRANSFER
T00007125,C000279,A000913,2025-02-10T07:28:37+00:00,4810.17,EUR,settled,REFUND
T00007126,C000891,A001288,2025-10-11T02:39:39+00:00,2688.47,INR,reversed,SALE
T00007127,C000801,A000831,2026-03-29T02:01:10+00:00,4936.26,USD,failed,REFUND
T00007128,C000579,A000329,2026-05-14T22:13:56+00:00,1716.80,INR,reversed,SALE
T00007129,C000398,A000556,2025-01-15T07:54:31+00:00,891.60,CAD,pending,ADJUSTMENT
T00007130,C000206,A000012,2025-01-06T03:38:20+00:00,796.17,CAD,reversed,SALE
T00007131,C000064,A001299,2026-06-20T04:30:59+00:00,3556.54,EUR,reversed,REFUND
T00007132,C000609,A000461,2026-04-22T10:22:39+00:00,3281.92,INR,pending,TRANSFER
T00007133,C000291,A001328,2025-06-15T13:01:38+00:00,4845.86,CAD,failed,TRANSFER
T00007134,C000183,A000763,2026-01-28T06:53:06+00:00,2610.87,CAD,reversed,REFUND
T00007135,C000396,A000676,2026-06-29T13:40:44+00:00,2158.76,USD,pending,ADJUSTMENT
T00007136,C000572,A000524,2025-09-15T01:36:13+00:00,673.30,USD,reversed,SALE
T00007137,C000777,A000898,2026-09-02T21:36:37+00:00,627.18,INR,reversed,REFUND
T00007138,C000168,A000324,2026-09-12T18:05:07+00:00,3289.36,INR,pending,TRANSFER
T00007139,C000113,A000975,2025-04-25T03:52:17+00:00,4136.23,USD,reversed,SALE
T00007140,C000700,A000066,2025-11-13T15:10:32+00:00,3686.91,CAD,settled,REFUND
T00007141,C000899,A001147,2026-01-11T15:09:43+00:00,2175.95,GBP,pending,ADJUSTMENT
T00007142,C000549,A000416,2025-04-29T15:45:29+00:00,825.02,EUR,reversed,ADJUSTMENT
T00007143,C000082,A000119,2025-01-25T12:14:15+00:00,2417.94,INR,failed,ADJUSTMENT
T00007144,C000838,A000723,2025-02-23T16:33:44+00:00,1209.46,CAD,failed,SALE
T00007145,C000557,A000147,2025-02-12T12:36:29+00:00,3731.33,CAD,reversed,REFUND
T00007146,C000166,A001440,2026-07-03T23:40:22+00:00,108.30,EUR,reversed,REFUND
T00007147,C000168,A001482,2025-01-11T06:11:36+00:00,2417.46,EUR,pending,REFUND
T00007148,C000459,A001220,2026-07-08T12:34:29+00:00,2102.42,CAD,reversed,SALE
T00007149,C000145,A000294,2026-04-30T05:00:26+00:00,616.04,USD,reversed,ADJUSTMENT
T00007150,C000587,A000662,2026-02-11T18:53:46+00:00,3352.58,USD,failed,TRANSFER
T00007151,C000130,A001257,2025-07-10T13:58:54+00:00,4284.93,CAD,settled,REFUND
T00007152,C000223,A000520,2025-07-11T16:31:57+00:00,3344.93,USD,reversed,REFUND
T00007153,C000268,A000789,2025-03-09T18:31:34+00:00,4454.10,USD,pending,SALE
T00007154,C000340,A000684,2025-04-12T10:10:50+00:00,3446.07,CAD,reversed,SALE
T00007155,C000518,A000283,2025-06-13T09:16:07+00:00,2513.11,USD,reversed,ADJUSTMENT
T00007156,C000961,A001224,2025-02-12T19:33:40+00:00,1533.68,INR,reversed,REFUND
T00007157,C000338,A000229,2025-03-31T17:15:47+00:00,1952.50,USD,reversed,SALE
T00007158,C000495,A000557,2025-02-18T14:26:05+00:00,2656.46,GBP,reversed,SALE
T00007159,C000985,A001223,2026-07-17T14:16:23+00:00,4672.26,GBP,reversed,REFUND
T00007160,C000243,A001130,2025-04-10T03:06:40+00:00,4598.18,CAD,settled,SALE
T00007161,C000088,A000424,2026-02-04T05:59:54+00:00,3253.66,GBP,settled,SALE
T00007162,C000637,A000700,2026-05-01T00:49:51+00:00,64.04,CAD,settled,REFUND
T00007163,C000544,A000596,2025-09-24T02:30:48+00:00,3771.99,GBP,reversed,SALE
T00007164,C000999,A001334,2026-02-03T17:14:00+00:00,3360.18,CAD,failed,ADJUSTMENT
T00007165,C000512,A000099,2026-01-31T03:26:31+00:00,4681.32,USD,failed,SALE
T00007166,C000867,A000125,2025-09-17T11:00:15+00:00,4267.88,USD,pending,TRANSFER
T00007167,C000459,A000923,2026-05-31T11:52:08+00:00,1788.97,INR,failed,SALE
T00007168,C000804,A001409,2025-04-06T19:33:52+00:00,1343.17,USD,pending,REFUND
T00007169,C000226,A000737,2025-09-26T09:39:45+00:00,2427.29,GBP,failed,TRANSFER
T00007170,C000172,A000800,2025-07-26T08:44:14+00:00,4550.41,USD,settled,ADJUSTMENT
T00007171,C000652,A000336,2025-03-18T19:13:21+00:00,602.04,EUR,failed,TRANSFER
T00007172,C000432,A000987,2026-05-09T12:52:32+00:00,398.50,EUR,failed,SALE
T00007173,C000786,A001350,2026-01-19T18:37:23+00:00,810.75,CAD,pending,REFUND
T00007174,C000955,A001228,2026-08-29T13:42:37+00:00,4191.29,EUR,settled,REFUND
T00007175,C000891,A001288,2025-02-27T00:06:38+00:00,2028.09,INR,settled,TRANSFER
T00007176,C000182,A000794,2025-03-15T23:43:27+00:00,944.99,INR,failed,SALE
T00007177,C000269,A000174,2025-04-29T02:47:47+00:00,280.00,EUR,failed,REFUND
T00007178,C000302,A000749,2026-03-05T18:32:22+00:00,1373.84,GBP,failed,TRANSFER
T00007179,C000319,A000625,2026-05-22T14:39:14+00:00,1544.78,USD,pending,SALE
T00007180,C000782,A000124,2025-07-03T21:00:19+00:00,1021.77,GBP,reversed,SALE
T00007181,C000324,A000669,2026-07-17T02:58:12+00:00,1454.88,GBP,failed,TRANSFER
T00007182,C000268,A001317,2026-01-29T02:25:24+00:00,3217.19,CAD,reversed,SALE
T00007183,C000743,A000787,2025-04-23T10:00:58+00:00,4636.87,EUR,pending,REFUND
T00007184,C000944,A000846,2025-10-23T22:49:24+00:00,2544.61,EUR,pending,REFUND
T00007185,C000733,A000921,2026-03-13T02:09:06+00:00,1314.12,CAD,pending,REFUND
T00007186,C000424,A001110,2026-04-12T21:32:31+00:00,2532.76,CAD,settled,TRANSFER
T00007187,C000748,A001124,2025-08-01T21:41:36+00:00,4740.80,EUR,failed,REFUND
T00007188,C000088,A000424,2025-06-19T06:41:23+00:00,1730.13,GBP,failed,SALE
T00007189,C000796,A000587,2025-12-23T15:57:48+00:00,2675.93,USD,reversed,REFUND
T00007190,C000226,A000598,2026-01-07T06:35:08+00:00,3625.04,EUR,reversed,ADJUSTMENT
T00007191,C000777,A000754,2026-04-22T14:09:01+00:00,4909.28,INR,settled,TRANSFER
T00007192,C000495,A001490,2025-12-06T01:55:33+00:00,4382.51,INR,pending,REFUND
T00007193,C000044,A000542,2026-05-06T00:26:47+00:00,83.53,USD,pending,SALE
T00007194,C000534,A000287,2026-02-19T08:39:44+00:00,1409.81,INR,settled,ADJUSTMENT
T00007195,C000945,A000286,2025-03-05T14:21:12+00:00,3625.65,USD,reversed,TRANSFER
T00007196,C000646,A000775,2025-12-09T03:18:43+00:00,4399.16,GBP,failed,REFUND
T00007197,C000513,A000319,2025-06-06T20:01:39+00:00,237.22,GBP,pending,REFUND
T00007198,C000597,A001361,2025-01-14T14:48:54+00:00,3683.39,EUR,reversed,SALE
T00007199,C000973,A000668,2026-04-28T07:55:37+00:00,4661.56,GBP,failed,TRANSFER
T00007200,C000367,A000707,2026-04-03T10:20:57+00:00,1328.80,CAD,pending,SALE
T00007201,C000774,A000984,2025-04-18T00:16:17+00:00,2892.21,INR,settled,SALE
T00007202,C000634,A001006,2026-05-08T04:06:18+00:00,957.06,USD,settled,REFUND
T00007203,C000534,A001335,2026-07-13T11:28:41+00:00,1221.67,USD,settled,ADJUSTMENT
T00007204,C000549,A000139,2025-06-22T07:22:38+00:00,3459.54,CAD,failed,ADJUSTMENT
T00007205,C000094,A001143,2026-04-12T22:10:10+00:00,841.62,GBP,reversed,REFUND
T00007206,C000543,A001441,2026-08-12T20:36:00+00:00,3869.53,EUR,settled,REFUND
T00007207,C000272,A000469,2026-06-17T03:14:07+00:00,4072.96,INR,pending,REFUND
T00007208,C000646,A001095,2026-08-14T01:26:15+00:00,1465.90,INR,settled,SALE
T00007209,C000757,A001306,2025-08-30T20:57:37+00:00,3954.79,EUR,reversed,TRANSFER
T00007210,C000316,A000584,2025-10-05T02:34:25+00:00,3882.63,GBP,pending,REFUND
T00007211,C000248,A000903,2026-03-14T06:50:57+00:00,585.72,CAD,failed,REFUND
T00007212,C000900,A001258,2026-07-14T07:41:55+00:00,4967.82,CAD,failed,TRANSFER
T00007213,C000919,A000582,2026-06-30T08:34:51+00:00,2837.10,EUR,reversed,TRANSFER
T00007214,C000302,A000106,2025-06-06T03:46:35+00:00,1628.20,INR,pending,ADJUSTMENT
T00007215,C000971,A001015,2025-01-11T11:13:18+00:00,3322.52,EUR,pending,ADJUSTMENT
T00007216,C000621,A001003,2025-06-20T21:47:03+00:00,2172.49,EUR,pending,REFUND
T00007217,C000424,A001225,2025-06-29T13:25:38+00:00,2155.77,CAD,pending,ADJUSTMENT
T00007218,C000277,A000908,2025-04-08T06:54:29+00:00,1063.67,USD,settled,SALE
T00007219,C000836,A000506,2025-11-09T08:21:18+00:00,117.25,INR,failed,TRANSFER
T00007220,C000889,A001184,2026-07-07T14:22:50+00:00,1386.48,EUR,reversed,TRANSFER
T00007221,C000231,A000769,2026-07-08T11:28:02+00:00,1175.96,CAD,pending,SALE
T00007222,C000957,A001151,2025-12-20T00:03:41+00:00,2391.16,EUR,failed,SALE
T00007223,C000117,A000120,2025-09-12T14:44:22+00:00,4005.31,INR,failed,SALE
T00007224,C000045,A000040,2025-05-20T08:46:33+00:00,303.91,GBP,reversed,REFUND
T00007225,C000153,A001349,2025-11-27T06:02:25+00:00,3564.20,EUR,settled,ADJUSTMENT
T00007226,C000265,A001422,2025-11-07T20:29:16+00:00,4521.70,CAD,settled,REFUND
T00007227,C000013,A001251,2026-06-12T15:45:39+00:00,1120.24,CAD,pending,ADJUSTMENT
T00007228,C000114,A000088,2025-04-06T12:42:16+00:00,114.77,CAD,failed,TRANSFER
T00007229,C000217,A000487,2025-07-30T03:16:59+00:00,4743.47,INR,reversed,REFUND
T00007230,C000792,A000717,2025-04-18T16:50:18+00:00,4576.61,EUR,settled,REFUND
T00007231,C000102,A000406,2025-10-05T04:17:54+00:00,565.41,EUR,failed,REFUND
T00007232,C000488,A000046,2026-04-17T08:39:29+00:00,452.52,USD,failed,TRANSFER
T00007233,C000713,A001179,2026-07-08T07:35:35+00:00,559.55,INR,pending,TRANSFER
T00007234,C000240,A001309,2026-05-13T10:19:16+00:00,131.99,EUR,pending,ADJUSTMENT
T00007235,C000380,A000956,2025-01-30T07:09:06+00:00,3845.77,INR,failed,TRANSFER
T00007236,C000155,A000607,2026-08-16T07:00:52+00:00,3544.35,CAD,reversed,TRANSFER
T00007237,C000234,A001152,2025-08-02T14:25:27+00:00,1414.68,USD,failed,TRANSFER
T00007238,C000760,A000281,2026-05-04T09:43:17+00:00,4815.79,EUR,failed,ADJUSTMENT
T00007239,C000379,A000919,2025-07-11T04:41:46+00:00,796.92,USD,settled,REFUND
T00007240,C000907,A001205,2025-06-21T13:06:38+00:00,656.15,CAD,failed,SALE
T00007241,C000412,A000691,2025-12-31T14:49:26+00:00,374.28,GBP,failed,ADJUSTMENT
T00007242,C000928,A000576,2025-07-28T23:10:00+00:00,1471.64,GBP,settled,REFUND
T00007243,C000408,A000887,2025-06-21T07:40:00+00:00,1433.33,EUR,pending,REFUND
T00007244,C000945,A001272,2025-06-25T23:05:49+00:00,2182.35,GBP,pending,SALE
T00007245,C000837,A000455,2025-12-08T23:38:16+00:00,915.04,CAD,failed,SALE
T00007246,C000037,A000196,2025-01-08T13:43:35+00:00,4858.03,INR,pending,TRANSFER
T00007247,C000946,A001071,2025-01-22T02:50:59+00:00,4930.42,EUR,pending,SALE
T00007248,C000786,A001350,2025-04-09T10:20:21+00:00,4168.43,CAD,failed,REFUND
T00007249,C000225,A000027,2025-02-25T07:52:43+00:00,1345.17,CAD,settled,ADJUSTMENT
T00007250,C000222,A001408,2025-10-24T00:33:43+00:00,2290.66,CAD,pending,TRANSFER
T00007251,C000652,A000336,2025-12-08T17:19:02+00:00,4473.02,EUR,failed,ADJUSTMENT
T00007252,C000388,A000130,2025-11-29T07:15:25+00:00,2119.62,EUR,failed,REFUND
T00007253,C000178,A000117,2025-05-03T11:40:11+00:00,4823.32,INR,reversed,TRANSFER
T00007254,C000985,A001384,2025-07-15T16:27:59+00:00,4561.59,EUR,failed,SALE
T00007255,C000590,A000149,2025-06-23T14:47:10+00:00,1784.68,GBP,failed,ADJUSTMENT
T00007256,C000506,A001419,2026-04-21T13:10:42+00:00,201.22,CAD,pending,SALE
T00007257,C000388,A000130,2025-08-26T18:45:49+00:00,768.29,EUR,settled,REFUND
T00007258,C000699,A000912,2025-10-17T14:44:48+00:00,2900.43,EUR,failed,SALE
T00007259,C000737,A000322,2026-05-06T06:49:02+00:00,269.77,INR,pending,REFUND
T00007260,C000658,A000599,2025-06-22T12:58:28+00:00,1316.64,CAD,failed,SALE
T00007261,C000202,A000695,2026-06-30T00:29:25+00:00,2574.16,CAD,settled,ADJUSTMENT
T00007262,C000807,A000942,2026-06-16T16:53:46+00:00,1816.32,CAD,pending,REFUND
T00007263,C000493,A001032,2025-07-11T07:20:59+00:00,537.80,GBP,pending,SALE
T00007264,C000675,A000642,2025-01-09T13:05:01+00:00,76.12,INR,settled,REFUND
T00007265,C000386,A001469,2026-04-11T22:17:21+00:00,1937.22,INR,pending,SALE
T00007266,C000612,A001471,2025-04-11T09:49:52+00:00,1049.34,GBP,reversed,TRANSFER
T00007267,C000650,A000355,2025-11-10T11:37:40+00:00,4129.52,USD,pending,SALE
T00007268,C000447,A000605,2026-05-31T18:00:42+00:00,1656.89,INR,failed,ADJUSTMENT
T00007269,C000007,A000632,2025-12-08T15:24:12+00:00,910.28,GBP,pending,TRANSFER
T00007270,C000229,A001174,2025-12-09T08:34:02+00:00,1684.14,CAD,reversed,ADJUSTMENT
T00007271,C000544,A000973,2026-04-19T00:52:46+00:00,4068.74,CAD,reversed,SALE
T00007272,C000714,A000200,2025-10-20T13:04:10+00:00,3328.36,EUR,settled,TRANSFER
T00007273,C000507,A001049,2025-05-30T11:07:23+00:00,1963.80,USD,failed,REFUND
T00007274,C000587,A000662,2025-04-23T05:58:12+00:00,502.38,USD,pending,SALE
T00007275,C000506,A001103,2025-09-04T14:28:57+00:00,313.39,GBP,settled,ADJUSTMENT
T00007276,C000699,A000738,2026-04-25T14:20:50+00:00,1545.52,USD,failed,REFUND
T00007277,C000311,A001391,2025-10-27T07:36:25+00:00,4763.66,CAD,settled,SALE
T00007278,C000317,A000261,2026-06-16T23:44:10+00:00,4243.59,USD,failed,REFUND
T00007279,C000693,A000824,2026-01-14T23:16:03+00:00,1607.56,EUR,pending,REFUND
T00007280,C000487,A000398,2025-03-25T04:32:00+00:00,1425.08,INR,failed,ADJUSTMENT
T00007281,C000759,A000713,2026-01-12T14:47:33+00:00,3170.19,EUR,reversed,ADJUSTMENT
T00007282,C000155,A000607,2025-10-15T07:06:52+00:00,1883.59,CAD,settled,ADJUSTMENT
T00007283,C000602,A000871,2025-10-10T04:22:39+00:00,1752.04,USD,failed,ADJUSTMENT
T00007284,C000350,A001280,2026-05-04T17:14:14+00:00,4557.31,EUR,reversed,ADJUSTMENT
T00007285,C000397,A000247,2026-09-03T22:41:03+00:00,1070.40,INR,pending,SALE
T00007286,C000839,A001468,2025-01-04T06:01:50+00:00,4380.37,EUR,failed,ADJUSTMENT
T00007287,C000058,A001104,2026-04-18T18:44:47+00:00,1016.52,USD,settled,TRANSFER
T00007288,C000959,A001283,2025-03-30T17:12:34+00:00,3419.50,EUR,reversed,REFUND
T00007289,C000930,A000092,2025-06-29T19:33:57+00:00,4446.05,USD,failed,ADJUSTMENT
T00007290,C000494,A000516,2025-06-14T04:21:54+00:00,1334.82,GBP,failed,ADJUSTMENT
T00007291,C000543,A000230,2025-08-03T18:35:14+00:00,136.29,EUR,reversed,REFUND
T00007292,C000758,A000493,2025-11-19T01:15:41+00:00,4333.38,USD,failed,ADJUSTMENT
T00007293,C000044,A000542,2026-01-24T22:43:56+00:00,805.35,USD,reversed,REFUND
T00007294,C000815,A000581,2025-02-14T12:53:10+00:00,3058.28,INR,settled,TRANSFER
T00007295,C000658,A001159,2025-05-07T08:21:56+00:00,3094.30,INR,pending,TRANSFER
T00007296,C000220,A000639,2025-07-26T13:25:31+00:00,1845.80,CAD,reversed,TRANSFER
T00007297,C000745,A000518,2025-12-16T23:32:56+00:00,3650.98,USD,reversed,SALE
T00007298,C000304,A000867,2025-05-15T13:13:45+00:00,2019.03,INR,reversed,ADJUSTMENT
T00007299,C000547,A000902,2025-09-13T17:24:11+00:00,15.88,EUR,reversed,TRANSFER
T00007300,C000629,A000651,2026-06-28T19:54:48+00:00,450.59,GBP,settled,TRANSFER
T00007301,C000155,A000607,2025-06-11T12:01:31+00:00,2220.77,CAD,pending,REFUND
T00007302,C000335,A001491,2025-03-19T12:58:43+00:00,2532.03,INR,pending,ADJUSTMENT
T00007303,C000596,A000042,2025-02-07T23:59:09+00:00,2127.46,EUR,reversed,ADJUSTMENT
T00007304,C000416,A001429,2025-06-29T02:55:08+00:00,1184.34,GBP,pending,REFUND
T00007305,C000449,A000571,2025-02-06T00:45:56+00:00,846.55,USD,reversed,TRANSFER
T00007306,C000248,A000830,2026-03-15T04:36:06+00:00,4000.65,CAD,failed,SALE
T00007307,C000351,A001375,2026-06-24T21:22:34+00:00,2923.60,USD,settled,REFUND
T00007308,C000038,A000739,2026-08-24T08:07:27+00:00,4954.16,GBP,failed,SALE
T00007309,C000377,A000835,2026-07-20T04:46:06+00:00,2390.85,USD,failed,REFUND
T00007310,C000843,A001001,2025-05-10T04:51:48+00:00,3589.62,CAD,reversed,TRANSFER
T00007311,C000969,A001465,2026-08-19T15:55:19+00:00,1130.83,USD,reversed,SALE
T00007312,C000919,A000582,2025-11-19T20:21:21+00:00,3043.37,EUR,settled,REFUND
T00007313,C000333,A000414,2025-07-26T03:14:21+00:00,4799.02,EUR,pending,REFUND
T00007314,C000501,A000753,2026-05-05T05:13:32+00:00,401.23,INR,reversed,REFUND
T00007315,C000326,A000552,2025-07-02T05:05:10+00:00,1334.01,CAD,settled,ADJUSTMENT
T00007316,C000219,A000016,2026-08-20T05:20:23+00:00,211.99,USD,settled,REFUND
T00007317,C000531,A000075,2026-08-23T00:39:12+00:00,1622.40,USD,settled,REFUND
T00007318,C001000,A000115,2026-01-19T06:19:44+00:00,1302.44,GBP,failed,TRANSFER
T00007319,C000786,A000467,2026-05-30T07:42:33+00:00,3489.69,EUR,settled,ADJUSTMENT
T00007320,C000756,A001310,2025-03-06T02:57:48+00:00,2770.00,EUR,pending,SALE
T00007321,C000442,A000146,2025-11-15T12:52:45+00:00,550.81,INR,pending,ADJUSTMENT
T00007322,C000333,A001460,2025-10-01T00:16:34+00:00,2953.68,CAD,settled,TRANSFER
T00007323,C000503,A000606,2025-06-09T11:33:00+00:00,4343.65,CAD,reversed,ADJUSTMENT
T00007324,C000044,A001052,2025-06-07T17:14:57+00:00,2443.24,GBP,settled,ADJUSTMENT
T00007325,C000925,A000337,2025-04-12T09:34:11+00:00,4369.27,USD,failed,ADJUSTMENT
T00007326,C000517,A001447,2026-04-16T02:59:22+00:00,1012.00,GBP,settled,REFUND
T00007327,C000570,A000774,2026-04-27T19:47:41+00:00,920.73,INR,pending,ADJUSTMENT
T00007328,C000647,A000619,2025-07-18T18:22:35+00:00,1843.25,INR,reversed,TRANSFER
T00007329,C000511,A001451,2026-04-03T00:10:18+00:00,3673.35,EUR,settled,SALE
T00007330,C000828,A000271,2025-08-22T01:37:08+00:00,1410.75,GBP,settled,ADJUSTMENT
T00007331,C000075,A000863,2025-06-16T14:34:53+00:00,4321.09,EUR,reversed,TRANSFER
T00007332,C000893,A000118,2026-05-08T08:05:46+00:00,770.44,CAD,failed,SALE
T00007333,C000621,A001003,2026-08-09T10:10:51+00:00,1997.22,EUR,failed,SALE
T00007334,C000924,A001378,2025-07-08T00:38:41+00:00,443.12,CAD,settled,REFUND
T00007335,C000736,A000351,2026-08-31T03:55:07+00:00,2304.19,INR,settled,TRANSFER
T00007336,C000596,A000042,2025-06-23T00:16:57+00:00,2803.80,EUR,failed,TRANSFER
T00007337,C000084,A001333,2026-08-25T03:04:19+00:00,3254.54,EUR,failed,TRANSFER
T00007338,C000743,A000787,2025-05-30T23:33:02+00:00,2949.31,EUR,failed,TRANSFER
T00007339,C000044,A000542,2025-01-31T01:59:24+00:00,541.74,USD,reversed,REFUND
T00007340,C000886,A000762,2026-08-24T15:22:18+00:00,4469.92,INR,settled,SALE
T00007341,C000132,A001031,2026-03-11T03:57:27+00:00,3662.88,EUR,reversed,TRANSFER
T00007342,C000830,A000279,2026-04-09T07:12:54+00:00,2774.64,GBP,failed,REFUND
T00007343,C000744,A001099,2025-03-17T01:37:16+00:00,112.60,GBP,reversed,TRANSFER
T00007344,C000605,A000497,2025-03-14T01:39:23+00:00,1185.30,INR,reversed,SALE
T00007345,C000220,A000639,2026-02-25T22:30:14+00:00,4923.43,CAD,settled,REFUND
T00007346,C000045,A000040,2025-11-27T16:35:50+00:00,3046.01,GBP,reversed,ADJUSTMENT
T00007347,C000332,A001369,2026-01-29T18:21:16+00:00,3698.95,USD,settled,ADJUSTMENT
T00007348,C000602,A000871,2025-12-10T04:36:14+00:00,981.17,USD,failed,SALE
T00007349,C000795,A000376,2026-05-20T15:34:38+00:00,4184.90,GBP,reversed,REFUND
T00007350,C000901,A000128,2025-10-25T17:05:35+00:00,4193.45,CAD,reversed,ADJUSTMENT
T00007351,C000688,A000451,2025-01-13T16:31:42+00:00,3038.12,USD,pending,TRANSFER
T00007352,C000494,A000248,2025-04-04T22:14:30+00:00,3857.29,GBP,reversed,TRANSFER
T00007353,C000691,A001411,2025-10-21T13:55:49+00:00,1650.45,EUR,failed,REFUND
T00007354,C000975,A000102,2025-06-22T10:25:01+00:00,2130.67,INR,settled,TRANSFER
T00007355,C000094,A001065,2025-05-11T22:07:04+00:00,4090.68,CAD,pending,REFUND
T00007356,C000022,A000065,2026-03-10T22:25:06+00:00,2108.14,EUR,failed,ADJUSTMENT
T00007357,C000053,A000138,2026-07-25T03:54:59+00:00,1648.10,CAD,failed,SALE
T00007358,C000826,A000839,2025-07-01T00:14:38+00:00,3724.27,GBP,reversed,TRANSFER
T00007359,C000460,A000843,2025-07-12T19:34:14+00:00,4323.10,GBP,reversed,TRANSFER
T00007360,C000939,A000407,2025-10-25T21:21:24+00:00,1518.99,CAD,reversed,TRANSFER
T00007361,C000133,A000715,2025-09-07T23:54:39+00:00,412.12,USD,failed,ADJUSTMENT
T00007362,C000293,A001472,2026-02-09T01:56:36+00:00,4845.09,CAD,failed,ADJUSTMENT
T00007363,C000686,A001043,2025-10-02T17:00:12+00:00,1820.47,USD,settled,REFUND
T00007364,C000833,A001355,2026-06-26T12:11:23+00:00,658.75,USD,failed,REFUND
T00007365,C000412,A001035,2026-01-23T01:01:29+00:00,1359.22,INR,settled,ADJUSTMENT
T00007366,C000543,A000230,2025-09-03T03:10:26+00:00,2038.36,EUR,failed,SALE
T00007367,C000916,A000613,2025-05-22T15:05:38+00:00,2853.95,INR,failed,REFUND
T00007368,C000934,A001093,2026-04-23T19:31:09+00:00,741.29,INR,pending,SALE
T00007369,C000708,A000974,2025-06-25T03:52:49+00:00,1936.29,GBP,reversed,ADJUSTMENT
T00007370,C000178,A000445,2026-03-25T12:21:20+00:00,2868.73,INR,reversed,SALE
T00007371,C000480,A000296,2026-01-01T05:25:49+00:00,1647.54,GBP,failed,ADJUSTMENT
T00007372,C000461,A001489,2025-10-08T09:04:27+00:00,1609.15,CAD,reversed,REFUND
T00007373,C000658,A000121,2025-06-01T19:37:24+00:00,1041.31,EUR,reversed,TRANSFER
T00007374,C000713,A000038,2026-03-18T07:03:42+00:00,158.19,USD,settled,ADJUSTMENT
T00007375,C000721,A000212,2025-11-02T23:37:40+00:00,4017.49,CAD,pending,TRANSFER
T00007376,C000074,A000892,2025-10-09T12:00:46+00:00,4650.88,USD,settled,ADJUSTMENT
T00007377,C000619,A000534,2026-06-18T08:30:05+00:00,4739.22,USD,reversed,SALE
T00007378,C000097,A001438,2026-09-02T18:47:46+00:00,1909.43,GBP,reversed,SALE
T00007379,C000127,A001096,2025-11-13T11:12:58+00:00,2442.03,USD,failed,ADJUSTMENT
T00007380,C000546,A001150,2026-03-28T16:55:09+00:00,3978.40,USD,failed,ADJUSTMENT
T00007381,C000813,A000192,2026-07-01T13:22:06+00:00,4709.27,INR,pending,REFUND
T00007382,C000261,A000036,2026-03-15T08:58:07+00:00,501.02,INR,failed,SALE
T00007383,C000801,A001413,2025-10-11T11:54:15+00:00,1821.74,INR,reversed,TRANSFER
T00007384,C000624,A000085,2025-07-21T12:31:33+00:00,3661.21,GBP,reversed,TRANSFER
T00007385,C000782,A000124,2026-08-10T10:37:20+00:00,22.30,GBP,settled,SALE
T00007386,C000813,A000562,2025-02-08T10:51:48+00:00,4190.51,CAD,settled,TRANSFER
T00007387,C000441,A001325,2026-08-14T21:53:19+00:00,4412.42,INR,failed,SALE
T00007388,C000837,A000455,2025-11-20T04:31:27+00:00,420.79,CAD,pending,REFUND
T00007389,C000908,A000171,2025-03-27T13:28:33+00:00,1824.43,USD,pending,SALE
T00007390,C000988,A000280,2026-03-20T08:09:16+00:00,3097.47,GBP,settled,SALE
T00007391,C000521,A000158,2025-12-13T05:57:37+00:00,474.96,EUR,pending,ADJUSTMENT
T00007392,C000416,A000532,2025-08-23T18:21:06+00:00,911.08,EUR,settled,SALE
T00007393,C000434,A000435,2025-04-29T12:28:18+00:00,4930.89,EUR,pending,SALE
T00007394,C000386,A001469,2025-11-15T05:14:33+00:00,954.53,INR,settled,SALE
T00007395,C000029,A000727,2025-09-12T08:36:11+00:00,2222.95,CAD,pending,REFUND
T00007396,C000338,A000229,2025-08-25T00:02:53+00:00,2933.57,USD,settled,TRANSFER
T00007397,C000990,A000697,2025-03-27T05:41:50+00:00,240.75,EUR,failed,REFUND
T00007398,C000769,A001293,2025-02-03T01:35:47+00:00,529.01,GBP,reversed,REFUND
T00007399,C000604,A000810,2025-02-02T01:36:34+00:00,2149.63,INR,reversed,REFUND
T00007400,C000886,A000474,2025-04-15T05:21:50+00:00,749.42,INR,failed,TRANSFER
T00007401,C000836,A001473,2025-02-25T21:19:54+00:00,4023.76,GBP,reversed,SALE
T00007402,C000919,A000689,2025-04-26T07:26:29+00:00,43.21,INR,reversed,SALE
T00007403,C000008,A000935,2026-08-27T23:54:47+00:00,3332.45,EUR,failed,TRANSFER
T00007404,C000713,A000038,2026-06-13T07:41:10+00:00,65.31,USD,reversed,SALE
T00007405,C000605,A000497,2025-08-28T12:28:28+00:00,1598.71,INR,pending,REFUND
T00007406,C000465,A000920,2025-02-22T04:47:26+00:00,310.84,GBP,reversed,REFUND
T00007407,C000574,A001396,2025-01-16T20:40:26+00:00,4102.20,GBP,failed,SALE
T00007408,C000003,A000499,2025-02-15T04:43:12+00:00,2886.38,USD,pending,REFUND
T00007409,C000740,A000553,2025-10-13T17:19:30+00:00,1536.33,INR,pending,REFUND
T00007410,C000240,A001309,2026-04-03T01:56:50+00:00,4256.32,EUR,pending,ADJUSTMENT
T00007411,C000145,A000294,2025-05-07T10:56:40+00:00,2958.76,USD,settled,REFUND
T00007412,C000090,A000928,2025-09-25T23:35:34+00:00,4813.49,EUR,settled,TRANSFER
T00007413,C000019,A001178,2025-02-28T14:15:21+00:00,1916.13,INR,reversed,ADJUSTMENT
T00007414,C000934,A001093,2025-02-13T07:57:02+00:00,2929.84,INR,reversed,ADJUSTMENT
T00007415,C000269,A000174,2025-08-28T05:06:15+00:00,888.99,EUR,settled,TRANSFER
T00007416,C000888,A000089,2025-04-01T19:32:09+00:00,4511.16,EUR,failed,SALE
T00007417,C000721,A000212,2025-02-26T01:09:50+00:00,2037.04,CAD,failed,REFUND
T00007418,C000234,A000123,2025-07-21T01:47:04+00:00,1973.95,GBP,reversed,REFUND
T00007419,C000646,A001095,2025-06-12T05:20:08+00:00,1371.02,INR,pending,TRANSFER
T00007420,C000119,A000577,2025-08-27T00:24:08+00:00,3793.11,GBP,pending,REFUND
T00007421,C000238,A000396,2026-04-06T22:18:47+00:00,2763.28,USD,failed,ADJUSTMENT
T00007422,C000888,A000525,2026-08-09T15:04:28+00:00,282.51,USD,pending,REFUND
T00007423,C000627,A001476,2026-07-23T14:45:43+00:00,512.20,INR,reversed,TRANSFER
T00007424,C000162,A000636,2025-04-01T14:50:17+00:00,815.55,INR,settled,REFUND
T00007425,C000318,A000711,2025-07-29T09:17:55+00:00,4129.35,GBP,settled,ADJUSTMENT
T00007426,C000518,A000283,2025-09-24T00:39:06+00:00,2698.56,USD,failed,TRANSFER
T00007427,C000981,A001458,2025-10-24T18:05:02+00:00,1938.38,INR,settled,TRANSFER
T00007428,C000623,A000409,2026-07-04T20:46:18+00:00,4325.43,CAD,failed,TRANSFER
T00007429,C000655,A001074,2026-07-08T07:41:02+00:00,1588.38,USD,pending,SALE
T00007430,C000518,A000999,2026-06-11T04:21:27+00:00,3220.58,USD,settled,SALE
T00007431,C000220,A000250,2025-01-24T05:31:00+00:00,2970.38,EUR,failed,SALE
T00007432,C000813,A000562,2025-04-17T06:32:06+00:00,1542.87,CAD,reversed,ADJUSTMENT
T00007433,C000826,A000180,2026-03-20T02:12:21+00:00,4064.65,CAD,reversed,REFUND
T00007434,C000985,A001223,2026-05-08T21:03:09+00:00,4644.56,GBP,pending,SALE
T00007435,C000244,A001289,2026-03-24T01:43:36+00:00,2529.69,CAD,reversed,TRANSFER
T00007436,C000058,A001104,2026-07-28T12:00:42+00:00,3957.01,USD,failed,TRANSFER
T00007437,C000867,A000125,2025-05-24T22:01:00+00:00,3745.70,USD,pending,REFUND
T00007438,C000413,A000513,2026-09-08T12:44:34+00:00,3580.50,INR,settled,TRANSFER
T00007439,C000861,A000154,2025-12-29T13:42:15+00:00,754.34,USD,failed,REFUND
T00007440,C000366,A001045,2025-08-20T13:31:26+00:00,2796.46,CAD,failed,TRANSFER
T00007441,C000502,A000748,2025-11-13T21:19:04+00:00,2603.41,INR,reversed,ADJUSTMENT
T00007442,C000056,A000303,2025-01-27T20:33:25+00:00,4920.13,GBP,failed,TRANSFER
T00007443,C000800,A001210,2025-01-12T04:38:33+00:00,3395.91,USD,failed,REFUND
T00007444,C000612,A000844,2025-10-24T20:22:36+00:00,3087.40,USD,pending,ADJUSTMENT
T00007445,C000150,A000585,2025-08-05T10:15:06+00:00,2324.14,EUR,settled,ADJUSTMENT
T00007446,C000214,A001348,2025-01-30T11:17:52+00:00,230.88,GBP,failed,REFUND
T00007447,C000706,A000169,2025-07-10T05:08:06+00:00,4400.82,GBP,pending,REFUND
T00007448,C000803,A000301,2025-03-04T13:17:21+00:00,4011.81,USD,failed,REFUND
T00007449,C000612,A000844,2026-07-26T19:03:07+00:00,3088.06,USD,settled,REFUND
T00007450,C000018,A000126,2026-06-18T04:25:53+00:00,2528.54,EUR,pending,REFUND
T00007451,C000103,A001344,2026-09-02T04:38:22+00:00,632.68,INR,settled,REFUND
T00007452,C000646,A001095,2025-05-06T00:24:35+00:00,2528.66,INR,reversed,TRANSFER
T00007453,C000193,A001464,2026-06-14T03:52:56+00:00,2014.76,GBP,failed,SALE
T00007454,C000925,A001393,2026-06-20T13:24:43+00:00,890.02,INR,settled,REFUND
T00007455,C000473,A000938,2026-06-22T07:16:58+00:00,1340.84,GBP,reversed,TRANSFER
T00007456,C000291,A001328,2026-07-20T10:24:03+00:00,3021.74,CAD,pending,TRANSFER
T00007457,C000228,A000799,2026-02-20T04:12:48+00:00,223.75,INR,reversed,ADJUSTMENT
T00007458,C000757,A001306,2025-03-07T03:53:26+00:00,3853.16,EUR,reversed,ADJUSTMENT
T00007459,C000001,A001313,2025-10-02T01:00:00+00:00,4882.44,EUR,reversed,SALE
T00007460,C000035,A000426,2025-02-13T01:43:45+00:00,2123.64,CAD,settled,REFUND
T00007461,C000202,A001452,2025-12-12T18:32:30+00:00,2443.27,GBP,reversed,TRANSFER
T00007462,C000693,A000824,2025-01-21T13:49:57+00:00,1181.18,EUR,pending,REFUND
T00007463,C000893,A001075,2025-01-15T04:04:34+00:00,2192.52,INR,failed,TRANSFER
T00007464,C000492,A001229,2026-05-14T09:09:50+00:00,1329.23,EUR,failed,REFUND
T00007465,C000928,A000215,2025-01-03T11:41:20+00:00,994.26,CAD,settled,ADJUSTMENT
T00007466,C000463,A001114,2025-06-17T19:27:41+00:00,1760.59,USD,settled,TRANSFER
T00007467,C000578,A000300,2025-07-20T15:22:04+00:00,323.39,CAD,reversed,REFUND
T00007468,C000470,A001461,2026-04-14T01:07:43+00:00,2893.62,EUR,pending,REFUND
T00007469,C000044,A000542,2026-03-20T16:22:09+00:00,3945.93,USD,reversed,SALE
T00007470,C000069,A001442,2025-07-19T21:31:16+00:00,2271.72,INR,reversed,SALE
T00007471,C000600,A000688,2026-05-09T06:58:31+00:00,4138.19,GBP,failed,SALE
T00007472,C000669,A001446,2025-10-12T09:12:05+00:00,34.15,CAD,failed,SALE
T00007473,C000527,A000157,2026-06-07T22:03:23+00:00,4314.09,USD,settled,TRANSFER
T00007474,C000357,A000349,2025-03-30T04:20:38+00:00,3475.50,USD,reversed,SALE
T00007475,C000926,A000890,2026-04-05T13:50:17+00:00,1504.50,EUR,settled,SALE
T00007476,C000647,A000848,2026-03-21T23:28:32+00:00,830.06,GBP,failed,SALE
T00007477,C000424,A001267,2025-05-06T06:34:53+00:00,588.00,EUR,failed,TRANSFER
T00007478,C000140,A000978,2026-01-02T12:28:43+00:00,1979.53,GBP,pending,SALE
T00007479,C000268,A000254,2025-03-09T03:39:52+00:00,984.07,CAD,failed,ADJUSTMENT
T00007480,C000386,A001392,2026-04-03T06:28:50+00:00,3082.20,CAD,failed,SALE
T00007481,C000763,A000452,2026-07-29T12:45:50+00:00,4694.24,INR,settled,ADJUSTMENT
T00007482,C000623,A000409,2025-12-06T22:35:58+00:00,714.24,CAD,reversed,SALE
T00007483,C000572,A001013,2025-05-14T19:52:53+00:00,3808.01,USD,pending,TRANSFER
T00007484,C000069,A001500,2025-07-11T01:59:24+00:00,4444.75,INR,reversed,TRANSFER
T00007485,C000699,A000895,2025-12-04T04:23:06+00:00,4334.17,INR,settled,REFUND
T00007486,C000272,A001394,2025-07-04T16:00:20+00:00,2307.50,INR,failed,SALE
T00007487,C000373,A001194,2026-06-03T02:53:10+00:00,3907.73,USD,pending,SALE
T00007488,C000836,A000335,2026-06-23T11:52:03+00:00,4941.04,CAD,reversed,REFUND
T00007489,C000582,A001327,2026-06-06T05:29:34+00:00,671.22,GBP,pending,REFUND
T00007490,C000455,A001233,2025-02-24T13:41:12+00:00,4290.91,GBP,settled,ADJUSTMENT
T00007491,C000419,A000216,2025-08-24T07:58:27+00:00,1270.14,USD,failed,TRANSFER
T00007492,C000334,A000834,2025-09-21T17:10:24+00:00,2236.34,USD,settled,ADJUSTMENT
T00007493,C000450,A001132,2026-07-20T08:43:28+00:00,2285.05,EUR,pending,TRANSFER
T00007494,C000816,A001196,2025-10-22T05:05:30+00:00,4772.67,USD,reversed,SALE
T00007495,C000434,A000514,2025-08-21T16:30:32+00:00,4141.00,GBP,reversed,TRANSFER
T00007496,C000769,A001264,2025-08-12T13:00:13+00:00,2453.18,EUR,reversed,SALE
T00007497,C000691,A000182,2025-09-29T20:32:20+00:00,2545.91,USD,reversed,SALE
T00007498,C000904,A000002,2026-04-08T15:10:18+00:00,160.37,USD,pending,ADJUSTMENT
T00007499,C000349,A000893,2025-04-05T18:45:33+00:00,476.93,USD,reversed,TRANSFER
T00007500,C000492,A001122,2025-09-08T16:42:31+00:00,3279.68,INR,settled,REFUND
T00007501,C000238,A000396,2026-03-23T21:03:34+00:00,1359.58,USD,reversed,REFUND
T00007502,C000639,A000365,2025-01-06T18:23:51+00:00,4110.30,EUR,reversed,SALE
T00007503,C000324,A000669,2025-12-19T18:29:21+00:00,546.05,GBP,reversed,TRANSFER
T00007504,C000373,A001294,2025-08-13T13:00:04+00:00,919.23,USD,reversed,SALE
T00007505,C000285,A001286,2026-03-03T09:14:43+00:00,4170.69,INR,failed,TRANSFER
T00007506,C000839,A001468,2026-08-28T14:05:18+00:00,4717.49,EUR,settled,TRANSFER
T00007507,C000165,A001459,2026-07-10T11:06:44+00:00,1882.50,CAD,reversed,ADJUSTMENT
T00007508,C000397,A000247,2025-02-25T05:58:51+00:00,1604.85,INR,failed,ADJUSTMENT
T00007509,C000963,A000484,2025-12-08T11:51:30+00:00,3283.94,CAD,failed,ADJUSTMENT
T00007510,C000609,A000819,2026-07-21T01:55:29+00:00,3961.43,CAD,reversed,ADJUSTMENT
T00007511,C000518,A000283,2025-09-08T07:25:51+00:00,819.46,USD,settled,TRANSFER
T00007512,C000238,A000220,2026-01-31T13:39:43+00:00,157.73,INR,pending,TRANSFER
T00007513,C000888,A000089,2025-08-10T13:10:19+00:00,1965.63,EUR,settled,REFUND
T00007514,C000512,A000099,2025-08-30T11:46:58+00:00,3827.56,USD,failed,TRANSFER
T00007515,C000234,A001152,2025-09-15T04:03:35+00:00,3721.23,USD,failed,ADJUSTMENT
T00007516,C000795,A000376,2025-08-06T11:02:15+00:00,3590.81,GBP,failed,REFUND
T00007517,C000774,A001239,2026-04-10T23:23:54+00:00,1953.81,INR,failed,ADJUSTMENT
T00007518,C000104,A000011,2026-03-24T08:03:00+00:00,2439.38,CAD,pending,REFUND
T00007519,C000928,A000215,2026-08-28T15:26:06+00:00,2400.18,CAD,pending,TRANSFER
T00007520,C000130,A001257,2025-05-09T10:38:54+00:00,2156.47,CAD,settled,REFUND
T00007521,C000283,A000714,2025-05-21T14:15:14+00:00,4552.28,USD,settled,SALE
T00007522,C000365,A001404,2025-12-17T18:19:56+00:00,735.54,CAD,reversed,SALE
T00007523,C000122,A000790,2026-03-14T11:45:56+00:00,616.42,CAD,failed,ADJUSTMENT
T00007524,C000294,A001120,2026-03-01T12:26:16+00:00,3306.57,GBP,pending,REFUND
T00007525,C000814,A000375,2025-05-18T17:15:17+00:00,2700.84,CAD,reversed,ADJUSTMENT
T00007526,C000265,A001204,2025-03-18T12:27:46+00:00,4434.93,INR,settled,REFUND
T00007527,C000907,A001205,2025-11-03T09:15:07+00:00,2723.65,CAD,settled,ADJUSTMENT
T00007528,C000740,A000553,2026-03-26T18:58:09+00:00,1643.77,INR,failed,REFUND
T00007529,C000527,A000786,2025-09-22T11:32:02+00:00,1171.51,USD,pending,TRANSFER
T00007530,C000706,A000169,2025-10-25T23:09:48+00:00,3918.91,GBP,pending,TRANSFER
T00007531,C000907,A000399,2026-06-13T02:15:15+00:00,4148.55,USD,pending,TRANSFER
T00007532,C000840,A001466,2026-05-07T08:25:58+00:00,4862.34,USD,reversed,SALE
T00007533,C000454,A000736,2026-06-11T18:50:01+00:00,2554.66,INR,failed,SALE
T00007534,C000159,A000983,2025-09-30T09:05:17+00:00,3639.83,GBP,reversed,TRANSFER
T00007535,C000514,A000564,2026-08-14T04:37:28+00:00,1996.92,EUR,reversed,SALE
T00007536,C000534,A001335,2025-08-25T15:27:15+00:00,2925.71,USD,failed,REFUND
T00007537,C000103,A000383,2025-08-23T10:43:58+00:00,2783.04,CAD,pending,REFUND
T00007538,C000726,A000635,2026-04-30T11:57:29+00:00,78.90,GBP,settled,TRANSFER
T00007539,C000644,A000093,2025-12-12T00:30:48+00:00,419.40,EUR,failed,REFUND
T00007540,C000505,A000332,2026-05-10T19:34:22+00:00,4510.52,CAD,failed,ADJUSTMENT
T00007541,C000713,A000418,2025-07-20T07:24:39+00:00,3993.09,EUR,settled,SALE
T00007542,C000396,A001023,2025-02-09T03:06:12+00:00,2068.05,USD,reversed,ADJUSTMENT
T00007543,C000802,A000985,2025-09-17T01:06:41+00:00,3829.51,CAD,pending,TRANSFER
T00007544,C000795,A000376,2025-04-14T18:37:52+00:00,4799.86,GBP,settled,SALE
T00007545,C000287,A000909,2026-09-05T23:52:22+00:00,667.55,USD,settled,TRANSFER
T00007546,C000483,A001050,2026-05-14T09:47:26+00:00,1975.83,INR,settled,ADJUSTMENT
T00007547,C000235,A000521,2026-06-11T03:37:04+00:00,2344.65,CAD,failed,ADJUSTMENT
T00007548,C000338,A000229,2026-02-20T08:38:37+00:00,3319.90,USD,settled,REFUND
T00007549,C000205,A001077,2026-04-02T01:17:43+00:00,226.26,INR,settled,ADJUSTMENT
T00007550,C000531,A000059,2025-05-16T12:43:20+00:00,2781.06,GBP,pending,ADJUSTMENT
T00007551,C000712,A000420,2026-06-17T12:14:03+00:00,235.59,CAD,pending,SALE
T00007552,C000140,A000978,2026-05-22T07:23:21+00:00,744.51,GBP,settled,TRANSFER
T00007553,C000386,A001469,2026-07-31T17:45:43+00:00,3076.23,INR,settled,TRANSFER
T00007554,C000655,A001079,2026-04-25T01:42:51+00:00,1480.50,INR,failed,TRANSFER
T00007555,C000655,A000802,2025-03-14T14:46:24+00:00,1995.12,INR,failed,TRANSFER
T00007556,C000615,A000041,2025-07-03T10:52:39+00:00,1506.68,CAD,failed,ADJUSTMENT
T00007557,C000512,A001118,2026-03-09T17:32:59+00:00,1801.67,INR,pending,REFUND
T00007558,C000072,A000153,2025-10-06T21:18:07+00:00,2099.96,CAD,reversed,TRANSFER
T00007559,C000272,A000203,2025-02-25T04:41:56+00:00,2673.20,USD,settled,TRANSFER
T00007560,C000583,A000207,2026-09-06T19:04:39+00:00,2286.73,GBP,settled,ADJUSTMENT
T00007561,C000440,A000809,2026-06-28T18:58:58+00:00,2559.27,GBP,reversed,SALE
T00007562,C000015,A001499,2026-08-11T21:20:18+00:00,3356.24,EUR,failed,SALE
T00007563,C000937,A000558,2025-02-02T13:54:24+00:00,3461.32,CAD,pending,ADJUSTMENT
T00007564,C000502,A000748,2025-03-20T13:30:42+00:00,3182.18,INR,pending,REFUND
T00007565,C000377,A000850,2025-03-13T15:46:48+00:00,1787.70,GBP,settled,TRANSFER
T00007566,C000282,A001496,2025-05-20T22:11:22+00:00,3721.64,CAD,settled,ADJUSTMENT
T00007567,C000111,A000616,2026-06-22T14:33:57+00:00,4420.57,INR,pending,ADJUSTMENT
T00007568,C000333,A001460,2025-01-27T08:21:49+00:00,2028.81,CAD,failed,REFUND
T00007569,C000813,A001155,2025-09-12T12:00:07+00:00,2271.85,USD,pending,SALE
T00007570,C000706,A000169,2025-02-13T03:03:24+00:00,3753.82,GBP,failed,ADJUSTMENT
T00007571,C000300,A000144,2025-02-27T11:05:01+00:00,2320.52,CAD,settled,TRANSFER
T00007572,C000577,A000930,2026-09-05T09:18:34+00:00,46.13,USD,reversed,TRANSFER
T00007573,C000449,A000571,2026-01-01T14:00:23+00:00,40.33,USD,pending,REFUND
T00007574,C000807,A000957,2026-03-30T07:09:14+00:00,3192.74,GBP,pending,TRANSFER
T00007575,C000704,A000628,2026-02-01T19:43:00+00:00,3926.78,GBP,pending,REFUND
T00007576,C000426,A001383,2025-07-02T07:31:11+00:00,4683.99,INR,settled,REFUND
T00007577,C000046,A000112,2025-07-10T20:38:47+00:00,1673.03,GBP,failed,ADJUSTMENT
T00007578,C000587,A000662,2026-01-16T01:27:03+00:00,2242.30,USD,pending,SALE
T00007579,C000074,A000747,2026-05-30T08:56:20+00:00,4785.73,CAD,settled,ADJUSTMENT
T00007580,C000237,A000593,2025-12-01T10:45:02+00:00,1350.81,INR,pending,TRANSFER
T00007581,C000075,A000462,2025-03-15T03:45:50+00:00,4514.24,GBP,failed,TRANSFER
T00007582,C000654,A000225,2025-10-15T13:06:29+00:00,4566.97,CAD,reversed,TRANSFER
T00007583,C000008,A000240,2026-01-24T08:24:06+00:00,4080.36,GBP,pending,SALE
T00007584,C000229,A001174,2025-05-19T01:40:16+00:00,4320.40,CAD,reversed,ADJUSTMENT
T00007585,C000807,A001302,2026-04-21T14:09:28+00:00,1251.90,EUR,reversed,TRANSFER
T00007586,C000555,A000437,2026-02-27T14:46:58+00:00,4638.12,CAD,failed,TRANSFER
T00007587,C000747,A001216,2025-03-18T05:26:19+00:00,1534.82,INR,pending,REFUND
T00007588,C000173,A001199,2025-10-10T15:22:43+00:00,409.13,EUR,failed,ADJUSTMENT
T00007589,C000612,A001471,2026-04-22T16:43:59+00:00,2527.81,GBP,pending,REFUND
T00007590,C000547,A000902,2025-03-31T20:58:02+00:00,1296.50,EUR,failed,ADJUSTMENT
T00007591,C000495,A000557,2025-12-31T04:49:14+00:00,3301.12,GBP,pending,TRANSFER
T00007592,C000470,A001461,2026-08-31T20:08:36+00:00,1263.69,EUR,settled,ADJUSTMENT
T00007593,C000230,A001100,2025-07-19T08:01:28+00:00,4077.61,INR,failed,TRANSFER
T00007594,C000890,A000854,2025-08-24T11:13:34+00:00,1320.45,USD,pending,REFUND
T00007595,C000217,A000487,2025-12-19T02:17:17+00:00,2862.17,INR,pending,REFUND
T00007596,C000503,A001347,2026-02-27T06:02:21+00:00,176.52,INR,pending,SALE
T00007597,C000103,A001344,2025-04-20T09:13:59+00:00,280.41,INR,failed,TRANSFER
T00007598,C000870,A000807,2025-03-23T16:00:12+00:00,3295.39,INR,reversed,TRANSFER
T00007599,C000602,A000871,2025-05-30T11:44:30+00:00,1302.09,USD,pending,SALE
T00007600,C000273,A001416,2025-03-07T12:52:37+00:00,2449.30,INR,pending,ADJUSTMENT
T00007601,C000008,A000082,2025-03-05T09:54:26+00:00,1389.31,INR,pending,ADJUSTMENT
T00007602,C000801,A000654,2025-08-28T21:51:52+00:00,2687.53,GBP,settled,TRANSFER
T00007603,C000271,A000992,2026-01-10T15:20:57+00:00,2191.29,CAD,pending,ADJUSTMENT
T00007604,C000873,A001007,2025-04-18T12:01:40+00:00,4852.85,EUR,settled,TRANSFER
T00007605,C000389,A001296,2026-07-31T20:59:20+00:00,3191.91,USD,settled,TRANSFER
T00007606,C000332,A001426,2025-03-16T07:31:23+00:00,4588.70,CAD,settled,TRANSFER
T00007607,C000256,A000615,2025-04-12T09:09:14+00:00,132.64,EUR,pending,ADJUSTMENT
T00007608,C000809,A001212,2025-08-09T23:03:03+00:00,3374.62,GBP,settled,SALE
T00007609,C000116,A000413,2025-04-21T02:26:26+00:00,1667.96,USD,settled,ADJUSTMENT
T00007610,C000949,A001395,2025-04-24T01:54:31+00:00,4058.65,INR,reversed,REFUND
T00007611,C000745,A001033,2025-08-25T07:22:06+00:00,2267.55,GBP,pending,REFUND
T00007612,C000111,A000616,2025-04-21T16:54:36+00:00,2933.34,INR,failed,TRANSFER
T00007613,C000365,A001404,2026-03-25T05:37:34+00:00,4956.46,CAD,failed,TRANSFER
T00007614,C000318,A000711,2026-01-19T01:19:53+00:00,1943.81,GBP,failed,TRANSFER
T00007615,C000445,A001380,2025-04-01T02:12:49+00:00,4780.19,CAD,settled,SALE
T00007616,C000429,A000837,2026-05-21T19:26:17+00:00,3877.67,EUR,pending,REFUND
T00007617,C000818,A000650,2025-02-25T12:52:42+00:00,992.05,CAD,failed,SALE
T00007618,C000374,A000583,2026-08-14T21:02:44+00:00,493.28,GBP,settled,ADJUSTMENT
T00007619,C000312,A000820,2025-06-11T07:50:54+00:00,2275.91,USD,reversed,REFUND
T00007620,C000922,A000401,2025-07-18T07:34:27+00:00,371.71,USD,settled,TRANSFER
T00007621,C000026,A000188,2026-02-06T02:45:20+00:00,2898.39,INR,pending,ADJUSTMENT
T00007622,C000114,A000370,2026-03-04T06:59:37+00:00,4743.90,GBP,pending,SALE
T00007623,C000251,A001353,2026-05-11T15:06:48+00:00,269.21,GBP,reversed,REFUND
T00007624,C000332,A000258,2025-08-24T02:38:56+00:00,3407.73,GBP,reversed,SALE
T00007625,C000882,A000109,2026-03-26T14:13:00+00:00,193.92,CAD,reversed,SALE
T00007626,C000317,A000882,2025-07-09T10:12:33+00:00,4038.99,USD,pending,TRANSFER
T00007627,C000287,A001149,2025-05-04T14:21:40+00:00,1272.16,GBP,failed,SALE
T00007628,C000787,A000779,2025-07-23T11:36:37+00:00,518.64,GBP,pending,TRANSFER
T00007629,C000251,A000434,2025-05-15T13:48:20+00:00,895.63,GBP,settled,SALE
T00007630,C000520,A000072,2026-03-19T21:18:02+00:00,694.32,INR,settled,SALE
T00007631,C000036,A000622,2025-06-30T05:32:57+00:00,4388.56,GBP,failed,TRANSFER
T00007632,C000748,A001124,2026-09-09T02:18:05+00:00,1183.47,EUR,reversed,REFUND
T00007633,C000290,A001245,2025-06-19T07:21:28+00:00,166.69,CAD,failed,SALE
T00007634,C000949,A000567,2026-08-22T12:52:41+00:00,4197.84,CAD,settled,REFUND
T00007635,C000924,A000369,2025-01-13T01:10:15+00:00,1855.18,USD,pending,TRANSFER
T00007636,C000195,A000470,2025-10-26T00:39:27+00:00,1278.85,USD,settled,ADJUSTMENT
T00007637,C000838,A000723,2025-11-20T13:39:33+00:00,1068.40,CAD,reversed,REFUND
T00007638,C000300,A000495,2026-08-07T10:18:26+00:00,1781.32,INR,failed,TRANSFER
T00007639,C000508,A001034,2025-06-05T02:11:01+00:00,3863.63,INR,settled,ADJUSTMENT
T00007640,C000101,A000386,2025-12-26T03:27:47+00:00,2618.93,GBP,pending,TRANSFER
T00007641,C000344,A000621,2026-08-22T22:55:18+00:00,4628.37,INR,settled,ADJUSTMENT
T00007642,C000399,A000428,2025-11-23T08:01:29+00:00,3191.27,INR,failed,ADJUSTMENT
T00007643,C000403,A001060,2026-01-11T22:26:21+00:00,1238.40,CAD,reversed,TRANSFER
T00007644,C000396,A000676,2025-12-26T11:21:41+00:00,1525.19,USD,failed,REFUND
T00007645,C000580,A000816,2025-04-04T01:35:37+00:00,4981.12,INR,failed,REFUND
T00007646,C000582,A001327,2026-05-24T00:29:35+00:00,2992.41,GBP,reversed,REFUND
T00007647,C000311,A001066,2026-01-09T22:32:47+00:00,2442.67,USD,failed,REFUND
T00007648,C000354,A000720,2025-09-27T00:36:57+00:00,4648.24,GBP,settled,TRANSFER
T00007649,C000724,A000586,2025-04-11T10:54:13+00:00,3985.68,CAD,failed,SALE
T00007650,C000534,A001335,2026-03-11T23:45:03+00:00,4152.79,USD,reversed,SALE
T00007651,C000749,A000758,2025-11-13T00:36:52+00:00,3381.25,CAD,settled,REFUND
T00007652,C000726,A000635,2026-09-06T23:19:32+00:00,2890.24,GBP,reversed,TRANSFER
T00007653,C000166,A001382,2025-05-12T11:38:46+00:00,1934.45,USD,failed,REFUND
T00007654,C000404,A000751,2026-01-09T01:50:09+00:00,2077.92,CAD,settled,SALE
T00007655,C000749,A001295,2025-03-10T03:30:38+00:00,4787.39,USD,failed,SALE
T00007656,C000878,A001243,2025-05-30T03:55:10+00:00,4184.90,CAD,pending,ADJUSTMENT
T00007657,C000427,A000408,2026-02-14T19:20:17+00:00,2305.34,EUR,pending,REFUND
T00007658,C000018,A001303,2025-06-20T14:41:54+00:00,943.93,EUR,failed,REFUND
T00007659,C000892,A000813,2025-08-04T05:34:53+00:00,4576.66,INR,reversed,TRANSFER
T00007660,C000806,A000693,2025-02-27T17:35:30+00:00,1731.03,CAD,reversed,REFUND
T00007661,C000866,A000722,2025-12-09T14:25:10+00:00,2843.03,EUR,settled,ADJUSTMENT
T00007662,C000737,A001242,2026-03-09T10:07:21+00:00,3018.38,INR,failed,REFUND
T00007663,C000055,A000393,2026-02-23T14:20:59+00:00,1441.44,CAD,pending,ADJUSTMENT
T00007664,C000099,A000218,2026-05-26T21:33:07+00:00,3257.55,EUR,failed,REFUND
T00007665,C000131,A001445,2025-07-13T12:24:21+00:00,2004.71,EUR,failed,ADJUSTMENT
T00007666,C000925,A001393,2025-10-28T01:07:49+00:00,2301.97,INR,pending,REFUND
T00007667,C000058,A000535,2025-12-25T09:24:03+00:00,3179.43,INR,settled,REFUND
T00007668,C000604,A000810,2025-07-15T04:00:06+00:00,1110.10,INR,failed,ADJUSTMENT
T00007669,C000560,A000289,2025-02-03T07:21:41+00:00,4549.09,EUR,reversed,REFUND
T00007670,C000786,A000467,2025-09-05T16:33:29+00:00,4120.66,EUR,pending,SALE
T00007671,C000440,A000234,2026-01-05T06:43:11+00:00,1169.38,GBP,failed,TRANSFER
T00007672,C000655,A001074,2025-03-02T16:48:18+00:00,166.96,USD,failed,REFUND
T00007673,C000583,A000207,2025-03-04T18:20:06+00:00,4219.22,GBP,failed,REFUND
T00007674,C000277,A000517,2025-03-30T05:19:25+00:00,1247.55,GBP,failed,ADJUSTMENT
T00007675,C000396,A001123,2025-09-01T11:09:28+00:00,4422.75,INR,settled,SALE
T00007676,C000531,A000009,2025-11-07T04:57:26+00:00,3755.06,CAD,settled,ADJUSTMENT
T00007677,C000939,A000407,2025-12-08T02:29:36+00:00,1639.09,CAD,pending,ADJUSTMENT
T00007678,C000272,A000795,2026-07-12T17:43:27+00:00,1455.42,GBP,pending,REFUND
T00007679,C000894,A001358,2025-08-13T01:48:03+00:00,3133.75,USD,pending,SALE
T00007680,C000228,A001374,2025-03-18T12:38:02+00:00,2022.90,USD,settled,SALE
T00007681,C000765,A000857,2025-12-26T09:39:20+00:00,2702.74,INR,pending,ADJUSTMENT
T00007682,C000853,A000127,2025-11-26T12:20:52+00:00,4833.93,INR,pending,REFUND
T00007683,C000266,A000014,2025-02-18T23:40:24+00:00,3861.65,USD,reversed,REFUND
T00007684,C000446,A001102,2025-11-01T19:25:17+00:00,1550.28,EUR,pending,TRANSFER
T00007685,C000891,A001288,2026-01-15T03:18:56+00:00,4417.76,INR,pending,SALE
T00007686,C000082,A001365,2026-06-22T08:14:20+00:00,666.79,INR,reversed,TRANSFER
T00007687,C000266,A000014,2025-03-17T05:06:08+00:00,1102.25,USD,failed,REFUND
T00007688,C000359,A000373,2026-06-02T09:28:11+00:00,918.37,INR,reversed,REFUND
T00007689,C000763,A000266,2025-05-18T12:52:36+00:00,644.53,USD,failed,REFUND
T00007690,C000116,A000179,2025-07-17T01:56:25+00:00,4045.93,EUR,pending,TRANSFER
T00007691,C000873,A001007,2025-01-06T18:53:09+00:00,4229.12,EUR,settled,ADJUSTMENT
T00007692,C000277,A000517,2026-08-15T17:57:07+00:00,4480.89,GBP,pending,ADJUSTMENT
T00007693,C000553,A001398,2026-07-10T09:19:28+00:00,539.90,INR,settled,TRANSFER
T00007694,C000923,A000032,2025-06-14T22:30:55+00:00,3118.84,GBP,reversed,TRANSFER
T00007695,C000394,A001254,2025-04-27T19:23:15+00:00,3710.03,USD,pending,TRANSFER
T00007696,C000658,A000718,2026-04-21T09:13:06+00:00,3999.62,INR,pending,SALE
T00007697,C000226,A000598,2026-02-01T21:52:43+00:00,1364.39,EUR,failed,REFUND
T00007698,C000373,A001294,2025-07-22T14:54:15+00:00,3310.21,USD,settled,TRANSFER
T00007699,C000449,A000685,2026-04-26T18:47:52+00:00,113.91,EUR,settled,ADJUSTMENT
T00007700,C000578,A000015,2025-11-29T05:51:25+00:00,1552.12,GBP,reversed,TRANSFER
T00007701,C000514,A000564,2026-04-16T19:46:20+00:00,1263.09,EUR,reversed,ADJUSTMENT
T00007702,C000852,A000679,2025-05-08T23:32:02+00:00,2968.22,INR,settled,REFUND
T00007703,C000287,A000664,2025-07-09T10:44:16+00:00,1741.98,GBP,reversed,SALE
T00007704,C000008,A000191,2025-03-06T20:26:57+00:00,1964.25,INR,settled,REFUND
T00007705,C000861,A000154,2025-12-14T22:01:30+00:00,1113.30,USD,reversed,SALE
T00007706,C000079,A000028,2025-05-16T18:48:37+00:00,3515.52,GBP,settled,TRANSFER
T00007707,C000813,A001046,2025-05-31T03:26:45+00:00,313.89,INR,reversed,TRANSFER
T00007708,C000055,A001488,2025-02-13T09:45:45+00:00,3373.23,INR,pending,SALE
T00007709,C000266,A000014,2026-03-13T13:45:03+00:00,2877.92,USD,reversed,ADJUSTMENT
T00007710,C000105,A000744,2025-10-17T15:16:06+00:00,4420.00,EUR,reversed,ADJUSTMENT
T00007711,C000008,A000082,2025-12-17T01:06:47+00:00,1064.11,INR,pending,TRANSFER
T00007712,C000583,A000207,2025-08-20T10:18:25+00:00,2342.36,GBP,failed,ADJUSTMENT
T00007713,C000455,A001233,2026-05-27T00:24:52+00:00,742.02,GBP,reversed,REFUND
T00007714,C000064,A001299,2026-08-01T21:19:14+00:00,2326.28,EUR,pending,TRANSFER
T00007715,C000318,A001319,2025-11-08T19:20:46+00:00,3257.71,EUR,failed,ADJUSTMENT
T00007716,C000283,A000714,2026-08-30T17:50:21+00:00,3710.30,USD,settled,REFUND
T00007717,C000531,A000941,2025-07-21T02:26:19+00:00,2627.62,EUR,pending,REFUND
T00007718,C000957,A001151,2025-12-17T08:21:24+00:00,336.37,EUR,settled,REFUND
T00007719,C000813,A000562,2025-07-11T05:16:31+00:00,2701.30,CAD,reversed,TRANSFER
T00007720,C000694,A001338,2025-05-10T21:43:56+00:00,3237.30,EUR,reversed,ADJUSTMENT
T00007721,C000111,A000616,2025-08-01T16:52:04+00:00,4102.94,INR,pending,SALE
T00007722,C000643,A000107,2025-02-03T11:56:19+00:00,4358.80,USD,reversed,ADJUSTMENT
T00007723,C000142,A000211,2026-06-17T19:39:32+00:00,3139.65,USD,settled,SALE
T00007724,C000929,A001170,2025-07-15T22:11:12+00:00,4305.52,USD,failed,SALE
T00007725,C000317,A000261,2025-10-27T08:34:24+00:00,3649.24,USD,pending,ADJUSTMENT
T00007726,C000463,A000460,2026-05-15T01:02:49+00:00,299.53,CAD,settled,SALE
T00007727,C000656,A000704,2026-01-03T06:07:57+00:00,2437.20,GBP,reversed,REFUND
T00007728,C000419,A000176,2025-12-07T04:36:57+00:00,4279.90,EUR,reversed,SALE
T00007729,C000058,A000299,2025-01-25T18:23:46+00:00,2038.89,EUR,settled,SALE
T00007730,C000995,A000742,2026-03-17T03:39:28+00:00,1681.27,CAD,settled,SALE
T00007731,C000826,A000839,2025-08-19T01:44:13+00:00,4046.18,GBP,failed,REFUND
T00007732,C000316,A000049,2025-02-21T01:59:34+00:00,3974.20,INR,settled,REFUND
T00007733,C000382,A000658,2025-06-18T06:49:23+00:00,3051.30,USD,failed,REFUND
T00007734,C000579,A000943,2025-10-16T06:06:31+00:00,1151.30,USD,failed,ADJUSTMENT
T00007735,C000631,A001356,2026-02-26T02:59:19+00:00,1072.49,INR,reversed,SALE
T00007736,C000886,A000474,2025-06-15T03:15:13+00:00,3822.91,INR,failed,SALE
T00007737,C000114,A000194,2025-05-31T00:14:38+00:00,8.61,USD,pending,SALE
T00007738,C000760,A000540,2025-10-08T03:23:04+00:00,967.93,EUR,settled,ADJUSTMENT
T00007739,C000434,A000435,2026-08-15T17:53:43+00:00,1765.76,EUR,failed,ADJUSTMENT
T00007740,C000674,A000548,2026-07-17T03:02:30+00:00,3198.51,CAD,failed,REFUND
T00007741,C000463,A000460,2025-07-29T05:50:30+00:00,941.68,CAD,settled,ADJUSTMENT
T00007742,C000416,A001429,2026-07-23T21:31:11+00:00,794.09,GBP,reversed,SALE
T00007743,C000507,A001049,2025-03-30T06:50:07+00:00,4265.14,USD,reversed,ADJUSTMENT
T00007744,C000951,A000602,2025-05-08T04:52:12+00:00,1192.11,INR,settled,REFUND
T00007745,C000373,A001294,2025-10-11T22:58:11+00:00,484.89,USD,settled,REFUND
T00007746,C000945,A001272,2026-02-13T07:10:49+00:00,2428.68,GBP,failed,REFUND
T00007747,C000627,A001476,2025-12-18T16:31:18+00:00,1368.81,INR,settled,TRANSFER
T00007748,C000656,A000338,2025-12-07T06:12:25+00:00,1385.39,GBP,settled,REFUND
T00007749,C000748,A001124,2026-04-30T16:19:33+00:00,4748.32,EUR,reversed,ADJUSTMENT
T00007750,C000411,A000897,2025-04-01T17:16:01+00:00,1676.93,GBP,settled,SALE
T00007751,C000350,A001427,2026-06-05T04:15:27+00:00,1246.07,USD,failed,REFUND
T00007752,C000531,A000941,2026-08-17T02:42:37+00:00,2366.23,EUR,settled,TRANSFER
T00007753,C000412,A001035,2026-04-17T10:48:32+00:00,2256.06,INR,failed,ADJUSTMENT
T00007754,C000624,A000085,2025-05-05T03:33:23+00:00,825.60,GBP,pending,TRANSFER
T00007755,C000726,A000080,2026-06-14T08:27:10+00:00,3653.66,USD,failed,ADJUSTMENT
T00007756,C000321,A001372,2025-11-04T05:11:59+00:00,160.33,EUR,reversed,ADJUSTMENT
T00007757,C000173,A001311,2026-07-29T05:07:24+00:00,4658.02,USD,failed,TRANSFER
T00007758,C000055,A000295,2025-10-26T12:47:19+00:00,2715.51,GBP,failed,TRANSFER
T00007759,C000376,A000917,2025-05-09T02:01:50+00:00,2608.96,EUR,pending,REFUND
T00007760,C000145,A001106,2025-10-16T06:27:47+00:00,258.97,GBP,failed,SALE
T00007761,C000510,A000057,2025-03-28T11:49:08+00:00,4194.96,INR,pending,ADJUSTMENT
T00007762,C000694,A000962,2025-01-20T02:47:49+00:00,1560.31,USD,pending,SALE
T00007763,C000554,A001274,2025-07-23T05:46:50+00:00,1425.01,USD,pending,SALE
T00007764,C000316,A000049,2025-09-05T00:06:34+00:00,2106.79,INR,reversed,TRANSFER
T00007765,C000423,A000519,2025-08-24T00:09:27+00:00,81.98,USD,pending,REFUND
T00007766,C000116,A000242,2025-02-08T17:41:55+00:00,219.25,GBP,settled,TRANSFER
T00007767,C000557,A000147,2025-07-21T07:53:53+00:00,1293.49,CAD,settled,TRANSFER
T00007768,C000205,A001077,2025-05-21T19:31:08+00:00,4593.23,INR,settled,SALE
T00007769,C000005,A001168,2025-06-27T15:17:14+00:00,2811.53,EUR,failed,REFUND
T00007770,C000813,A000562,2025-10-31T05:05:32+00:00,1919.05,CAD,reversed,TRANSFER
T00007771,C000343,A001230,2025-09-24T23:07:51+00:00,1776.07,EUR,pending,ADJUSTMENT
T00007772,C000760,A000540,2026-08-22T16:06:08+00:00,3315.15,EUR,pending,REFUND
T00007773,C000374,A001160,2025-03-31T00:03:28+00:00,2269.63,EUR,pending,ADJUSTMENT
T00007774,C000511,A000728,2025-06-11T01:19:28+00:00,2674.97,GBP,reversed,ADJUSTMENT
T00007775,C000076,A001485,2025-01-30T07:36:11+00:00,4929.83,INR,settled,REFUND
T00007776,C000894,A001358,2026-07-17T20:59:58+00:00,3702.76,USD,settled,ADJUSTMENT
T00007777,C000005,A001168,2026-08-05T20:19:23+00:00,1552.46,EUR,settled,ADJUSTMENT
T00007778,C000595,A000477,2026-05-20T08:12:51+00:00,3790.35,USD,reversed,SALE
T00007779,C000452,A000541,2025-01-03T04:28:20+00:00,1309.98,EUR,pending,ADJUSTMENT
T00007780,C000056,A000483,2025-05-09T06:11:39+00:00,4008.66,USD,failed,REFUND
T00007781,C000574,A001396,2026-05-21T00:55:53+00:00,2365.60,GBP,reversed,REFUND
T00007782,C000482,A000948,2025-11-15T08:28:37+00:00,3939.32,CAD,reversed,ADJUSTMENT
T00007783,C000229,A000111,2025-08-03T05:16:13+00:00,3466.50,CAD,pending,TRANSFER
T00007784,C000297,A000666,2025-04-28T20:34:17+00:00,1212.49,CAD,settled,REFUND
T00007785,C000940,A000610,2026-05-26T23:15:32+00:00,301.01,GBP,pending,SALE
T00007786,C000287,A000991,2025-03-28T14:42:02+00:00,882.67,CAD,failed,ADJUSTMENT
T00007787,C000645,A000076,2025-10-31T20:04:47+00:00,305.74,CAD,reversed,REFUND
T00007788,C000919,A000927,2026-06-30T10:08:26+00:00,2679.29,EUR,reversed,TRANSFER
T00007789,C000058,A000535,2026-07-04T03:26:04+00:00,3443.32,INR,failed,ADJUSTMENT
T00007790,C000595,A000477,2026-05-07T23:39:22+00:00,2443.27,USD,reversed,SALE
T00007791,C000555,A001332,2025-04-06T18:11:11+00:00,2000.69,GBP,settled,REFUND
T00007792,C000050,A000302,2025-04-28T18:03:20+00:00,4945.48,USD,failed,TRANSFER
T00007793,C000888,A001403,2026-03-25T14:21:37+00:00,3074.31,CAD,settled,REFUND
T00007794,C000480,A000296,2025-12-19T19:49:17+00:00,2697.00,GBP,failed,TRANSFER
T00007795,C000302,A001386,2026-07-18T15:21:26+00:00,101.33,INR,pending,SALE
T00007796,C000613,A000764,2026-08-22T16:13:35+00:00,1952.40,EUR,failed,SALE
T00007797,C000011,A000274,2026-01-11T07:28:48+00:00,4387.49,INR,reversed,SALE
T00007798,C000168,A000324,2025-04-17T04:19:20+00:00,3613.86,INR,failed,REFUND
T00007799,C000408,A000887,2026-06-28T11:31:48+00:00,1369.30,EUR,failed,REFUND
T00007800,C000857,A000341,2025-09-08T04:23:47+00:00,657.76,USD,failed,SALE
T00007801,C000075,A000462,2025-11-07T05:04:37+00:00,312.83,GBP,reversed,ADJUSTMENT
T00007802,C000699,A000895,2025-07-31T19:17:58+00:00,4115.55,INR,failed,TRANSFER
T00007803,C000477,A000703,2026-08-23T03:35:36+00:00,1512.14,INR,failed,TRANSFER
T00007804,C000008,A001111,2025-07-03T01:46:25+00:00,327.68,USD,pending,TRANSFER
T00007805,C000602,A000871,2026-08-02T17:16:15+00:00,149.84,USD,reversed,REFUND
T00007806,C000511,A000728,2026-06-16T20:50:57+00:00,959.72,GBP,failed,SALE
T00007807,C000035,A000426,2025-04-19T04:41:58+00:00,359.25,CAD,settled,TRANSFER
T00007808,C000142,A000211,2025-08-21T14:48:40+00:00,4187.48,USD,reversed,ADJUSTMENT
T00007809,C000543,A000631,2026-04-20T19:52:07+00:00,2626.51,CAD,failed,SALE
T00007810,C000211,A001373,2026-03-06T11:13:02+00:00,1385.03,INR,pending,ADJUSTMENT
T00007811,C000707,A000096,2025-01-26T12:59:41+00:00,2251.69,GBP,pending,REFUND
T00007812,C000267,A000137,2026-09-12T08:26:06+00:00,2371.75,USD,failed,ADJUSTMENT
T00007813,C000547,A000902,2025-04-09T05:53:27+00:00,2473.99,EUR,reversed,ADJUSTMENT
T00007814,C000722,A001439,2026-06-12T18:30:21+00:00,43.67,GBP,reversed,TRANSFER
T00007815,C000347,A000129,2026-01-18T23:04:10+00:00,3228.61,USD,settled,TRANSFER
T00007816,C000153,A000358,2026-05-26T01:15:49+00:00,1476.54,INR,reversed,ADJUSTMENT
T00007817,C000059,A001478,2026-04-21T05:53:58+00:00,3647.80,EUR,settled,TRANSFER
T00007818,C000215,A001354,2025-09-30T18:35:35+00:00,4278.38,CAD,pending,ADJUSTMENT
T00007819,C000918,A000061,2026-05-25T09:12:53+00:00,2852.23,EUR,failed,TRANSFER
T00007820,C000860,A000464,2026-05-21T16:19:11+00:00,4498.09,CAD,settled,REFUND
T00007821,C000658,A001159,2025-11-06T03:16:13+00:00,541.68,INR,failed,SALE
T00007822,C000056,A000069,2025-11-25T22:22:37+00:00,3557.03,CAD,pending,SALE
T00007823,C000753,A000482,2026-01-07T07:21:21+00:00,1355.99,GBP,failed,REFUND
T00007824,C000852,A000244,2026-04-21T18:00:03+00:00,378.00,GBP,pending,TRANSFER
T00007825,C000126,A001039,2026-03-09T02:11:35+00:00,989.32,INR,failed,SALE
T00007826,C000015,A001499,2025-06-25T17:58:34+00:00,4291.24,EUR,pending,ADJUSTMENT
T00007827,C000181,A000481,2026-08-03T09:42:48+00:00,1759.99,EUR,reversed,SALE
T00007828,C000887,A001261,2026-08-26T09:58:42+00:00,2373.21,GBP,settled,ADJUSTMENT
T00007829,C000458,A000429,2025-05-17T11:37:32+00:00,3107.87,INR,reversed,SALE
T00007830,C000290,A001245,2025-12-30T13:55:20+00:00,3857.81,CAD,reversed,SALE
T00007831,C000360,A000081,2025-12-11T20:26:30+00:00,3676.18,GBP,reversed,SALE
T00007832,C000521,A000158,2026-08-07T00:02:53+00:00,89.32,EUR,failed,REFUND
T00007833,C000305,A000638,2026-06-30T11:47:29+00:00,1888.44,EUR,reversed,ADJUSTMENT
T00007834,C000543,A000438,2025-01-21T05:32:43+00:00,992.95,USD,pending,TRANSFER
T00007835,C000231,A000769,2025-04-05T15:30:57+00:00,590.47,CAD,reversed,TRANSFER
T00007836,C000268,A001390,2025-10-07T12:59:58+00:00,598.28,INR,pending,ADJUSTMENT
T00007837,C000925,A000914,2025-05-16T03:57:40+00:00,1322.11,INR,failed,SALE
T00007838,C000533,A000312,2025-11-16T03:57:16+00:00,2101.84,EUR,pending,ADJUSTMENT
T00007839,C000579,A000329,2025-10-27T21:45:01+00:00,4944.69,INR,pending,SALE
T00007840,C000747,A001216,2026-04-30T15:22:31+00:00,2346.04,INR,settled,ADJUSTMENT
T00007841,C000320,A001139,2026-02-14T09:07:01+00:00,2357.95,CAD,pending,ADJUSTMENT
T00007842,C000714,A000200,2026-07-27T00:37:26+00:00,534.72,EUR,reversed,SALE
T00007843,C000520,A000072,2026-02-22T11:14:42+00:00,1997.06,INR,failed,TRANSFER
T00007844,C000903,A001067,2025-11-08T08:47:05+00:00,2978.39,CAD,pending,REFUND
T00007845,C000298,A000022,2025-02-03T19:04:09+00:00,800.40,CAD,reversed,TRANSFER
T00007846,C000357,A000349,2026-02-09T02:27:59+00:00,4307.18,USD,settled,TRANSFER
T00007847,C000005,A001168,2025-12-10T06:49:15+00:00,1542.54,EUR,settled,TRANSFER
T00007848,C000873,A000213,2025-10-14T11:19:57+00:00,3241.20,INR,pending,ADJUSTMENT
T00007849,C000495,A000557,2025-01-10T13:26:42+00:00,1067.86,GBP,pending,ADJUSTMENT
T00007850,C000722,A001439,2025-10-25T22:40:15+00:00,1608.43,GBP,settled,REFUND
T00007851,C000682,A001276,2025-05-31T12:08:23+00:00,2248.91,CAD,failed,TRANSFER
T00007852,C000358,A000624,2026-06-19T10:07:55+00:00,3620.46,GBP,pending,SALE
T00007853,C000312,A000820,2026-09-02T22:36:07+00:00,858.37,USD,failed,REFUND
T00007854,C000589,A000648,2026-03-13T09:29:12+00:00,535.72,USD,pending,ADJUSTMENT
T00007855,C000609,A000461,2025-12-31T04:03:27+00:00,1369.27,INR,pending,REFUND
T00007856,C000023,A001308,2025-01-03T13:25:41+00:00,4165.84,EUR,pending,ADJUSTMENT
T00007857,C000103,A000383,2025-07-13T22:13:20+00:00,4167.28,CAD,failed,ADJUSTMENT
T00007858,C000946,A001071,2026-06-21T17:59:36+00:00,3376.89,EUR,failed,REFUND
T00007859,C000845,A001449,2025-07-03T22:42:48+00:00,2132.88,EUR,settled,REFUND
T00007860,C000318,A001319,2025-03-20T02:51:43+00:00,2040.15,EUR,pending,REFUND
T00007861,C000801,A001413,2026-05-11T08:34:36+00:00,1934.45,INR,settled,TRANSFER
T00007862,C000780,A001402,2025-08-14T20:06:42+00:00,4185.08,INR,settled,REFUND
T00007863,C000885,A000055,2025-06-23T09:38:49+00:00,1386.79,GBP,settled,TRANSFER
T00007864,C000550,A000134,2026-06-04T12:40:25+00:00,3174.61,GBP,reversed,REFUND
T00007865,C000734,A001010,2025-03-29T12:50:34+00:00,4207.30,INR,settled,ADJUSTMENT
T00007866,C000130,A001257,2026-04-23T21:09:54+00:00,1382.84,CAD,reversed,REFUND
T00007867,C000114,A000545,2025-03-14T20:54:26+00:00,642.20,USD,pending,TRANSFER
T00007868,C000126,A001039,2026-06-23T11:59:10+00:00,2602.22,INR,reversed,ADJUSTMENT
T00007869,C000301,A001312,2025-04-30T12:11:47+00:00,213.43,CAD,settled,ADJUSTMENT
T00007870,C000272,A000795,2026-07-22T20:37:40+00:00,1915.65,GBP,failed,REFUND
T00007871,C000362,A000724,2026-04-17T19:42:54+00:00,487.89,EUR,settled,TRANSFER
T00007872,C000097,A001438,2025-03-08T08:23:53+00:00,3038.98,GBP,settled,TRANSFER
T00007873,C000297,A000756,2026-07-24T23:23:09+00:00,2159.74,USD,failed,ADJUSTMENT
T00007874,C000549,A000139,2025-12-06T16:35:45+00:00,2579.12,CAD,settled,ADJUSTMENT
T00007875,C000971,A001015,2025-02-22T04:26:53+00:00,2235.92,EUR,reversed,REFUND
T00007876,C000615,A000041,2026-05-08T06:23:51+00:00,2942.20,CAD,pending,ADJUSTMENT
T00007877,C000580,A000816,2025-10-19T22:15:42+00:00,3120.59,INR,failed,REFUND
T00007878,C000941,A000981,2026-05-12T12:31:00+00:00,3096.89,EUR,failed,SALE
T00007879,C000725,A000904,2026-01-13T07:39:15+00:00,172.16,USD,settled,REFUND
T00007880,C000755,A001036,2026-03-14T16:13:36+00:00,4635.89,INR,settled,SALE
T00007881,C000406,A000705,2025-10-20T23:56:30+00:00,3311.67,GBP,settled,SALE
T00007882,C000717,A000595,2026-06-14T19:17:34+00:00,4796.06,EUR,failed,ADJUSTMENT
T00007883,C000826,A000180,2026-02-26T14:15:34+00:00,1326.62,CAD,reversed,TRANSFER
T00007884,C000116,A000413,2025-10-29T16:20:42+00:00,357.66,USD,pending,ADJUSTMENT
T00007885,C000573,A000716,2025-12-18T21:47:54+00:00,3178.64,INR,pending,ADJUSTMENT
T00007886,C000652,A000336,2025-11-14T01:44:37+00:00,3138.79,EUR,settled,REFUND
T00007887,C000709,A000515,2026-01-11T20:32:28+00:00,4610.51,GBP,settled,REFUND
T00007888,C000543,A000438,2025-01-23T06:08:05+00:00,2923.42,USD,pending,REFUND
T00007889,C000871,A001091,2025-07-13T04:47:52+00:00,4192.95,INR,settled,REFUND
T00007890,C000861,A000154,2026-08-29T23:10:27+00:00,2151.45,USD,failed,ADJUSTMENT
T00007891,C000482,A001256,2026-01-07T19:14:22+00:00,1075.06,INR,failed,ADJUSTMENT
T00007892,C000219,A000016,2026-01-01T00:06:17+00:00,30.05,USD,failed,REFUND
T00007893,C000662,A000347,2025-06-13T12:47:54+00:00,2209.63,CAD,settled,SALE
T00007894,C000091,A000907,2025-05-05T00:22:11+00:00,1594.73,USD,reversed,SALE
T00007895,C000606,A001153,2025-11-05T06:08:54+00:00,1029.61,GBP,failed,SALE
T00007896,C000826,A000180,2026-01-17T09:58:36+00:00,793.44,CAD,failed,SALE
T00007897,C000781,A000316,2025-12-31T15:34:49+00:00,3531.52,INR,failed,TRANSFER
T00007898,C000599,A001089,2025-11-11T18:34:43+00:00,2340.04,INR,reversed,SALE
T00007899,C000104,A000011,2026-05-16T06:32:15+00:00,132.32,CAD,settled,SALE
T00007900,C000365,A001214,2025-07-29T22:25:13+00:00,1164.95,EUR,pending,SALE
T00007901,C000940,A000610,2026-07-29T13:30:45+00:00,3614.89,GBP,pending,ADJUSTMENT
T00007902,C000286,A000056,2026-05-11T23:16:29+00:00,699.07,EUR,settled,SALE
T00007903,C000449,A001421,2026-03-30T03:44:10+00:00,1823.89,CAD,reversed,SALE
T00007904,C000109,A001014,2026-05-06T16:34:40+00:00,3058.06,INR,failed,TRANSFER
T00007905,C000371,A000784,2026-03-18T10:47:41+00:00,3941.30,GBP,reversed,TRANSFER
T00007906,C000434,A000435,2026-09-05T07:10:17+00:00,3166.69,EUR,reversed,REFUND
T00007907,C000848,A000132,2026-06-08T04:25:42+00:00,119.44,CAD,reversed,SALE
T00007908,C000351,A000847,2025-09-05T08:47:25+00:00,4271.40,CAD,reversed,REFUND
T00007909,C000332,A001369,2025-03-06T13:19:44+00:00,163.12,USD,settled,SALE
T00007910,C000269,A000507,2026-07-29T04:21:48+00:00,4052.33,EUR,reversed,ADJUSTMENT
T00007911,C000936,A000647,2025-01-13T18:15:29+00:00,3884.60,USD,reversed,TRANSFER
T00007912,C000500,A001084,2025-11-10T23:16:05+00:00,808.84,INR,reversed,SALE
T00007913,C000760,A000540,2026-03-11T07:10:39+00:00,4219.14,EUR,settled,TRANSFER
T00007914,C000082,A001365,2026-01-08T05:01:28+00:00,1620.12,INR,settled,ADJUSTMENT
T00007915,C000150,A000585,2025-05-13T11:21:37+00:00,3616.10,EUR,reversed,SALE
T00007916,C000192,A001069,2026-04-26T03:00:50+00:00,2462.24,EUR,failed,TRANSFER
T00007917,C000907,A001241,2026-07-29T07:13:16+00:00,401.66,GBP,failed,REFUND
T00007918,C000505,A000164,2025-01-05T15:47:08+00:00,3626.63,USD,pending,TRANSFER
T00007919,C000368,A001301,2026-07-12T03:13:54+00:00,54.48,GBP,pending,ADJUSTMENT
T00007920,C000231,A000769,2026-02-18T09:22:58+00:00,552.13,CAD,failed,REFUND
T00007921,C000555,A000388,2025-02-28T02:01:54+00:00,1735.32,INR,settled,ADJUSTMENT
T00007922,C000086,A000251,2026-06-24T11:20:46+00:00,2955.05,EUR,settled,TRANSFER
T00007923,C000006,A000874,2026-07-21T09:52:12+00:00,1969.43,USD,reversed,TRANSFER
T00007924,C000118,A000649,2026-03-20T01:05:33+00:00,2084.21,INR,settled,SALE
T00007925,C000527,A000157,2026-02-28T17:02:39+00:00,1666.79,USD,settled,SALE
T00007926,C000320,A001139,2026-06-11T18:43:15+00:00,4632.79,CAD,settled,TRANSFER
T00007927,C000258,A000712,2026-06-09T11:45:39+00:00,329.63,INR,reversed,TRANSFER
T00007928,C000165,A001459,2025-06-10T14:19:22+00:00,1688.24,CAD,pending,ADJUSTMENT
T00007929,C000585,A001278,2025-01-25T00:31:55+00:00,3270.87,EUR,settled,TRANSFER
T00007930,C000738,A000384,2025-02-28T09:40:05+00:00,3209.08,CAD,pending,REFUND
T00007931,C000277,A000908,2025-03-25T09:09:55+00:00,1762.24,USD,settled,TRANSFER
T00007932,C000973,A000989,2025-04-17T17:46:32+00:00,1374.86,INR,settled,ADJUSTMENT
T00007933,C000764,A001027,2026-05-12T20:54:14+00:00,4398.90,GBP,pending,SALE
T00007934,C000757,A001443,2026-07-02T04:47:19+00:00,2404.12,USD,failed,ADJUSTMENT
T00007935,C000208,A000750,2025-03-23T21:21:36+00:00,3784.10,CAD,pending,SALE
T00007936,C000402,A000297,2026-08-08T11:54:08+00:00,727.82,EUR,pending,TRANSFER
T00007937,C000509,A000453,2025-12-23T23:36:52+00:00,387.03,CAD,settled,TRANSFER
T00007938,C000514,A000054,2025-01-08T10:25:58+00:00,4223.60,EUR,pending,SALE
T00007939,C000268,A001317,2025-01-23T23:05:43+00:00,2881.67,CAD,settled,ADJUSTMENT
T00007940,C000459,A000198,2026-06-25T01:30:21+00:00,551.06,EUR,pending,SALE
T00007941,C000033,A001462,2025-10-06T06:40:19+00:00,1237.94,EUR,settled,ADJUSTMENT
T00007942,C000272,A001394,2025-05-03T00:57:08+00:00,4200.78,INR,pending,SALE
T00007943,C000641,A000160,2026-02-25T13:13:14+00:00,872.24,CAD,settled,ADJUSTMENT
T00007944,C000202,A000695,2026-08-29T03:53:29+00:00,2559.46,CAD,settled,TRANSFER
T00007945,C000246,A001253,2025-07-02T02:45:50+00:00,1048.18,GBP,pending,REFUND
T00007946,C000386,A001051,2025-03-15T08:06:56+00:00,3144.46,EUR,failed,TRANSFER
T00007947,C000751,A001498,2026-08-13T05:33:15+00:00,572.99,CAD,failed,TRANSFER
T00007948,C000465,A000920,2025-02-09T08:31:31+00:00,3095.41,GBP,failed,ADJUSTMENT
T00007949,C000643,A001016,2025-04-07T05:08:21+00:00,4467.02,INR,failed,TRANSFER
T00007950,C000458,A000380,2025-09-14T12:43:42+00:00,3159.93,EUR,settled,SALE
T00007951,C000915,A000505,2026-08-25T08:25:51+00:00,4925.53,INR,pending,ADJUSTMENT
T00007952,C000744,A001099,2025-07-05T15:37:30+00:00,547.73,GBP,pending,SALE
T00007953,C000520,A000072,2025-03-23T07:00:07+00:00,2793.14,INR,failed,REFUND
T00007954,C000389,A001296,2026-02-10T15:22:31+00:00,2530.55,USD,reversed,ADJUSTMENT
T00007955,C000014,A000579,2026-01-01T15:18:07+00:00,2417.55,USD,settled,SALE
T00007956,C000331,A001316,2026-01-22T03:44:51+00:00,3530.25,EUR,settled,TRANSFER
T00007957,C000302,A000106,2025-08-20T09:09:47+00:00,2698.55,INR,failed,REFUND
T00007958,C000764,A001027,2026-06-10T04:05:48+00:00,490.60,GBP,reversed,TRANSFER
T00007959,C000965,A001022,2025-04-20T12:49:12+00:00,2556.35,EUR,reversed,TRANSFER
T00007960,C000154,A000891,2026-07-16T06:33:48+00:00,4938.39,CAD,pending,ADJUSTMENT
T00007961,C000764,A001430,2026-04-18T20:35:38+00:00,2179.13,CAD,reversed,REFUND
T00007962,C000861,A000154,2025-03-11T05:31:40+00:00,1683.38,USD,reversed,TRANSFER
T00007963,C000543,A001441,2026-05-19T00:58:49+00:00,2878.12,EUR,failed,REFUND
T00007964,C000463,A000460,2025-07-10T06:50:49+00:00,2038.67,CAD,pending,REFUND
T00007965,C000320,A001139,2026-02-16T23:14:52+00:00,4805.10,CAD,pending,SALE
T00007966,C000048,A000356,2026-05-14T12:39:14+00:00,4358.39,EUR,pending,TRANSFER
T00007967,C000539,A000694,2026-01-14T11:39:30+00:00,2010.62,GBP,pending,SALE
T00007968,C000463,A000466,2025-09-14T15:08:24+00:00,3891.76,CAD,settled,ADJUSTMENT
T00007969,C000080,A001165,2026-06-03T07:45:28+00:00,962.20,INR,settled,SALE
T00007970,C000609,A000461,2025-01-17T22:42:04+00:00,4892.33,INR,reversed,ADJUSTMENT
T00007971,C000845,A001449,2026-07-31T05:47:13+00:00,461.45,EUR,failed,SALE
T00007972,C000454,A000736,2026-02-09T05:25:36+00:00,3538.95,INR,settled,REFUND
T00007973,C000699,A000912,2026-03-01T17:36:17+00:00,2141.52,EUR,settled,ADJUSTMENT
T00007974,C000634,A001006,2025-09-22T16:31:02+00:00,4713.96,USD,pending,REFUND
T00007975,C000618,A000990,2026-07-08T20:08:11+00:00,1495.76,USD,pending,REFUND
T00007976,C000964,A000122,2026-05-10T16:32:46+00:00,2726.15,INR,reversed,ADJUSTMENT
T00007977,C000628,A000491,2026-02-16T17:43:40+00:00,3401.84,INR,failed,ADJUSTMENT
T00007978,C000890,A000854,2026-02-25T18:46:37+00:00,585.80,USD,pending,TRANSFER
T00007979,C000153,A000358,2025-01-21T18:35:20+00:00,3431.53,INR,failed,SALE
T00007980,C000008,A000240,2025-12-31T10:49:09+00:00,4990.50,GBP,failed,SALE
T00007981,C000698,A001432,2025-04-02T11:48:00+00:00,2115.34,USD,settled,REFUND
T00007982,C000933,A000900,2026-08-14T18:09:19+00:00,3684.84,USD,settled,SALE
T00007983,C000449,A000685,2025-06-25T06:13:03+00:00,4821.79,EUR,reversed,SALE
T00007984,C000973,A000668,2026-03-25T13:34:16+00:00,1937.03,GBP,pending,SALE
T00007985,C000242,A000804,2025-09-25T18:23:10+00:00,2698.71,CAD,pending,ADJUSTMENT
T00007986,C000773,A000818,2026-05-26T04:31:14+00:00,869.72,USD,settled,SALE
T00007987,C000790,A000278,2025-08-04T06:18:43+00:00,4176.88,INR,pending,ADJUSTMENT
T00007988,C000593,A000223,2025-08-16T03:28:55+00:00,4482.07,INR,reversed,SALE
T00007989,C000498,A000268,2026-07-13T23:35:48+00:00,1705.11,INR,pending,REFUND
T00007990,C000487,A000398,2025-11-18T12:04:55+00:00,4422.59,INR,settled,SALE
T00007991,C000067,A000589,2025-03-01T08:21:52+00:00,4253.43,INR,failed,REFUND
T00007992,C000597,A001361,2026-01-22T12:49:02+00:00,4778.06,EUR,settled,SALE
T00007993,C000686,A001142,2026-04-11T20:46:07+00:00,2595.44,CAD,reversed,REFUND
T00007994,C000546,A001150,2025-04-18T09:12:49+00:00,71.44,USD,settled,ADJUSTMENT
T00007995,C000317,A000882,2025-08-20T00:02:41+00:00,526.89,USD,pending,TRANSFER
T00007996,C000573,A001388,2025-07-28T15:48:24+00:00,689.15,GBP,reversed,REFUND
T00007997,C000533,A000312,2026-03-30T07:28:36+00:00,2158.35,EUR,settled,TRANSFER
T00007998,C000782,A001371,2025-07-17T18:03:13+00:00,3245.44,CAD,failed,TRANSFER
T00007999,C000377,A000850,2025-07-09T14:59:46+00:00,3320.09,GBP,pending,SALE
T00008000,C000867,A001238,2026-07-21T21:50:49+00:00,3165.77,USD,reversed,REFUND
T00008001,C000347,A000186,2025-03-07T06:20:18+00:00,2581.03,EUR,pending,TRANSFER
T00008002,C000228,A000799,2025-02-07T03:13:52+00:00,4560.31,INR,settled,TRANSFER
T00008003,C000056,A000483,2026-06-28T02:23:09+00:00,3539.24,USD,pending,TRANSFER
T00008004,C000145,A000294,2026-02-05T17:43:08+00:00,1641.94,USD,pending,TRANSFER
T00008005,C000532,A001026,2026-06-20T15:39:42+00:00,2987.61,EUR,pending,REFUND
T00008006,C000885,A001164,2026-09-12T04:46:00+00:00,426.53,USD,failed,REFUND
T00008007,C000971,A001015,2025-09-26T20:37:39+00:00,3610.14,EUR,settled,ADJUSTMENT
T00008008,C000074,A001021,2025-12-13T12:16:57+00:00,707.04,EUR,pending,REFUND
T00008009,C000716,A000641,2025-09-23T10:45:13+00:00,1101.48,EUR,pending,TRANSFER
T00008010,C000714,A000419,2026-02-04T19:47:05+00:00,3219.57,USD,pending,REFUND
T00008011,C000008,A000240,2025-04-13T08:09:30+00:00,1430.86,GBP,pending,SALE
T00008012,C000893,A001037,2025-10-23T04:11:01+00:00,1266.21,EUR,pending,SALE
T00008013,C000549,A000416,2025-12-06T00:08:36+00:00,3892.75,EUR,reversed,ADJUSTMENT
T00008014,C000643,A000143,2025-08-05T19:26:15+00:00,1096.40,CAD,reversed,TRANSFER
T00008015,C000832,A001252,2025-06-12T10:25:26+00:00,2302.03,CAD,failed,ADJUSTMENT
T00008016,C000835,A000672,2026-01-18T22:11:39+00:00,1121.60,EUR,reversed,ADJUSTMENT
T00008017,C000014,A000245,2026-04-15T19:00:00+00:00,1339.95,INR,pending,ADJUSTMENT
T00008018,C000755,A000766,2025-01-20T11:27:44+00:00,2036.43,GBP,pending,SALE
T00008019,C000893,A001037,2026-01-10T00:09:03+00:00,1739.41,EUR,pending,SALE
T00008020,C000359,A000841,2026-07-29T20:36:22+00:00,2976.93,GBP,reversed,ADJUSTMENT
T00008021,C000566,A000155,2025-05-06T05:45:47+00:00,1016.53,GBP,reversed,TRANSFER
T00008022,C000064,A001299,2026-01-16T16:58:46+00:00,578.92,EUR,pending,ADJUSTMENT
T00008023,C000995,A000742,2025-06-26T21:00:11+00:00,836.71,CAD,pending,SALE
T00008024,C000961,A001224,2026-01-24T19:48:56+00:00,3384.72,INR,pending,ADJUSTMENT
T00008025,C000108,A000657,2025-02-10T03:38:01+00:00,44.55,INR,settled,TRANSFER
T00008026,C000308,A000546,2026-04-03T15:50:30+00:00,3884.93,INR,reversed,TRANSFER
T00008027,C000619,A000926,2026-07-15T07:24:12+00:00,2554.54,USD,failed,ADJUSTMENT
T00008028,C000476,A001176,2025-06-13T00:21:05+00:00,504.22,CAD,failed,ADJUSTMENT
T00008029,C000867,A001238,2025-08-23T19:48:44+00:00,4884.60,USD,settled,SALE
T00008030,C000223,A000520,2025-08-04T02:07:10+00:00,2043.73,USD,reversed,TRANSFER
T00008031,C000441,A000433,2025-09-25T14:27:02+00:00,4517.61,INR,pending,TRANSFER
T00008032,C000452,A000541,2025-01-17T09:34:17+00:00,3845.76,EUR,failed,TRANSFER
T00008033,C000242,A000804,2026-01-07T01:49:41+00:00,1913.62,CAD,failed,TRANSFER
T00008034,C000001,A000100,2025-08-10T07:12:06+00:00,496.08,USD,settled,REFUND
T00008035,C000731,A001041,2026-06-03T20:45:27+00:00,3785.42,EUR,failed,TRANSFER
T00008036,C000924,A000976,2026-07-29T16:38:52+00:00,4279.23,EUR,pending,SALE
T00008037,C000269,A000507,2026-03-23T01:53:10+00:00,1945.29,EUR,reversed,TRANSFER
T00008038,C000038,A000739,2026-04-06T15:56:36+00:00,1715.36,GBP,settled,REFUND
T00008039,C000229,A001174,2026-01-25T15:31:04+00:00,2526.93,CAD,failed,SALE
T00008040,C000546,A001150,2026-07-25T03:52:14+00:00,1870.66,USD,reversed,ADJUSTMENT
T00008041,C000055,A000393,2026-09-03T17:32:31+00:00,1880.44,CAD,settled,SALE
T00008042,C000286,A000475,2026-03-27T05:46:43+00:00,1578.66,CAD,failed,REFUND
T00008043,C000550,A000134,2026-04-18T17:14:59+00:00,236.29,GBP,failed,SALE
T00008044,C000699,A000738,2026-01-27T15:00:49+00:00,831.40,USD,reversed,SALE
T00008045,C000588,A001492,2025-03-29T20:42:23+00:00,3870.39,GBP,reversed,REFUND
T00008046,C000260,A000468,2025-06-13T02:14:27+00:00,3876.76,EUR,failed,REFUND
T00008047,C000889,A001184,2025-04-24T12:15:56+00:00,3690.81,EUR,reversed,TRANSFER
T00008048,C000260,A000468,2025-04-08T17:42:43+00:00,2370.94,EUR,reversed,ADJUSTMENT
T00008049,C000539,A001005,2026-05-13T11:35:46+00:00,4259.22,GBP,failed,SALE
T00008050,C000786,A000026,2025-05-03T16:34:40+00:00,573.92,CAD,pending,SALE
T00008051,C000806,A000693,2025-06-05T21:13:13+00:00,1929.82,CAD,settled,ADJUSTMENT
T00008052,C000312,A000820,2026-08-07T14:16:17+00:00,161.80,USD,reversed,SALE
T00008053,C000396,A000676,2026-04-25T20:37:27+00:00,2405.29,USD,reversed,SALE
T00008054,C000883,A000906,2026-03-21T10:50:00+00:00,1268.17,GBP,settled,TRANSFER
T00008055,C000003,A000733,2025-07-21T14:51:16+00:00,89.58,INR,settled,SALE
T00008056,C000575,A000929,2025-04-06T07:17:45+00:00,4580.15,INR,reversed,TRANSFER
T00008057,C000094,A001143,2026-08-02T06:31:04+00:00,1799.59,GBP,settled,REFUND
T00008058,C000442,A000504,2025-10-15T23:21:12+00:00,3943.71,CAD,pending,ADJUSTMENT
T00008059,C000938,A001088,2026-05-21T13:52:12+00:00,3876.42,INR,reversed,TRANSFER
T00008060,C000406,A000665,2025-04-07T16:56:50+00:00,3488.70,GBP,settled,REFUND
T00008061,C000842,A000095,2026-09-09T20:28:31+00:00,2251.79,USD,reversed,SALE
T00008062,C000693,A000824,2026-02-09T13:12:05+00:00,1856.18,EUR,pending,SALE
T00008063,C000278,A000005,2026-07-19T08:37:32+00:00,810.30,INR,pending,TRANSFER
T00008064,C000807,A000942,2026-08-20T04:47:22+00:00,4398.77,CAD,reversed,TRANSFER
T00008065,C000320,A000270,2025-12-16T16:50:17+00:00,1284.35,INR,settled,REFUND
T00008066,C000172,A000116,2026-06-02T00:15:12+00:00,3295.84,CAD,failed,TRANSFER
T00008067,C000555,A001332,2026-01-31T23:41:20+00:00,1936.03,GBP,reversed,SALE
T00008068,C000487,A000398,2026-08-18T09:13:57+00:00,4374.48,INR,failed,REFUND
T00008069,C000637,A000367,2026-03-19T01:20:53+00:00,469.21,GBP,failed,REFUND
T00008070,C000611,A000701,2025-03-16T05:45:54+00:00,2815.50,USD,settled,ADJUSTMENT
T00008071,C000467,A001127,2026-05-17T13:53:21+00:00,389.17,USD,pending,TRANSFER
T00008072,C000644,A000093,2026-04-09T15:46:44+00:00,1874.26,EUR,pending,REFUND
T00008073,C000980,A001362,2026-05-11T20:20:32+00:00,1408.57,USD,reversed,REFUND
T00008074,C000351,A000443,2025-06-14T02:23:50+00:00,2911.07,CAD,pending,ADJUSTMENT
T00008075,C000543,A000631,2025-10-10T16:17:46+00:00,4712.87,CAD,failed,TRANSFER
T00008076,C000399,A000428,2025-07-30T04:26:15+00:00,3830.07,INR,failed,ADJUSTMENT
T00008077,C000617,A000199,2025-05-31T22:00:25+00:00,1975.13,EUR,settled,TRANSFER
T00008078,C000793,A001157,2025-09-11T19:33:24+00:00,3124.51,EUR,settled,TRANSFER
T00008079,C000661,A000214,2025-08-07T01:06:08+00:00,1511.96,CAD,reversed,ADJUSTMENT
T00008080,C000900,A001258,2025-04-13T11:16:45+00:00,4401.56,CAD,settled,REFUND
T00008081,C000786,A000467,2025-04-17T20:05:31+00:00,4537.09,EUR,failed,ADJUSTMENT
T00008082,C000495,A001490,2025-12-30T03:56:59+00:00,677.21,INR,failed,TRANSFER
T00008083,C000069,A001448,2025-08-09T13:00:25+00:00,247.49,EUR,settled,TRANSFER
T00008084,C000141,A001271,2026-06-15T06:40:00+00:00,797.78,CAD,settled,TRANSFER
T00008085,C000851,A000326,2025-02-13T05:16:13+00:00,653.30,CAD,reversed,SALE
T00008086,C000296,A001126,2026-06-28T22:29:44+00:00,3625.74,EUR,pending,TRANSFER
T00008087,C000968,A000273,2025-03-10T07:55:35+00:00,1794.51,INR,failed,TRANSFER
T00008088,C000615,A001218,2025-07-18T18:17:49+00:00,4107.32,INR,reversed,TRANSFER
T00008089,C000907,A001205,2026-05-07T00:41:49+00:00,3997.56,CAD,pending,REFUND
T00008090,C000544,A000973,2025-03-05T23:02:23+00:00,746.25,CAD,failed,ADJUSTMENT
T00008091,C000189,A001270,2025-02-03T00:59:10+00:00,467.62,GBP,settled,ADJUSTMENT
T00008092,C000274,A001420,2025-01-04T06:33:45+00:00,1408.62,CAD,reversed,ADJUSTMENT
T00008093,C000350,A001280,2025-08-29T01:52:16+00:00,2312.59,EUR,settled,ADJUSTMENT
T00008094,C000316,A000584,2026-06-09T18:02:48+00:00,2374.53,GBP,pending,REFUND
T00008095,C000076,A001485,2025-03-26T04:12:55+00:00,1651.10,INR,reversed,REFUND
T00008096,C000560,A000289,2025-12-08T02:50:14+00:00,1578.89,EUR,reversed,TRANSFER
T00008097,C000058,A001104,2025-10-26T15:22:14+00:00,4518.68,USD,pending,SALE
T00008098,C000367,A001161,2026-07-27T19:30:33+00:00,1192.78,USD,failed,ADJUSTMENT
T00008099,C000145,A001106,2025-07-13T12:53:54+00:00,186.72,GBP,pending,ADJUSTMENT
T00008100,C000887,A000350,2026-06-19T06:47:43+00:00,4707.02,INR,failed,REFUND
T00008101,C000114,A000370,2026-03-21T00:46:06+00:00,2216.01,GBP,pending,REFUND
T00008102,C000579,A000943,2025-02-27T09:24:45+00:00,3990.73,USD,settled,TRANSFER
T00008103,C000714,A000253,2025-07-01T01:13:30+00:00,2385.09,EUR,pending,TRANSFER
T00008104,C000161,A001219,2025-11-23T07:31:05+00:00,2304.74,GBP,failed,REFUND
T00008105,C000278,A000005,2025-05-23T00:36:17+00:00,4592.08,INR,settled,REFUND
T00008106,C000634,A001019,2025-09-19T08:22:23+00:00,4443.70,USD,reversed,REFUND
T00008107,C000605,A000497,2025-08-04T19:24:09+00:00,2541.77,INR,failed,SALE
T00008108,C000600,A000688,2026-06-21T23:04:35+00:00,1597.23,GBP,pending,ADJUSTMENT
T00008109,C000272,A001394,2026-08-07T03:40:56+00:00,3785.01,INR,pending,ADJUSTMENT
T00008110,C000072,A000153,2025-07-21T23:20:42+00:00,1422.43,CAD,failed,REFUND
T00008111,C000511,A001451,2026-01-31T11:53:39+00:00,2981.55,EUR,failed,TRANSFER
T00008112,C000818,A000650,2026-04-20T05:16:44+00:00,494.48,CAD,reversed,TRANSFER
T00008113,C000483,A001050,2026-07-26T05:44:56+00:00,4536.76,INR,settled,TRANSFER
T00008114,C000869,A001346,2026-07-13T23:51:12+00:00,4963.91,USD,reversed,TRANSFER
T00008115,C000056,A000069,2025-11-20T16:29:16+00:00,2427.59,CAD,failed,SALE
T00008116,C000069,A001442,2025-09-14T07:58:00+00:00,3455.11,INR,reversed,REFUND
T00008117,C000697,A000877,2025-03-18T09:41:45+00:00,3933.50,USD,pending,ADJUSTMENT
T00008118,C000109,A000793,2025-04-26T07:02:12+00:00,89.62,USD,settled,SALE
T00008119,C000013,A000440,2025-05-23T08:54:26+00:00,3463.15,CAD,settled,REFUND
T00008120,C000541,A001246,2026-01-23T07:49:17+00:00,3398.94,USD,settled,SALE
T00008121,C000801,A000654,2025-08-25T22:39:38+00:00,635.18,GBP,reversed,ADJUSTMENT
T00008122,C000335,A001491,2026-06-21T00:32:19+00:00,3230.26,INR,pending,REFUND
T00008123,C000826,A000566,2025-11-24T19:28:53+00:00,1419.37,GBP,failed,TRANSFER
T00008124,C000162,A000996,2025-12-31T07:55:38+00:00,4667.72,CAD,reversed,REFUND
T00008125,C000866,A000964,2026-02-24T09:10:30+00:00,35.50,EUR,reversed,REFUND
T00008126,C000747,A001163,2025-04-20T03:20:58+00:00,4900.54,GBP,failed,TRANSFER
T00008127,C000543,A000631,2026-02-01T05:44:20+00:00,3704.65,CAD,settled,TRANSFER
T00008128,C000080,A001165,2025-10-10T01:12:31+00:00,589.84,INR,pending,ADJUSTMENT
T00008129,C000045,A000040,2025-11-08T10:30:42+00:00,4078.09,GBP,settled,TRANSFER
T00008130,C000661,A000214,2026-08-03T17:57:34+00:00,2843.45,CAD,pending,REFUND
T00008131,C000004,A000637,2026-08-09T18:43:13+00:00,273.95,INR,settled,REFUND
T00008132,C000104,A000011,2025-11-08T22:11:03+00:00,1033.63,CAD,reversed,TRANSFER
T00008133,C000531,A001323,2026-06-04T08:40:00+00:00,3761.77,EUR,failed,SALE
T00008134,C000433,A000235,2025-02-23T07:37:46+00:00,4587.21,CAD,settled,SALE
T00008135,C000494,A000248,2025-07-15T11:22:08+00:00,2044.66,GBP,failed,SALE
T00008136,C000093,A001379,2025-07-10T17:31:11+00:00,2983.53,CAD,failed,REFUND
T00008137,C000386,A001051,2025-08-26T21:40:01+00:00,1091.12,EUR,reversed,ADJUSTMENT
T00008138,C000547,A000902,2026-01-19T05:33:20+00:00,3475.12,EUR,pending,TRANSFER
T00008139,C000229,A000111,2025-08-13T19:36:16+00:00,1160.45,CAD,settled,REFUND
T00008140,C000005,A000569,2025-08-17T12:35:29+00:00,4050.88,CAD,pending,TRANSFER
T00008141,C000753,A000482,2026-01-03T14:13:10+00:00,84.36,GBP,pending,REFUND
T00008142,C000851,A000325,2025-02-07T05:17:48+00:00,4554.43,USD,settled,ADJUSTMENT
T00008143,C000258,A000712,2026-08-16T00:13:18+00:00,4538.78,INR,pending,SALE
T00008144,C000840,A001466,2025-12-19T23:50:56+00:00,3383.66,USD,settled,REFUND
T00008145,C000432,A000183,2025-11-10T19:08:49+00:00,4093.84,INR,reversed,ADJUSTMENT
T00008146,C000433,A000235,2025-10-30T21:26:20+00:00,1726.96,CAD,reversed,ADJUSTMENT
T00008147,C000747,A001216,2025-01-28T15:14:37+00:00,107.98,INR,reversed,TRANSFER
T00008148,C000005,A000569,2025-07-31T11:44:09+00:00,2971.82,CAD,failed,TRANSFER
T00008149,C000904,A000002,2026-05-01T14:35:28+00:00,647.84,USD,settled,SALE
T00008150,C000531,A001323,2025-08-06T06:35:00+00:00,1684.28,EUR,settled,REFUND
T00008151,C000366,A001045,2025-12-24T00:29:32+00:00,1185.69,CAD,pending,SALE
T00008152,C000003,A000499,2025-04-15T06:43:16+00:00,4034.79,USD,reversed,REFUND
T00008153,C000014,A001423,2025-10-01T23:42:17+00:00,2921.83,EUR,pending,SALE
T00008154,C000973,A000989,2026-02-20T03:34:34+00:00,4792.33,INR,failed,REFUND
T00008155,C000259,A000343,2026-03-07T08:25:59+00:00,3480.03,GBP,failed,SALE
T00008156,C000427,A000408,2026-07-08T21:09:22+00:00,2820.00,EUR,pending,ADJUSTMENT
T00008157,C000833,A001355,2026-01-10T04:40:16+00:00,4486.58,USD,settled,REFUND
T00008158,C000798,A000939,2026-01-31T03:17:50+00:00,4245.39,USD,settled,ADJUSTMENT
T00008159,C000956,A000901,2026-07-31T00:10:54+00:00,4744.46,GBP,pending,REFUND
T00008160,C000626,A000588,2025-07-02T13:59:55+00:00,544.27,EUR,settled,TRANSFER
T00008161,C000461,A001489,2025-03-27T08:14:46+00:00,4147.14,CAD,settled,REFUND
T00008162,C000854,A000838,2026-05-30T08:36:55+00:00,2858.69,CAD,settled,REFUND
T00008163,C000870,A000436,2026-02-14T08:00:06+00:00,3893.25,USD,settled,SALE
T00008164,C000365,A001214,2026-01-03T19:56:19+00:00,283.26,EUR,pending,REFUND
T00008165,C000595,A001115,2026-03-13T17:10:18+00:00,4066.15,GBP,pending,SALE
T00008166,C000612,A000844,2026-08-18T08:40:25+00:00,1975.80,USD,reversed,TRANSFER
T00008167,C000930,A001189,2025-12-20T03:30:01+00:00,4964.31,GBP,pending,REFUND
T00008168,C000210,A001097,2026-03-18T01:45:53+00:00,1157.78,INR,failed,SALE
T00008169,C000492,A001229,2026-07-12T09:11:59+00:00,4369.28,EUR,reversed,ADJUSTMENT
T00008170,C000965,A000142,2025-05-02T06:18:11+00:00,2164.45,USD,reversed,SALE
T00008171,C000769,A001293,2025-03-11T12:45:49+00:00,4995.83,GBP,reversed,TRANSFER
T00008172,C000838,A000723,2026-04-21T20:09:38+00:00,3412.94,CAD,reversed,SALE
T00008173,C000955,A001228,2025-01-08T21:02:30+00:00,2809.23,EUR,settled,SALE
T00008174,C000615,A001218,2025-03-17T02:04:30+00:00,4645.70,INR,reversed,ADJUSTMENT
T00008175,C000637,A000367,2026-06-08T11:27:14+00:00,3259.80,GBP,reversed,ADJUSTMENT
T00008176,C000634,A001019,2026-03-31T20:36:30+00:00,4441.58,USD,pending,TRANSFER
T00008177,C000546,A001004,2025-02-17T12:26:07+00:00,2708.84,EUR,failed,SALE
T00008178,C000746,A000314,2026-03-13T05:25:56+00:00,1964.02,GBP,failed,TRANSFER
T00008179,C000787,A000779,2026-02-28T02:28:05+00:00,1412.08,GBP,pending,SALE
T00008180,C000817,A000476,2025-07-02T00:08:41+00:00,991.01,CAD,reversed,REFUND
T00008181,C000167,A000252,2025-09-06T10:32:54+00:00,4247.66,CAD,settled,SALE
T00008182,C000608,A000108,2025-03-24T00:10:29+00:00,1640.85,USD,failed,REFUND
T00008183,C000801,A000654,2025-04-18T15:20:37+00:00,1323.84,GBP,failed,ADJUSTMENT
T00008184,C000125,A001083,2026-06-28T00:49:05+00:00,2670.88,CAD,reversed,SALE
T00008185,C000351,A001375,2025-09-28T15:42:32+00:00,4966.34,USD,failed,REFUND
T00008186,C000300,A000144,2025-09-21T00:47:43+00:00,4534.73,CAD,reversed,SALE
T00008187,C000169,A000039,2026-06-14T22:18:34+00:00,4208.27,USD,reversed,REFUND
T00008188,C000007,A001480,2025-08-22T16:48:11+00:00,852.31,EUR,reversed,SALE
T00008189,C000122,A001412,2025-03-17T07:44:35+00:00,2335.87,EUR,pending,SALE
T00008190,C000922,A000401,2025-01-26T00:18:20+00:00,83.60,USD,pending,SALE
T00008191,C000790,A001495,2026-07-14T17:54:32+00:00,3763.78,INR,failed,TRANSFER
T00008192,C000427,A001329,2026-06-14T23:23:09+00:00,268.62,USD,pending,SALE
T00008193,C000007,A000632,2026-08-17T05:56:55+00:00,810.80,GBP,settled,ADJUSTMENT
T00008194,C000981,A001458,2025-11-18T00:02:22+00:00,4360.10,INR,failed,ADJUSTMENT
T00008195,C000573,A000716,2025-05-29T22:05:56+00:00,1012.73,INR,reversed,REFUND
T00008196,C000759,A000098,2026-05-06T16:52:40+00:00,4235.73,CAD,settled,TRANSFER
T00008197,C000652,A000336,2026-03-31T05:34:00+00:00,3581.73,EUR,reversed,ADJUSTMENT
T00008198,C000620,A001140,2026-02-04T00:22:26+00:00,3866.80,USD,reversed,SALE
T00008199,C000627,A001042,2026-04-16T13:20:30+00:00,4048.29,USD,failed,TRANSFER
T00008200,C000389,A001101,2025-06-18T11:54:55+00:00,2968.61,USD,settled,SALE
T00008201,C000826,A000180,2026-05-19T03:00:04+00:00,1742.13,CAD,failed,ADJUSTMENT
T00008202,C000632,A000934,2025-06-19T07:03:02+00:00,3709.77,EUR,settled,SALE
T00008203,C000432,A000987,2026-06-21T21:46:56+00:00,3740.09,EUR,settled,SALE
T00008204,C000316,A000994,2025-11-30T23:30:14+00:00,2243.41,INR,settled,SALE
T00008205,C000441,A001325,2025-06-20T18:14:13+00:00,308.56,INR,reversed,SALE
T00008206,C000836,A000335,2025-03-05T10:41:18+00:00,2388.34,CAD,settled,TRANSFER
T00008207,C000550,A000916,2026-03-10T07:15:15+00:00,2034.71,USD,reversed,ADJUSTMENT
T00008208,C000532,A001026,2025-01-14T22:50:43+00:00,4830.04,EUR,settled,SALE
T00008209,C000517,A001108,2025-08-04T04:31:03+00:00,1421.17,CAD,pending,REFUND
T00008210,C000193,A000062,2025-01-07T03:02:10+00:00,3805.72,GBP,reversed,ADJUSTMENT
T00008211,C000095,A000667,2026-07-24T23:24:05+00:00,4921.02,INR,reversed,REFUND
T00008212,C000004,A000637,2026-01-16T12:24:28+00:00,305.44,INR,reversed,TRANSFER
T00008213,C000645,A000442,2025-04-19T23:15:56+00:00,2649.42,CAD,failed,REFUND
T00008214,C000513,A000352,2025-06-05T02:55:04+00:00,1449.61,GBP,settled,SALE
T00008215,C000764,A000798,2026-02-22T04:25:11+00:00,785.43,INR,reversed,TRANSFER
T00008216,C000698,A001432,2025-04-29T18:22:21+00:00,2292.46,USD,pending,REFUND
T00008217,C000581,A000531,2026-07-19T03:47:03+00:00,4392.00,EUR,failed,REFUND
T00008218,C000691,A001411,2025-02-02T09:56:00+00:00,1821.39,EUR,settled,ADJUSTMENT
T00008219,C000155,A000417,2025-06-13T07:03:23+00:00,4238.07,USD,pending,TRANSFER
T00008220,C000572,A001200,2025-09-17T17:11:36+00:00,1184.76,INR,reversed,SALE
T00008221,C000476,A001176,2025-11-15T14:37:22+00:00,2919.75,CAD,reversed,TRANSFER
T00008222,C000896,A000620,2025-12-05T23:08:01+00:00,2899.47,USD,pending,ADJUSTMENT
T00008223,C000131,A001445,2026-04-05T20:27:45+00:00,3516.01,EUR,pending,SALE
T00008224,C000589,A000077,2026-08-12T04:02:09+00:00,2123.76,CAD,reversed,REFUND
T00008225,C000624,A000459,2026-02-11T09:32:05+00:00,2901.51,GBP,failed,ADJUSTMENT
T00008226,C000688,A000451,2025-10-20T00:50:39+00:00,4981.01,USD,failed,REFUND
T00008227,C000400,A000986,2026-07-24T14:45:05+00:00,1010.34,CAD,reversed,SALE
T00008228,C000881,A001117,2025-10-22T05:35:22+00:00,1349.49,USD,reversed,SALE
T00008229,C000046,A000673,2026-01-20T10:55:13+00:00,2056.76,GBP,failed,SALE
T00008230,C000383,A000043,2025-08-01T17:29:33+00:00,1943.65,INR,settled,SALE
T00008231,C000669,A000859,2026-04-04T21:40:18+00:00,3298.76,INR,settled,SALE
T00008232,C000069,A001087,2026-07-22T06:51:00+00:00,3349.20,USD,reversed,TRANSFER
T00008233,C000752,A000674,2025-08-31T12:33:40+00:00,318.83,USD,reversed,SALE
T00008234,C000755,A001036,2025-05-07T05:18:29+00:00,881.65,INR,reversed,TRANSFER
T00008235,C000531,A001323,2025-09-12T02:39:26+00:00,2006.80,EUR,pending,ADJUSTMENT
T00008236,C000448,A000001,2025-10-03T17:57:31+00:00,1766.92,USD,failed,TRANSFER
T00008237,C000686,A001142,2025-07-03T07:00:58+00:00,3589.38,CAD,reversed,TRANSFER
T00008238,C000512,A001118,2025-03-14T23:05:14+00:00,4143.38,INR,reversed,TRANSFER
T00008239,C000266,A000014,2025-01-18T05:55:00+00:00,1818.30,USD,pending,ADJUSTMENT
T00008240,C000358,A000624,2026-06-04T00:18:41+00:00,1699.65,GBP,settled,ADJUSTMENT
T00008241,C000576,A001474,2026-06-21T22:45:45+00:00,855.84,USD,pending,TRANSFER
T00008242,C000975,A000363,2025-04-30T18:26:49+00:00,2305.55,CAD,reversed,ADJUSTMENT
T00008243,C000400,A000986,2026-08-20T11:16:23+00:00,609.43,CAD,settled,TRANSFER
T00008244,C000792,A000717,2026-03-22T20:43:16+00:00,2922.00,EUR,settled,SALE
T00008245,C000334,A000834,2026-09-06T13:15:59+00:00,2899.06,USD,settled,SALE
T00008246,C000644,A000093,2025-04-26T04:42:02+00:00,1076.42,EUR,pending,ADJUSTMENT
T00008247,C000473,A000938,2026-01-28T06:07:42+00:00,1572.14,GBP,reversed,REFUND
T00008248,C000449,A000685,2025-07-31T10:23:23+00:00,1927.06,EUR,settled,SALE
T00008249,C000828,A000708,2025-11-20T11:15:47+00:00,2355.95,GBP,reversed,TRANSFER
T00008250,C000694,A000962,2025-08-17T11:21:08+00:00,550.75,USD,settled,TRANSFER
T00008251,C000756,A000953,2026-08-13T23:22:12+00:00,4366.21,USD,failed,SALE
T00008252,C000622,A000193,2026-06-16T06:04:00+00:00,4070.00,USD,failed,REFUND
T00008253,C000896,A000620,2026-02-23T08:55:35+00:00,1804.47,USD,failed,ADJUSTMENT
T00008254,C000845,A001449,2026-02-24T11:19:23+00:00,541.65,EUR,failed,SALE
T00008255,C000817,A000476,2026-03-25T06:08:58+00:00,526.27,CAD,settled,ADJUSTMENT
T00008256,C000480,A000296,2025-05-25T04:35:30+00:00,4559.96,GBP,pending,ADJUSTMENT
T00008257,C000442,A000504,2025-05-25T07:34:59+00:00,1318.04,CAD,failed,TRANSFER
T00008258,C000933,A001463,2025-10-18T06:52:40+00:00,2069.80,GBP,reversed,SALE
T00008259,C000700,A000227,2025-09-12T02:06:17+00:00,407.67,EUR,settled,REFUND
T00008260,C000109,A001467,2025-03-31T13:56:15+00:00,3665.08,EUR,pending,TRANSFER
T00008261,C000813,A001155,2025-07-09T21:18:45+00:00,2702.84,USD,pending,SALE
T00008262,C000959,A001283,2026-02-17T02:08:38+00:00,3917.31,EUR,pending,TRANSFER
T00008263,C000116,A000179,2025-09-25T21:34:22+00:00,3020.70,EUR,pending,TRANSFER
T00008264,C000837,A000455,2026-04-17T22:44:45+00:00,2724.79,CAD,reversed,ADJUSTMENT
T00008265,C000699,A000912,2025-02-23T10:20:12+00:00,4048.91,EUR,pending,REFUND
T00008266,C000773,A001177,2026-08-20T23:34:25+00:00,1410.23,CAD,reversed,SALE
T00008267,C000614,A001364,2025-01-07T00:01:38+00:00,2942.27,GBP,settled,SALE
T00008268,C000082,A000119,2025-09-11T14:30:14+00:00,2182.13,INR,failed,ADJUSTMENT
T00008269,C000066,A000020,2026-02-20T16:54:01+00:00,3806.78,CAD,reversed,TRANSFER
T00008270,C000615,A001218,2025-03-21T05:36:46+00:00,2910.77,INR,failed,TRANSFER
T00008271,C000251,A001353,2026-08-13T00:57:14+00:00,1088.74,GBP,failed,SALE
T00008272,C000150,A000161,2025-01-29T06:19:40+00:00,2540.00,INR,failed,ADJUSTMENT
T00008273,C000965,A000142,2025-10-02T14:04:36+00:00,2973.16,USD,settled,REFUND
T00008274,C000843,A001001,2025-03-05T00:32:44+00:00,1779.17,CAD,settled,ADJUSTMENT
T00008275,C000669,A000859,2025-11-11T21:00:00+00:00,4623.08,INR,failed,SALE
T00008276,C000745,A000172,2026-03-25T14:14:19+00:00,3509.79,INR,reversed,SALE
T00008277,C000877,A001044,2025-01-08T13:24:50+00:00,3227.27,EUR,pending,REFUND
T00008278,C000080,A000845,2025-09-08T10:37:03+00:00,3837.01,CAD,reversed,REFUND
T00008279,C000492,A001229,2025-10-09T18:47:10+00:00,3939.52,EUR,pending,ADJUSTMENT
T00008280,C000907,A001205,2025-03-30T02:22:31+00:00,2793.68,CAD,settled,REFUND
T00008281,C000714,A000419,2025-11-15T15:40:49+00:00,4867.48,USD,reversed,TRANSFER
T00008282,C000300,A000495,2025-06-05T23:27:59+00:00,3309.94,INR,failed,REFUND
T00008283,C000358,A000624,2026-06-06T08:28:42+00:00,2133.41,GBP,settled,TRANSFER
T00008284,C000861,A000272,2026-02-12T17:24:48+00:00,4637.62,USD,settled,REFUND
T00008285,C000510,A000659,2025-06-07T23:14:03+00:00,677.33,USD,reversed,REFUND
T00008286,C000116,A000413,2026-08-09T09:06:18+00:00,2369.71,USD,settled,TRANSFER
T00008287,C000075,A001336,2025-12-19T09:13:09+00:00,4605.84,CAD,reversed,SALE
T00008288,C000333,A001314,2025-03-14T14:31:33+00:00,4712.25,EUR,reversed,SALE
T00008289,C000109,A001014,2025-04-07T05:23:25+00:00,4115.41,INR,failed,SALE
T00008290,C000357,A000349,2025-02-14T02:06:57+00:00,1457.97,USD,pending,REFUND
T00008291,C000050,A000302,2025-11-23T12:59:09+00:00,4108.52,USD,pending,TRANSFER
T00008292,C000449,A001421,2025-01-26T10:55:40+00:00,4379.68,CAD,failed,TRANSFER
T00008293,C000294,A001120,2025-05-23T21:34:21+00:00,4083.91,GBP,reversed,ADJUSTMENT
T00008294,C000674,A000019,2026-03-13T17:37:47+00:00,2782.42,CAD,settled,REFUND
T00008295,C000713,A000038,2025-03-05T06:09:00+00:00,3663.82,USD,reversed,TRANSFER
T00008296,C000734,A000899,2025-11-17T17:14:45+00:00,1841.62,USD,pending,REFUND
T00008297,C000510,A000057,2025-01-22T01:04:18+00:00,2672.54,INR,settled,SALE
T00008298,C000675,A000642,2026-03-25T20:02:31+00:00,4913.05,INR,settled,ADJUSTMENT
T00008299,C000050,A001191,2025-12-30T22:19:03+00:00,1615.24,INR,reversed,REFUND
T00008300,C000121,A001405,2025-07-13T05:04:56+00:00,1815.90,GBP,pending,ADJUSTMENT
T00008301,C000648,A000735,2025-04-23T08:22:45+00:00,1112.69,USD,settled,SALE
T00008302,C000833,A001197,2025-06-24T18:33:24+00:00,2039.84,EUR,reversed,SALE
T00008303,C000899,A000726,2026-07-21T05:27:34+00:00,2757.37,EUR,failed,ADJUSTMENT
T00008304,C000953,A000221,2026-03-20T04:31:07+00:00,4156.83,USD,settled,REFUND
T00008305,C000181,A001054,2025-07-27T22:07:30+00:00,410.49,GBP,settled,TRANSFER
T00008306,C000623,A000409,2026-03-08T12:46:49+00:00,2079.71,CAD,reversed,ADJUSTMENT
T00008307,C000044,A001342,2025-07-10T14:09:40+00:00,40.40,USD,reversed,SALE
T00008308,C000686,A000966,2026-02-08T20:12:14+00:00,2882.96,GBP,settled,REFUND
T00008309,C000450,A001132,2025-05-06T16:16:56+00:00,1396.99,EUR,reversed,REFUND
T00008310,C000602,A000163,2025-03-18T17:49:29+00:00,4214.26,EUR,pending,ADJUSTMENT
T00008311,C000782,A001371,2025-09-15T23:05:29+00:00,4312.17,CAD,pending,REFUND
T00008312,C000106,A000405,2026-08-11T09:45:36+00:00,1371.04,INR,settled,TRANSFER
T00008313,C000181,A001054,2026-03-19T03:48:29+00:00,4503.73,GBP,failed,SALE
T00008314,C000560,A000289,2026-05-10T15:06:37+00:00,2065.60,EUR,reversed,REFUND
T00008315,C000373,A000828,2025-08-01T03:05:46+00:00,3924.64,INR,reversed,ADJUSTMENT
T00008316,C000329,A000488,2026-04-02T16:22:08+00:00,1041.74,GBP,settled,TRANSFER
T00008317,C000075,A000863,2026-06-08T05:36:59+00:00,4300.34,EUR,settled,ADJUSTMENT
T00008318,C000899,A001147,2026-05-11T02:49:14+00:00,1985.42,GBP,pending,SALE
T00008319,C000344,A000621,2025-11-22T03:58:30+00:00,3873.55,INR,settled,ADJUSTMENT
T00008320,C000573,A000716,2025-04-16T13:05:10+00:00,2542.06,INR,reversed,REFUND
T00008321,C000667,A000330,2026-01-16T16:25:32+00:00,2730.34,GBP,settled,REFUND
T00008322,C000178,A000445,2025-05-01T16:38:43+00:00,322.88,INR,failed,ADJUSTMENT
T00008323,C000287,A001149,2025-05-16T09:53:32+00:00,2136.50,GBP,settled,SALE
T00008324,C000606,A001425,2025-04-21T18:06:39+00:00,3495.39,USD,failed,SALE
T00008325,C000644,A000093,2026-03-11T08:04:07+00:00,4555.76,EUR,pending,SALE
T00008326,C000674,A000019,2026-02-05T04:28:23+00:00,6.19,CAD,pending,ADJUSTMENT
T00008327,C000568,A001250,2025-10-14T11:11:57+00:00,4547.16,GBP,reversed,SALE
T00008328,C000050,A000302,2025-01-06T12:48:32+00:00,4959.43,USD,pending,REFUND
T00008329,C000498,A001231,2025-08-10T15:06:43+00:00,2730.16,INR,failed,TRANSFER
T00008330,C000321,A001372,2026-06-07T15:19:38+00:00,3486.03,EUR,pending,TRANSFER
T00008331,C000925,A000337,2025-11-19T05:44:02+00:00,2343.05,USD,settled,TRANSFER
T00008332,C000709,A001326,2025-05-20T15:05:19+00:00,101.54,INR,failed,TRANSFER
T00008333,C000596,A000042,2025-10-10T00:24:33+00:00,4701.68,EUR,reversed,ADJUSTMENT
T00008334,C000960,A000538,2025-07-11T09:08:03+00:00,4678.40,CAD,failed,TRANSFER
T00008335,C000857,A000341,2026-05-25T06:10:39+00:00,1401.56,USD,failed,ADJUSTMENT
T00008336,C000411,A000897,2025-04-30T18:13:58+00:00,2209.68,GBP,reversed,REFUND
T00008337,C000887,A000888,2025-02-15T02:24:32+00:00,2063.33,CAD,settled,ADJUSTMENT
T00008338,C000452,A000965,2025-05-25T21:18:27+00:00,1681.64,GBP,pending,REFUND
T00008339,C000566,A000155,2025-06-26T10:06:38+00:00,449.11,GBP,pending,TRANSFER
T00008340,C000832,A001368,2025-03-15T16:07:15+00:00,1976.31,EUR,failed,TRANSFER
T00008341,C000815,A000362,2026-05-03T00:51:38+00:00,4322.89,INR,reversed,REFUND
T00008342,C000573,A000716,2025-01-07T10:27:51+00:00,3767.46,INR,reversed,REFUND
T00008343,C000044,A001052,2026-08-27T21:53:22+00:00,1202.01,GBP,settled,SALE
T00008344,C000088,A000424,2026-03-03T02:38:35+00:00,364.41,GBP,pending,SALE
T00008345,C000094,A001065,2026-08-28T20:22:16+00:00,3634.11,CAD,failed,ADJUSTMENT
T00008346,C000166,A001440,2025-12-07T18:10:57+00:00,4116.12,EUR,reversed,ADJUSTMENT
T00008347,C000782,A000124,2025-06-18T01:16:04+00:00,4119.54,GBP,pending,ADJUSTMENT
T00008348,C000708,A000974,2025-09-18T23:20:47+00:00,163.88,GBP,reversed,SALE
T00008349,C000994,A001058,2026-07-06T04:49:38+00:00,1981.72,GBP,failed,SALE
T00008350,C000611,A000701,2025-06-14T22:35:55+00:00,4794.05,USD,reversed,ADJUSTMENT
T00008351,C000717,A000595,2026-05-01T03:03:09+00:00,317.11,EUR,settled,SALE
T00008352,C000471,A001028,2025-12-26T01:16:26+00:00,231.48,GBP,pending,TRANSFER
T00008353,C000697,A000260,2026-03-26T17:42:13+00:00,4940.06,USD,failed,ADJUSTMENT
T00008354,C000782,A000124,2026-05-03T22:09:05+00:00,3217.43,GBP,pending,ADJUSTMENT
T00008355,C000003,A000499,2025-09-22T07:45:34+00:00,3190.79,USD,pending,SALE
T00008356,C000699,A000738,2025-05-09T10:44:20+00:00,3720.00,USD,pending,REFUND
T00008357,C000822,A000732,2026-09-01T10:54:12+00:00,2030.05,GBP,settled,TRANSFER
T00008358,C000536,A001211,2026-01-30T14:34:58+00:00,2477.02,CAD,pending,TRANSFER
T00008359,C000800,A001210,2025-07-01T12:08:22+00:00,124.97,USD,pending,TRANSFER
T00008360,C000085,A000612,2026-02-08T06:27:50+00:00,4992.75,INR,pending,ADJUSTMENT
T00008361,C000462,A000110,2025-11-29T17:28:29+00:00,4912.15,INR,reversed,REFUND
T00008362,C000615,A000267,2025-08-12T15:52:21+00:00,1219.88,EUR,failed,SALE
T00008363,C000452,A000965,2025-11-08T21:16:49+00:00,3395.86,GBP,pending,ADJUSTMENT
T00008364,C000272,A000795,2025-12-05T01:27:25+00:00,3521.90,GBP,failed,SALE
T00008365,C000476,A001176,2025-07-09T02:55:08+00:00,2862.50,CAD,settled,TRANSFER
T00008366,C000362,A000724,2026-06-21T05:20:55+00:00,4061.84,EUR,pending,ADJUSTMENT
T00008367,C000791,A001305,2025-08-31T20:23:02+00:00,4512.27,CAD,pending,ADJUSTMENT
T00008368,C000580,A000816,2025-04-09T14:18:32+00:00,2625.51,INR,pending,REFUND
T00008369,C000104,A001112,2026-07-01T19:18:30+00:00,2984.67,CAD,reversed,TRANSFER
T00008370,C000037,A000196,2026-04-24T16:55:25+00:00,2825.86,INR,pending,SALE
T00008371,C000256,A000883,2025-05-03T22:14:13+00:00,4627.48,CAD,reversed,TRANSFER
T00008372,C000316,A000049,2026-03-17T22:56:55+00:00,3164.95,INR,pending,REFUND
T00008373,C000300,A000144,2025-11-16T03:10:17+00:00,3307.13,CAD,reversed,REFUND
T00008374,C000268,A001317,2025-11-25T04:37:01+00:00,290.69,CAD,reversed,TRANSFER
T00008375,C000665,A000263,2026-01-18T15:38:07+00:00,4211.61,CAD,settled,SALE
T00008376,C000270,A001455,2025-06-09T18:25:10+00:00,2461.19,INR,reversed,SALE
T00008377,C000316,A000584,2026-05-22T01:17:27+00:00,4898.42,GBP,pending,ADJUSTMENT
T00008378,C000028,A000755,2026-09-07T02:50:29+00:00,327.58,GBP,pending,REFUND
T00008379,C000619,A000926,2025-07-04T12:33:56+00:00,2072.96,USD,failed,ADJUSTMENT
T00008380,C000274,A001062,2025-11-12T00:57:23+00:00,148.79,USD,reversed,REFUND
T00008381,C000511,A000728,2025-10-03T23:19:12+00:00,3674.51,GBP,pending,SALE
T00008382,C000259,A000570,2025-04-09T22:34:32+00:00,479.76,CAD,failed,SALE
T00008383,C000146,A000880,2025-11-07T18:51:00+00:00,1647.45,CAD,reversed,REFUND
T00008384,C000391,A001068,2025-09-06T23:01:41+00:00,659.07,INR,pending,TRANSFER
T00008385,C000882,A000109,2026-07-23T21:27:10+00:00,3410.25,CAD,failed,SALE
T00008386,C000311,A001066,2025-06-12T07:33:26+00:00,2952.07,USD,reversed,ADJUSTMENT
T00008387,C000842,A000095,2025-03-08T04:48:32+00:00,3565.64,USD,settled,SALE
T00008388,C000463,A000860,2026-02-15T01:00:26+00:00,4468.60,USD,failed,ADJUSTMENT
T00008389,C000981,A000765,2026-01-14T06:45:13+00:00,349.84,INR,reversed,ADJUSTMENT
T00008390,C000527,A000786,2026-04-22T06:06:10+00:00,2065.37,USD,reversed,ADJUSTMENT
T00008391,C000707,A000096,2025-08-31T11:58:30+00:00,3852.04,GBP,pending,REFUND
T00008392,C000592,A000782,2026-02-19T03:22:12+00:00,3309.50,GBP,pending,ADJUSTMENT
T00008393,C000411,A000897,2025-12-03T02:01:22+00:00,2122.44,GBP,reversed,SALE
T00008394,C000573,A001388,2026-07-02T20:07:34+00:00,3087.92,GBP,reversed,SALE
T00008395,C000846,A001487,2025-11-03T08:41:31+00:00,1950.53,EUR,pending,REFUND
T00008396,C000988,A000280,2025-01-06T23:12:49+00:00,651.66,GBP,settled,SALE
T00008397,C000260,A000468,2025-12-11T00:03:00+00:00,3646.35,EUR,failed,TRANSFER
T00008398,C000328,A000197,2026-08-09T20:35:55+00:00,4177.42,CAD,pending,TRANSFER
T00008399,C000116,A000242,2026-07-28T05:27:27+00:00,208.99,GBP,reversed,ADJUSTMENT
T00008400,C000001,A000284,2026-02-01T17:14:54+00:00,2837.01,GBP,pending,REFUND
T00008401,C000616,A000706,2025-04-22T01:50:25+00:00,4649.00,INR,failed,REFUND
T00008402,C000249,A001435,2025-10-30T08:57:21+00:00,2773.75,INR,reversed,ADJUSTMENT
T00008403,C000049,A001156,2025-03-22T05:54:49+00:00,306.53,USD,failed,SALE
T00008404,C000013,A001002,2025-08-11T03:25:56+00:00,2648.08,INR,pending,REFUND
T00008405,C000006,A000874,2025-06-13T15:16:52+00:00,4257.10,USD,reversed,ADJUSTMENT
T00008406,C000427,A000408,2026-07-18T06:40:21+00:00,2056.92,EUR,failed,REFUND
T00008407,C000470,A001461,2026-08-10T12:24:58+00:00,1283.30,EUR,reversed,ADJUSTMENT
T00008408,C000694,A001338,2026-07-21T15:59:49+00:00,642.39,EUR,reversed,REFUND
T00008409,C000924,A001378,2026-05-17T09:51:45+00:00,4450.42,CAD,settled,TRANSFER
T00008410,C000109,A001014,2025-02-04T13:08:25+00:00,1078.69,INR,settled,TRANSFER
T00008411,C000873,A000213,2025-12-26T06:40:37+00:00,4574.78,INR,failed,ADJUSTMENT
T00008412,C000136,A000759,2025-12-26T10:26:01+00:00,3268.14,GBP,reversed,TRANSFER
T00008413,C000806,A000693,2025-06-05T02:31:22+00:00,2590.04,CAD,failed,ADJUSTMENT
T00008414,C000193,A001464,2026-05-27T05:23:49+00:00,483.06,GBP,reversed,ADJUSTMENT
T00008415,C000223,A000520,2025-04-16T11:47:03+00:00,1325.26,USD,settled,TRANSFER
T00008416,C000202,A000695,2025-04-26T08:58:03+00:00,3302.68,CAD,pending,SALE
T00008417,C000126,A001343,2025-06-22T12:23:03+00:00,919.86,INR,reversed,SALE
T00008418,C000536,A001211,2025-09-20T03:06:53+00:00,3517.72,CAD,settled,SALE
T00008419,C000637,A000592,2025-03-20T18:29:38+00:00,595.04,EUR,failed,TRANSFER
T00008420,C000945,A000286,2025-06-27T16:21:30+00:00,4812.78,USD,pending,REFUND
T00008421,C000733,A000921,2026-03-17T19:40:46+00:00,887.54,CAD,settled,ADJUSTMENT
T00008422,C000450,A001132,2026-01-07T23:19:03+00:00,4781.63,EUR,failed,SALE
T00008423,C000297,A000756,2025-11-16T04:37:33+00:00,2942.98,USD,settled,ADJUSTMENT
T00008424,C000738,A000384,2026-01-08T02:11:06+00:00,4623.43,CAD,settled,REFUND
T00008425,C000388,A000130,2025-05-14T22:36:11+00:00,4534.04,EUR,pending,REFUND
T00008426,C000519,A000656,2025-02-06T02:19:19+00:00,3687.09,EUR,reversed,ADJUSTMENT
T00008427,C000396,A001023,2025-09-27T13:21:36+00:00,4112.18,USD,settled,TRANSFER
T00008428,C000315,A001226,2025-10-22T20:10:37+00:00,2902.02,USD,pending,REFUND
T00008429,C000439,A001141,2025-08-03T14:05:43+00:00,1627.98,USD,reversed,SALE
T00008430,C000452,A000541,2026-07-09T10:37:45+00:00,3948.65,EUR,settled,TRANSFER
T00008431,C000812,A001105,2025-01-05T12:09:00+00:00,2061.80,EUR,reversed,ADJUSTMENT
T00008432,C000761,A000836,2025-05-27T21:06:07+00:00,286.48,USD,failed,TRANSFER
T00008433,C000357,A000349,2026-02-19T13:13:15+00:00,3104.60,USD,settled,TRANSFER
T00008434,C000629,A000243,2025-07-20T07:39:13+00:00,1511.06,CAD,settled,ADJUSTMENT
T00008435,C000135,A000544,2026-08-12T02:35:41+00:00,4643.53,USD,failed,ADJUSTMENT
T00008436,C000885,A000055,2025-05-18T08:44:42+00:00,2743.96,GBP,settled,TRANSFER
T00008437,C000178,A000445,2026-08-05T02:32:53+00:00,3663.37,INR,settled,SALE
T00008438,C000833,A001076,2025-10-21T15:19:05+00:00,2754.46,EUR,failed,SALE
T00008439,C000624,A000085,2026-05-21T16:55:20+00:00,2220.80,GBP,pending,REFUND
T00008440,C000446,A001102,2025-05-30T18:22:37+00:00,1564.49,EUR,pending,SALE
T00008441,C000205,A001400,2025-06-08T10:28:26+00:00,1928.15,EUR,settled,ADJUSTMENT
T00008442,C000003,A000733,2025-03-31T10:02:34+00:00,3485.73,INR,settled,ADJUSTMENT
T00008443,C000181,A000481,2025-05-17T21:47:59+00:00,780.66,EUR,settled,ADJUSTMENT
T00008444,C000701,A000364,2026-08-02T23:45:53+00:00,2037.82,GBP,settled,SALE
T00008445,C000010,A000141,2026-04-13T07:00:58+00:00,3739.43,USD,failed,TRANSFER
T00008446,C000620,A001140,2026-05-22T08:56:50+00:00,2743.70,USD,pending,TRANSFER
T00008447,C000746,A000314,2026-04-25T02:06:26+00:00,1525.24,GBP,settled,ADJUSTMENT
T00008448,C000374,A001160,2025-09-10T23:04:07+00:00,1639.22,EUR,pending,SALE
T00008449,C000777,A001017,2026-08-11T03:12:33+00:00,1326.88,EUR,reversed,SALE
T00008450,C000682,A000239,2025-01-12T23:24:04+00:00,2429.60,EUR,settled,REFUND
T00008451,C000681,A000454,2025-08-26T04:10:26+00:00,3255.99,EUR,pending,REFUND
T00008452,C000681,A000454,2026-07-06T13:04:51+00:00,4565.06,EUR,failed,ADJUSTMENT
T00008453,C000981,A001458,2025-03-18T02:10:28+00:00,1504.25,INR,settled,TRANSFER
T00008454,C000667,A000330,2025-06-15T18:20:50+00:00,27.97,GBP,pending,TRANSFER
T00008455,C000292,A000485,2026-06-05T22:04:53+00:00,1732.05,EUR,failed,ADJUSTMENT
T00008456,C000650,A000355,2026-04-04T16:56:58+00:00,2452.35,USD,settled,TRANSFER
T00008457,C000429,A001237,2025-03-25T04:03:54+00:00,4752.34,EUR,reversed,ADJUSTMENT
T00008458,C000761,A000836,2025-07-07T13:40:48+00:00,4447.70,USD,settled,ADJUSTMENT
T00008459,C000606,A001153,2025-03-30T14:58:09+00:00,1881.93,GBP,pending,TRANSFER
T00008460,C000214,A001348,2025-06-15T04:05:49+00:00,1195.25,GBP,settled,ADJUSTMENT
T00008461,C000813,A000562,2025-07-16T07:43:13+00:00,4409.56,CAD,settled,TRANSFER
T00008462,C000923,A000032,2026-05-26T20:27:12+00:00,3818.14,GBP,reversed,REFUND
T00008463,C000813,A000192,2025-08-06T05:27:19+00:00,1367.20,INR,settled,ADJUSTMENT
T00008464,C000539,A001005,2025-08-05T20:38:55+00:00,4739.65,GBP,failed,TRANSFER
T00008465,C000013,A001148,2025-07-16T23:46:34+00:00,4804.63,GBP,settled,REFUND
T00008466,C000907,A000399,2025-06-18T14:36:46+00:00,1779.63,USD,pending,TRANSFER
T00008467,C000389,A001185,2026-08-25T21:43:13+00:00,1623.26,INR,reversed,ADJUSTMENT
T00008468,C000567,A000509,2026-01-30T22:21:59+00:00,3816.66,INR,pending,ADJUSTMENT
T00008469,C000983,A000346,2026-03-07T19:30:23+00:00,4445.98,INR,settled,TRANSFER
T00008470,C000688,A000451,2025-03-20T16:29:39+00:00,3950.92,USD,pending,SALE
T00008471,C000769,A001293,2025-07-28T18:14:46+00:00,2736.69,GBP,settled,ADJUSTMENT
T00008472,C000832,A000792,2025-09-26T19:07:30+00:00,1748.49,INR,failed,REFUND
T00008473,C000756,A000953,2025-09-18T00:30:04+00:00,4943.38,USD,pending,SALE
T00008474,C000362,A000724,2025-04-24T17:58:27+00:00,1648.36,EUR,failed,SALE
T00008475,C000376,A000866,2025-12-01T14:30:42+00:00,731.89,GBP,failed,SALE
T00008476,C000185,A000392,2026-03-18T19:54:48+00:00,2718.92,INR,settled,ADJUSTMENT
T00008477,C000826,A000839,2025-11-01T21:10:14+00:00,1902.74,GBP,pending,REFUND
T00008478,C000316,A000584,2026-07-14T03:44:37+00:00,10.32,GBP,pending,TRANSFER
T00008479,C000416,A000262,2026-05-30T06:44:15+00:00,189.82,USD,pending,REFUND
T00008480,C000342,A000870,2025-06-26T14:12:13+00:00,3402.76,GBP,pending,REFUND
T00008481,C000668,A000204,2025-11-13T09:11:35+00:00,2734.70,CAD,pending,ADJUSTMENT
T00008482,C000581,A001169,2025-01-09T01:02:14+00:00,3736.40,USD,reversed,TRANSFER
T00008483,C000707,A000096,2025-02-19T00:30:50+00:00,1957.18,GBP,settled,ADJUSTMENT
T00008484,C000894,A000311,2025-09-23T15:29:21+00:00,1516.51,GBP,pending,SALE
T00008485,C000185,A000392,2025-10-15T16:16:08+00:00,4099.39,INR,failed,TRANSFER
T00008486,C000195,A001128,2025-07-16T16:54:09+00:00,1991.89,GBP,reversed,TRANSFER
T00008487,C000518,A000283,2025-12-10T00:51:26+00:00,1797.45,USD,settled,SALE
T00008488,C000852,A000244,2025-06-20T17:34:42+00:00,3282.72,GBP,settled,SALE
T00008489,C000655,A001414,2025-01-09T08:51:45+00:00,2471.08,EUR,failed,SALE
T00008490,C000268,A000254,2025-02-23T19:40:19+00:00,2052.58,CAD,failed,ADJUSTMENT
T00008491,C000546,A001150,2025-11-24T09:11:55+00:00,4937.96,USD,settled,ADJUSTMENT
T00008492,C000049,A001156,2026-08-03T19:50:39+00:00,112.91,USD,failed,REFUND
T00008493,C000942,A001138,2026-04-02T09:53:40+00:00,2443.21,GBP,pending,TRANSFER
T00008494,C000010,A000141,2025-10-05T20:28:39+00:00,555.35,USD,reversed,REFUND
T00008495,C000054,A000217,2026-05-19T19:30:44+00:00,4194.64,CAD,failed,TRANSFER
T00008496,C000061,A001009,2026-02-03T14:05:57+00:00,1871.80,GBP,settled,SALE
T00008497,C000424,A001110,2026-05-22T22:57:46+00:00,3961.86,CAD,reversed,REFUND
T00008498,C000981,A001458,2025-10-01T19:42:35+00:00,2288.23,INR,settled,SALE
T00008499,C000249,A001131,2025-07-25T15:24:59+00:00,2882.68,GBP,pending,REFUND
T00008500,C000268,A001262,2026-08-17T04:12:23+00:00,4023.99,INR,failed,TRANSFER
T00008501,C000502,A000404,2025-05-31T17:24:32+00:00,3839.09,INR,reversed,SALE
T00008502,C000357,A000349,2025-08-10T05:50:40+00:00,4318.05,USD,failed,TRANSFER
T00008503,C000803,A001385,2026-05-17T17:31:15+00:00,4837.53,EUR,reversed,REFUND
T00008504,C000111,A000616,2026-02-05T19:25:24+00:00,803.85,INR,pending,ADJUSTMENT
T00008505,C000316,A000264,2025-03-25T09:39:54+00:00,1756.14,GBP,pending,TRANSFER
T00008506,C000197,A000246,2025-12-11T16:17:59+00:00,2678.22,EUR,settled,TRANSFER
T00008507,C000220,A000250,2026-03-08T09:58:09+00:00,4390.32,EUR,pending,SALE
T00008508,C000816,A000079,2026-02-24T12:51:29+00:00,216.67,CAD,settled,TRANSFER
T00008509,C000238,A000220,2026-06-25T10:59:07+00:00,1875.50,INR,pending,TRANSFER
T00008510,C000487,A000398,2025-07-04T00:22:20+00:00,1656.92,INR,settled,SALE
T00008511,C000554,A001274,2025-06-29T02:36:44+00:00,4916.94,USD,reversed,TRANSFER
T00008512,C000616,A000706,2026-01-16T22:55:32+00:00,4694.39,INR,settled,TRANSFER
T00008513,C000197,A000246,2025-10-24T11:33:58+00:00,1353.04,EUR,failed,ADJUSTMENT
T00008514,C000302,A000106,2025-04-20T23:40:14+00:00,1768.08,INR,settled,ADJUSTMENT
T00008515,C000887,A000350,2026-01-25T11:54:30+00:00,4668.84,INR,settled,REFUND
T00008516,C000950,A001291,2026-05-08T10:45:07+00:00,2377.15,CAD,pending,SALE
T00008517,C000555,A001332,2025-08-29T07:34:04+00:00,1682.51,GBP,pending,SALE
T00008518,C000554,A001244,2025-09-15T17:12:07+00:00,1115.00,CAD,settled,SALE
T00008519,C000650,A000355,2026-05-27T10:08:15+00:00,970.65,USD,pending,SALE
T00008520,C000833,A001197,2025-09-29T15:41:56+00:00,2568.47,EUR,settled,REFUND
T00008521,C000589,A000077,2025-06-30T07:42:11+00:00,4261.91,CAD,settled,ADJUSTMENT
T00008522,C000854,A000838,2026-07-17T21:28:58+00:00,471.22,CAD,pending,SALE
T00008523,C000560,A000289,2026-01-03T16:23:49+00:00,2145.96,EUR,failed,ADJUSTMENT
T00008524,C000600,A000688,2026-06-14T01:24:22+00:00,4823.44,GBP,settled,REFUND
T00008525,C000385,A000500,2026-07-31T18:18:07+00:00,2778.20,INR,reversed,REFUND
T00008526,C000494,A000248,2025-08-15T09:56:14+00:00,3981.37,GBP,failed,ADJUSTMENT
T00008527,C000044,A000542,2025-08-02T01:28:31+00:00,2642.06,USD,pending,TRANSFER
T00008528,C000058,A000535,2025-04-17T08:09:29+00:00,1423.06,INR,settled,SALE
T00008529,C000458,A000429,2025-11-05T02:41:03+00:00,2726.61,INR,reversed,ADJUSTMENT
T00008530,C000866,A000722,2026-01-15T06:04:15+00:00,1156.05,EUR,pending,TRANSFER
T00008531,C000979,A000494,2025-05-23T07:04:53+00:00,3556.46,INR,settled,ADJUSTMENT
T00008532,C000333,A001187,2025-07-30T10:29:24+00:00,708.66,USD,failed,REFUND
T00008533,C000676,A000190,2026-04-30T00:49:50+00:00,3607.61,EUR,settled,ADJUSTMENT
T00008534,C000769,A001264,2026-06-13T14:28:27+00:00,3691.29,EUR,settled,TRANSFER
T00008535,C000194,A001064,2025-12-10T15:33:55+00:00,475.52,USD,reversed,REFUND
T00008536,C000576,A001474,2026-07-16T00:27:02+00:00,3273.74,USD,settled,REFUND
T00008537,C000185,A000392,2025-09-12T16:32:35+00:00,4708.82,INR,failed,TRANSFER
T00008538,C000343,A001230,2025-02-04T20:21:32+00:00,2596.31,EUR,reversed,ADJUSTMENT
T00008539,C000471,A000946,2025-11-17T13:35:35+00:00,3463.38,USD,reversed,TRANSFER
T00008540,C000258,A000712,2025-07-31T00:44:46+00:00,3133.48,INR,settled,TRANSFER
T00008541,C000251,A000434,2025-03-09T23:57:45+00:00,3076.34,GBP,settled,SALE
T00008542,C000566,A000033,2026-04-08T11:15:00+00:00,1636.64,EUR,pending,SALE
T00008543,C000429,A001237,2026-05-20T08:34:53+00:00,126.64,EUR,pending,ADJUSTMENT
T00008544,C000740,A000315,2025-12-19T06:27:07+00:00,4173.87,CAD,settled,REFUND
T00008545,C000203,A000035,2026-09-05T14:16:17+00:00,841.54,INR,failed,REFUND
T00008546,C000145,A001106,2025-04-16T21:20:13+00:00,412.19,GBP,reversed,TRANSFER
T00008547,C000296,A001126,2026-01-11T05:17:11+00:00,453.14,EUR,pending,TRANSFER
T00008548,C000615,A000041,2025-09-18T10:42:51+00:00,2676.20,CAD,reversed,REFUND
T00008549,C000531,A000075,2025-08-08T12:53:11+00:00,96.60,USD,failed,ADJUSTMENT
T00008550,C000455,A000853,2025-04-12T19:03:02+00:00,1968.47,CAD,reversed,TRANSFER
T00008551,C000150,A000585,2026-04-30T14:30:08+00:00,3632.41,EUR,settled,REFUND
T00008552,C000459,A001220,2026-09-10T02:41:50+00:00,2272.24,CAD,reversed,TRANSFER
T00008553,C000786,A001350,2025-08-29T02:28:50+00:00,396.76,CAD,pending,SALE
T00008554,C000753,A000482,2025-10-14T22:43:53+00:00,2978.07,GBP,reversed,REFUND
T00008555,C000384,A000686,2025-05-18T01:50:46+00:00,1605.84,GBP,pending,SALE
T00008556,C000576,A000249,2026-08-30T02:41:37+00:00,1394.46,GBP,pending,REFUND
T00008557,C000674,A000019,2026-03-01T17:22:51+00:00,1019.91,CAD,settled,REFUND
T00008558,C000954,A000821,2026-07-06T00:08:25+00:00,4084.85,EUR,failed,TRANSFER
T00008559,C000133,A000715,2026-07-08T20:56:56+00:00,1862.64,USD,failed,REFUND
T00008560,C000713,A000038,2025-08-07T23:03:25+00:00,3889.90,USD,settled,SALE
T00008561,C000826,A000180,2025-11-09T15:55:35+00:00,4634.93,CAD,pending,SALE
T00008562,C000348,A000017,2025-01-07T04:04:48+00:00,763.12,USD,settled,TRANSFER
T00008563,C000908,A000171,2026-04-07T10:40:02+00:00,725.92,USD,failed,REFUND
T00008564,C000529,A000178,2025-10-15T16:15:43+00:00,1698.35,CAD,settled,TRANSFER
T00008565,C000650,A000355,2026-01-01T02:20:28+00:00,996.82,USD,failed,TRANSFER
T00008566,C000230,A001100,2025-08-02T18:17:53+00:00,4810.91,INR,reversed,TRANSFER
T00008567,C000576,A001292,2026-08-18T17:19:59+00:00,2624.10,CAD,settled,REFUND
T00008568,C000146,A000880,2025-02-26T02:28:38+00:00,4040.72,CAD,failed,TRANSFER
T00008569,C000572,A001013,2026-07-26T05:45:11+00:00,882.39,USD,reversed,REFUND
T00008570,C000614,A001364,2025-07-05T15:28:07+00:00,1912.18,GBP,pending,REFUND
T00008571,C000178,A000117,2025-02-01T00:12:53+00:00,3372.57,INR,settled,TRANSFER
T00008572,C000116,A000242,2026-08-08T11:27:11+00:00,4525.77,GBP,reversed,SALE
T00008573,C000224,A000084,2025-03-04T06:32:23+00:00,274.29,GBP,reversed,SALE
T00008574,C000126,A001039,2025-12-15T16:42:45+00:00,1763.58,INR,failed,SALE
T00008575,C000700,A000066,2026-03-04T17:48:08+00:00,84.55,CAD,reversed,SALE
T00008576,C000014,A000579,2025-11-24T19:11:50+00:00,2429.09,USD,pending,REFUND
T00008577,C000656,A001341,2025-06-21T14:29:43+00:00,1896.73,CAD,pending,ADJUSTMENT
T00008578,C000786,A001350,2025-03-06T04:43:18+00:00,733.71,CAD,pending,ADJUSTMENT
T00008579,C000473,A000938,2025-10-23T06:10:29+00:00,3405.48,GBP,reversed,SALE
T00008580,C000713,A000683,2026-04-14T08:05:47+00:00,4553.78,INR,reversed,REFUND
T00008581,C000499,A000555,2025-03-04T05:00:27+00:00,4749.74,USD,failed,ADJUSTMENT
T00008582,C000074,A001021,2025-06-29T00:17:02+00:00,407.05,EUR,pending,ADJUSTMENT
T00008583,C000733,A000921,2025-09-02T18:20:36+00:00,263.08,CAD,reversed,ADJUSTMENT
T00008584,C000619,A001059,2025-11-04T22:25:55+00:00,1284.87,INR,pending,ADJUSTMENT
T00008585,C000231,A001351,2026-07-05T01:07:18+00:00,2740.03,CAD,settled,SALE
T00008586,C000181,A001054,2025-03-19T23:19:44+00:00,566.52,GBP,reversed,REFUND
T00008587,C000449,A000571,2025-11-14T01:26:54+00:00,4180.53,USD,failed,SALE
T00008588,C000597,A001361,2025-12-01T07:43:55+00:00,4383.76,EUR,settled,REFUND
T00008589,C000818,A000187,2025-07-24T08:54:19+00:00,2263.60,GBP,reversed,TRANSFER
T00008590,C000360,A000081,2025-04-25T11:22:11+00:00,2490.74,GBP,pending,ADJUSTMENT
T00008591,C000617,A000368,2026-03-04T12:53:49+00:00,4594.21,EUR,failed,REFUND
T00008592,C000471,A001028,2025-04-20T17:48:10+00:00,4121.93,GBP,settled,SALE
T00008593,C000658,A001159,2025-02-09T00:57:17+00:00,3802.90,INR,settled,REFUND
T00008594,C000578,A000015,2025-01-29T00:09:41+00:00,789.94,GBP,pending,SALE
T00008595,C000431,A001307,2026-08-19T03:37:34+00:00,3420.04,CAD,failed,SALE
T00008596,C000056,A000483,2025-04-03T16:56:13+00:00,1774.07,USD,pending,SALE
T00008597,C000114,A000194,2026-06-13T00:16:24+00:00,2094.40,USD,reversed,TRANSFER
T00008598,C000168,A000184,2026-05-27T11:18:38+00:00,2044.05,USD,failed,ADJUSTMENT
T00008599,C000132,A001031,2026-09-04T11:55:05+00:00,1536.03,EUR,pending,ADJUSTMENT
T00008600,C000766,A000808,2026-05-26T19:26:24+00:00,551.43,INR,reversed,SALE
T00008601,C000822,A001484,2025-05-19T05:45:48+00:00,4793.64,USD,failed,REFUND
T00008602,C000113,A000328,2025-09-29T05:03:45+00:00,165.76,INR,failed,ADJUSTMENT
T00008603,C000297,A000756,2025-03-21T06:28:55+00:00,1565.88,USD,reversed,SALE
T00008604,C000712,A000068,2025-11-29T17:16:12+00:00,4169.90,EUR,settled,SALE
T00008605,C000433,A000235,2025-03-13T01:15:47+00:00,514.14,CAD,reversed,SALE
T00008606,C000298,A000022,2026-09-10T11:51:40+00:00,743.14,CAD,settled,SALE
T00008607,C000763,A000452,2025-08-12T06:49:31+00:00,3247.33,INR,reversed,ADJUSTMENT
T00008608,C000105,A000744,2025-09-12T07:56:46+00:00,1459.52,EUR,reversed,TRANSFER
T00008609,C000382,A000658,2025-12-22T08:09:15+00:00,2237.51,USD,settled,REFUND
T00008610,C000756,A001310,2026-06-16T08:04:34+00:00,4397.04,EUR,settled,ADJUSTMENT
T00008611,C000058,A001104,2026-06-25T15:21:21+00:00,3773.26,USD,settled,ADJUSTMENT
T00008612,C000899,A000526,2025-06-25T11:25:56+00:00,1283.68,CAD,settled,SALE
T00008613,C000283,A000714,2025-04-19T12:29:37+00:00,2467.07,USD,reversed,ADJUSTMENT
T00008614,C000999,A001360,2025-03-28T09:57:22+00:00,3527.00,USD,reversed,TRANSFER
T00008615,C000945,A000286,2025-07-20T02:24:17+00:00,2058.99,USD,settled,REFUND
T00008616,C000894,A000563,2025-11-08T06:44:24+00:00,4415.98,CAD,reversed,ADJUSTMENT
T00008617,C000312,A000820,2025-01-29T07:26:56+00:00,4842.03,USD,failed,REFUND
T00008618,C000894,A000563,2025-09-05T18:54:27+00:00,898.70,CAD,reversed,REFUND
T00008619,C000658,A000094,2025-12-26T00:55:03+00:00,2467.20,INR,reversed,REFUND
T00008620,C000348,A000017,2026-08-22T20:29:21+00:00,2437.68,USD,reversed,TRANSFER
T00008621,C000168,A000184,2025-08-30T12:00:35+00:00,1984.82,USD,pending,REFUND
T00008622,C000217,A000487,2025-12-03T15:42:37+00:00,1214.40,INR,reversed,SALE
T00008623,C000424,A001267,2026-04-27T08:42:25+00:00,1917.05,EUR,pending,SALE
T00008624,C000713,A000418,2025-11-10T19:57:24+00:00,4472.13,EUR,reversed,SALE
T00008625,C000812,A001105,2026-03-27T19:55:24+00:00,1243.22,EUR,pending,TRANSFER
T00008626,C000408,A000887,2025-10-25T02:20:49+00:00,702.90,EUR,settled,REFUND
T00008627,C000495,A001281,2025-06-10T02:09:08+00:00,1758.17,EUR,pending,REFUND
T00008628,C000084,A001333,2026-07-11T04:31:08+00:00,2691.44,EUR,settled,SALE
T00008629,C000155,A000607,2025-07-07T23:22:06+00:00,1674.15,CAD,reversed,ADJUSTMENT
T00008630,C000727,A001345,2026-01-09T01:22:17+00:00,3602.76,CAD,pending,SALE
T00008631,C000786,A000026,2025-09-16T18:22:18+00:00,2788.96,CAD,pending,TRANSFER
T00008632,C000550,A000134,2025-07-24T11:12:28+00:00,4983.96,GBP,failed,REFUND
T00008633,C000584,A000881,2026-06-07T03:33:46+00:00,624.84,EUR,pending,SALE
T00008634,C000256,A000615,2025-06-21T03:54:34+00:00,2873.89,EUR,reversed,REFUND
T00008635,C000035,A001221,2026-08-18T18:29:27+00:00,2370.01,USD,reversed,TRANSFER
T00008636,C000644,A000450,2025-04-26T23:10:01+00:00,4292.23,INR,reversed,TRANSFER
T00008637,C000122,A001412,2026-07-15T11:41:51+00:00,4316.10,EUR,settled,SALE
T00008638,C000373,A001194,2025-10-01T11:55:25+00:00,820.74,USD,pending,SALE
T00008639,C000008,A000240,2026-05-31T06:52:14+00:00,1270.09,GBP,pending,ADJUSTMENT
T00008640,C000662,A000347,2025-09-21T22:26:21+00:00,4493.00,CAD,settled,ADJUSTMENT
T00008641,C000979,A000494,2025-12-21T13:10:34+00:00,2834.92,INR,settled,ADJUSTMENT
T00008642,C000076,A001485,2025-09-01T01:19:13+00:00,488.35,INR,settled,SALE
T00008643,C000119,A000577,2026-03-11T01:31:31+00:00,2256.20,GBP,pending,SALE
T00008644,C000833,A001197,2025-01-15T02:27:19+00:00,2525.60,EUR,reversed,ADJUSTMENT
T00008645,C000713,A000418,2026-08-12T05:17:32+00:00,3708.29,EUR,reversed,REFUND
T00008646,C000944,A000846,2026-06-12T23:05:47+00:00,4113.58,EUR,reversed,ADJUSTMENT
T00008647,C000981,A000765,2026-06-14T14:39:59+00:00,1859.52,INR,reversed,REFUND
T00008648,C000192,A001069,2026-05-05T11:01:20+00:00,3808.73,EUR,settled,TRANSFER
T00008649,C000780,A001402,2026-03-07T01:06:12+00:00,4117.64,INR,failed,SALE
T00008650,C000949,A000224,2026-06-22T18:27:48+00:00,253.81,INR,pending,ADJUSTMENT
T00008651,C000828,A000522,2025-07-01T17:02:02+00:00,999.86,USD,pending,SALE
T00008652,C000589,A000077,2026-09-06T13:32:05+00:00,1077.83,CAD,failed,TRANSFER
T00008653,C000706,A000169,2025-10-18T20:18:17+00:00,3597.95,GBP,failed,SALE
T00008654,C000308,A000601,2026-02-22T12:53:27+00:00,4694.04,GBP,pending,TRANSFER
T00008655,C000611,A000701,2025-03-28T02:16:16+00:00,4797.56,USD,reversed,TRANSFER
T00008656,C000219,A001055,2025-03-01T21:06:56+00:00,3385.02,CAD,failed,TRANSFER
T00008657,C000476,A000048,2026-04-22T22:27:51+00:00,1590.75,INR,failed,SALE
T00008658,C000899,A000526,2026-05-12T17:35:46+00:00,2693.11,CAD,settled,REFUND
T00008659,C000712,A000420,2026-02-28T10:20:52+00:00,3270.71,CAD,settled,TRANSFER
T00008660,C000616,A000706,2025-01-10T12:22:01+00:00,3536.39,INR,failed,TRANSFER
T00008661,C000080,A000845,2026-07-30T12:13:23+00:00,3673.07,CAD,settled,TRANSFER
T00008662,C000555,A000437,2025-04-11T07:41:50+00:00,1318.48,CAD,pending,TRANSFER
T00008663,C000211,A001373,2026-01-07T07:24:56+00:00,1912.06,INR,reversed,TRANSFER
T00008664,C000909,A000997,2026-08-04T22:17:53+00:00,965.49,USD,pending,ADJUSTMENT
T00008665,C000445,A001183,2025-09-14T18:13:34+00:00,2110.37,EUR,settled,ADJUSTMENT
T00008666,C000325,A000318,2026-01-08T17:32:45+00:00,4133.44,EUR,failed,TRANSFER
T00008667,C000615,A000267,2026-03-06T02:09:22+00:00,2682.30,EUR,settled,REFUND
T00008668,C000326,A000552,2026-08-16T12:36:22+00:00,4407.62,CAD,reversed,ADJUSTMENT
T00008669,C000818,A000650,2026-05-20T04:38:44+00:00,4729.42,CAD,reversed,ADJUSTMENT
T00008670,C000489,A000511,2026-07-05T01:41:03+00:00,1834.73,INR,settled,REFUND
T00008671,C000017,A000614,2026-08-15T17:26:07+00:00,2372.42,INR,reversed,ADJUSTMENT
T00008672,C000619,A000862,2025-12-28T19:23:05+00:00,3545.19,GBP,reversed,SALE
T00008673,C000010,A000141,2025-05-22T01:35:19+00:00,3437.41,USD,failed,SALE
T00008674,C000226,A000737,2026-07-10T03:12:48+00:00,2845.71,GBP,failed,REFUND
T00008675,C000287,A000664,2026-03-08T01:44:41+00:00,1965.60,GBP,failed,ADJUSTMENT
T00008676,C000533,A000312,2026-05-28T06:47:58+00:00,3576.79,EUR,reversed,ADJUSTMENT
T00008677,C000599,A000653,2026-02-11T12:03:26+00:00,3690.59,INR,failed,REFUND
T00008678,C000294,A001120,2026-04-04T03:56:12+00:00,1851.77,GBP,settled,ADJUSTMENT
T00008679,C000822,A000732,2026-03-04T06:11:59+00:00,2550.33,GBP,failed,SALE
T00008680,C000643,A000107,2026-06-11T15:44:30+00:00,2977.65,USD,failed,SALE
T00008681,C000587,A001086,2025-07-28T10:21:04+00:00,1010.70,GBP,pending,ADJUSTMENT
T00008682,C000576,A001292,2025-06-03T20:48:51+00:00,3523.06,CAD,pending,TRANSFER
T00008683,C000466,A001304,2025-05-18T07:05:24+00:00,2473.66,GBP,reversed,ADJUSTMENT
T00008684,C000983,A000346,2026-02-15T21:26:17+00:00,2034.61,INR,settled,REFUND
T00008685,C000318,A000711,2025-12-07T18:53:29+00:00,634.75,GBP,reversed,SALE
T00008686,C000494,A000202,2026-03-15T17:34:15+00:00,4643.74,CAD,failed,REFUND
T00008687,C000017,A000889,2025-09-05T04:20:54+00:00,1344.18,EUR,settled,TRANSFER
T00008688,C000597,A001361,2025-09-29T20:14:41+00:00,956.44,EUR,settled,REFUND
T00008689,C000888,A001403,2026-04-18T15:04:20+00:00,4249.35,CAD,failed,REFUND
T00008690,C000615,A001218,2026-08-26T21:46:13+00:00,2343.97,INR,settled,REFUND
T00008691,C000706,A000169,2026-03-04T14:28:26+00:00,3999.39,GBP,reversed,ADJUSTMENT
T00008692,C000079,A000028,2025-11-07T20:56:45+00:00,2148.65,GBP,failed,SALE
T00008693,C000890,A000854,2025-11-17T03:29:14+00:00,1677.15,USD,settled,ADJUSTMENT
T00008694,C000919,A000582,2026-05-26T11:48:44+00:00,4590.00,EUR,reversed,ADJUSTMENT
T00008695,C000202,A001452,2026-07-29T16:41:12+00:00,1420.94,GBP,reversed,TRANSFER
T00008696,C000658,A000599,2025-02-15T12:23:30+00:00,2479.00,CAD,pending,REFUND
T00008697,C000056,A000303,2025-05-09T14:31:40+00:00,3070.19,GBP,reversed,SALE
T00008698,C000202,A000695,2025-06-15T22:23:06+00:00,2252.40,CAD,reversed,TRANSFER
T00008699,C000713,A001179,2025-08-09T03:47:17+00:00,188.90,INR,failed,TRANSFER
T00008700,C000629,A000243,2025-03-25T11:21:00+00:00,4259.54,CAD,pending,TRANSFER
T00008701,C000915,A000505,2025-02-21T07:37:19+00:00,110.88,INR,settled,ADJUSTMENT
T00008702,C000471,A000946,2025-12-10T09:14:59+00:00,2572.43,USD,failed,SALE
T00008703,C000573,A001388,2025-07-06T09:02:16+00:00,694.92,GBP,settled,SALE
T00008704,C000940,A000018,2025-02-11T10:46:56+00:00,4746.41,USD,settled,TRANSFER
T00008705,C000942,A001138,2025-07-16T22:13:57+00:00,3156.35,GBP,failed,SALE
T00008706,C000373,A000796,2026-08-14T09:57:04+00:00,1403.42,GBP,pending,REFUND
T00008707,C000582,A001327,2026-01-26T22:35:03+00:00,19.41,GBP,failed,SALE
T00008708,C000380,A001269,2026-02-20T00:15:50+00:00,559.38,EUR,failed,ADJUSTMENT
T00008709,C000585,A001278,2025-10-16T17:21:47+00:00,937.37,EUR,reversed,TRANSFER
T00008710,C000301,A001312,2025-10-18T12:12:32+00:00,1577.80,CAD,reversed,SALE
T00008711,C000619,A000926,2025-11-24T11:04:57+00:00,2708.20,USD,pending,TRANSFER
T00008712,C000741,A000971,2026-04-15T19:32:54+00:00,3387.48,INR,settled,TRANSFER
T00008713,C000793,A000969,2026-05-24T23:42:34+00:00,3363.53,CAD,failed,TRANSFER
T00008714,C000402,A000297,2026-01-30T20:57:32+00:00,2854.57,EUR,failed,TRANSFER
T00008715,C000645,A000076,2025-07-31T17:02:53+00:00,3087.34,CAD,failed,ADJUSTMENT
T00008716,C000882,A000109,2025-09-14T10:07:18+00:00,4505.24,CAD,reversed,REFUND
T00008717,C000637,A000367,2026-01-23T05:12:13+00:00,3035.31,GBP,failed,REFUND
T00008718,C000172,A001057,2026-05-23T15:19:15+00:00,2288.81,USD,settled,SALE
T00008719,C000514,A001134,2025-07-03T22:07:57+00:00,296.01,USD,failed,SALE
T00008720,C000027,A000551,2026-04-06T21:27:12+00:00,3087.40,GBP,settled,TRANSFER
T00008721,C000290,A000298,2026-01-21T14:06:10+00:00,2702.62,INR,settled,TRANSFER
T00008722,C000373,A000828,2025-10-21T02:42:47+00:00,145.94,INR,pending,ADJUSTMENT
T00008723,C000966,A000219,2025-05-17T15:57:29+00:00,1057.30,INR,settled,TRANSFER
T00008724,C000546,A001004,2026-07-26T10:43:10+00:00,1859.40,EUR,reversed,TRANSFER
T00008725,C000045,A000040,2026-06-30T16:44:17+00:00,603.72,GBP,pending,ADJUSTMENT
T00008726,C000145,A001106,2026-05-08T20:49:25+00:00,1177.24,GBP,settled,ADJUSTMENT
T00008727,C000589,A000648,2026-06-07T14:55:24+00:00,2704.05,USD,pending,REFUND
T00008728,C000553,A001398,2026-04-30T09:17:22+00:00,3667.11,INR,settled,REFUND
T00008729,C000546,A001004,2025-10-02T02:12:09+00:00,1145.06,EUR,pending,TRANSFER
T00008730,C000143,A000165,2025-08-19T11:12:33+00:00,3255.87,GBP,reversed,ADJUSTMENT
T00008731,C000555,A000388,2025-12-29T04:16:57+00:00,451.94,INR,reversed,TRANSFER
T00008732,C000539,A001063,2026-08-23T15:57:04+00:00,2440.22,EUR,reversed,ADJUSTMENT
T00008733,C000466,A001304,2025-07-04T11:47:18+00:00,376.20,GBP,settled,ADJUSTMENT
T00008734,C000842,A000095,2025-09-25T12:24:35+00:00,302.55,USD,pending,REFUND
T00008735,C000722,A001439,2025-05-22T18:37:23+00:00,2771.55,GBP,pending,TRANSFER
T00008736,C000818,A000650,2026-05-21T20:18:03+00:00,609.35,CAD,settled,SALE
T00008737,C000536,A001211,2026-06-16T23:10:13+00:00,4022.73,CAD,settled,SALE
T00008738,C000893,A001075,2026-01-19T22:59:09+00:00,811.75,INR,settled,ADJUSTMENT
T00008739,C000315,A001226,2026-09-11T13:12:38+00:00,3128.07,USD,settled,TRANSFER
T00008740,C000074,A001021,2025-01-15T02:56:14+00:00,2063.68,EUR,reversed,ADJUSTMENT
T00008741,C000416,A000262,2026-08-25T13:03:46+00:00,2439.08,USD,pending,TRANSFER
T00008742,C000153,A001349,2025-03-30T20:44:31+00:00,1904.66,EUR,failed,REFUND
T00008743,C000103,A000383,2025-04-20T13:17:14+00:00,2906.23,CAD,settled,REFUND
T00008744,C000924,A001497,2026-05-31T04:47:11+00:00,3425.45,EUR,reversed,ADJUSTMENT
T00008745,C000753,A001418,2026-08-12T18:36:47+00:00,3269.07,INR,settled,ADJUSTMENT
T00008746,C000909,A000290,2026-06-15T08:09:22+00:00,1285.00,USD,reversed,REFUND
T00008747,C000082,A000119,2025-01-29T12:18:02+00:00,2506.15,INR,settled,TRANSFER
T00008748,C000366,A001045,2025-12-01T03:34:00+00:00,2374.43,CAD,reversed,REFUND
T00008749,C000341,A000029,2026-04-07T18:50:05+00:00,3845.39,INR,pending,SALE
T00008750,C000505,A000332,2025-03-17T01:36:39+00:00,403.51,CAD,failed,REFUND
T00008751,C000315,A001226,2025-04-19T14:10:31+00:00,274.67,USD,settled,REFUND
T00008752,C000328,A000331,2026-01-11T09:21:20+00:00,797.13,EUR,reversed,ADJUSTMENT
T00008753,C000396,A001493,2025-08-12T01:44:48+00:00,3153.84,USD,pending,REFUND
T00008754,C000606,A001425,2025-04-09T01:45:38+00:00,3612.91,USD,failed,SALE
T00008755,C000959,A001283,2025-01-04T12:54:44+00:00,3173.80,EUR,settled,TRANSFER
T00008756,C000686,A000966,2025-09-02T09:50:07+00:00,681.45,GBP,failed,TRANSFER
T00008757,C000912,A001357,2025-03-04T16:28:19+00:00,2997.28,USD,reversed,REFUND
T00008758,C000722,A000448,2025-04-27T12:17:26+00:00,1565.27,GBP,pending,ADJUSTMENT
T00008759,C000433,A000235,2025-11-12T05:28:10+00:00,2003.59,CAD,reversed,REFUND
T00008760,C000260,A000468,2025-08-10T16:57:21+00:00,680.08,EUR,pending,ADJUSTMENT
T00008761,C000777,A001240,2026-06-16T15:36:43+00:00,2111.63,USD,reversed,SALE
T00008762,C000850,A001171,2025-02-03T13:31:20+00:00,4334.62,GBP,reversed,ADJUSTMENT
T00008763,C000091,A000660,2026-05-21T02:52:23+00:00,508.75,USD,pending,SALE
T00008764,C000413,A000513,2026-07-02T00:30:44+00:00,1412.68,INR,failed,ADJUSTMENT
T00008765,C000169,A000039,2026-01-28T14:42:28+00:00,4609.64,USD,reversed,ADJUSTMENT
T00008766,C000841,A001437,2025-06-02T09:20:51+00:00,313.51,EUR,settled,ADJUSTMENT
T00008767,C000449,A001421,2026-03-29T13:39:14+00:00,62.16,CAD,reversed,TRANSFER
T00008768,C000058,A001104,2025-03-05T18:09:06+00:00,2327.66,USD,reversed,REFUND
T00008769,C000655,A001079,2025-09-07T11:03:37+00:00,935.18,INR,pending,SALE
T00008770,C000589,A000077,2025-07-20T21:52:50+00:00,4610.15,CAD,failed,TRANSFER
T00008771,C000769,A000241,2025-03-11T08:55:41+00:00,3057.55,USD,failed,TRANSFER
T00008772,C000766,A000608,2025-07-09T11:58:35+00:00,1911.99,USD,pending,TRANSFER
T00008773,C000384,A000767,2025-06-19T15:25:02+00:00,381.90,USD,settled,SALE
T00008774,C000187,A000977,2025-01-28T07:44:14+00:00,2765.41,CAD,pending,SALE
T00008775,C000889,A000671,2025-10-25T15:45:58+00:00,4790.54,CAD,settled,SALE
T00008776,C000503,A001347,2026-05-11T14:27:09+00:00,2094.42,INR,pending,REFUND
T00008777,C000465,A001208,2025-01-06T04:49:41+00:00,1169.22,EUR,pending,ADJUSTMENT
T00008778,C000340,A000684,2025-10-28T10:32:43+00:00,116.59,CAD,pending,SALE
T00008779,C000230,A001100,2025-08-04T13:15:21+00:00,4535.31,INR,failed,ADJUSTMENT
T00008780,C000404,A000751,2025-07-02T06:37:54+00:00,2915.33,CAD,settled,ADJUSTMENT
T00008781,C000567,A000509,2025-12-02T08:42:48+00:00,3268.63,INR,failed,REFUND
T00008782,C000726,A000080,2025-10-03T21:55:12+00:00,3145.49,USD,reversed,SALE
T00008783,C000005,A001282,2025-12-03T03:32:21+00:00,4748.01,INR,reversed,SALE
T00008784,C000605,A001297,2026-07-01T18:13:24+00:00,882.67,INR,failed,SALE
T00008785,C000463,A000860,2026-03-24T23:44:32+00:00,1618.50,USD,reversed,TRANSFER
T00008786,C000197,A001277,2026-08-22T02:26:12+00:00,3825.64,USD,failed,ADJUSTMENT
T00008787,C000655,A001074,2025-02-09T21:29:59+00:00,2665.21,USD,failed,ADJUSTMENT
T00008788,C000130,A001012,2026-01-17T00:55:51+00:00,4639.16,CAD,failed,TRANSFER
T00008789,C000029,A000727,2025-04-01T00:50:23+00:00,4484.25,CAD,pending,SALE
T00008790,C000211,A001373,2025-03-22T08:04:13+00:00,2759.01,INR,pending,TRANSFER
T00008791,C000947,A000970,2025-10-17T17:22:42+00:00,3243.16,INR,pending,SALE
T00008792,C000499,A000555,2025-05-06T23:58:12+00:00,4712.54,USD,settled,ADJUSTMENT
T00008793,C000072,A000153,2026-04-22T04:17:37+00:00,2431.19,CAD,pending,TRANSFER
T00008794,C000096,A001376,2025-05-21T03:15:12+00:00,3519.20,USD,pending,ADJUSTMENT
T00008795,C000351,A000847,2025-05-27T10:33:21+00:00,4993.97,CAD,pending,ADJUSTMENT
T00008796,C000211,A001373,2026-05-12T13:54:32+00:00,3501.00,INR,reversed,TRANSFER
T00008797,C000120,A001255,2025-11-19T03:59:12+00:00,1690.32,GBP,pending,SALE
T00008798,C000047,A000101,2026-05-10T07:29:36+00:00,3871.99,GBP,pending,REFUND
T00008799,C000292,A000485,2026-08-12T02:55:53+00:00,1755.21,EUR,failed,SALE
T00008800,C000404,A000751,2026-06-14T08:35:59+00:00,180.09,CAD,reversed,SALE
T00008801,C000744,A001099,2026-03-12T01:25:40+00:00,1045.44,GBP,settled,REFUND
T00008802,C000725,A000904,2025-01-20T17:16:51+00:00,566.40,USD,settled,REFUND
T00008803,C000833,A000806,2025-09-20T05:56:58+00:00,4943.99,GBP,failed,ADJUSTMENT
T00008804,C000834,A001397,2025-04-21T09:05:52+00:00,4782.36,USD,pending,TRANSFER
T00008805,C000449,A000685,2025-10-02T10:11:44+00:00,4233.40,EUR,pending,TRANSFER
T00008806,C000605,A001297,2025-04-08T04:46:26+00:00,1482.91,INR,settled,REFUND
T00008807,C000413,A000513,2026-02-27T07:47:40+00:00,4895.10,INR,settled,ADJUSTMENT
T00008808,C000713,A000418,2026-03-06T03:22:47+00:00,1296.47,EUR,reversed,TRANSFER
T00008809,C000826,A000839,2026-06-10T23:26:48+00:00,1277.93,GBP,reversed,ADJUSTMENT
T00008810,C000154,A001410,2026-01-04T21:06:03+00:00,265.71,INR,failed,ADJUSTMENT
T00008811,C000365,A001214,2026-07-02T12:39:39+00:00,3753.92,EUR,pending,ADJUSTMENT
T00008812,C000219,A001055,2025-07-21T22:45:29+00:00,662.24,CAD,failed,SALE
T00008813,C000185,A000392,2026-07-24T04:51:21+00:00,720.40,INR,reversed,REFUND
T00008814,C000626,A000588,2025-08-22T09:59:32+00:00,1630.24,EUR,failed,TRANSFER
T00008815,C000570,A000746,2026-08-15T17:08:49+00:00,4889.24,GBP,pending,TRANSFER
T00008816,C000231,A000769,2026-06-17T03:24:11+00:00,2610.06,CAD,pending,TRANSFER
T00008817,C000628,A000491,2025-01-26T01:54:59+00:00,2472.77,INR,failed,SALE
T00008818,C000091,A001193,2026-01-29T17:16:29+00:00,4073.09,CAD,reversed,SALE
T00008819,C000244,A001289,2025-01-19T12:02:42+00:00,2877.08,CAD,failed,SALE
T00008820,C000973,A000007,2026-07-11T09:26:43+00:00,3508.61,CAD,pending,TRANSFER
T00008821,C000246,A000825,2025-09-05T06:08:38+00:00,4559.45,CAD,settled,ADJUSTMENT
T00008822,C000397,A000968,2026-05-14T22:13:12+00:00,1173.48,GBP,failed,REFUND
T00008823,C000784,A000849,2025-03-17T23:46:36+00:00,2703.90,USD,pending,ADJUSTMENT
T00008824,C000007,A000632,2025-11-19T14:28:56+00:00,2539.65,GBP,failed,ADJUSTMENT
T00008825,C000134,A000661,2025-08-30T01:09:15+00:00,1238.11,GBP,failed,TRANSFER
T00008826,C000168,A000446,2025-07-11T05:03:22+00:00,4726.62,USD,settled,SALE
T00008827,C000044,A001342,2025-03-17T00:23:28+00:00,1389.73,USD,pending,TRANSFER
T00008828,C000804,A001409,2026-05-07T11:04:55+00:00,385.99,USD,pending,SALE
T00008829,C000619,A001059,2026-09-05T02:28:17+00:00,557.89,INR,reversed,SALE
T00008830,C000156,A001259,2025-08-13T08:58:11+00:00,2351.51,INR,settled,TRANSFER
T00008831,C000061,A001009,2025-07-29T18:37:45+00:00,96.77,GBP,reversed,TRANSFER
T00008832,C000317,A000261,2025-12-04T14:58:28+00:00,4267.07,USD,reversed,ADJUSTMENT
T00008833,C000159,A000983,2025-02-13T07:40:34+00:00,3182.80,GBP,reversed,SALE
T00008834,C000423,A000519,2026-02-14T23:20:56+00:00,1360.05,USD,settled,REFUND
T00008835,C000782,A001371,2026-03-07T05:07:49+00:00,2067.88,CAD,failed,ADJUSTMENT
T00008836,C000197,A001277,2026-02-12T15:48:32+00:00,3855.88,USD,pending,ADJUSTMENT
T00008837,C000924,A001497,2026-05-09T19:31:23+00:00,2117.68,EUR,settled,TRANSFER
T00008838,C000274,A001062,2026-04-15T16:41:54+00:00,1371.97,USD,settled,TRANSFER
T00008839,C000059,A001478,2026-04-11T09:47:07+00:00,1364.10,EUR,reversed,REFUND
T00008840,C000924,A000369,2026-08-07T06:12:20+00:00,1545.37,USD,settled,ADJUSTMENT
T00008841,C000814,A000670,2025-02-24T00:57:36+00:00,661.06,GBP,settled,REFUND
T00008842,C000076,A000757,2026-07-08T17:36:30+00:00,573.71,CAD,pending,REFUND
T00008843,C000005,A000569,2025-02-21T00:40:20+00:00,3285.53,CAD,failed,ADJUSTMENT
T00008844,C000864,A000277,2026-02-07T04:38:40+00:00,2870.58,GBP,settled,TRANSFER
T00008845,C000382,A000275,2025-10-06T09:56:30+00:00,4272.17,INR,pending,SALE
T00008846,C000612,A001073,2025-02-10T02:23:58+00:00,4549.53,GBP,settled,SALE
T00008847,C000251,A001353,2025-01-28T14:49:47+00:00,4644.94,GBP,failed,SALE
T00008848,C000301,A000025,2025-08-15T13:59:42+00:00,4193.32,USD,reversed,ADJUSTMENT
T00008849,C000035,A000426,2025-07-27T22:45:31+00:00,3095.91,CAD,reversed,SALE
T00008850,C000398,A000556,2025-08-22T02:30:30+00:00,1402.73,CAD,failed,ADJUSTMENT
T00008851,C000704,A000628,2026-05-20T08:40:12+00:00,3857.52,GBP,pending,TRANSFER
T00008852,C000503,A001347,2025-02-22T19:53:33+00:00,1806.65,INR,failed,TRANSFER
T00008853,C000145,A001172,2025-08-10T04:29:00+00:00,4655.61,EUR,reversed,TRANSFER
T00008854,C000565,A000173,2025-07-27T18:53:38+00:00,4614.21,USD,pending,SALE
T00008855,C000573,A001388,2025-10-13T03:27:38+00:00,756.51,GBP,settled,REFUND
T00008856,C000837,A000982,2025-08-09T03:06:06+00:00,668.08,USD,pending,REFUND
T00008857,C000153,A001349,2026-02-11T10:41:15+00:00,3500.31,EUR,pending,SALE
T00008858,C000403,A001367,2025-12-22T14:28:55+00:00,1555.91,EUR,reversed,SALE
T00008859,C000103,A000383,2025-09-05T08:55:02+00:00,3499.81,CAD,failed,ADJUSTMENT
T00008860,C000301,A001312,2026-08-19T05:35:46+00:00,2675.48,CAD,pending,SALE
T00008861,C000319,A000625,2026-02-20T04:07:22+00:00,2910.50,USD,reversed,SALE
T00008862,C000288,A000333,2025-02-20T23:06:04+00:00,1963.77,INR,failed,ADJUSTMENT
T00008863,C000449,A000571,2026-04-26T23:07:11+00:00,280.45,USD,reversed,REFUND
T00008864,C000071,A001215,2025-08-19T14:50:05+00:00,4399.31,USD,failed,REFUND
T00008865,C000268,A000254,2025-05-08T07:48:30+00:00,1383.17,CAD,reversed,REFUND
T00008866,C000270,A000719,2026-03-01T19:38:24+00:00,3894.39,USD,settled,ADJUSTMENT
T00008867,C000623,A000409,2026-07-04T10:51:10+00:00,3105.38,CAD,failed,TRANSFER
T00008868,C000335,A001491,2026-08-23T14:05:24+00:00,1106.60,INR,settled,TRANSFER
T00008869,C000621,A001003,2025-11-26T21:48:49+00:00,1101.89,EUR,reversed,SALE
T00008870,C000852,A001322,2025-03-29T05:43:40+00:00,766.86,INR,reversed,SALE
T00008871,C000027,A000551,2026-01-10T00:26:32+00:00,4348.08,GBP,failed,ADJUSTMENT
T00008872,C000566,A000155,2026-06-06T23:47:30+00:00,2279.73,GBP,pending,SALE
T00008873,C000371,A000090,2025-01-19T19:29:03+00:00,4511.15,USD,failed,SALE
T00008874,C000014,A000210,2026-08-16T12:57:36+00:00,3309.11,EUR,pending,REFUND
T00008875,C000675,A000642,2026-03-19T23:31:12+00:00,1196.89,INR,reversed,ADJUSTMENT
T00008876,C000922,A000401,2026-05-07T09:42:18+00:00,3684.60,USD,pending,REFUND
T00008877,C000246,A001253,2025-01-26T11:01:40+00:00,2299.58,GBP,failed,TRANSFER
T00008878,C000154,A001410,2025-11-14T22:22:08+00:00,42.10,INR,reversed,TRANSFER
T00008879,C000004,A000637,2025-04-01T06:38:32+00:00,79.21,INR,pending,SALE
T00008880,C000656,A000338,2025-02-14T14:01:07+00:00,3314.94,GBP,pending,ADJUSTMENT
T00008881,C000686,A001043,2025-06-12T19:29:15+00:00,3936.56,USD,pending,SALE
T00008882,C000118,A000954,2026-06-29T15:04:28+00:00,2700.39,EUR,settled,SALE
T00008883,C000740,A000553,2026-03-30T07:53:06+00:00,2101.65,INR,failed,REFUND
T00008884,C000647,A000848,2026-06-19T02:47:08+00:00,1429.57,GBP,failed,ADJUSTMENT
T00008885,C000290,A000298,2025-12-01T07:21:13+00:00,1820.21,INR,settled,SALE
T00008886,C000535,A000710,2025-06-24T14:36:10+00:00,2317.66,GBP,reversed,TRANSFER
T00008887,C000714,A000253,2025-06-17T00:48:26+00:00,2300.06,EUR,settled,REFUND
T00008888,C000014,A000210,2025-01-04T14:58:23+00:00,2524.12,EUR,pending,TRANSFER
T00008889,C000402,A000512,2026-03-02T22:34:23+00:00,1123.32,GBP,settled,ADJUSTMENT
T00008890,C000257,A001188,2026-05-17T09:37:18+00:00,4669.81,CAD,failed,SALE
T00008891,C000813,A000192,2026-04-10T10:12:35+00:00,4430.01,INR,pending,REFUND
T00008892,C000277,A000951,2026-04-07T03:19:01+00:00,99.12,GBP,settled,SALE
T00008893,C000656,A000338,2026-08-22T00:10:19+00:00,415.47,GBP,failed,SALE
T00008894,C000568,A000070,2026-08-08T00:17:24+00:00,2150.89,INR,failed,SALE
T00008895,C000682,A001276,2025-11-20T10:09:21+00:00,2383.37,CAD,pending,REFUND
T00008896,C000610,A000006,2026-03-05T17:28:52+00:00,825.11,CAD,pending,REFUND
T00008897,C000286,A000475,2026-08-10T16:17:42+00:00,902.44,CAD,pending,TRANSFER
T00008898,C000453,A000421,2025-04-01T23:43:51+00:00,3856.59,GBP,settled,SALE
T00008899,C000283,A000714,2025-06-03T05:12:47+00:00,2353.81,USD,settled,TRANSFER
T00008900,C000091,A001193,2025-03-14T20:45:28+00:00,717.90,CAD,pending,ADJUSTMENT
T00008901,C000214,A001348,2026-09-03T08:25:57+00:00,3789.54,GBP,failed,SALE
T00008902,C000626,A000588,2025-01-21T16:47:50+00:00,1782.28,EUR,reversed,SALE
T00008903,C000038,A000561,2025-03-28T02:14:35+00:00,459.82,GBP,reversed,SALE
T00008904,C000028,A000228,2025-06-06T18:14:37+00:00,1028.38,EUR,reversed,TRANSFER
T00008905,C000782,A000124,2026-02-04T18:59:08+00:00,191.28,GBP,pending,SALE
T00008906,C000835,A000672,2026-07-09T10:47:00+00:00,4383.06,EUR,reversed,ADJUSTMENT
T00008907,C000453,A000421,2026-04-07T17:07:37+00:00,2408.10,GBP,pending,REFUND
T00008908,C000034,A000801,2026-06-18T10:34:48+00:00,70.69,CAD,settled,SALE
T00008909,C000958,A001175,2025-07-08T03:05:14+00:00,2700.05,USD,settled,TRANSFER
T00008910,C000045,A000040,2026-05-08T01:18:43+00:00,264.16,GBP,reversed,ADJUSTMENT
T00008911,C000344,A000621,2025-07-27T22:57:22+00:00,3394.29,INR,reversed,ADJUSTMENT
T00008912,C000903,A001067,2025-01-27T10:50:24+00:00,4726.64,CAD,reversed,SALE
T00008913,C000588,A001492,2025-01-16T13:51:05+00:00,1262.22,GBP,settled,SALE
T00008914,C000449,A000571,2025-09-05T01:19:08+00:00,1847.53,USD,pending,SALE
T00008915,C000862,A001207,2025-07-10T19:54:59+00:00,3943.09,GBP,reversed,SALE
T00008916,C000629,A000651,2026-08-07T18:33:03+00:00,19.07,GBP,pending,TRANSFER
T00008917,C000589,A000077,2026-09-06T14:18:13+00:00,769.87,CAD,failed,SALE
T00008918,C000626,A000034,2025-07-31T02:53:04+00:00,3103.45,USD,reversed,REFUND
T00008919,C000686,A001142,2025-01-26T14:09:36+00:00,601.55,CAD,settled,TRANSFER
T00008920,C000738,A000384,2025-12-07T01:16:33+00:00,1098.78,CAD,pending,SALE
T00008921,C000581,A000531,2025-02-07T21:05:31+00:00,3551.62,EUR,reversed,REFUND
T00008922,C000218,A000528,2025-09-05T17:20:10+00:00,988.51,INR,failed,SALE
T00008923,C000744,A001099,2025-01-18T04:06:41+00:00,752.62,GBP,settled,SALE
T00008924,C000496,A001195,2026-03-25T19:46:42+00:00,2257.19,CAD,failed,SALE
T00008925,C000636,A001136,2026-02-01T11:46:34+00:00,3672.87,GBP,pending,TRANSFER
T00008926,C000567,A000609,2026-01-23T06:31:09+00:00,1941.63,GBP,failed,REFUND
T00008927,C000193,A000062,2025-05-16T03:51:28+00:00,2104.90,GBP,settled,SALE
T00008928,C000382,A000275,2026-03-22T01:40:05+00:00,3093.01,INR,pending,REFUND
T00008929,C000807,A000957,2025-07-27T07:51:46+00:00,348.23,GBP,pending,SALE
T00008930,C000814,A000375,2026-03-06T12:44:49+00:00,2954.35,CAD,reversed,ADJUSTMENT
T00008931,C000707,A000096,2025-06-05T10:23:12+00:00,2740.31,GBP,reversed,ADJUSTMENT
T00008932,C000058,A000074,2025-06-12T07:38:02+00:00,3877.51,INR,failed,ADJUSTMENT
T00008933,C000426,A000044,2025-04-28T08:08:05+00:00,4112.17,USD,failed,SALE
T00008934,C000894,A000311,2025-03-14T14:47:10+00:00,1974.84,GBP,settled,TRANSFER
T00008935,C000501,A000753,2026-08-18T05:04:12+00:00,4519.75,INR,pending,TRANSFER
T00008936,C000643,A000107,2025-06-14T06:31:59+00:00,4666.37,USD,settled,REFUND
T00008937,C000904,A000002,2025-08-03T12:06:04+00:00,235.55,USD,failed,TRANSFER
T00008938,C000764,A000798,2025-12-03T17:44:14+00:00,904.11,INR,pending,SALE
T00008939,C000459,A000198,2025-10-09T08:05:17+00:00,3928.32,EUR,failed,REFUND
T00008940,C000402,A000297,2025-07-25T07:21:20+00:00,1296.52,EUR,failed,ADJUSTMENT
T00008941,C000903,A000208,2025-11-02T02:27:51+00:00,3991.44,GBP,settled,REFUND
T00008942,C000903,A000696,2026-02-28T21:55:15+00:00,1003.07,GBP,settled,SALE
T00008943,C000852,A000679,2026-03-15T04:22:14+00:00,2535.35,INR,pending,REFUND
T00008944,C000565,A000173,2025-08-13T22:49:42+00:00,216.46,USD,reversed,ADJUSTMENT
T00008945,C000311,A001391,2026-04-10T02:52:49+00:00,4822.88,CAD,settled,REFUND
T00008946,C000801,A000831,2026-06-27T21:27:06+00:00,3657.60,USD,pending,TRANSFER
T00008947,C000190,A000559,2025-07-07T19:53:19+00:00,3197.64,GBP,failed,TRANSFER
T00008948,C000843,A000864,2026-01-01T19:01:17+00:00,1471.86,CAD,settled,TRANSFER
T00008949,C000403,A001367,2025-03-04T02:11:10+00:00,3063.37,EUR,reversed,ADJUSTMENT
T00008950,C000543,A000438,2026-06-06T16:04:29+00:00,3896.57,USD,pending,SALE
T00008951,C000268,A001390,2025-09-20T09:25:31+00:00,3062.37,INR,failed,REFUND
T00008952,C000798,A000939,2025-08-05T10:21:48+00:00,3207.62,USD,settled,ADJUSTMENT
T00008953,C000050,A000302,2025-09-22T09:52:42+00:00,4284.34,USD,failed,REFUND
T00008954,C000737,A000322,2025-04-23T19:59:46+00:00,3590.00,INR,settled,SALE
T00008955,C000382,A000658,2025-12-04T01:21:22+00:00,2563.26,USD,settled,TRANSFER
T00008956,C000027,A000551,2026-02-08T13:19:54+00:00,1839.39,GBP,settled,ADJUSTMENT
T00008957,C000471,A000734,2025-05-03T01:41:09+00:00,3609.87,INR,reversed,REFUND
T00008958,C000476,A000048,2025-05-05T06:53:39+00:00,1721.67,INR,pending,SALE
T00008959,C000533,A000312,2025-12-24T03:50:16+00:00,2039.70,EUR,pending,ADJUSTMENT
T00008960,C000333,A000489,2025-01-28T08:03:40+00:00,2040.26,EUR,failed,ADJUSTMENT
T00008961,C000533,A000312,2026-03-13T11:50:12+00:00,3486.94,EUR,failed,SALE
T00008962,C000607,A001279,2025-10-27T11:25:26+00:00,4815.23,CAD,settled,TRANSFER
T00008963,C000945,A000286,2025-09-10T04:28:56+00:00,4204.05,USD,reversed,REFUND
T00008964,C000479,A001366,2025-07-18T01:31:54+00:00,1780.33,CAD,settled,TRANSFER
T00008965,C000488,A000046,2025-01-11T06:10:39+00:00,3387.09,USD,reversed,REFUND
T00008966,C000184,A000490,2026-06-29T18:03:42+00:00,4583.95,USD,pending,TRANSFER
T00008967,C000801,A000831,2025-06-29T15:11:05+00:00,503.71,USD,pending,TRANSFER
T00008968,C000919,A000582,2026-02-04T17:22:38+00:00,3236.25,EUR,pending,REFUND
T00008969,C000925,A001393,2025-11-15T23:49:29+00:00,2832.40,INR,failed,SALE
T00008970,C000919,A000927,2025-07-05T14:57:48+00:00,331.84,EUR,pending,REFUND
T00008971,C000669,A001121,2025-10-03T02:19:32+00:00,3506.20,EUR,failed,REFUND
T00008972,C000501,A000753,2025-03-07T04:39:46+00:00,2551.08,INR,reversed,TRANSFER
T00008973,C000413,A000513,2026-02-04T15:07:40+00:00,190.80,INR,settled,TRANSFER
T00008974,C000784,A000849,2025-01-19T11:41:07+00:00,4080.28,USD,reversed,REFUND
T00008975,C000019,A001178,2025-07-08T19:33:06+00:00,127.79,INR,reversed,ADJUSTMENT
T00008976,C000674,A000922,2025-11-15T09:58:42+00:00,482.20,EUR,settled,REFUND
T00008977,C000813,A001046,2025-09-05T14:28:43+00:00,4184.65,INR,settled,SALE
T00008978,C000395,A000580,2025-11-26T08:38:10+00:00,1970.70,INR,pending,SALE
T00008979,C000371,A000090,2026-02-03T18:20:02+00:00,2358.46,USD,pending,REFUND
T00008980,C000047,A000101,2026-02-20T21:44:19+00:00,1329.93,GBP,pending,ADJUSTMENT
T00008981,C000029,A000727,2025-07-03T03:17:11+00:00,3123.41,CAD,pending,ADJUSTMENT
T00008982,C000459,A000198,2025-04-18T17:37:50+00:00,362.18,EUR,failed,SALE
T00008983,C000187,A000692,2025-07-25T13:38:29+00:00,852.61,CAD,settled,ADJUSTMENT
T00008984,C000251,A000687,2025-03-24T07:13:47+00:00,2912.25,INR,settled,TRANSFER
T00008985,C000099,A000218,2026-04-04T02:06:09+00:00,1880.01,EUR,pending,REFUND
T00008986,C000617,A000368,2025-05-09T14:20:12+00:00,1920.45,EUR,reversed,TRANSFER
T00008987,C000838,A001290,2026-08-31T07:54:41+00:00,1946.43,CAD,settled,REFUND
T00008988,C000008,A000935,2026-05-24T06:47:38+00:00,1485.62,EUR,settled,SALE
T00008989,C000097,A001438,2025-07-25T03:24:49+00:00,3326.46,GBP,failed,ADJUSTMENT
T00008990,C000407,A001247,2026-06-01T02:49:36+00:00,2096.71,EUR,failed,SALE
T00008991,C000659,A000933,2026-06-08T08:18:10+00:00,2482.84,CAD,failed,SALE
T00008992,C000807,A000942,2026-08-20T19:26:08+00:00,858.64,CAD,settled,REFUND
T00008993,C000676,A000190,2026-04-04T20:34:20+00:00,4985.66,EUR,pending,REFUND
T00008994,C000843,A000864,2026-04-27T05:23:00+00:00,2670.19,CAD,failed,REFUND
T00008995,C000605,A000031,2025-04-02T13:46:41+00:00,350.44,CAD,failed,SALE
T00008996,C000316,A000049,2025-02-23T01:28:42+00:00,4891.10,INR,reversed,ADJUSTMENT
T00008997,C000694,A000575,2026-01-17T12:09:25+00:00,831.55,GBP,failed,ADJUSTMENT
T00008998,C000916,A000613,2026-04-18T08:14:59+00:00,4734.55,INR,failed,REFUND
T00008999,C000181,A000481,2025-02-04T22:47:31+00:00,606.50,EUR,reversed,ADJUSTMENT
T00009000,C000197,A001018,2026-08-30T14:30:44+00:00,1313.39,USD,failed,ADJUSTMENT
T00009001,C000131,A001445,2026-08-25T14:26:26+00:00,4140.22,EUR,pending,SALE
T00009002,C000514,A000054,2025-12-02T13:12:31+00:00,1739.63,EUR,reversed,TRANSFER
T00009003,C000508,A001206,2025-08-18T06:56:02+00:00,1816.74,INR,pending,TRANSFER
T00009004,C000924,A001497,2026-01-21T02:18:14+00:00,1004.61,EUR,failed,ADJUSTMENT
T00009005,C000059,A001478,2025-06-03T11:07:03+00:00,1991.40,EUR,reversed,ADJUSTMENT
T00009006,C000036,A000622,2026-08-28T17:01:14+00:00,727.54,GBP,reversed,REFUND
T00009007,C000612,A001073,2026-04-02T10:29:36+00:00,3028.21,GBP,settled,TRANSFER
T00009008,C000599,A001089,2026-04-27T22:38:11+00:00,3411.25,INR,settled,SALE
T00009009,C000903,A000696,2026-08-26T00:54:08+00:00,4035.85,GBP,pending,SALE
T00009010,C000614,A001364,2026-03-12T22:27:45+00:00,844.76,GBP,pending,SALE
T00009011,C000801,A001413,2025-04-18T04:13:54+00:00,545.03,INR,reversed,SALE
T00009012,C000055,A000393,2026-06-03T19:04:32+00:00,4012.95,CAD,pending,REFUND
T00009013,C000246,A000825,2025-04-03T18:51:41+00:00,4352.06,CAD,reversed,ADJUSTMENT
T00009014,C000093,A001379,2026-01-29T21:29:47+00:00,2740.69,CAD,settled,TRANSFER
T00009015,C000896,A001428,2025-08-23T22:48:08+00:00,2675.02,INR,reversed,TRANSFER
T00009016,C000674,A000114,2026-04-13T17:18:55+00:00,3304.52,CAD,pending,TRANSFER
T00009017,C000614,A001364,2026-09-03T13:51:46+00:00,210.56,GBP,reversed,TRANSFER
T00009018,C000106,A000405,2026-07-31T19:12:00+00:00,2130.00,INR,reversed,ADJUSTMENT
T00009019,C000190,A000559,2025-09-30T23:32:28+00:00,3139.41,GBP,failed,REFUND
T00009020,C000228,A000799,2026-03-03T05:00:34+00:00,1858.76,INR,failed,SALE
T00009021,C000891,A001288,2026-02-05T04:50:20+00:00,2785.07,INR,settled,TRANSFER
T00009022,C000338,A000229,2025-05-05T00:11:55+00:00,1813.25,USD,failed,TRANSFER
T00009023,C000740,A000315,2026-03-20T17:15:03+00:00,3693.45,CAD,reversed,ADJUSTMENT
T00009024,C000777,A000578,2025-06-24T18:04:12+00:00,4493.16,USD,reversed,REFUND
T00009025,C000254,A000549,2025-12-26T12:17:01+00:00,653.56,INR,failed,SALE
T00009026,C000523,A000237,2025-07-03T19:29:49+00:00,1795.99,CAD,pending,SALE
T00009027,C000724,A000586,2025-08-06T10:50:02+00:00,3532.73,CAD,failed,ADJUSTMENT
T00009028,C000333,A001187,2025-05-06T17:35:22+00:00,2877.90,USD,pending,REFUND
T00009029,C000969,A001465,2025-09-26T12:24:34+00:00,2364.46,USD,failed,SALE
T00009030,C000350,A001280,2025-08-11T21:07:24+00:00,498.38,EUR,failed,SALE
T00009031,C000182,A000794,2025-01-27T14:39:37+00:00,3569.72,INR,reversed,REFUND
T00009032,C000104,A000011,2025-09-13T16:29:11+00:00,761.48,CAD,failed,SALE
T00009033,C000217,A000487,2026-04-23T08:14:12+00:00,1954.80,INR,settled,ADJUSTMENT
T00009034,C000321,A001479,2025-04-17T11:03:15+00:00,238.07,EUR,failed,TRANSFER
T00009035,C000773,A000868,2026-05-15T15:57:52+00:00,1192.36,EUR,reversed,SALE
T00009036,C000550,A000797,2025-09-14T21:20:09+00:00,152.92,GBP,failed,SALE
T00009037,C000119,A001048,2026-06-22T07:31:06+00:00,2584.12,INR,pending,ADJUSTMENT
T00009038,C000441,A000433,2025-08-02T18:20:08+00:00,4478.70,INR,pending,ADJUSTMENT
T00009039,C000338,A000229,2025-10-28T09:34:34+00:00,2350.08,USD,failed,ADJUSTMENT
T00009040,C000110,A000600,2026-08-19T18:18:32+00:00,3651.66,USD,settled,SALE
T00009041,C000372,A000878,2025-07-12T09:43:45+00:00,3414.43,EUR,settled,TRANSFER
T00009042,C000755,A001036,2025-06-25T03:11:49+00:00,145.82,INR,pending,SALE
T00009043,C000484,A000151,2025-01-03T02:30:19+00:00,4891.25,GBP,pending,TRANSFER
T00009044,C000219,A000016,2025-03-12T17:08:54+00:00,3896.15,USD,settled,SALE
T00009045,C000865,A001320,2025-07-27T05:32:31+00:00,1978.13,INR,pending,SALE
T00009046,C000283,A000714,2026-07-01T08:26:35+00:00,2752.76,USD,pending,SALE
T00009047,C000459,A000198,2026-06-27T00:46:06+00:00,540.82,EUR,reversed,REFUND
T00009048,C000725,A000904,2025-03-28T04:46:14+00:00,3879.56,USD,settled,TRANSFER
T00009049,C000626,A000292,2026-07-14T23:04:44+00:00,3512.96,CAD,settled,ADJUSTMENT
T00009050,C000782,A001371,2026-07-02T06:29:01+00:00,1896.17,CAD,settled,SALE
T00009051,C000459,A000198,2025-07-01T10:39:09+00:00,2011.28,EUR,failed,SALE
T00009052,C000950,A001291,2025-01-07T04:43:18+00:00,795.28,CAD,settled,SALE
T00009053,C000620,A001431,2026-01-11T21:12:05+00:00,2660.23,USD,pending,ADJUSTMENT
T00009054,C000769,A001264,2025-10-11T02:15:22+00:00,1638.81,EUR,pending,ADJUSTMENT
T00009055,C000543,A000438,2025-08-11T01:16:59+00:00,1856.77,USD,reversed,SALE
T00009056,C000698,A000492,2026-02-28T05:09:47+00:00,1081.88,INR,settled,SALE
T00009057,C000793,A001157,2025-11-23T14:26:23+00:00,798.83,EUR,reversed,TRANSFER
T00009058,C000924,A000976,2025-03-31T10:51:15+00:00,2350.69,EUR,failed,ADJUSTMENT
T00009059,C000404,A000751,2025-08-12T00:10:29+00:00,4974.58,CAD,reversed,SALE
T00009060,C000595,A001115,2026-02-01T08:00:07+00:00,2065.22,GBP,pending,TRANSFER
T00009061,C000907,A000399,2025-07-22T23:52:17+00:00,2666.51,USD,pending,ADJUSTMENT
T00009062,C000382,A000275,2026-01-02T05:48:56+00:00,3675.98,INR,pending,TRANSFER
T00009063,C000449,A001421,2025-06-30T16:25:37+00:00,3665.45,CAD,settled,SALE
T00009064,C000869,A001346,2025-07-05T06:29:25+00:00,764.24,USD,settled,TRANSFER
T00009065,C000973,A000668,2026-01-04T19:59:09+00:00,1917.59,GBP,reversed,SALE
T00009066,C000358,A000624,2025-06-10T12:04:53+00:00,1878.66,GBP,failed,SALE
T00009067,C000955,A000304,2026-02-01T18:46:58+00:00,2142.39,EUR,pending,ADJUSTMENT
T00009068,C000234,A000123,2025-07-29T12:42:25+00:00,4070.90,GBP,settled,ADJUSTMENT
T00009069,C000579,A000329,2025-03-30T16:02:40+00:00,3394.31,INR,failed,SALE
T00009070,C000061,A001009,2025-04-03T01:57:54+00:00,2793.42,GBP,failed,ADJUSTMENT
T00009071,C000155,A000607,2025-12-28T23:54:56+00:00,2578.77,CAD,reversed,ADJUSTMENT
T00009072,C000697,A000877,2026-08-17T18:15:15+00:00,4751.86,USD,settled,REFUND
T00009073,C000861,A000272,2026-08-18T04:21:12+00:00,710.96,USD,settled,SALE
T00009074,C000777,A001017,2026-06-29T11:47:25+00:00,3869.12,EUR,reversed,TRANSFER
T00009075,C000265,A001422,2026-03-25T12:12:48+00:00,4785.66,CAD,failed,ADJUSTMENT
T00009076,C000861,A000272,2026-06-14T22:34:03+00:00,4711.12,USD,pending,ADJUSTMENT
T00009077,C000566,A000033,2026-07-03T17:24:25+00:00,1161.23,EUR,pending,REFUND
T00009078,C000925,A000914,2026-04-03T22:47:40+00:00,3768.11,INR,settled,SALE
T00009079,C000747,A000083,2026-06-08T22:03:25+00:00,2561.94,USD,failed,ADJUSTMENT
T00009080,C000980,A001362,2026-06-09T14:54:08+00:00,4548.26,USD,settled,REFUND
T00009081,C000994,A001119,2026-08-11T02:12:32+00:00,3897.08,EUR,pending,REFUND
T00009082,C000832,A001252,2026-07-14T00:45:03+00:00,480.89,CAD,pending,REFUND
T00009083,C000146,A000415,2025-04-12T15:35:43+00:00,4926.66,GBP,reversed,SALE
T00009084,C000699,A000895,2025-04-28T08:22:18+00:00,4006.46,INR,pending,TRANSFER
T00009085,C000940,A000018,2026-08-03T00:25:59+00:00,3069.42,USD,failed,TRANSFER
T00009086,C000259,A000471,2026-07-08T06:57:28+00:00,466.63,CAD,settled,TRANSFER
T00009087,C000619,A001059,2025-08-31T15:29:31+00:00,2730.96,INR,reversed,SALE
T00009088,C000237,A000869,2025-01-17T19:51:21+00:00,3979.12,INR,pending,ADJUSTMENT
T00009089,C000636,A001136,2026-03-14T01:28:40+00:00,2939.74,GBP,failed,TRANSFER
T00009090,C000131,A001445,2025-02-28T12:00:55+00:00,2427.15,EUR,settled,REFUND
T00009091,C000026,A001133,2026-01-03T09:45:32+00:00,3308.99,GBP,pending,SALE
T00009092,C000168,A000446,2025-12-29T02:29:49+00:00,4694.19,USD,pending,ADJUSTMENT
T00009093,C000870,A000918,2025-03-28T00:36:58+00:00,1211.25,USD,settled,REFUND
T00009094,C000536,A001211,2025-07-14T16:59:26+00:00,1748.23,CAD,reversed,TRANSFER
T00009095,C000103,A001344,2026-01-15T10:29:47+00:00,3521.63,INR,pending,SALE
T00009096,C000553,A001398,2026-09-04T12:16:39+00:00,800.84,INR,failed,ADJUSTMENT
T00009097,C000082,A000119,2026-02-14T07:19:15+00:00,2754.58,INR,pending,TRANSFER
T00009098,C000492,A001229,2025-01-11T10:14:58+00:00,1616.97,EUR,pending,ADJUSTMENT
T00009099,C000510,A000659,2025-08-04T04:37:54+00:00,2608.34,USD,reversed,ADJUSTMENT
T00009100,C000116,A000242,2026-08-02T15:28:21+00:00,808.40,GBP,pending,ADJUSTMENT
T00009101,C000549,A000139,2025-03-08T13:51:21+00:00,1598.91,CAD,reversed,REFUND
T00009102,C000084,A001333,2026-04-25T09:32:19+00:00,1797.98,EUR,settled,ADJUSTMENT
T00009103,C000452,A000541,2026-06-25T15:33:06+00:00,3491.26,EUR,reversed,SALE
T00009104,C000965,A000142,2025-07-27T14:43:14+00:00,838.46,USD,failed,SALE
T00009105,C000750,A000811,2025-09-25T18:05:48+00:00,1841.84,USD,pending,SALE
T00009106,C000650,A000355,2025-11-03T03:10:52+00:00,1748.67,USD,reversed,SALE
T00009107,C000184,A000490,2026-01-24T04:58:06+00:00,879.05,USD,reversed,TRANSFER
T00009108,C000901,A001248,2026-05-26T11:06:20+00:00,4244.48,INR,settled,REFUND
T00009109,C000722,A001439,2026-03-15T12:12:47+00:00,2065.38,GBP,failed,ADJUSTMENT
T00009110,C000366,A001045,2025-10-23T07:50:53+00:00,4259.40,CAD,failed,REFUND
T00009111,C000246,A001253,2025-05-23T05:06:00+00:00,2008.03,GBP,reversed,REFUND
T00009112,C000676,A000190,2025-02-26T14:44:11+00:00,4716.30,EUR,failed,TRANSFER
T00009113,C000777,A001017,2025-02-02T02:00:16+00:00,933.48,EUR,settled,TRANSFER
T00009114,C000376,A000866,2026-03-21T18:21:54+00:00,323.01,GBP,pending,REFUND
T00009115,C000682,A000239,2026-06-21T03:20:19+00:00,3925.14,EUR,reversed,REFUND
T00009116,C000572,A001200,2026-03-19T00:23:40+00:00,1641.33,INR,failed,ADJUSTMENT
T00009117,C000990,A000697,2025-05-24T21:40:20+00:00,2492.83,EUR,settled,SALE
T00009118,C000433,A000097,2025-06-13T00:33:45+00:00,274.02,INR,failed,ADJUSTMENT
T00009119,C000240,A000773,2025-09-09T23:59:32+00:00,19.24,USD,failed,REFUND
T00009120,C000243,A001130,2025-04-04T19:48:19+00:00,3823.91,CAD,settled,ADJUSTMENT
T00009121,C000903,A000208,2025-11-19T02:08:29+00:00,370.83,GBP,pending,ADJUSTMENT
T00009122,C000764,A001027,2026-08-22T01:38:39+00:00,3412.83,GBP,reversed,ADJUSTMENT
T00009123,C000448,A000001,2025-07-22T03:35:56+00:00,1925.48,USD,reversed,ADJUSTMENT
T00009124,C000634,A001006,2026-07-08T14:22:56+00:00,841.63,USD,pending,REFUND
T00009125,C000432,A000183,2026-06-28T05:09:26+00:00,1826.61,INR,pending,TRANSFER
T00009126,C000243,A001130,2026-02-10T03:17:36+00:00,4202.05,CAD,settled,TRANSFER
T00009127,C000116,A000785,2026-09-04T00:34:29+00:00,2950.26,GBP,reversed,ADJUSTMENT
T00009128,C000777,A000754,2025-04-26T23:34:24+00:00,423.59,INR,settled,ADJUSTMENT
T00009129,C000279,A000291,2026-08-31T08:14:53+00:00,846.74,CAD,pending,SALE
T00009130,C000282,A001496,2025-10-15T15:21:24+00:00,3475.02,CAD,pending,ADJUSTMENT
T00009131,C000292,A000232,2025-07-08T20:23:04+00:00,2086.23,INR,pending,REFUND
T00009132,C000368,A001301,2025-01-17T17:49:54+00:00,2141.16,GBP,pending,REFUND
T00009133,C000816,A000079,2025-12-14T18:26:29+00:00,261.84,CAD,reversed,SALE
T00009134,C000099,A000218,2026-07-15T23:43:30+00:00,3544.29,EUR,reversed,REFUND
T00009135,C000293,A001472,2025-11-12T06:18:56+00:00,577.33,CAD,reversed,SALE
T00009136,C000399,A000428,2025-07-02T03:43:27+00:00,1160.29,INR,failed,TRANSFER
T00009137,C000096,A001376,2026-07-20T00:56:53+00:00,1350.77,USD,reversed,TRANSFER
T00009138,C000429,A001237,2025-04-07T05:28:49+00:00,3945.74,EUR,settled,REFUND
T00009139,C000351,A000847,2025-08-29T23:41:28+00:00,3032.45,CAD,reversed,REFUND
T00009140,C000717,A000595,2026-07-15T03:25:11+00:00,3569.13,EUR,settled,REFUND
T00009141,C000647,A000848,2025-10-13T00:45:27+00:00,3620.97,GBP,reversed,TRANSFER
T00009142,C000607,A001279,2026-05-03T17:21:32+00:00,4095.78,CAD,reversed,ADJUSTMENT
T00009143,C000682,A001276,2025-06-28T02:28:33+00:00,655.76,CAD,settled,REFUND
T00009144,C000837,A001266,2026-07-31T10:01:10+00:00,893.79,INR,failed,SALE
T00009145,C000699,A000895,2026-04-08T21:13:18+00:00,2069.48,INR,failed,ADJUSTMENT
T00009146,C000973,A000668,2025-02-22T05:19:12+00:00,2309.21,GBP,settled,REFUND
T00009147,C000589,A000077,2025-04-11T02:31:05+00:00,3394.64,CAD,failed,TRANSFER
T00009148,C000790,A001495,2026-08-22T10:52:16+00:00,449.22,INR,reversed,ADJUSTMENT
T00009149,C000641,A000160,2026-08-07T07:09:51+00:00,2550.38,CAD,failed,ADJUSTMENT
T00009150,C000405,A001072,2026-05-02T03:32:10+00:00,4713.74,USD,failed,TRANSFER
T00009151,C000056,A000069,2025-11-24T01:29:07+00:00,2385.24,CAD,pending,ADJUSTMENT
T00009152,C000853,A000209,2026-09-10T00:17:32+00:00,1333.15,GBP,reversed,SALE
T00009153,C000587,A001086,2025-12-01T13:00:18+00:00,789.86,GBP,reversed,SALE
T00009154,C000836,A000335,2025-10-18T04:58:33+00:00,4692.89,CAD,failed,SALE
T00009155,C000581,A000931,2025-10-24T16:37:59+00:00,4741.01,INR,settled,ADJUSTMENT
T00009156,C000038,A000561,2026-08-16T11:54:29+00:00,3457.33,GBP,settled,SALE
T00009157,C000870,A000436,2026-05-25T11:23:26+00:00,4432.75,USD,failed,ADJUSTMENT
T00009158,C000555,A000388,2025-06-19T06:05:45+00:00,3587.32,INR,failed,REFUND
T00009159,C000588,A001492,2025-12-12T02:52:39+00:00,4440.49,GBP,reversed,ADJUSTMENT
T00009160,C000145,A001172,2025-05-04T21:20:15+00:00,2209.45,EUR,settled,TRANSFER
T00009161,C000053,A001202,2026-08-15T12:26:07+00:00,2720.10,CAD,settled,SALE
T00009162,C000813,A000192,2025-03-26T17:40:52+00:00,818.67,INR,settled,REFUND
T00009163,C000146,A000880,2026-09-01T10:28:41+00:00,123.02,CAD,pending,ADJUSTMENT
T00009164,C000161,A000572,2025-06-22T20:42:04+00:00,1198.33,GBP,settled,SALE
T00009165,C000786,A001350,2025-08-08T17:59:53+00:00,672.00,CAD,failed,ADJUSTMENT
T00009166,C000740,A000553,2025-09-04T03:15:43+00:00,3793.18,INR,reversed,ADJUSTMENT
T00009167,C000958,A001175,2026-03-21T20:08:06+00:00,3809.68,USD,failed,TRANSFER
T00009168,C000668,A000204,2026-01-31T00:33:13+00:00,2273.61,CAD,settled,ADJUSTMENT
T00009169,C000603,A001213,2025-08-09T22:42:52+00:00,3486.20,USD,pending,TRANSFER
T00009170,C000866,A000722,2026-05-01T03:12:00+00:00,2876.97,EUR,reversed,REFUND
T00009171,C000217,A000487,2025-07-27T10:21:17+00:00,1099.33,INR,reversed,REFUND
T00009172,C000694,A000575,2026-09-12T13:24:21+00:00,488.55,GBP,settled,TRANSFER
T00009173,C000814,A000670,2025-09-16T09:03:03+00:00,1577.76,GBP,settled,ADJUSTMENT
T00009174,C000385,A000500,2025-02-23T07:55:54+00:00,4063.22,INR,failed,ADJUSTMENT
T00009175,C000624,A000085,2025-11-28T12:45:29+00:00,2545.20,GBP,settled,TRANSFER
T00009176,C000234,A001152,2025-01-06T10:47:41+00:00,3475.66,USD,reversed,SALE
T00009177,C000291,A001180,2026-09-06T16:13:41+00:00,876.53,CAD,failed,TRANSFER
T00009178,C000252,A001433,2025-03-28T16:47:40+00:00,3277.18,EUR,reversed,ADJUSTMENT
T00009179,C000397,A000247,2026-04-11T10:43:03+00:00,1493.09,INR,pending,TRANSFER
T00009180,C000256,A000745,2025-01-18T15:57:00+00:00,4100.22,GBP,reversed,TRANSFER
T00009181,C000014,A000245,2025-03-20T01:46:30+00:00,2469.90,INR,pending,ADJUSTMENT
T00009182,C000003,A000733,2025-02-28T05:44:21+00:00,1497.81,INR,settled,REFUND
T00009183,C000151,A000159,2026-05-15T23:25:44+00:00,3157.48,CAD,reversed,ADJUSTMENT
T00009184,C000534,A000357,2025-09-17T17:31:16+00:00,4843.03,INR,failed,TRANSFER
T00009185,C000909,A000997,2026-04-15T12:47:56+00:00,1712.45,USD,reversed,TRANSFER
T00009186,C000316,A000584,2025-02-06T07:45:34+00:00,337.83,GBP,settled,TRANSFER
T00009187,C000818,A000187,2025-12-23T04:58:47+00:00,4982.49,GBP,pending,SALE
T00009188,C000413,A000513,2025-02-28T03:30:16+00:00,2233.28,INR,failed,SALE
T00009189,C000386,A001392,2026-01-21T00:37:56+00:00,2271.97,CAD,settled,REFUND
T00009190,C000195,A000189,2026-03-16T16:18:50+00:00,862.32,INR,settled,TRANSFER
T00009191,C000862,A001207,2025-02-24T08:44:55+00:00,4617.34,GBP,reversed,SALE
T00009192,C000225,A000027,2025-07-24T01:10:02+00:00,701.86,CAD,settled,ADJUSTMENT
T00009193,C000001,A000100,2025-08-21T04:50:27+00:00,996.72,USD,failed,ADJUSTMENT
T00009194,C000571,A000205,2025-12-13T02:36:08+00:00,2804.11,EUR,reversed,SALE
T00009195,C000619,A000534,2025-08-18T10:44:16+00:00,3598.87,USD,reversed,ADJUSTMENT
T00009196,C000358,A000624,2025-06-22T09:52:11+00:00,212.27,GBP,pending,REFUND
T00009197,C000216,A001285,2026-04-19T15:11:16+00:00,1233.24,INR,failed,REFUND
T00009198,C000568,A001250,2026-06-02T12:10:46+00:00,2740.05,GBP,reversed,ADJUSTMENT
T00009199,C000279,A000291,2026-01-06T20:14:27+00:00,3592.92,CAD,pending,REFUND
T00009200,C000166,A001440,2025-03-05T05:13:10+00:00,4994.36,EUR,settled,SALE
T00009201,C000093,A001379,2025-02-24T00:43:42+00:00,464.92,CAD,pending,REFUND
T00009202,C000317,A000882,2026-05-28T12:37:12+00:00,955.72,USD,pending,ADJUSTMENT
T00009203,C000790,A000278,2025-09-20T06:30:16+00:00,1209.81,INR,failed,ADJUSTMENT
T00009204,C000543,A000631,2025-03-02T19:33:58+00:00,4606.82,CAD,reversed,SALE
T00009205,C000606,A001153,2025-04-09T23:49:39+00:00,3119.28,GBP,pending,REFUND
T00009206,C000460,A000911,2025-09-20T18:30:54+00:00,2475.75,GBP,settled,SALE
T00009207,C000229,A000111,2025-02-20T07:36:19+00:00,2218.17,CAD,settled,TRANSFER
T00009208,C000130,A001257,2026-03-26T00:54:04+00:00,2872.41,CAD,failed,ADJUSTMENT
T00009209,C000890,A000854,2026-08-19T05:59:43+00:00,2756.62,USD,reversed,SALE
T00009210,C000747,A001163,2025-06-21T00:37:30+00:00,1247.49,GBP,settled,REFUND
T00009211,C000926,A000890,2025-02-03T13:45:27+00:00,921.75,EUR,pending,ADJUSTMENT
T00009212,C000691,A000633,2026-08-28T22:45:39+00:00,2778.61,CAD,pending,SALE
T00009213,C000543,A000631,2025-10-16T12:57:59+00:00,3274.94,CAD,settled,TRANSFER
T00009214,C000576,A001474,2025-09-30T13:08:45+00:00,764.03,USD,reversed,REFUND
T00009215,C000570,A000746,2025-09-11T08:57:40+00:00,4187.43,GBP,reversed,REFUND
T00009216,C000102,A000406,2025-09-02T06:58:48+00:00,1505.34,EUR,reversed,TRANSFER
T00009217,C000571,A000423,2025-07-07T10:58:02+00:00,2516.73,USD,settled,REFUND
T00009218,C000377,A000835,2025-02-05T03:02:44+00:00,1585.74,USD,settled,REFUND
T00009219,C000318,A001319,2025-05-05T09:47:55+00:00,2343.05,EUR,pending,TRANSFER
T00009220,C000582,A001327,2026-08-03T06:31:45+00:00,2571.66,GBP,reversed,REFUND
T00009221,C000752,A000674,2026-04-09T04:29:28+00:00,2324.22,USD,reversed,REFUND
T00009222,C000507,A000979,2025-06-03T20:43:27+00:00,2197.81,CAD,failed,REFUND
T00009223,C000764,A001430,2025-05-28T09:16:50+00:00,270.58,CAD,failed,ADJUSTMENT
T00009224,C000228,A000799,2025-03-06T20:50:31+00:00,4954.26,INR,pending,ADJUSTMENT
T00009225,C000512,A001118,2026-01-24T11:14:32+00:00,1269.67,INR,failed,REFUND
T00009226,C000616,A000706,2026-01-29T15:28:03+00:00,748.03,INR,pending,ADJUSTMENT
T00009227,C000426,A000044,2026-08-19T08:58:08+00:00,4157.25,USD,failed,ADJUSTMENT
T00009228,C000230,A000958,2026-05-13T13:05:10+00:00,4024.30,EUR,pending,ADJUSTMENT
T00009229,C000317,A000882,2026-03-07T06:24:52+00:00,4272.95,USD,settled,TRANSFER
T00009230,C000483,A001050,2025-09-08T08:10:47+00:00,3725.00,INR,failed,ADJUSTMENT
T00009231,C000674,A000548,2025-08-20T19:04:08+00:00,1899.21,CAD,failed,ADJUSTMENT
T00009232,C000750,A000811,2026-03-13T04:56:55+00:00,3705.36,USD,failed,ADJUSTMENT
T00009233,C000885,A001164,2026-05-12T22:03:56+00:00,72.17,USD,pending,TRANSFER
T00009234,C000853,A000127,2026-03-14T12:54:31+00:00,4262.65,INR,reversed,SALE
T00009235,C000994,A001129,2026-03-08T18:49:20+00:00,4296.49,CAD,settled,SALE
T00009236,C000791,A000321,2025-05-21T02:07:19+00:00,3583.56,CAD,pending,TRANSFER
T00009237,C000801,A000831,2026-08-13T20:13:01+00:00,4605.75,USD,settled,SALE
T00009238,C000767,A001477,2026-02-16T12:57:07+00:00,2100.43,CAD,reversed,SALE
T00009239,C000406,A000955,2026-01-02T12:41:04+00:00,449.44,CAD,pending,TRANSFER
T00009240,C000971,A001015,2025-04-14T08:03:05+00:00,4740.39,EUR,reversed,ADJUSTMENT
T00009241,C000751,A001498,2026-02-19T18:27:26+00:00,2123.84,CAD,settled,TRANSFER
T00009242,C000236,A000003,2025-12-26T02:42:49+00:00,1420.27,EUR,failed,TRANSFER
T00009243,C000511,A000940,2026-05-21T13:22:31+00:00,1868.52,GBP,settled,ADJUSTMENT
T00009244,C000321,A000177,2025-11-21T04:04:41+00:00,696.94,USD,settled,ADJUSTMENT
T00009245,C000882,A000109,2025-05-08T15:22:25+00:00,1654.33,CAD,pending,ADJUSTMENT
T00009246,C000932,A000288,2026-05-18T14:03:55+00:00,3682.28,USD,settled,REFUND
T00009247,C000865,A000645,2025-08-27T18:47:50+00:00,1865.04,INR,reversed,ADJUSTMENT
T00009248,C000495,A000777,2026-03-21T02:32:47+00:00,1519.62,CAD,failed,TRANSFER
T00009249,C000084,A000024,2026-06-16T16:29:30+00:00,829.94,USD,settled,TRANSFER
T00009250,C000455,A001233,2025-03-07T11:40:35+00:00,1478.38,GBP,failed,SALE
T00009251,C000128,A000536,2026-06-01T02:59:38+00:00,763.87,USD,pending,TRANSFER
T00009252,C000736,A000972,2025-10-09T08:49:41+00:00,4838.35,INR,reversed,ADJUSTMENT
T00009253,C000122,A000790,2026-07-03T07:46:25+00:00,4440.02,CAD,pending,TRANSFER
T00009254,C000389,A001185,2026-03-10T23:05:31+00:00,3018.68,INR,failed,REFUND
T00009255,C000121,A001405,2025-08-19T17:15:51+00:00,2556.34,GBP,pending,TRANSFER
T00009256,C000901,A000255,2025-05-02T03:15:04+00:00,1455.42,EUR,failed,SALE
T00009257,C000058,A001104,2025-05-19T10:41:56+00:00,476.85,USD,reversed,ADJUSTMENT
T00009258,C000908,A000457,2025-01-12T11:41:43+00:00,930.70,GBP,reversed,REFUND
T00009259,C000075,A001370,2025-01-24T04:31:11+00:00,4934.53,CAD,pending,SALE
T00009260,C000445,A001183,2025-07-27T13:06:56+00:00,4731.71,EUR,pending,SALE
T00009261,C000832,A001368,2026-01-04T10:11:53+00:00,2292.36,EUR,pending,SALE
T00009262,C000513,A000319,2025-12-05T21:17:46+00:00,1255.42,GBP,settled,ADJUSTMENT
T00009263,C000589,A000993,2026-03-04T17:09:03+00:00,3656.51,INR,failed,ADJUSTMENT
T00009264,C000838,A001290,2026-08-05T10:06:46+00:00,2247.97,CAD,failed,TRANSFER
T00009265,C000925,A000337,2025-08-16T08:30:26+00:00,218.19,USD,failed,SALE
T00009266,C000119,A001048,2025-10-01T02:12:24+00:00,3445.54,INR,pending,SALE
T00009267,C000416,A001429,2025-02-10T16:48:21+00:00,678.47,GBP,settled,TRANSFER
T00009268,C000866,A000722,2025-02-18T06:43:42+00:00,2867.81,EUR,reversed,ADJUSTMENT
T00009269,C000240,A001309,2025-06-12T02:30:57+00:00,3916.19,EUR,pending,SALE
T00009270,C000424,A001267,2026-09-09T10:03:06+00:00,841.50,EUR,settled,SALE
T00009271,C000463,A000860,2025-06-29T12:28:24+00:00,1317.68,USD,failed,TRANSFER
T00009272,C000918,A000430,2025-10-26T10:40:50+00:00,1382.47,EUR,failed,TRANSFER
T00009273,C000075,A000462,2026-07-11T17:39:26+00:00,3634.74,GBP,settled,SALE
T00009274,C000656,A000704,2025-02-18T04:42:38+00:00,2925.52,GBP,pending,TRANSFER
T00009275,C000211,A001373,2025-10-15T02:28:46+00:00,3042.85,INR,settled,REFUND
T00009276,C000297,A000666,2025-08-18T22:39:31+00:00,1773.64,CAD,settled,REFUND
T00009277,C000477,A000411,2026-03-03T06:05:48+00:00,4661.46,GBP,settled,ADJUSTMENT
T00009278,C000919,A000582,2025-08-18T02:52:40+00:00,1295.28,EUR,failed,SALE
T00009279,C000279,A000291,2025-06-03T06:27:30+00:00,2683.56,CAD,settled,TRANSFER
T00009280,C000860,A000464,2026-04-12T19:21:19+00:00,350.65,CAD,failed,REFUND
T00009281,C000985,A001040,2025-05-28T09:46:15+00:00,2093.31,INR,failed,SALE
T00009282,C000091,A001193,2025-02-28T07:13:54+00:00,344.24,CAD,failed,REFUND
T00009283,C000344,A000621,2026-02-10T15:15:43+00:00,3054.78,INR,failed,REFUND
T00009284,C000019,A001178,2025-03-12T03:00:14+00:00,1742.65,INR,settled,SALE
T00009285,C000028,A000228,2026-03-26T13:57:39+00:00,2434.40,EUR,failed,REFUND
T00009286,C000602,A000871,2026-02-01T12:50:29+00:00,2818.25,USD,failed,TRANSFER
T00009287,C000108,A000657,2026-08-07T05:47:57+00:00,3264.01,INR,reversed,ADJUSTMENT
T00009288,C000145,A001172,2026-02-11T17:12:55+00:00,1491.84,EUR,settled,REFUND
T00009289,C000467,A000360,2025-01-09T19:58:59+00:00,1250.10,CAD,settled,SALE
T00009290,C000302,A001386,2025-02-21T15:09:50+00:00,185.22,INR,settled,TRANSFER
T00009291,C000406,A000705,2025-09-08T23:01:11+00:00,453.42,GBP,settled,SALE
T00009292,C000069,A001087,2025-10-03T22:17:34+00:00,4816.66,USD,failed,ADJUSTMENT
T00009293,C000080,A000845,2026-02-13T04:28:20+00:00,3447.50,CAD,reversed,TRANSFER
T00009294,C000626,A001081,2025-06-16T14:45:08+00:00,4984.37,INR,reversed,ADJUSTMENT
T00009295,C000979,A000494,2025-11-18T11:39:24+00:00,547.58,INR,pending,TRANSFER
T00009296,C000807,A001302,2025-05-13T20:56:15+00:00,4112.83,EUR,failed,ADJUSTMENT
T00009297,C000279,A000913,2026-03-01T03:43:03+00:00,1933.34,EUR,reversed,TRANSFER
T00009298,C000957,A001151,2025-07-15T11:46:16+00:00,2110.23,EUR,pending,SALE
T00009299,C000328,A001486,2025-01-13T06:53:06+00:00,1806.81,CAD,pending,ADJUSTMENT
T00009300,C000706,A000169,2025-10-07T00:07:14+00:00,4596.71,GBP,reversed,REFUND
T00009301,C000044,A000542,2025-06-20T20:51:27+00:00,1116.84,USD,pending,TRANSFER
T00009302,C000669,A001121,2026-03-24T19:18:34+00:00,1897.81,EUR,reversed,TRANSFER
T00009303,C000258,A000256,2026-03-25T01:56:53+00:00,638.64,CAD,pending,SALE
T00009304,C000876,A001186,2025-11-24T14:12:09+00:00,3216.15,EUR,reversed,SALE
T00009305,C000928,A000576,2025-08-26T08:22:10+00:00,4282.99,GBP,settled,SALE
T00009306,C000769,A001264,2025-01-06T11:40:51+00:00,848.07,EUR,settled,SALE
T00009307,C000050,A000302,2025-07-16T17:26:12+00:00,3162.14,USD,pending,SALE
T00009308,C000569,A000812,2025-09-27T11:48:28+00:00,2311.29,EUR,failed,REFUND
T00009309,C000145,A001172,2025-10-16T13:23:44+00:00,2358.87,EUR,pending,ADJUSTMENT
T00009310,C000566,A000033,2026-01-14T05:41:14+00:00,71.01,EUR,pending,TRANSFER
T00009311,C000534,A000357,2025-05-08T14:23:36+00:00,3030.83,INR,failed,TRANSFER
T00009312,C000896,A000936,2026-01-13T07:33:06+00:00,3473.44,USD,reversed,ADJUSTMENT
T00009313,C000658,A000718,2025-09-11T23:14:52+00:00,1330.42,INR,reversed,TRANSFER
T00009314,C000740,A000553,2026-03-24T02:20:07+00:00,2991.73,INR,pending,REFUND
T00009315,C000919,A000582,2025-03-23T01:58:09+00:00,2339.51,EUR,reversed,ADJUSTMENT
T00009316,C000287,A000664,2025-12-28T00:56:20+00:00,1979.82,GBP,pending,REFUND
T00009317,C000544,A000973,2025-04-26T11:54:41+00:00,4945.66,CAD,failed,REFUND
T00009318,C000818,A000650,2025-07-25T08:36:48+00:00,2386.45,CAD,settled,TRANSFER
T00009319,C000960,A000538,2026-07-19T05:36:27+00:00,24.72,CAD,settled,REFUND
T00009320,C000270,A000719,2025-05-06T06:17:50+00:00,1392.02,USD,settled,ADJUSTMENT
T00009321,C000889,A001184,2025-06-16T02:15:31+00:00,2653.38,EUR,settled,TRANSFER
T00009322,C000511,A000940,2026-01-04T20:12:15+00:00,2710.01,GBP,settled,SALE
T00009323,C000547,A000902,2025-10-30T05:49:29+00:00,3532.77,EUR,reversed,TRANSFER
T00009324,C000870,A000807,2026-02-18T14:45:27+00:00,3065.97,INR,settled,SALE
T00009325,C000945,A001217,2025-01-11T07:29:35+00:00,343.91,CAD,failed,TRANSFER
T00009326,C000406,A000955,2025-06-07T21:32:46+00:00,1610.44,CAD,failed,SALE
T00009327,C000172,A000800,2025-10-01T14:52:48+00:00,4277.97,USD,failed,TRANSFER
T00009328,C000945,A000456,2026-08-07T23:09:29+00:00,2184.68,USD,reversed,ADJUSTMENT
T00009329,C000612,A001471,2026-08-22T03:07:42+00:00,1627.93,GBP,settled,REFUND
T00009330,C000004,A000637,2026-06-06T12:41:31+00:00,2045.80,INR,settled,REFUND
T00009331,C000237,A000593,2025-06-28T07:26:44+00:00,2893.93,INR,pending,ADJUSTMENT
T00009332,C000114,A000088,2025-04-02T06:11:11+00:00,3185.06,CAD,settled,SALE
T00009333,C000904,A000002,2025-03-28T19:15:48+00:00,565.09,USD,settled,REFUND
T00009334,C000316,A000584,2026-07-04T01:09:46+00:00,3974.86,GBP,reversed,TRANSFER
T00009335,C000155,A000417,2026-04-18T04:58:41+00:00,4629.59,USD,reversed,TRANSFER
T00009336,C000450,A001132,2025-12-05T08:01:28+00:00,3638.74,EUR,reversed,TRANSFER
T00009337,C000956,A000206,2026-03-03T19:08:03+00:00,287.91,CAD,reversed,SALE
T00009338,C000518,A000283,2025-05-13T12:33:46+00:00,2738.13,USD,reversed,TRANSFER
T00009339,C000694,A000575,2026-04-05T05:28:03+00:00,1955.97,GBP,pending,TRANSFER
T00009340,C000562,A000905,2025-06-11T05:59:52+00:00,4562.27,EUR,settled,SALE
T00009341,C000001,A000284,2026-02-01T02:34:12+00:00,1370.94,GBP,failed,SALE
T00009342,C000912,A001357,2026-07-27T09:38:46+00:00,2917.62,USD,reversed,REFUND
T00009343,C000326,A000552,2026-03-30T04:49:52+00:00,3087.74,CAD,failed,ADJUSTMENT
T00009344,C000248,A000903,2025-07-26T04:11:46+00:00,2904.00,CAD,failed,TRANSFER
T00009345,C000385,A000500,2025-08-26T04:34:27+00:00,4177.46,INR,failed,REFUND
T00009346,C000433,A000235,2026-01-22T18:54:39+00:00,684.81,CAD,reversed,ADJUSTMENT
T00009347,C000795,A000591,2025-04-13T19:53:42+00:00,375.58,EUR,failed,ADJUSTMENT
T00009348,C000441,A001325,2026-05-30T06:51:39+00:00,2294.73,INR,pending,ADJUSTMENT
T00009349,C000797,A000827,2026-04-29T02:22:00+00:00,1150.82,INR,pending,REFUND
T00009350,C000928,A000215,2025-07-30T03:36:33+00:00,4255.77,CAD,settled,SALE
T00009351,C000133,A000715,2025-05-23T23:52:06+00:00,2792.04,USD,settled,ADJUSTMENT
T00009352,C000809,A001212,2025-07-20T12:18:33+00:00,2770.95,GBP,settled,TRANSFER
T00009353,C000950,A001291,2025-11-16T15:18:24+00:00,1457.21,CAD,failed,SALE
T00009354,C000788,A000366,2026-02-16T19:57:52+00:00,2226.37,EUR,failed,TRANSFER
T00009355,C000636,A001136,2026-07-24T23:11:59+00:00,2495.46,GBP,failed,TRANSFER
T00009356,C000623,A000409,2026-03-22T14:11:13+00:00,2463.55,CAD,failed,REFUND
T00009357,C000813,A001046,2025-04-06T23:31:11+00:00,3089.54,INR,reversed,REFUND
T00009358,C000300,A000144,2025-12-20T18:46:16+00:00,2907.96,CAD,pending,ADJUSTMENT
T00009359,C000815,A000581,2026-03-14T16:37:52+00:00,328.46,INR,settled,TRANSFER
T00009360,C000064,A001085,2025-08-15T06:11:52+00:00,1809.15,USD,failed,REFUND
T00009361,C000990,A000697,2025-10-15T22:46:30+00:00,1889.94,EUR,reversed,SALE
T00009362,C000479,A001366,2025-09-16T16:16:25+00:00,1706.53,CAD,reversed,ADJUSTMENT
T00009363,C000397,A000788,2026-06-27T23:25:13+00:00,3270.19,USD,reversed,TRANSFER
T00009364,C000697,A000877,2025-11-17T13:47:06+00:00,2909.29,USD,pending,SALE
T00009365,C000553,A001398,2025-10-23T17:54:05+00:00,3266.35,INR,reversed,REFUND
T00009366,C000893,A001037,2026-01-25T04:35:49+00:00,2230.70,EUR,pending,SALE
T00009367,C000129,A000803,2026-05-29T02:03:42+00:00,4919.63,GBP,failed,SALE
T00009368,C000503,A001347,2025-01-31T05:55:14+00:00,745.34,INR,pending,TRANSFER
T00009369,C000783,A000021,2025-04-22T04:16:21+00:00,1605.02,GBP,pending,SALE
T00009370,C000978,A001024,2025-11-25T09:23:07+00:00,474.76,USD,pending,TRANSFER
T00009371,C000246,A001253,2026-07-17T03:06:51+00:00,4637.94,GBP,reversed,ADJUSTMENT
T00009372,C000097,A000269,2026-04-26T10:45:11+00:00,4801.47,EUR,reversed,REFUND
T00009373,C000912,A001357,2025-10-23T14:27:02+00:00,875.10,USD,pending,REFUND
T00009374,C000866,A000964,2025-01-30T08:04:31+00:00,462.02,EUR,failed,SALE
T00009375,C000248,A000903,2025-12-14T17:36:51+00:00,2073.25,CAD,pending,REFUND
T00009376,C000383,A000043,2025-01-17T07:27:59+00:00,881.44,INR,reversed,ADJUSTMENT
T00009377,C000969,A001298,2026-02-09T14:05:24+00:00,1467.55,EUR,pending,REFUND
T00009378,C000900,A001258,2026-08-14T20:20:54+00:00,404.74,CAD,pending,REFUND
T00009379,C000682,A000239,2026-04-06T18:02:10+00:00,1344.36,EUR,reversed,REFUND
T00009380,C000674,A000114,2025-06-23T12:25:34+00:00,3898.14,CAD,reversed,TRANSFER
T00009381,C000234,A000113,2025-05-19T21:42:23+00:00,1130.31,CAD,settled,ADJUSTMENT
T00009382,C000268,A000789,2026-03-30T12:12:23+00:00,2558.08,USD,pending,TRANSFER
T00009383,C000780,A001402,2025-11-25T10:36:36+00:00,4472.93,INR,reversed,TRANSFER
T00009384,C000373,A001194,2025-02-22T08:21:32+00:00,4119.25,USD,reversed,REFUND
T00009385,C000584,A000881,2025-11-01T22:39:06+00:00,3151.76,EUR,reversed,SALE
T00009386,C000930,A001189,2026-04-22T03:31:56+00:00,158.73,GBP,failed,ADJUSTMENT
T00009387,C000940,A000018,2025-12-31T20:04:03+00:00,1375.02,USD,failed,REFUND
T00009388,C000889,A001184,2026-01-25T06:36:12+00:00,2197.62,EUR,reversed,ADJUSTMENT
T00009389,C000494,A000202,2026-05-29T02:06:15+00:00,1519.44,CAD,failed,TRANSFER
T00009390,C000912,A000573,2026-04-14T15:01:46+00:00,1930.68,GBP,settled,REFUND
T00009391,C000200,A000104,2025-01-20T12:19:45+00:00,4491.82,CAD,pending,REFUND
T00009392,C000903,A000208,2026-03-16T16:30:24+00:00,1483.48,GBP,failed,REFUND
T00009393,C000915,A000505,2026-05-18T06:36:15+00:00,3462.42,INR,settled,ADJUSTMENT
T00009394,C000058,A001104,2025-04-14T14:00:22+00:00,715.10,USD,reversed,TRANSFER
T00009395,C000774,A001239,2025-09-10T23:33:21+00:00,1266.24,INR,failed,SALE
T00009396,C000646,A001095,2025-09-09T22:27:42+00:00,4364.35,INR,failed,TRANSFER
T00009397,C000886,A000474,2025-02-27T09:22:51+00:00,1299.40,INR,failed,TRANSFER
T00009398,C000562,A000905,2025-01-27T12:22:14+00:00,4241.25,EUR,reversed,REFUND
T00009399,C000644,A001363,2025-10-19T09:08:08+00:00,50.11,INR,pending,ADJUSTMENT
T00009400,C000166,A001382,2026-04-05T22:29:17+00:00,1986.66,USD,settled,SALE
T00009401,C000426,A001383,2025-08-16T03:21:30+00:00,2828.63,INR,failed,SALE
T00009402,C000008,A000935,2026-01-04T06:55:53+00:00,3811.05,EUR,failed,TRANSFER
T00009403,C000220,A000250,2026-04-28T20:48:43+00:00,2040.66,EUR,failed,REFUND
T00009404,C000994,A001058,2026-05-15T22:40:47+00:00,2991.97,GBP,failed,SALE
T00009405,C000566,A000155,2026-07-31T06:36:03+00:00,543.39,GBP,failed,ADJUSTMENT
T00009406,C000699,A000895,2026-06-07T08:35:16+00:00,2626.75,INR,failed,TRANSFER
T00009407,C000318,A000711,2026-02-24T14:47:24+00:00,4459.08,GBP,failed,ADJUSTMENT
T00009408,C000922,A000865,2025-06-05T22:08:43+00:00,1080.24,GBP,reversed,TRANSFER
T00009409,C000403,A001060,2025-01-28T06:37:10+00:00,1236.45,CAD,failed,TRANSFER
T00009410,C000146,A001399,2025-07-02T06:19:27+00:00,3708.57,USD,pending,ADJUSTMENT
T00009411,C000287,A000991,2026-01-13T22:50:59+00:00,3152.07,CAD,reversed,SALE
T00009412,C000384,A000767,2026-07-30T06:25:51+00:00,1700.89,USD,failed,TRANSFER
T00009413,C000589,A000648,2026-01-23T05:50:18+00:00,1465.92,USD,pending,ADJUSTMENT
T00009414,C000874,A000574,2025-08-19T01:46:25+00:00,1171.10,GBP,failed,SALE
T00009415,C000332,A001426,2026-06-14T19:52:59+00:00,268.99,CAD,pending,TRANSFER
T00009416,C000214,A001454,2025-09-26T15:31:34+00:00,3124.36,EUR,pending,SALE
T00009417,C000360,A000081,2025-02-05T01:14:45+00:00,1204.50,GBP,settled,TRANSFER
T00009418,C000340,A001182,2025-01-14T03:30:00+00:00,1239.06,INR,failed,TRANSFER
T00009419,C000465,A001208,2025-02-21T10:31:31+00:00,2851.97,EUR,reversed,TRANSFER
T00009420,C000413,A000181,2025-10-24T19:11:51+00:00,1202.25,CAD,failed,ADJUSTMENT
T00009421,C000018,A001303,2025-08-04T11:50:38+00:00,3383.64,EUR,failed,ADJUSTMENT
T00009422,C000058,A000074,2025-03-13T09:36:42+00:00,2980.40,INR,failed,TRANSFER
T00009423,C000290,A000298,2025-02-21T16:46:48+00:00,2219.29,INR,pending,TRANSFER
T00009424,C000316,A000994,2026-06-20T11:49:49+00:00,4002.58,INR,settled,ADJUSTMENT
T00009425,C000013,A001251,2025-12-30T14:00:03+00:00,642.27,CAD,settled,SALE
T00009426,C000432,A000183,2025-12-23T02:08:43+00:00,3036.30,INR,failed,REFUND
T00009427,C000882,A000960,2025-04-27T19:10:48+00:00,2736.89,USD,reversed,SALE
T00009428,C000095,A000667,2025-02-26T03:46:37+00:00,555.47,INR,reversed,REFUND
T00009429,C000763,A000452,2026-08-11T08:57:27+00:00,4388.74,INR,pending,SALE
T00009430,C000555,A001444,2026-05-25T01:28:21+00:00,3223.38,GBP,reversed,SALE
T00009431,C000178,A000117,2026-07-18T18:26:02+00:00,1176.27,INR,failed,TRANSFER
T00009432,C000092,A000885,2025-04-05T17:20:28+00:00,952.54,INR,pending,TRANSFER
T00009433,C000872,A001483,2026-05-03T20:49:09+00:00,3153.09,GBP,reversed,ADJUSTMENT
T00009434,C000787,A000779,2026-08-14T13:44:22+00:00,2309.41,GBP,reversed,REFUND
T00009435,C000777,A001017,2025-08-16T12:03:07+00:00,2928.12,EUR,failed,TRANSFER
T00009436,C000441,A001325,2025-05-28T09:33:49+00:00,2389.04,INR,pending,TRANSFER
T00009437,C000084,A001333,2025-10-30T05:57:27+00:00,291.35,EUR,pending,SALE
T00009438,C000609,A000461,2025-07-23T10:38:25+00:00,132.66,INR,pending,TRANSFER
T00009439,C000928,A000576,2026-02-07T10:40:35+00:00,447.98,GBP,failed,REFUND
T00009440,C000664,A000342,2025-10-20T12:59:28+00:00,3074.86,CAD,pending,SALE
T00009441,C000312,A000820,2025-07-19T21:58:39+00:00,1688.59,USD,settled,TRANSFER
T00009442,C000193,A001464,2025-12-18T00:13:43+00:00,1238.46,GBP,failed,SALE
T00009443,C000531,A001236,2026-01-12T18:34:23+00:00,578.14,GBP,settled,TRANSFER
T00009444,C000111,A000616,2025-12-12T15:37:45+00:00,1430.28,INR,settled,ADJUSTMENT
T00009445,C000518,A000999,2026-04-29T18:57:44+00:00,915.37,USD,reversed,SALE
T00009446,C000840,A000884,2026-01-25T05:20:42+00:00,2057.85,GBP,settled,REFUND
T00009447,C000590,A000149,2026-09-04T10:02:55+00:00,4923.79,GBP,settled,ADJUSTMENT
T00009448,C000616,A001494,2026-08-09T08:01:45+00:00,455.44,USD,reversed,SALE
T00009449,C000796,A000587,2025-05-09T13:08:02+00:00,852.90,USD,failed,TRANSFER
T00009450,C000480,A000296,2026-09-08T12:14:02+00:00,4972.25,GBP,pending,TRANSFER
T00009451,C000833,A001197,2026-04-22T00:23:02+00:00,3022.13,EUR,failed,TRANSFER
T00009452,C000476,A001176,2025-08-30T04:29:14+00:00,151.93,CAD,pending,REFUND
T00009453,C000901,A000128,2026-02-18T06:47:35+00:00,2607.72,CAD,pending,TRANSFER
T00009454,C000424,A001225,2025-02-02T18:34:53+00:00,165.04,CAD,pending,ADJUSTMENT
T00009455,C000755,A000766,2025-01-05T01:12:09+00:00,3232.07,GBP,failed,SALE
T00009456,C000919,A000689,2026-03-09T13:10:02+00:00,3239.38,INR,failed,REFUND
T00009457,C000499,A000555,2025-09-06T11:33:31+00:00,1151.09,USD,pending,REFUND
T00009458,C000150,A000585,2025-10-18T01:52:35+00:00,600.27,EUR,settled,REFUND
T00009459,C000001,A000842,2026-07-26T14:19:52+00:00,1335.80,USD,reversed,SALE
T00009460,C000822,A000052,2025-01-22T13:02:10+00:00,391.18,GBP,settled,REFUND
T00009461,C000011,A000274,2026-04-27T23:02:54+00:00,6.81,INR,reversed,TRANSFER
T00009462,C000391,A001068,2026-01-04T13:33:44+00:00,3111.65,INR,reversed,TRANSFER
T00009463,C000901,A000128,2025-06-14T00:35:49+00:00,4290.07,CAD,failed,ADJUSTMENT
T00009464,C000297,A000756,2025-03-03T01:43:06+00:00,2242.09,USD,pending,ADJUSTMENT
T00009465,C000647,A000619,2025-11-10T22:57:16+00:00,2428.16,INR,pending,SALE
T00009466,C000752,A000674,2026-07-08T19:04:56+00:00,398.16,USD,settled,ADJUSTMENT
T00009467,C000908,A000457,2025-05-24T21:34:30+00:00,3334.81,GBP,reversed,REFUND
T00009468,C000531,A000059,2026-08-05T14:29:37+00:00,3288.16,GBP,pending,ADJUSTMENT
T00009469,C000851,A000325,2025-03-10T20:47:26+00:00,2061.16,USD,pending,ADJUSTMENT
T00009470,C000426,A000044,2026-06-28T06:07:01+00:00,2593.72,USD,failed,REFUND
T00009471,C000765,A000857,2026-08-07T10:11:13+00:00,1140.83,INR,reversed,SALE
T00009472,C000140,A000978,2025-08-19T17:13:16+00:00,191.20,GBP,settled,ADJUSTMENT
T00009473,C000522,A000998,2025-04-20T22:51:48+00:00,4746.57,USD,failed,REFUND
T00009474,C000373,A000828,2025-04-23T01:04:33+00:00,2641.61,INR,reversed,ADJUSTMENT
T00009475,C000643,A000107,2025-09-11T00:25:50+00:00,4583.49,USD,settled,ADJUSTMENT
T00009476,C000287,A000664,2025-05-09T18:59:59+00:00,2529.39,GBP,failed,SALE
T00009477,C000644,A000450,2025-01-28T13:37:14+00:00,1709.89,INR,pending,ADJUSTMENT
T00009478,C000908,A000171,2025-07-21T19:59:34+00:00,2318.62,USD,settled,SALE
T00009479,C000852,A001322,2026-02-09T11:34:46+00:00,2666.33,INR,failed,REFUND
T00009480,C000826,A000566,2026-02-06T11:49:37+00:00,303.78,GBP,pending,REFUND
T00009481,C000420,A001166,2025-03-03T06:27:40+00:00,4253.31,CAD,reversed,REFUND
T00009482,C000543,A000631,2025-12-27T03:32:04+00:00,3648.41,CAD,failed,ADJUSTMENT
T00009483,C000949,A000224,2025-01-20T18:36:53+00:00,3470.18,INR,pending,REFUND
T00009484,C000758,A000493,2025-05-28T16:10:35+00:00,2034.09,USD,pending,SALE
T00009485,C000950,A001291,2026-01-16T19:24:47+00:00,4348.35,CAD,pending,REFUND
T00009486,C000246,A001253,2025-09-09T19:55:35+00:00,1676.07,GBP,failed,SALE
T00009487,C000110,A000600,2026-04-23T03:17:57+00:00,3232.34,USD,pending,REFUND
T00009488,C000737,A000322,2025-11-30T20:37:23+00:00,878.15,INR,failed,ADJUSTMENT
T00009489,C000927,A000690,2026-06-12T20:55:54+00:00,2239.97,EUR,pending,REFUND
T00009490,C000754,A000233,2025-08-02T04:32:56+00:00,16.17,GBP,pending,ADJUSTMENT
T00009491,C000391,A001068,2026-08-01T08:56:04+00:00,98.59,INR,pending,TRANSFER
T00009492,C000183,A000763,2025-12-13T01:09:23+00:00,2642.44,CAD,reversed,ADJUSTMENT
T00009493,C000448,A000001,2025-06-09T06:39:58+00:00,1543.18,USD,reversed,REFUND
T00009494,C000675,A000105,2025-02-23T03:04:06+00:00,2596.67,EUR,failed,ADJUSTMENT
T00009495,C000947,A000970,2026-09-08T13:43:10+00:00,3762.61,INR,failed,SALE
T00009496,C000425,A001339,2026-06-20T23:25:25+00:00,943.03,CAD,reversed,REFUND
T00009497,C000599,A000653,2025-05-03T17:08:48+00:00,3505.11,INR,pending,TRANSFER
T00009498,C000609,A000461,2025-06-22T02:15:38+00:00,2926.64,INR,failed,ADJUSTMENT
T00009499,C000973,A000668,2025-05-12T23:20:22+00:00,2708.76,GBP,pending,ADJUSTMENT
T00009500,C000113,A000328,2026-06-18T06:10:51+00:00,3421.16,INR,reversed,ADJUSTMENT
T00009501,C000981,A001458,2025-03-22T15:03:19+00:00,2330.96,INR,reversed,TRANSFER
T00009502,C000048,A000741,2025-01-05T23:04:01+00:00,1094.59,EUR,pending,SALE
T00009503,C000106,A000405,2026-07-19T20:19:55+00:00,1600.85,INR,failed,ADJUSTMENT
T00009504,C000772,A001260,2025-11-25T17:24:18+00:00,2599.35,EUR,pending,SALE
T00009505,C000340,A000684,2025-04-22T05:25:29+00:00,806.92,CAD,pending,SALE
T00009506,C000944,A000846,2025-12-27T03:12:34+00:00,1815.52,EUR,failed,REFUND
T00009507,C000633,A000133,2025-10-19T19:01:08+00:00,4935.29,EUR,pending,REFUND
T00009508,C000357,A001387,2025-10-26T12:52:05+00:00,4752.62,INR,settled,REFUND
T00009509,C000227,A000103,2026-01-06T00:22:53+00:00,2947.83,GBP,settled,TRANSFER
T00009510,C000546,A001004,2026-01-11T14:22:02+00:00,353.58,EUR,settled,ADJUSTMENT
T00009511,C000765,A000857,2026-02-27T22:38:54+00:00,3525.57,INR,failed,REFUND
T00009512,C000445,A001183,2026-02-23T08:23:57+00:00,1446.57,EUR,settled,TRANSFER
T00009513,C000136,A000389,2025-11-22T17:55:39+00:00,4146.16,INR,reversed,REFUND
T00009514,C000615,A001218,2025-10-16T03:31:55+00:00,2789.20,INR,pending,SALE
T00009515,C000220,A000952,2026-03-27T21:38:30+00:00,3551.02,EUR,pending,REFUND
T00009516,C000848,A000132,2026-07-07T18:46:00+00:00,2540.45,CAD,failed,ADJUSTMENT
T00009517,C000471,A000946,2026-01-22T14:09:07+00:00,3501.02,USD,reversed,ADJUSTMENT
T00009518,C000610,A000006,2025-12-11T15:25:47+00:00,1662.97,CAD,settled,ADJUSTMENT
T00009519,C000532,A001026,2025-03-15T05:19:10+00:00,4919.54,EUR,settled,ADJUSTMENT
T00009520,C000994,A001119,2026-04-11T21:04:58+00:00,3090.90,EUR,reversed,SALE
T00009521,C000618,A000990,2025-09-27T06:13:57+00:00,4317.01,USD,reversed,TRANSFER
T00009522,C000283,A000537,2025-08-17T15:48:19+00:00,4454.06,INR,settled,REFUND
T00009523,C000964,A000122,2025-01-27T02:29:40+00:00,1865.02,INR,failed,TRANSFER
T00009524,C000870,A000436,2026-08-17T19:21:57+00:00,4847.10,USD,failed,ADJUSTMENT
T00009525,C000498,A001231,2026-04-29T16:03:29+00:00,3671.50,INR,reversed,REFUND
T00009526,C000981,A001458,2025-09-06T14:36:50+00:00,1315.04,INR,reversed,REFUND
T00009527,C000111,A000616,2025-07-17T05:05:05+00:00,1844.15,INR,reversed,REFUND
T00009528,C000791,A000321,2025-01-05T13:07:36+00:00,4215.05,CAD,pending,TRANSFER
T00009529,C000766,A000808,2025-05-02T19:35:15+00:00,3135.95,INR,pending,TRANSFER
T00009530,C000578,A000300,2025-03-18T00:28:01+00:00,3472.87,CAD,failed,SALE
T00009531,C000277,A001275,2025-09-26T15:47:37+00:00,1570.57,CAD,reversed,TRANSFER
T00009532,C000782,A000124,2026-07-21T00:47:30+00:00,4945.64,GBP,reversed,SALE
T00009533,C000479,A000073,2025-08-24T02:12:01+00:00,4336.19,USD,settled,REFUND
T00009534,C000725,A000904,2025-10-27T21:06:21+00:00,2729.77,USD,failed,TRANSFER
T00009535,C000802,A000063,2025-04-08T03:18:48+00:00,616.35,GBP,reversed,REFUND
T00009536,C000048,A001377,2025-04-03T06:36:21+00:00,1510.59,INR,settled,SALE
T00009537,C000990,A000697,2026-03-26T10:17:10+00:00,307.76,EUR,pending,REFUND
T00009538,C000773,A000818,2025-02-23T17:05:10+00:00,4868.38,USD,pending,TRANSFER
T00009539,C000832,A001368,2025-10-03T06:35:07+00:00,2879.70,EUR,reversed,REFUND
T00009540,C000795,A000376,2026-07-20T04:45:10+00:00,1625.94,GBP,pending,TRANSFER
T00009541,C000017,A000064,2025-05-07T05:16:37+00:00,2025.53,GBP,settled,TRANSFER
T00009542,C000047,A000677,2025-12-08T16:22:15+00:00,4476.31,EUR,reversed,REFUND
T00009543,C000459,A000198,2025-02-01T02:26:47+00:00,339.84,EUR,pending,ADJUSTMENT
T00009544,C000449,A000571,2025-05-19T04:51:32+00:00,608.73,USD,pending,TRANSFER
T00009545,C000968,A000273,2025-08-14T12:41:58+00:00,493.97,INR,reversed,SALE
T00009546,C000321,A000177,2025-10-23T08:28:11+00:00,3278.03,USD,failed,REFUND
T00009547,C000616,A000706,2025-11-19T07:25:06+00:00,3287.39,INR,reversed,REFUND
T00009548,C000747,A001163,2025-01-26T18:30:46+00:00,2401.26,GBP,pending,REFUND
T00009549,C000693,A000824,2025-07-11T11:33:41+00:00,4041.37,EUR,reversed,REFUND
T00009550,C000822,A000732,2025-10-21T04:29:57+00:00,1071.19,GBP,failed,ADJUSTMENT
T00009551,C000602,A000871,2025-10-26T11:09:35+00:00,3383.00,USD,failed,ADJUSTMENT
T00009552,C000146,A000415,2025-03-21T10:10:49+00:00,3451.37,GBP,failed,SALE
T00009553,C000116,A000413,2026-03-05T13:39:21+00:00,4248.11,USD,reversed,SALE
T00009554,C000944,A000846,2025-06-21T04:24:21+00:00,3649.91,EUR,settled,ADJUSTMENT
T00009555,C000302,A001386,2026-02-10T00:22:30+00:00,2246.47,INR,failed,SALE
T00009556,C000914,A000305,2026-01-05T20:20:56+00:00,4402.32,CAD,settled,SALE
T00009557,C000602,A000163,2025-11-21T08:43:32+00:00,392.27,EUR,pending,ADJUSTMENT
T00009558,C000697,A000877,2026-08-30T01:03:15+00:00,4706.75,USD,settled,SALE
T00009559,C000698,A000492,2025-10-16T06:14:07+00:00,3352.71,INR,failed,ADJUSTMENT
T00009560,C000406,A000955,2025-11-23T15:38:07+00:00,3052.94,CAD,reversed,ADJUSTMENT
T00009561,C000985,A001223,2026-03-06T19:59:37+00:00,4537.73,GBP,pending,ADJUSTMENT
T00009562,C000964,A000122,2025-02-12T11:47:44+00:00,2470.11,INR,settled,ADJUSTMENT
T00009563,C000320,A000270,2025-10-15T08:21:27+00:00,2163.57,INR,reversed,REFUND
T00009564,C000494,A000202,2026-03-21T21:41:13+00:00,4859.88,CAD,failed,SALE
T00009565,C000340,A000817,2025-04-07T04:57:16+00:00,4016.81,USD,settled,ADJUSTMENT
T00009566,C000786,A001350,2026-04-01T05:40:41+00:00,2125.49,CAD,reversed,TRANSFER
T00009567,C000463,A000466,2025-01-22T23:48:06+00:00,2147.97,CAD,reversed,ADJUSTMENT
T00009568,C000781,A000323,2026-01-06T20:51:06+00:00,4093.63,USD,settled,TRANSFER
T00009569,C000679,A000354,2026-04-04T02:48:05+00:00,48.80,CAD,settled,TRANSFER
T00009570,C000882,A000960,2025-03-02T20:36:19+00:00,3817.52,USD,reversed,TRANSFER
T00009571,C000382,A000275,2025-04-24T21:57:23+00:00,4433.20,INR,pending,REFUND
T00009572,C000181,A001054,2025-03-13T14:40:25+00:00,2514.64,GBP,pending,ADJUSTMENT
T00009573,C000440,A000234,2025-06-02T16:00:47+00:00,3436.70,GBP,failed,SALE
T00009574,C000607,A001279,2025-09-27T19:49:14+00:00,4235.13,CAD,failed,SALE
T00009575,C000659,A000933,2025-09-15T03:57:47+00:00,714.04,CAD,failed,ADJUSTMENT
T00009576,C000716,A000641,2025-09-10T13:17:20+00:00,3187.51,EUR,failed,REFUND
T00009577,C000384,A000767,2025-02-14T18:10:03+00:00,36.23,USD,reversed,ADJUSTMENT
T00009578,C000256,A000023,2025-05-31T13:33:40+00:00,2599.09,CAD,failed,TRANSFER
T00009579,C000498,A001231,2026-01-20T14:16:26+00:00,4883.56,INR,failed,ADJUSTMENT
T00009580,C000766,A000808,2026-03-09T14:30:49+00:00,4048.33,INR,pending,TRANSFER
T00009581,C000593,A000140,2025-11-18T05:34:27+00:00,1765.30,EUR,failed,SALE
T00009582,C000091,A000907,2025-10-07T13:40:11+00:00,2728.18,USD,settled,SALE
T00009583,C000114,A000194,2026-02-19T02:35:04+00:00,43.91,USD,failed,REFUND
T00009584,C000676,A000190,2026-08-12T23:40:28+00:00,4210.42,EUR,settled,TRANSFER
T00009585,C000619,A001059,2025-02-02T17:26:01+00:00,4143.33,INR,settled,TRANSFER
T00009586,C000465,A001208,2026-04-18T14:27:21+00:00,409.57,EUR,pending,REFUND
T00009587,C000845,A001449,2025-06-27T15:00:32+00:00,4158.73,EUR,settled,ADJUSTMENT
T00009588,C000470,A001461,2026-07-10T15:52:10+00:00,2482.71,EUR,failed,TRANSFER
T00009589,C000509,A000453,2026-02-08T05:49:58+00:00,2310.85,CAD,pending,SALE
T00009590,C000048,A001377,2026-06-29T18:50:24+00:00,3292.87,INR,pending,REFUND
T00009591,C000344,A000621,2025-02-12T07:30:49+00:00,2135.20,INR,failed,REFUND
T00009592,C000050,A001191,2025-01-11T20:30:22+00:00,1429.05,INR,pending,ADJUSTMENT
T00009593,C000154,A000891,2025-09-11T21:08:55+00:00,844.57,CAD,failed,REFUND
T00009594,C000010,A000141,2025-06-23T09:44:11+00:00,3147.63,USD,settled,SALE
T00009595,C000622,A000193,2025-02-08T11:06:55+00:00,2499.18,USD,pending,REFUND
T00009596,C000579,A000943,2025-01-31T19:49:06+00:00,253.77,USD,failed,SALE
T00009597,C000367,A000707,2026-02-19T17:34:32+00:00,1348.92,CAD,reversed,TRANSFER
T00009598,C000168,A001482,2025-03-11T09:35:17+00:00,2640.61,EUR,reversed,TRANSFER
T00009599,C000240,A000773,2026-05-05T20:47:25+00:00,4514.70,USD,pending,TRANSFER
T00009600,C000427,A000408,2025-04-04T03:08:04+00:00,2721.95,EUR,pending,ADJUSTMENT
T00009601,C000773,A000868,2025-04-10T05:02:06+00:00,1895.22,EUR,settled,TRANSFER
T00009602,C000482,A001256,2026-01-27T19:09:56+00:00,4397.29,INR,pending,SALE
T00009603,C000681,A000454,2025-01-04T09:34:02+00:00,4160.93,EUR,failed,REFUND
T00009604,C000916,A000771,2026-04-16T07:20:24+00:00,3620.08,EUR,failed,SALE
T00009605,C000959,A001283,2025-08-29T19:05:16+00:00,4127.45,EUR,reversed,TRANSFER
T00009606,C000408,A000887,2026-04-09T19:15:16+00:00,232.73,EUR,pending,SALE
T00009607,C000629,A000651,2025-06-26T07:56:13+00:00,1796.05,GBP,reversed,ADJUSTMENT
T00009608,C000613,A000764,2025-01-31T12:25:19+00:00,1344.09,EUR,failed,REFUND
T00009609,C000593,A000140,2025-01-06T15:30:32+00:00,3398.85,EUR,reversed,ADJUSTMENT
T00009610,C000638,A000932,2026-01-07T21:43:12+00:00,262.05,CAD,failed,ADJUSTMENT
T00009611,C000929,A001170,2025-10-04T16:07:10+00:00,3257.69,USD,reversed,TRANSFER
T00009612,C000001,A000284,2026-08-11T12:48:02+00:00,4218.45,GBP,failed,TRANSFER
T00009613,C000470,A001461,2025-03-23T20:23:32+00:00,4680.99,EUR,failed,REFUND
T00009614,C000638,A000932,2026-05-19T03:36:23+00:00,407.78,CAD,pending,SALE
T00009615,C000332,A000258,2026-02-04T16:07:08+00:00,447.34,GBP,reversed,REFUND
T00009616,C000766,A000808,2026-07-03T02:15:45+00:00,3671.96,INR,reversed,REFUND
T00009617,C000822,A001484,2026-02-28T00:13:56+00:00,126.04,USD,failed,REFUND
T00009618,C000311,A001391,2025-01-12T03:03:09+00:00,2058.75,CAD,failed,TRANSFER
T00009619,C000658,A001159,2025-04-15T04:27:47+00:00,3553.95,INR,failed,REFUND
T00009620,C000517,A000259,2025-06-15T22:02:10+00:00,2873.52,USD,reversed,REFUND
T00009621,C000830,A000279,2025-08-06T00:46:19+00:00,4362.18,GBP,settled,REFUND
T00009622,C000297,A000756,2025-08-21T07:21:53+00:00,3320.56,USD,settled,REFUND
T00009623,C000549,A000139,2026-05-07T17:30:25+00:00,3859.89,CAD,reversed,REFUND
T00009624,C000928,A000576,2025-04-14T00:26:46+00:00,2369.32,GBP,pending,TRANSFER
T00009625,C000788,A000366,2025-01-03T12:55:22+00:00,1175.09,EUR,settled,ADJUSTMENT
T00009626,C000578,A000300,2025-05-04T14:28:01+00:00,4446.49,CAD,pending,TRANSFER
T00009627,C000083,A000309,2026-03-15T21:29:58+00:00,2909.96,GBP,settled,SALE
T00009628,C000184,A000760,2026-08-07T21:55:40+00:00,946.27,USD,pending,ADJUSTMENT
T00009629,C000339,A001263,2025-07-26T09:47:47+00:00,4950.25,EUR,settled,TRANSFER
T00009630,C000572,A000524,2025-09-17T21:10:42+00:00,2754.78,USD,failed,SALE
T00009631,C000755,A000766,2026-06-09T11:40:51+00:00,356.07,GBP,pending,SALE
T00009632,C000916,A000613,2025-06-05T01:27:40+00:00,844.29,INR,settled,SALE
T00009633,C000550,A000916,2026-03-22T08:18:25+00:00,1237.81,USD,failed,ADJUSTMENT
T00009634,C000661,A000214,2025-06-05T13:03:36+00:00,4773.57,CAD,pending,ADJUSTMENT
T00009635,C000261,A000036,2025-10-16T07:33:06+00:00,2101.00,INR,reversed,REFUND
T00009636,C000786,A000467,2026-01-24T03:57:52+00:00,2788.45,EUR,reversed,ADJUSTMENT
T00009637,C000996,A000963,2026-09-03T13:31:26+00:00,715.75,CAD,failed,REFUND
T00009638,C000881,A001117,2025-12-23T09:26:14+00:00,1311.49,USD,reversed,REFUND
T00009639,C000266,A000201,2025-07-13T11:49:53+00:00,1063.67,INR,pending,REFUND
T00009640,C000075,A000863,2026-03-22T16:50:31+00:00,887.70,EUR,failed,SALE
T00009641,C000424,A001225,2025-04-28T07:49:03+00:00,3650.21,CAD,failed,ADJUSTMENT
T00009642,C000955,A000304,2025-10-20T12:05:46+00:00,3372.90,EUR,pending,ADJUSTMENT
T00009643,C000274,A001062,2026-05-29T03:42:28+00:00,1103.04,USD,pending,ADJUSTMENT
T00009644,C000980,A001362,2026-04-16T00:32:46+00:00,1627.00,USD,settled,ADJUSTMENT
T00009645,C000922,A000865,2026-03-17T23:37:09+00:00,2187.95,GBP,settled,TRANSFER
T00009646,C000615,A000041,2026-07-23T20:21:47+00:00,3811.98,CAD,failed,ADJUSTMENT
T00009647,C000686,A000966,2025-09-12T00:20:43+00:00,4154.04,GBP,settled,SALE
T00009648,C000248,A000830,2026-01-30T21:08:55+00:00,179.71,CAD,reversed,SALE
T00009649,C000664,A000342,2025-05-09T21:46:10+00:00,328.83,CAD,failed,REFUND
T00009650,C000682,A000239,2026-03-01T08:08:02+00:00,179.61,EUR,failed,SALE
T00009651,C000184,A000490,2025-04-23T03:57:50+00:00,3373.85,USD,pending,TRANSFER
T00009652,C000434,A000826,2026-03-24T18:34:24+00:00,3698.36,EUR,settled,TRANSFER
T00009653,C000442,A000146,2025-12-13T09:39:58+00:00,1624.25,INR,pending,ADJUSTMENT
T00009654,C000968,A000273,2026-05-13T15:20:11+00:00,638.94,INR,settled,TRANSFER
T00009655,C000747,A001163,2025-12-26T14:21:54+00:00,1093.00,GBP,reversed,SALE
T00009656,C000461,A000293,2025-05-01T21:45:04+00:00,1595.18,GBP,pending,TRANSFER
T00009657,C000747,A000083,2025-12-15T11:03:46+00:00,1484.52,USD,reversed,ADJUSTMENT
T00009658,C000239,A000167,2026-04-22T07:04:10+00:00,1064.51,GBP,pending,ADJUSTMENT
T00009659,C000992,A000078,2026-05-05T11:40:29+00:00,780.67,CAD,reversed,TRANSFER
T00009660,C000462,A000110,2026-07-28T23:20:37+00:00,3288.11,INR,pending,SALE
T00009661,C000080,A000845,2026-03-16T18:01:38+00:00,644.45,CAD,failed,SALE
T00009662,C000811,A001475,2025-08-27T01:10:20+00:00,1095.65,USD,pending,REFUND
T00009663,C000918,A000430,2025-07-30T03:11:22+00:00,4865.02,EUR,reversed,TRANSFER
T00009664,C000316,A000264,2025-06-24T17:09:22+00:00,496.27,GBP,reversed,SALE
T00009665,C000971,A001015,2025-01-06T13:13:13+00:00,2635.30,EUR,settled,TRANSFER
T00009666,C000449,A001421,2025-05-19T11:32:01+00:00,3654.33,CAD,reversed,REFUND
T00009667,C000455,A000853,2026-01-28T00:15:25+00:00,3524.40,CAD,pending,ADJUSTMENT
T00009668,C000402,A000512,2025-04-08T21:57:24+00:00,232.43,GBP,pending,SALE
T00009669,C000009,A000550,2025-12-06T09:16:08+00:00,2387.08,CAD,pending,TRANSFER
T00009670,C000883,A000906,2025-09-12T13:27:30+00:00,16.18,GBP,failed,SALE
T00009671,C000826,A000180,2025-12-02T07:53:37+00:00,1880.28,CAD,settled,TRANSFER
T00009672,C000923,A000032,2025-08-21T05:35:13+00:00,521.06,GBP,failed,REFUND
T00009673,C000014,A000579,2026-06-12T03:00:28+00:00,2865.94,USD,failed,TRANSFER
T00009674,C000570,A000746,2026-01-17T08:01:15+00:00,3090.71,GBP,settled,SALE
T00009675,C000828,A000271,2025-07-23T12:42:00+00:00,3973.30,GBP,pending,ADJUSTMENT
T00009676,C000162,A000636,2025-01-07T08:04:25+00:00,2149.69,INR,pending,SALE
T00009677,C000734,A000899,2026-03-15T14:38:18+00:00,3608.44,USD,pending,TRANSFER
T00009678,C000851,A000325,2025-03-09T15:04:15+00:00,4059.79,USD,pending,TRANSFER
T00009679,C000100,A000554,2025-07-28T01:52:14+00:00,1400.79,EUR,settled,SALE
T00009680,C000466,A001304,2026-01-30T10:12:49+00:00,1926.58,GBP,settled,REFUND
T00009681,C000333,A001314,2026-07-19T21:42:53+00:00,4150.97,EUR,settled,SALE
T00009682,C000852,A000533,2026-01-12T07:40:50+00:00,2877.79,GBP,failed,TRANSFER
T00009683,C000157,A000698,2025-11-19T14:44:20+00:00,248.79,CAD,pending,TRANSFER
T00009684,C000257,A001188,2025-10-17T23:09:15+00:00,2441.15,CAD,failed,ADJUSTMENT
T00009685,C000006,A000874,2025-07-10T04:49:44+00:00,348.31,USD,reversed,ADJUSTMENT
T00009686,C000669,A001121,2025-02-20T22:33:46+00:00,2688.80,EUR,pending,REFUND
T00009687,C000106,A000709,2026-09-07T13:04:33+00:00,4349.04,INR,settled,TRANSFER
T00009688,C000866,A000964,2025-09-02T06:29:25+00:00,648.19,EUR,pending,TRANSFER
T00009689,C000476,A001176,2026-05-18T17:25:25+00:00,1824.95,CAD,pending,ADJUSTMENT
T00009690,C000243,A001130,2026-04-03T19:36:50+00:00,2931.83,CAD,settled,REFUND
T00009691,C000183,A000763,2025-02-14T20:48:48+00:00,1938.65,CAD,reversed,TRANSFER
T00009692,C000116,A000242,2025-03-03T04:06:48+00:00,814.92,GBP,settled,ADJUSTMENT
T00009693,C000181,A000481,2026-06-28T16:39:29+00:00,4531.20,EUR,failed,SALE
T00009694,C000234,A001152,2026-03-06T12:58:20+00:00,3267.59,USD,pending,TRANSFER
T00009695,C000643,A001016,2025-07-21T18:54:08+00:00,3412.20,INR,settled,ADJUSTMENT
T00009696,C000707,A000096,2026-02-23T23:56:54+00:00,4982.27,GBP,reversed,ADJUSTMENT
T00009697,C000230,A000444,2025-05-05T15:20:54+00:00,4083.81,USD,pending,TRANSFER
T00009698,C000449,A000685,2025-06-02T19:05:32+00:00,3554.35,EUR,pending,ADJUSTMENT
T00009699,C000621,A001003,2025-11-09T08:38:56+00:00,2484.67,EUR,reversed,TRANSFER
T00009700,C000905,A000480,2025-04-14T13:16:37+00:00,2455.20,CAD,pending,TRANSFER
T00009701,C000287,A000991,2026-06-05T20:44:12+00:00,3501.59,CAD,settled,ADJUSTMENT
T00009702,C000555,A000388,2026-02-04T00:07:34+00:00,1851.56,INR,reversed,ADJUSTMENT
T00009703,C000068,A001190,2026-02-20T04:28:34+00:00,2529.91,GBP,failed,ADJUSTMENT
T00009704,C000543,A000631,2025-04-25T04:37:04+00:00,3551.17,CAD,settled,REFUND
T00009705,C000205,A001077,2026-05-27T00:06:46+00:00,1630.02,INR,reversed,ADJUSTMENT
T00009706,C000274,A001420,2026-04-07T13:00:57+00:00,3676.54,CAD,failed,ADJUSTMENT
T00009707,C000329,A000488,2025-11-09T08:09:37+00:00,3912.53,GBP,settled,TRANSFER
T00009708,C000835,A000672,2026-07-20T06:52:34+00:00,663.61,EUR,failed,REFUND
T00009709,C000878,A001243,2026-04-27T04:04:20+00:00,3836.59,CAD,pending,ADJUSTMENT
T00009710,C000495,A001281,2025-09-05T13:02:17+00:00,2198.46,EUR,pending,REFUND
T00009711,C000274,A001420,2025-01-01T19:16:14+00:00,4088.00,CAD,settled,REFUND
T00009712,C000290,A001245,2025-11-01T09:30:28+00:00,3556.06,CAD,reversed,ADJUSTMENT
T00009713,C000713,A000038,2025-12-25T02:55:50+00:00,1744.12,USD,settled,ADJUSTMENT
T00009714,C000834,A001397,2025-11-27T10:18:31+00:00,3922.63,USD,reversed,ADJUSTMENT
T00009715,C000669,A001446,2025-03-21T05:37:01+00:00,1406.35,CAD,settled,SALE
T00009716,C000854,A000838,2025-10-14T08:31:08+00:00,110.37,CAD,reversed,SALE
T00009717,C000254,A000549,2026-07-04T00:26:27+00:00,2590.99,INR,failed,TRANSFER
T00009718,C000930,A001189,2025-01-13T01:09:10+00:00,155.62,GBP,pending,TRANSFER
T00009719,C000249,A000008,2025-03-12T22:27:44+00:00,4063.76,USD,settled,TRANSFER
T00009720,C000954,A000821,2025-06-10T11:38:14+00:00,2399.49,EUR,settled,TRANSFER
T00009721,C000239,A000167,2025-07-25T12:50:44+00:00,270.67,GBP,settled,TRANSFER
T00009722,C000657,A000067,2026-01-06T23:31:21+00:00,631.11,USD,failed,ADJUSTMENT
T00009723,C000576,A000249,2025-05-31T17:15:14+00:00,1446.96,GBP,pending,REFUND
T00009724,C000408,A000887,2026-09-08T12:04:49+00:00,3881.73,EUR,failed,ADJUSTMENT
T00009725,C000008,A000935,2026-09-02T16:52:02+00:00,2161.31,EUR,reversed,REFUND
T00009726,C000821,A000387,2026-02-12T08:30:07+00:00,1273.04,EUR,reversed,TRANSFER
T00009727,C000754,A000233,2025-04-15T06:53:50+00:00,3347.08,GBP,pending,TRANSFER
T00009728,C000133,A000715,2025-04-19T23:48:02+00:00,1657.13,USD,failed,REFUND
T00009729,C000738,A000384,2025-07-22T12:14:25+00:00,651.65,CAD,settled,ADJUSTMENT
T00009730,C000234,A000123,2026-06-28T14:10:01+00:00,4404.17,GBP,reversed,TRANSFER
T00009731,C000129,A000803,2026-04-23T11:33:37+00:00,2572.29,GBP,pending,TRANSFER
T00009732,C000471,A001028,2025-01-08T13:35:02+00:00,712.75,GBP,failed,TRANSFER
T00009733,C000069,A001181,2026-08-01T12:13:52+00:00,273.96,GBP,pending,REFUND
T00009734,C000108,A001154,2025-05-03T15:06:38+00:00,987.75,EUR,settled,ADJUSTMENT
T00009735,C000935,A000265,2025-02-27T21:29:28+00:00,460.34,INR,failed,SALE
T00009736,C000826,A000839,2026-05-06T05:43:19+00:00,3801.07,GBP,settled,TRANSFER
T00009737,C000231,A000769,2026-01-20T10:46:37+00:00,455.80,CAD,failed,ADJUSTMENT
T00009738,C000611,A000776,2025-12-15T02:21:29+00:00,4562.98,INR,failed,REFUND
T00009739,C000007,A000632,2025-11-17T21:54:07+00:00,4418.76,GBP,failed,REFUND
T00009740,C000228,A000799,2026-08-06T05:59:22+00:00,1137.25,INR,pending,TRANSFER
T00009741,C000069,A000702,2025-06-12T19:36:06+00:00,1065.88,GBP,failed,TRANSFER
T00009742,C000652,A000336,2025-05-26T12:27:32+00:00,2147.15,EUR,pending,TRANSFER
T00009743,C000086,A000251,2025-03-04T07:26:58+00:00,3316.23,EUR,settled,ADJUSTMENT
T00009744,C000792,A000717,2026-05-13T17:41:00+00:00,2445.61,EUR,pending,REFUND
T00009745,C000835,A000672,2026-04-06T02:08:04+00:00,2870.15,EUR,failed,SALE
T00009746,C000821,A000627,2026-04-12T19:49:06+00:00,4963.22,CAD,pending,TRANSFER
T00009747,C000452,A000965,2026-01-15T16:27:28+00:00,2798.76,GBP,failed,REFUND
T00009748,C000921,A000372,2025-12-01T05:42:57+00:00,3083.83,INR,pending,SALE
T00009749,C000784,A000849,2025-04-25T02:45:52+00:00,4490.98,USD,settled,SALE
T00009750,C000205,A001077,2025-05-14T04:42:53+00:00,3991.94,INR,pending,REFUND
T00009751,C000868,A001080,2025-10-31T10:55:57+00:00,3819.64,USD,reversed,SALE
T00009752,C000725,A000904,2025-05-05T22:08:00+00:00,875.55,USD,failed,ADJUSTMENT
T00009753,C000434,A000435,2026-03-01T22:53:35+00:00,3345.12,EUR,failed,ADJUSTMENT
T00009754,C000846,A001487,2025-11-07T08:36:24+00:00,469.23,EUR,settled,SALE
T00009755,C000072,A000153,2025-07-09T23:03:15+00:00,305.21,CAD,failed,ADJUSTMENT
T00009756,C000155,A000607,2026-01-29T08:29:14+00:00,1463.03,CAD,failed,SALE
T00009757,C000173,A001311,2025-01-09T04:49:33+00:00,3375.67,USD,failed,SALE
T00009758,C000777,A001240,2025-07-11T21:48:47+00:00,4609.77,USD,failed,SALE
T00009759,C000075,A000462,2025-02-07T14:04:07+00:00,1429.97,GBP,reversed,SALE
T00009760,C000119,A001048,2025-07-31T22:39:31+00:00,963.15,INR,reversed,REFUND
T00009761,C000571,A000423,2025-05-01T05:59:23+00:00,3126.65,USD,pending,SALE
T00009762,C000576,A001474,2025-01-14T13:57:12+00:00,866.02,USD,failed,ADJUSTMENT
T00009763,C000304,A000867,2026-02-14T15:42:56+00:00,1725.63,INR,pending,TRANSFER
T00009764,C000008,A001111,2025-01-20T13:58:40+00:00,3412.86,USD,failed,TRANSFER
T00009765,C000826,A000566,2026-02-03T01:03:15+00:00,2098.30,GBP,failed,SALE
T00009766,C000807,A000942,2026-06-01T02:48:45+00:00,826.83,CAD,pending,REFUND
T00009767,C000529,A000178,2025-07-23T00:28:12+00:00,864.13,CAD,settled,REFUND
T00009768,C000644,A001020,2025-04-22T01:18:26+00:00,3880.82,USD,settled,REFUND
T00009769,C000947,A000970,2025-01-28T19:16:29+00:00,2911.49,INR,pending,TRANSFER
T00009770,C000813,A001046,2025-06-02T03:37:11+00:00,2622.54,INR,failed,REFUND
T00009771,C000277,A001275,2025-04-24T05:54:54+00:00,4031.91,CAD,settled,REFUND
T00009772,C000384,A000767,2025-10-29T08:33:58+00:00,4087.27,USD,reversed,SALE
T00009773,C000822,A001484,2026-07-30T19:17:32+00:00,4473.44,USD,settled,ADJUSTMENT
T00009774,C000285,A001286,2026-07-15T03:54:14+00:00,3938.74,INR,pending,REFUND
T00009775,C000756,A000496,2025-09-08T23:57:58+00:00,4793.21,GBP,reversed,REFUND
T00009776,C000566,A000155,2026-05-26T10:02:22+00:00,4698.47,GBP,failed,REFUND
T00009777,C000001,A000100,2026-06-29T15:58:37+00:00,2803.45,USD,failed,REFUND
T00009778,C000710,A000478,2025-07-22T06:06:47+00:00,1552.49,USD,failed,ADJUSTMENT
T00009779,C000610,A000006,2025-08-03T12:29:47+00:00,2569.15,CAD,failed,ADJUSTMENT
T00009780,C000753,A000482,2026-08-08T05:49:34+00:00,3597.31,GBP,failed,SALE
T00009781,C000712,A000420,2026-02-27T10:12:51+00:00,3073.50,CAD,pending,REFUND
T00009782,C000235,A000521,2026-01-25T13:37:04+00:00,1848.66,CAD,pending,SALE
T00009783,C000017,A000889,2026-08-10T10:32:01+00:00,1473.62,EUR,reversed,SALE
T00009784,C000135,A000544,2026-01-03T02:16:49+00:00,4755.44,USD,reversed,ADJUSTMENT
T00009785,C000800,A001210,2025-01-12T05:29:00+00:00,884.48,USD,settled,REFUND
T00009786,C000140,A000978,2025-04-22T01:32:35+00:00,1575.68,GBP,pending,TRANSFER
T00009787,C000344,A000621,2025-06-01T13:04:28+00:00,2867.40,INR,failed,REFUND
T00009788,C000128,A000536,2026-07-26T06:26:18+00:00,4950.61,USD,settled,TRANSFER
T00009789,C000762,A000086,2026-01-06T17:58:33+00:00,4370.53,GBP,pending,SALE
T00009790,C000266,A000014,2025-03-27T08:00:38+00:00,567.88,USD,failed,ADJUSTMENT
T00009791,C000333,A001314,2025-04-23T07:46:43+00:00,3148.66,EUR,reversed,TRANSFER
T00009792,C000658,A001159,2026-03-30T15:12:10+00:00,1493.08,INR,failed,REFUND
T00009793,C000069,A001087,2026-09-07T23:17:44+00:00,2889.93,USD,pending,ADJUSTMENT
T00009794,C000340,A000684,2025-12-29T14:36:40+00:00,1881.89,CAD,failed,REFUND
T00009795,C000929,A000778,2026-08-26T01:35:03+00:00,2424.25,USD,settled,SALE
T00009796,C000675,A000642,2026-01-01T16:23:58+00:00,1387.72,INR,failed,ADJUSTMENT
T00009797,C000567,A000609,2026-01-03T03:14:04+00:00,4473.82,GBP,failed,REFUND
T00009798,C000818,A000650,2026-04-01T02:41:04+00:00,625.52,CAD,pending,ADJUSTMENT
T00009799,C000531,A000059,2026-02-11T14:45:23+00:00,1956.00,GBP,failed,SALE
T00009800,C000341,A000029,2025-10-15T19:07:19+00:00,1232.96,INR,reversed,SALE
T00009801,C000318,A000711,2025-09-29T19:46:36+00:00,3468.46,GBP,settled,SALE
T00009802,C000837,A000725,2026-02-17T05:10:00+00:00,255.39,CAD,reversed,REFUND
T00009803,C000385,A000500,2025-12-24T07:11:23+00:00,1979.17,INR,failed,TRANSFER
T00009804,C000433,A000097,2026-03-01T02:22:52+00:00,4290.64,INR,failed,TRANSFER
T00009805,C000924,A001378,2025-06-21T11:18:56+00:00,3286.36,CAD,pending,SALE
T00009806,C000950,A001291,2025-06-07T13:26:25+00:00,3627.43,CAD,failed,TRANSFER
T00009807,C000657,A000067,2025-06-01T04:01:03+00:00,4610.99,USD,failed,ADJUSTMENT
T00009808,C000722,A000448,2025-05-16T14:05:38+00:00,3610.98,GBP,settled,TRANSFER
T00009809,C000734,A001008,2025-02-16T00:43:22+00:00,1890.77,CAD,reversed,SALE
T00009810,C000697,A000260,2025-01-17T17:23:39+00:00,3546.15,USD,reversed,TRANSFER
T00009811,C000184,A000760,2026-02-25T03:36:04+00:00,1930.79,USD,pending,REFUND
T00009812,C000522,A000998,2026-08-15T08:51:36+00:00,4937.99,USD,reversed,ADJUSTMENT
T00009813,C000109,A001014,2025-11-08T13:06:53+00:00,4189.62,INR,reversed,SALE
T00009814,C000441,A001325,2025-06-16T05:16:45+00:00,3819.39,INR,reversed,TRANSFER
T00009815,C000603,A001116,2025-05-09T02:59:50+00:00,1117.61,GBP,reversed,TRANSFER
T00009816,C000268,A001390,2026-06-21T12:50:08+00:00,2863.81,INR,reversed,TRANSFER
T00009817,C000840,A001466,2025-05-09T21:38:34+00:00,2503.15,USD,reversed,TRANSFER
T00009818,C000930,A001189,2026-01-06T15:51:56+00:00,3736.28,GBP,failed,REFUND
T00009819,C000581,A001169,2025-09-03T21:46:26+00:00,2425.98,USD,pending,SALE
T00009820,C000381,A001389,2025-09-18T09:36:38+00:00,3511.76,INR,reversed,SALE
T00009821,C000403,A001367,2025-10-24T22:15:19+00:00,2463.52,EUR,reversed,SALE
T00009822,C000017,A000327,2025-09-12T17:25:06+00:00,965.80,EUR,pending,TRANSFER
T00009823,C000691,A001411,2025-02-13T03:54:08+00:00,2148.17,EUR,pending,REFUND
T00009824,C000014,A001423,2026-03-30T18:02:41+00:00,101.41,EUR,failed,ADJUSTMENT
T00009825,C000738,A000384,2025-03-01T19:09:46+00:00,2998.73,CAD,failed,SALE
T00009826,C000699,A000738,2025-06-20T00:15:59+00:00,1322.43,USD,failed,TRANSFER
T00009827,C000604,A000810,2025-03-04T23:28:56+00:00,1229.83,INR,failed,ADJUSTMENT
T00009828,C000691,A001411,2025-12-24T16:10:38+00:00,3492.28,EUR,pending,REFUND
T00009829,C000888,A001403,2025-01-02T00:23:16+00:00,3642.97,CAD,settled,TRANSFER
T00009830,C000230,A001100,2026-01-06T19:06:39+00:00,4455.37,INR,settled,ADJUSTMENT
T00009831,C000211,A001373,2025-05-22T22:09:07+00:00,4263.81,INR,pending,REFUND
T00009832,C000890,A000854,2026-06-12T11:56:49+00:00,2866.30,USD,reversed,REFUND
T00009833,C000058,A000299,2025-07-14T15:57:57+00:00,4670.92,EUR,reversed,TRANSFER
T00009834,C000840,A001466,2026-06-08T20:10:03+00:00,3719.68,USD,failed,REFUND
T00009835,C000919,A000689,2026-03-16T19:09:06+00:00,3743.36,INR,settled,TRANSFER
T00009836,C000553,A001398,2025-09-20T16:28:02+00:00,157.92,INR,failed,REFUND
T00009837,C000014,A000210,2025-03-21T22:57:34+00:00,2797.93,EUR,reversed,TRANSFER
T00009838,C000510,A001144,2025-12-07T20:31:20+00:00,1796.23,GBP,reversed,ADJUSTMENT
T00009839,C000287,A000909,2025-10-03T23:34:49+00:00,3724.28,USD,reversed,REFUND
T00009840,C000749,A000758,2026-08-05T01:01:15+00:00,2988.42,CAD,reversed,REFUND
T00009841,C000896,A000047,2025-06-08T19:45:12+00:00,2215.67,GBP,settled,REFUND
T00009842,C000069,A001500,2026-01-02T07:31:18+00:00,2559.99,INR,failed,TRANSFER
T00009843,C000074,A000747,2025-08-21T20:40:06+00:00,2514.15,CAD,pending,ADJUSTMENT
T00009844,C000592,A000782,2025-08-18T10:20:02+00:00,3465.76,GBP,settled,REFUND
T00009845,C000145,A001172,2025-08-19T18:26:05+00:00,656.17,EUR,reversed,TRANSFER
T00009846,C000492,A001229,2025-12-17T12:38:20+00:00,728.15,EUR,pending,SALE
T00009847,C000945,A000286,2025-05-17T10:13:08+00:00,2191.53,USD,failed,REFUND
T00009848,C000197,A001277,2026-02-15T20:45:58+00:00,4494.35,USD,reversed,SALE
T00009849,C000600,A000688,2026-08-20T03:11:46+00:00,1953.35,GBP,settled,TRANSFER
T00009850,C000767,A001477,2026-01-26T10:18:43+00:00,1738.14,CAD,pending,REFUND
T00009851,C000009,A000550,2025-09-10T15:13:16+00:00,598.20,CAD,reversed,REFUND
T00009852,C000056,A000483,2025-08-24T19:08:35+00:00,2629.82,USD,settled,TRANSFER
T00009853,C000278,A000005,2026-05-25T16:55:44+00:00,1962.46,INR,reversed,TRANSFER
T00009854,C000419,A000176,2026-02-27T04:17:10+00:00,4583.98,EUR,pending,SALE
T00009855,C000072,A000153,2025-09-16T15:52:29+00:00,1790.57,CAD,reversed,SALE
T00009856,C000518,A000915,2025-08-31T15:59:44+00:00,528.11,GBP,failed,REFUND
T00009857,C000069,A001442,2025-05-12T10:33:12+00:00,646.63,INR,failed,ADJUSTMENT
T00009858,C000371,A000784,2026-04-10T17:33:23+00:00,3207.92,GBP,failed,REFUND
T00009859,C000679,A000354,2025-02-15T16:09:52+00:00,2461.61,CAD,reversed,SALE
T00009860,C000821,A000627,2025-01-05T19:55:32+00:00,2083.68,CAD,reversed,SALE
T00009861,C000372,A000878,2025-12-06T13:50:22+00:00,1145.21,EUR,settled,SALE
T00009862,C000907,A000399,2025-02-02T01:06:47+00:00,285.74,USD,pending,ADJUSTMENT
T00009863,C000306,A000308,2025-01-17T16:04:11+00:00,152.75,GBP,settled,ADJUSTMENT
T00009864,C000007,A000282,2025-11-23T19:42:35+00:00,464.95,USD,reversed,SALE
T00009865,C000731,A001041,2025-01-18T05:50:06+00:00,4737.71,EUR,reversed,ADJUSTMENT
T00009866,C000866,A000964,2026-06-06T22:34:45+00:00,4198.99,EUR,pending,TRANSFER
T00009867,C000197,A001018,2025-10-31T01:36:48+00:00,342.30,USD,pending,TRANSFER
T00009868,C000108,A001154,2026-03-01T04:36:49+00:00,2844.65,EUR,settled,SALE
T00009869,C000888,A001403,2025-10-13T20:31:10+00:00,2688.21,CAD,pending,REFUND
T00009870,C000168,A000446,2026-03-14T06:08:48+00:00,730.78,USD,pending,TRANSFER
T00009871,C000627,A001476,2026-08-01T22:40:18+00:00,2106.66,INR,reversed,SALE
T00009872,C000864,A000277,2025-02-04T09:05:04+00:00,1330.00,GBP,pending,REFUND
T00009873,C000074,A000892,2026-03-05T07:33:55+00:00,2974.01,USD,reversed,ADJUSTMENT
T00009874,C000394,A001254,2025-03-16T00:06:32+00:00,2666.50,USD,pending,TRANSFER
T00009875,C000908,A000390,2025-05-22T04:51:15+00:00,1400.05,CAD,pending,SALE
T00009876,C000278,A000005,2025-04-06T13:02:43+00:00,869.75,INR,pending,ADJUSTMENT
T00009877,C000405,A001072,2025-09-25T11:36:52+00:00,3673.80,USD,settled,TRANSFER
T00009878,C000508,A001206,2025-01-15T00:20:43+00:00,1149.62,INR,pending,SALE
T00009879,C000900,A001258,2025-12-04T20:19:52+00:00,3883.95,CAD,failed,TRANSFER
T00009880,C000877,A001044,2026-07-11T14:01:18+00:00,4302.71,EUR,pending,ADJUSTMENT
T00009881,C000072,A000153,2025-06-26T08:29:58+00:00,1341.27,CAD,settled,SALE
T00009882,C000946,A001071,2026-06-14T06:42:44+00:00,4807.24,EUR,settled,TRANSFER
T00009883,C000888,A001403,2025-11-22T21:18:47+00:00,4906.72,CAD,settled,REFUND
T00009884,C000756,A001310,2026-06-23T08:52:42+00:00,3390.86,EUR,failed,ADJUSTMENT
T00009885,C000576,A001474,2025-02-07T18:52:59+00:00,1844.37,USD,pending,TRANSFER
T00009886,C000371,A000090,2025-09-26T07:38:55+00:00,2626.69,USD,settled,SALE
T00009887,C000372,A000195,2025-03-11T05:02:32+00:00,2688.18,USD,pending,SALE
T00009888,C000396,A001023,2025-10-19T15:15:08+00:00,689.40,USD,reversed,SALE
T00009889,C000916,A000613,2025-09-25T14:50:56+00:00,766.68,INR,settled,ADJUSTMENT
T00009890,C000607,A001279,2026-04-30T04:17:04+00:00,626.23,CAD,settled,REFUND
T00009891,C000114,A000194,2025-11-04T11:04:46+00:00,4185.39,USD,settled,SALE
T00009892,C000202,A001452,2025-03-10T11:37:43+00:00,434.75,GBP,pending,ADJUSTMENT
T00009893,C000054,A000217,2026-03-21T15:38:35+00:00,1824.85,CAD,pending,TRANSFER
T00009894,C000550,A000916,2025-12-27T02:13:49+00:00,2817.85,USD,failed,SALE
T00009895,C000724,A000586,2025-12-16T14:45:21+00:00,2446.46,CAD,reversed,ADJUSTMENT
T00009896,C000471,A000734,2025-04-19T20:39:13+00:00,525.72,INR,reversed,SALE
T00009897,C000495,A001281,2025-10-19T21:41:00+00:00,3577.02,EUR,settled,ADJUSTMENT
T00009898,C000419,A000176,2026-02-04T23:04:27+00:00,3466.32,EUR,reversed,TRANSFER
T00009899,C000351,A000681,2026-05-08T04:21:21+00:00,4091.66,EUR,reversed,SALE
T00009900,C000597,A001361,2025-08-09T12:27:54+00:00,4932.52,EUR,reversed,TRANSFER
T00009901,C000317,A000261,2026-01-23T23:34:19+00:00,4972.67,USD,reversed,SALE
T00009902,C000764,A000403,2025-11-01T11:23:33+00:00,3743.88,GBP,settled,SALE
T00009903,C000531,A001323,2025-03-19T11:52:14+00:00,1369.54,EUR,reversed,REFUND
T00009904,C000816,A000079,2025-02-22T14:48:10+00:00,3209.72,CAD,failed,TRANSFER
T00009905,C000487,A000398,2026-09-05T23:03:00+00:00,4298.65,INR,settled,ADJUSTMENT
T00009906,C000769,A000241,2026-02-05T23:53:27+00:00,1377.51,USD,settled,ADJUSTMENT
T00009907,C000965,A001022,2025-12-25T23:15:07+00:00,1704.37,EUR,settled,TRANSFER
T00009908,C000870,A000918,2025-08-05T18:23:22+00:00,2022.97,USD,reversed,TRANSFER
T00009909,C000536,A001211,2026-01-21T13:49:51+00:00,2788.20,CAD,settled,TRANSFER
T00009910,C000797,A000827,2025-11-29T20:55:22+00:00,2553.00,INR,settled,ADJUSTMENT
T00009911,C000351,A000443,2025-02-19T19:15:50+00:00,295.65,CAD,settled,REFUND
T00009912,C000290,A001245,2026-02-12T12:21:24+00:00,3927.00,CAD,failed,ADJUSTMENT
T00009913,C000736,A000972,2025-03-22T05:32:28+00:00,4483.59,INR,pending,REFUND
T00009914,C000957,A001151,2026-01-26T22:12:13+00:00,3485.94,EUR,reversed,SALE
T00009915,C000682,A000239,2026-06-15T15:11:18+00:00,1377.74,EUR,pending,ADJUSTMENT
T00009916,C000251,A000434,2025-09-11T20:40:35+00:00,4553.09,GBP,reversed,ADJUSTMENT
T00009917,C000870,A000436,2025-04-20T08:50:10+00:00,363.61,USD,pending,TRANSFER
T00009918,C000069,A001181,2026-05-06T21:19:47+00:00,190.92,GBP,reversed,REFUND
T00009919,C000624,A000459,2025-10-23T06:34:08+00:00,4173.51,GBP,failed,SALE
T00009920,C000017,A000327,2026-06-20T16:52:57+00:00,1600.37,EUR,settled,ADJUSTMENT
T00009921,C000521,A000967,2025-05-30T22:32:52+00:00,4359.45,INR,failed,SALE
T00009922,C000933,A000959,2025-12-12T19:57:28+00:00,2733.87,CAD,settled,ADJUSTMENT
T00009923,C000937,A000558,2026-03-10T15:32:13+00:00,3817.67,CAD,settled,SALE
T00009924,C000007,A001480,2025-01-08T17:14:21+00:00,3933.04,EUR,reversed,ADJUSTMENT
T00009925,C000482,A000948,2026-02-05T09:08:02+00:00,921.65,CAD,failed,SALE
T00009926,C000924,A001378,2025-02-04T04:42:43+00:00,3434.40,CAD,failed,ADJUSTMENT
T00009927,C000837,A001266,2025-06-25T18:10:20+00:00,1806.29,INR,failed,ADJUSTMENT
T00009928,C000922,A000401,2025-09-03T08:24:57+00:00,4329.09,USD,settled,ADJUSTMENT
T00009929,C000192,A000678,2026-01-31T20:57:19+00:00,1663.38,CAD,failed,SALE
T00009930,C000571,A000423,2026-05-16T11:57:18+00:00,3096.42,USD,reversed,ADJUSTMENT
T00009931,C000477,A000703,2025-11-03T17:03:33+00:00,4001.38,INR,reversed,TRANSFER
T00009932,C000664,A000342,2026-01-19T22:05:20+00:00,2336.22,CAD,reversed,SALE
T00009933,C000013,A000440,2025-10-31T21:02:37+00:00,2050.88,CAD,failed,REFUND
T00009934,C000668,A000204,2025-01-03T08:44:40+00:00,3198.51,CAD,settled,ADJUSTMENT
T00009935,C000300,A000495,2025-01-22T10:14:41+00:00,2283.28,INR,failed,ADJUSTMENT
T00009936,C000644,A001020,2025-07-20T04:33:42+00:00,1296.72,USD,pending,SALE
T00009937,C000131,A001445,2026-05-05T15:58:01+00:00,4524.22,EUR,reversed,REFUND
T00009938,C000342,A000870,2026-03-19T13:29:19+00:00,766.55,GBP,pending,REFUND
T00009939,C000930,A000379,2025-08-08T01:26:49+00:00,2906.63,GBP,settled,TRANSFER
T00009940,C000710,A001038,2025-01-18T15:25:42+00:00,4012.12,USD,settled,ADJUSTMENT
T00009941,C000371,A000784,2026-02-02T11:27:44+00:00,3597.32,GBP,failed,TRANSFER
T00009942,C000804,A001409,2025-05-25T20:21:34+00:00,719.39,USD,settled,SALE
T00009943,C000470,A001461,2026-05-01T09:17:08+00:00,3844.93,EUR,reversed,TRANSFER
T00009944,C000878,A000458,2025-04-25T21:34:37+00:00,1357.42,USD,failed,TRANSFER
T00009945,C000075,A001370,2026-09-11T20:03:12+00:00,2315.99,CAD,failed,SALE
T00009946,C000907,A001205,2026-08-21T07:00:53+00:00,2366.43,CAD,reversed,REFUND
T00009947,C000380,A001269,2025-04-16T15:14:12+00:00,3131.92,EUR,reversed,ADJUSTMENT
T00009948,C000134,A000661,2025-01-08T07:25:45+00:00,706.47,GBP,failed,ADJUSTMENT
T00009949,C000001,A001313,2025-06-13T17:18:20+00:00,1542.78,EUR,reversed,TRANSFER
T00009950,C000504,A000949,2025-11-29T13:53:45+00:00,2009.77,EUR,settled,REFUND
T00009951,C000396,A001123,2025-07-26T10:26:40+00:00,2697.98,INR,pending,SALE
T00009952,C000757,A001443,2025-08-04T09:21:34+00:00,995.16,USD,settled,REFUND
T00009953,C000277,A001401,2025-10-10T10:33:33+00:00,4139.33,USD,pending,REFUND
T00009954,C000120,A001255,2025-09-04T17:43:30+00:00,4032.12,GBP,pending,REFUND
T00009955,C000359,A000841,2026-04-30T06:25:53+00:00,2704.82,GBP,pending,REFUND
T00009956,C000958,A001175,2025-05-26T22:41:32+00:00,1085.13,USD,pending,ADJUSTMENT
T00009957,C000721,A000212,2025-06-18T15:51:52+00:00,3876.54,CAD,reversed,SALE
T00009958,C000969,A001298,2025-02-05T04:09:39+00:00,77.19,EUR,reversed,ADJUSTMENT
T00009959,C000745,A001033,2026-01-06T00:36:21+00:00,1833.62,GBP,pending,REFUND
T00009960,C000777,A000754,2025-03-26T07:55:13+00:00,2787.49,INR,reversed,ADJUSTMENT
T00009961,C000441,A001325,2026-05-22T14:23:46+00:00,2076.35,INR,settled,REFUND
T00009962,C000432,A000987,2025-11-12T09:30:43+00:00,2953.44,EUR,pending,SALE
T00009963,C000981,A000765,2025-07-01T10:28:01+00:00,3855.27,INR,failed,TRANSFER
T00009964,C000119,A000577,2026-01-12T11:34:11+00:00,3603.88,GBP,settled,ADJUSTMENT
T00009965,C000396,A001023,2026-04-19T08:22:27+00:00,700.08,USD,settled,TRANSFER
T00009966,C000373,A001294,2025-01-05T02:17:41+00:00,2227.25,USD,failed,ADJUSTMENT
T00009967,C000699,A000895,2025-11-18T00:26:23+00:00,1586.06,INR,pending,TRANSFER
T00009968,C000543,A001441,2026-08-20T18:11:29+00:00,654.44,EUR,pending,ADJUSTMENT
T00009969,C000928,A000381,2026-07-12T08:23:20+00:00,2067.41,EUR,reversed,REFUND
T00009970,C000836,A000335,2025-03-24T14:59:26+00:00,3078.32,CAD,settled,TRANSFER
T00009971,C000751,A001498,2025-06-29T04:52:55+00:00,2288.46,CAD,pending,REFUND
T00009972,C000595,A000477,2026-07-26T04:53:24+00:00,3917.61,USD,reversed,SALE
T00009973,C000097,A000269,2025-03-04T23:19:24+00:00,1466.49,EUR,pending,ADJUSTMENT
T00009974,C000924,A001497,2025-08-30T03:55:45+00:00,780.50,EUR,reversed,REFUND
T00009975,C000889,A000671,2025-08-14T17:05:37+00:00,41.78,CAD,failed,REFUND
T00009976,C000908,A000457,2025-08-15T21:51:08+00:00,2079.33,GBP,failed,TRANSFER
T00009977,C000166,A001440,2025-12-27T23:55:55+00:00,1100.01,EUR,settled,TRANSFER
T00009978,C000242,A000804,2025-09-21T10:07:05+00:00,2796.01,CAD,settled,ADJUSTMENT
T00009979,C000946,A001071,2025-02-19T00:38:42+00:00,2727.34,EUR,reversed,ADJUSTMENT
T00009980,C000154,A001410,2026-05-11T05:37:56+00:00,3008.18,INR,pending,REFUND
T00009981,C000033,A001462,2026-05-11T21:47:26+00:00,4129.67,EUR,pending,SALE
T00009982,C000017,A000064,2025-03-18T00:07:45+00:00,326.04,GBP,settled,SALE
T00009983,C000582,A001327,2026-05-02T07:36:17+00:00,1299.50,GBP,reversed,ADJUSTMENT
T00009984,C000287,A001149,2025-02-11T09:29:50+00:00,4175.30,GBP,settled,SALE
T00009985,C000425,A000629,2025-07-03T05:51:32+00:00,4946.65,EUR,failed,ADJUSTMENT
T00009986,C000925,A001393,2026-04-19T02:03:49+00:00,36.35,INR,pending,ADJUSTMENT
T00009987,C000229,A000924,2025-02-23T14:59:28+00:00,2280.68,INR,failed,REFUND
T00009988,C000193,A001198,2026-09-04T09:28:43+00:00,2180.73,EUR,settled,TRANSFER
T00009989,C000803,A001385,2026-07-22T22:01:18+00:00,3407.37,EUR,settled,REFUND
T00009990,C000283,A000537,2026-06-17T09:14:31+00:00,4168.56,INR,failed,TRANSFER
T00009991,C000780,A001402,2026-05-17T21:38:23+00:00,1056.22,INR,reversed,TRANSFER
T00009992,C000434,A000826,2026-01-14T19:53:15+00:00,1829.19,EUR,reversed,REFUND
T00009993,C000471,A000310,2026-06-15T14:41:43+00:00,3007.46,EUR,settled,TRANSFER
T00009994,C000168,A000184,2025-07-20T09:13:39+00:00,3030.38,USD,reversed,SALE
T00009995,C000796,A000503,2025-07-07T19:37:54+00:00,1612.67,USD,settled,TRANSFER
T00009996,C000821,A000045,2025-05-12T08:47:57+00:00,4846.15,EUR,settled,REFUND
T00009997,C000105,A000744,2026-07-30T05:15:34+00:00,3937.30,EUR,settled,SALE
T00009998,C000028,A000228,2025-01-27T22:59:45+00:00,3696.68,EUR,pending,TRANSFER
T00009999,C000379,A000919,2025-01-11T03:17:44+00:00,1157.99,USD,settled,SALE
T00010000,C000674,A000922,2026-02-09T14:37:29+00:00,2483.60,EUR,settled,ADJUSTMENT
T00000001,C000187,A000977,2025-09-03T08:18:22+00:00,646.19,CAD,settled,REFUND
T00000002,C000244,A001289,2025-07-22T23:30:12+00:00,4016.76,CAD,reversed,TRANSFER
T00000003,C000249,A000008,2025-04-21T16:11:29+00:00,1889.93,USD,reversed,TRANSFER
T00000004,C000656,A001341,2025-03-01T12:07:28+00:00,4027.19,CAD,pending,ADJUSTMENT
T00000005,C000572,A001013,2026-08-20T08:55:36+00:00,3427.59,USD,reversed,REFUND
T00000006,C000909,A000290,2025-03-19T06:34:27+00:00,4656.50,USD,failed,REFUND
T00000007,C000670,A000814,2026-02-23T00:37:38+00:00,1734.02,USD,reversed,TRANSFER
T00000008,C000068,A001190,2025-03-10T03:50:29+00:00,2037.39,GBP,failed,TRANSFER
T00000009,C000062,A001109,2025-03-05T07:19:30+00:00,573.03,CAD,reversed,REFUND
T00000010,C000798,A000939,2025-05-26T21:56:23+00:00,4944.60,USD,failed,ADJUSTMENT
T00000011,C000658,A001159,2025-02-28T06:34:03+00:00,219.24,INR,settled,TRANSFER
T00000012,C000580,A000655,2025-02-20T19:11:57+00:00,3117.93,USD,reversed,TRANSFER
T00000013,C000484,A000151,2026-03-25T03:44:53+00:00,4416.65,GBP,failed,TRANSFER
T00000014,C000822,A000052,2026-03-20T08:58:25+00:00,2101.66,GBP,pending,ADJUSTMENT
T00000015,C000359,A000373,2026-03-26T02:51:29+00:00,3971.84,INR,settled,REFUND
T00000016,C000109,A000793,2026-03-25T04:26:13+00:00,3896.85,USD,failed,REFUND
T00000017,C000554,A001244,2026-05-16T04:13:48+00:00,1882.20,CAD,pending,SALE
T00000018,C000835,A000672,2025-01-28T09:42:15+00:00,3807.61,EUR,pending,REFUND
T00000019,C000353,A000565,2025-04-26T09:45:40+00:00,92.25,GBP,reversed,ADJUSTMENT
T00000020,C000806,A000721,2025-03-26T00:16:55+00:00,3994.71,INR,pending,REFUND
